{
  "id" : "bye4k06GAqACHQkz",
  "name" : "ahmad2018optimization",
  "description" : null,
  "type" : "Project",
  "model" : {
    "id" : "bye4k06GAqACHQkz_root",
    "name" : "ahmad2018optimization",
    "description" : null,
    "type" : "Package",
    "propertyAssignments" : null,
    "contents" : [ {
      "id" : "488_._6AUB1CSjtd",
      "name" : "Aviation Safety",
      "description" : null,
      "type" : "Package",
      "propertyAssignments" : null,
      "contents" : [ {
        "id" : "PaO_._6AUB1CSjuq",
        "name" : "Flight",
        "description" : null,
        "type" : "Class",
        "propertyAssignments" : null,
        "stereotype" : null,
        "isAbstract" : false,
        "isDerived" : false,
        "properties" : null,
        "isExtensional" : null,
        "isPowertype" : null,
        "order" : null,
        "literals" : null,
        "restrictedTo" : null
      }, {
        "id" : "PFO_._6AUB1CSju1",
        "name" : "Accident",
        "description" : null,
        "type" : "Class",
        "propertyAssignments" : null,
        "stereotype" : null,
        "isAbstract" : false,
        "isDerived" : false,
        "properties" : null,
        "isExtensional" : null,
        "isPowertype" : null,
        "order" : null,
        "literals" : null,
        "restrictedTo" : null
      }, {
        "id" : "jWe_._6AUB1CSjvV",
        "name" : "Handling",
        "description" : null,
        "type" : "Class",
        "propertyAssignments" : null,
        "stereotype" : null,
        "isAbstract" : false,
        "isDerived" : false,
        "properties" : null,
        "isExtensional" : null,
        "isPowertype" : null,
        "order" : null,
        "literals" : null,
        "restrictedTo" : null
      }, {
        "id" : "Fre_._6AUB1CSjvi",
        "name" : "Landing",
        "description" : null,
        "type" : "Class",
        "propertyAssignments" : null,
        "stereotype" : null,
        "isAbstract" : false,
        "isDerived" : false,
        "properties" : null,
        "isExtensional" : null,
        "isPowertype" : null,
        "order" : null,
        "literals" : null,
        "restrictedTo" : null
      }, {
        "id" : "26h_._6AUB1CSjvz",
        "name" : "Data",
        "description" : null,
        "type" : "Class",
        "propertyAssignments" : null,
        "stereotype" : null,
        "isAbstract" : false,
        "isDerived" : false,
        "properties" : null,
        "isExtensional" : null,
        "isPowertype" : null,
        "order" : null,
        "literals" : null,
        "restrictedTo" : null
      }, {
        "id" : "l1h_._6AUB1CSjv.",
        "name" : "Physical Object",
        "description" : null,
        "type" : "Class",
        "propertyAssignments" : null,
        "stereotype" : null,
        "isAbstract" : false,
        "isDerived" : false,
        "properties" : null,
        "isExtensional" : null,
        "isPowertype" : null,
        "order" : null,
        "literals" : null,
        "restrictedTo" : null
      }, {
        "id" : "GUR_._6AUB1CSjwU",
        "name" : "Spatial Object",
        "description" : null,
        "type" : "Class",
        "propertyAssignments" : null,
        "stereotype" : null,
        "isAbstract" : false,
        "isDerived" : false,
        "properties" : null,
        "isExtensional" : null,
        "isPowertype" : null,
        "order" : null,
        "literals" : null,
        "restrictedTo" : null
      }, {
        "id" : "VeR_._6AUB1CSjwf",
        "name" : "Technical System",
        "description" : null,
        "type" : "Class",
        "propertyAssignments" : null,
        "stereotype" : null,
        "isAbstract" : false,
        "isDerived" : false,
        "properties" : null,
        "isExtensional" : null,
        "isPowertype" : null,
        "order" : null,
        "literals" : null,
        "restrictedTo" : null
      }, {
        "id" : "dtp_._6AUB1CSjw2",
        "name" : "Aerodrome",
        "description" : null,
        "type" : "Class",
        "propertyAssignments" : null,
        "stereotype" : null,
        "isAbstract" : false,
        "isDerived" : false,
        "properties" : null,
        "isExtensional" : null,
        "isPowertype" : null,
        "order" : null,
        "literals" : null,
        "restrictedTo" : null
      }, {
        "id" : "DPp_._6AUB1CSjxB",
        "name" : "Aircraft",
        "description" : null,
        "type" : "Class",
        "propertyAssignments" : null,
        "stereotype" : null,
        "isAbstract" : false,
        "isDerived" : false,
        "properties" : null,
        "isExtensional" : null,
        "isPowertype" : null,
        "order" : null,
        "literals" : null,
        "restrictedTo" : null
      }, {
        "id" : "TMZ_._6AUB1CSjxM",
        "name" : "Vehicle",
        "description" : null,
        "type" : "Class",
        "propertyAssignments" : null,
        "stereotype" : null,
        "isAbstract" : false,
        "isDerived" : false,
        "properties" : null,
        "isExtensional" : null,
        "isPowertype" : null,
        "order" : null,
        "literals" : null,
        "restrictedTo" : null
      }, {
        "id" : "fh5_._6AUB1CSjxZ",
        "name" : "Ground Object",
        "description" : null,
        "type" : "Class",
        "propertyAssignments" : null,
        "stereotype" : null,
        "isAbstract" : false,
        "isDerived" : false,
        "properties" : null,
        "isExtensional" : null,
        "isPowertype" : null,
        "order" : null,
        "literals" : null,
        "restrictedTo" : null
      }, {
        "id" : "Xj5_._6AUB1CSjxk",
        "name" : "Aerodrome Part",
        "description" : null,
        "type" : "Class",
        "propertyAssignments" : null,
        "stereotype" : null,
        "isAbstract" : false,
        "isDerived" : false,
        "properties" : null,
        "isExtensional" : null,
        "isPowertype" : null,
        "order" : null,
        "literals" : null,
        "restrictedTo" : null
      }, {
        "id" : "gXmoB_6AUB1CSkCK",
        "name" : "Crew",
        "description" : null,
        "type" : "Class",
        "propertyAssignments" : null,
        "stereotype" : null,
        "isAbstract" : false,
        "isDerived" : false,
        "properties" : null,
        "isExtensional" : null,
        "isPowertype" : null,
        "order" : null,
        "literals" : null,
        "restrictedTo" : null
      }, {
        "id" : "Bo1oB_6AUB1CSkDu",
        "name" : "Cabin Crew",
        "description" : null,
        "type" : "Class",
        "propertyAssignments" : null,
        "stereotype" : null,
        "isAbstract" : false,
        "isDerived" : false,
        "properties" : null,
        "isExtensional" : null,
        "isPowertype" : null,
        "order" : null,
        "literals" : null,
        "restrictedTo" : null
      }, {
        "id" : "1WYYB_6AUB1CSkGQ",
        "name" : "Aircraft Part-i",
        "description" : null,
        "type" : "Class",
        "propertyAssignments" : null,
        "stereotype" : null,
        "isAbstract" : false,
        "isDerived" : false,
        "properties" : null,
        "isExtensional" : null,
        "isPowertype" : null,
        "order" : null,
        "literals" : null,
        "restrictedTo" : null
      }, {
        "id" : "C.GAB_6AUB1CSj1H",
        "name" : null,
        "description" : null,
        "type" : "Generalization",
        "propertyAssignments" : null,
        "general" : {
          "id" : "l1h_._6AUB1CSjv.",
          "type" : "Class"
        },
        "specific" : {
          "id" : "GUR_._6AUB1CSjwU",
          "type" : "Class"
        }
      }, {
        "id" : "oHGAB_6AUB1CSj1R",
        "name" : null,
        "description" : null,
        "type" : "Generalization",
        "propertyAssignments" : null,
        "general" : {
          "id" : "l1h_._6AUB1CSjv.",
          "type" : "Class"
        },
        "specific" : {
          "id" : "VeR_._6AUB1CSjwf",
          "type" : "Class"
        }
      }, {
        "id" : "66WAB_6AUB1CSj1d",
        "name" : null,
        "description" : null,
        "type" : "Generalization",
        "propertyAssignments" : null,
        "general" : {
          "id" : "fh5_._6AUB1CSjxZ",
          "type" : "Class"
        },
        "specific" : {
          "id" : "dtp_._6AUB1CSjw2",
          "type" : "Class"
        }
      }, {
        "id" : "_jWAB_6AUB1CSj1n",
        "name" : null,
        "description" : null,
        "type" : "Generalization",
        "propertyAssignments" : null,
        "general" : {
          "id" : "fh5_._6AUB1CSjxZ",
          "type" : "Class"
        },
        "specific" : {
          "id" : "Xj5_._6AUB1CSjxk",
          "type" : "Class"
        }
      }, {
        "id" : "LC2AB_6AUB1CSj1x",
        "name" : null,
        "description" : null,
        "type" : "Generalization",
        "propertyAssignments" : null,
        "general" : {
          "id" : "GUR_._6AUB1CSjwU",
          "type" : "Class"
        },
        "specific" : {
          "id" : "fh5_._6AUB1CSjxZ",
          "type" : "Class"
        }
      }, {
        "id" : "RBuAB_6AUB1CSj2R",
        "name" : null,
        "description" : null,
        "type" : "Generalization",
        "propertyAssignments" : null,
        "general" : {
          "id" : "VeR_._6AUB1CSjwf",
          "type" : "Class"
        },
        "specific" : {
          "id" : "dtp_._6AUB1CSjw2",
          "type" : "Class"
        }
      }, {
        "id" : "m9eAB_6AUB1CSj2b",
        "name" : null,
        "description" : null,
        "type" : "Generalization",
        "propertyAssignments" : null,
        "general" : {
          "id" : "VeR_._6AUB1CSjwf",
          "type" : "Class"
        },
        "specific" : {
          "id" : "DPp_._6AUB1CSjxB",
          "type" : "Class"
        }
      }, {
        "id" : "qf.AB_6AUB1CSj2n",
        "name" : null,
        "description" : null,
        "type" : "Generalization",
        "propertyAssignments" : null,
        "general" : {
          "id" : "VeR_._6AUB1CSjwf",
          "type" : "Class"
        },
        "specific" : {
          "id" : "TMZ_._6AUB1CSjxM",
          "type" : "Class"
        }
      }, {
        "id" : "HQ9oB_6AUB1CSkD5",
        "name" : null,
        "description" : null,
        "type" : "Generalization",
        "propertyAssignments" : null,
        "general" : {
          "id" : "Bo1oB_6AUB1CSkDu",
          "type" : "Class"
        },
        "specific" : {
          "id" : "gXmoB_6AUB1CSkCK",
          "type" : "Class"
        }
      }, {
        "id" : "CxtAB_6AUB1CSj3u",
        "name" : "is performed by",
        "description" : null,
        "type" : "Relation",
        "propertyAssignments" : null,
        "stereotype" : null,
        "isAbstract" : false,
        "isDerived" : false,
        "properties" : [ {
          "id" : "CxtAB_6AUB1CSj3v",
          "name" : null,
          "description" : null,
          "type" : "Property",
          "propertyAssignments" : null,
          "stereotype" : null,
          "isDerived" : false,
          "isReadOnly" : false,
          "isOrdered" : false,
          "cardinality" : "*",
          "propertyType" : {
            "id" : "jWe_._6AUB1CSjvV",
            "type" : "Class"
          },
          "subsettedProperties" : null,
          "redefinedProperties" : null,
          "aggregationKind" : "NONE"
        }, {
          "id" : "CxtAB_6AUB1CSj3x",
          "name" : null,
          "description" : null,
          "type" : "Property",
          "propertyAssignments" : null,
          "stereotype" : null,
          "isDerived" : false,
          "isReadOnly" : false,
          "isOrdered" : false,
          "cardinality" : "*",
          "propertyType" : {
            "id" : "XXh_._6AUB1CSjwJ",
            "type" : "Class"
          },
          "subsettedProperties" : null,
          "redefinedProperties" : null,
          "aggregationKind" : "NONE"
        } ]
      }, {
        "id" : "VRHAB_6AUB1CSj4t",
        "name" : "has object part",
        "description" : null,
        "type" : "Relation",
        "propertyAssignments" : null,
        "stereotype" : null,
        "isAbstract" : false,
        "isDerived" : false,
        "properties" : [ {
          "id" : "VRHAB_6AUB1CSj4u",
          "name" : null,
          "description" : null,
          "type" : "Property",
          "propertyAssignments" : null,
          "stereotype" : null,
          "isDerived" : false,
          "isReadOnly" : false,
          "isOrdered" : false,
          "cardinality" : "*",
          "propertyType" : {
            "id" : "DPp_._6AUB1CSjxB",
            "type" : "Class"
          },
          "subsettedProperties" : null,
          "redefinedProperties" : null,
          "aggregationKind" : "NONE"
        }, {
          "id" : "VRHAB_6AUB1CSj4w",
          "name" : null,
          "description" : null,
          "type" : "Property",
          "propertyAssignments" : null,
          "stereotype" : null,
          "isDerived" : false,
          "isReadOnly" : false,
          "isOrdered" : false,
          "cardinality" : "*",
          "propertyType" : {
            "id" : "nfm_._6AUB1CSjuG",
            "type" : "Class"
          },
          "subsettedProperties" : null,
          "redefinedProperties" : null,
          "aggregationKind" : "NONE"
        } ]
      }, {
        "id" : "YO6IB_6AUB1CSj_m",
        "name" : "has part",
        "description" : null,
        "type" : "Relation",
        "propertyAssignments" : null,
        "stereotype" : null,
        "isAbstract" : false,
        "isDerived" : false,
        "properties" : [ {
          "id" : "YO6IB_6AUB1CSj_n",
          "name" : null,
          "description" : null,
          "type" : "Property",
          "propertyAssignments" : null,
          "stereotype" : null,
          "isDerived" : false,
          "isReadOnly" : false,
          "isOrdered" : false,
          "cardinality" : "*",
          "propertyType" : {
            "id" : "dtp_._6AUB1CSjw2",
            "type" : "Class"
          },
          "subsettedProperties" : null,
          "redefinedProperties" : null,
          "aggregationKind" : "NONE"
        }, {
          "id" : "YO6IB_6AUB1CSj_p",
          "name" : null,
          "description" : null,
          "type" : "Property",
          "propertyAssignments" : null,
          "stereotype" : null,
          "isDerived" : false,
          "isReadOnly" : false,
          "isOrdered" : false,
          "cardinality" : "*",
          "propertyType" : {
            "id" : "Xj5_._6AUB1CSjxk",
            "type" : "Class"
          },
          "subsettedProperties" : null,
          "redefinedProperties" : null,
          "aggregationKind" : "NONE"
        } ]
      }, {
        "id" : "g4UYB_6AUB1CSkGh",
        "name" : "is object part of",
        "description" : null,
        "type" : "Relation",
        "propertyAssignments" : null,
        "stereotype" : null,
        "isAbstract" : false,
        "isDerived" : false,
        "properties" : [ {
          "id" : "g4UYB_6AUB1CSkGi",
          "name" : null,
          "description" : null,
          "type" : "Property",
          "propertyAssignments" : null,
          "stereotype" : null,
          "isDerived" : false,
          "isReadOnly" : false,
          "isOrdered" : false,
          "cardinality" : "*",
          "propertyType" : {
            "id" : "1WYYB_6AUB1CSkGQ",
            "type" : "Class"
          },
          "subsettedProperties" : null,
          "redefinedProperties" : null,
          "aggregationKind" : "NONE"
        }, {
          "id" : "g4UYB_6AUB1CSkGk",
          "name" : null,
          "description" : null,
          "type" : "Property",
          "propertyAssignments" : null,
          "stereotype" : null,
          "isDerived" : false,
          "isReadOnly" : false,
          "isOrdered" : false,
          "cardinality" : "*",
          "propertyType" : {
            "id" : "DPp_._6AUB1CSjxB",
            "type" : "Class"
          },
          "subsettedProperties" : null,
          "redefinedProperties" : null,
          "aggregationKind" : "NONE"
        } ]
      } ]
    }, {
      "id" : "MBi_._6AUB1CSjtj",
      "name" : "UFO",
      "description" : null,
      "type" : "Package",
      "propertyAssignments" : null,
      "contents" : [ {
        "id" : "qxm_._6AUB1CSjt7",
        "name" : "Trope",
        "description" : null,
        "type" : "Class",
        "propertyAssignments" : null,
        "stereotype" : null,
        "isAbstract" : false,
        "isDerived" : false,
        "properties" : null,
        "isExtensional" : null,
        "isPowertype" : null,
        "order" : null,
        "literals" : null,
        "restrictedTo" : null
      }, {
        "id" : "nfm_._6AUB1CSjuG",
        "name" : "Object",
        "description" : null,
        "type" : "Class",
        "propertyAssignments" : null,
        "stereotype" : null,
        "isAbstract" : false,
        "isDerived" : false,
        "properties" : null,
        "isExtensional" : null,
        "isPowertype" : null,
        "order" : null,
        "literals" : null,
        "restrictedTo" : null
      }, {
        "id" : "R8W_._6AUB1CSjuR",
        "name" : "Event",
        "description" : null,
        "type" : "Class",
        "propertyAssignments" : null,
        "stereotype" : null,
        "isAbstract" : false,
        "isDerived" : false,
        "properties" : null,
        "isExtensional" : null,
        "isPowertype" : null,
        "order" : null,
        "literals" : null,
        "restrictedTo" : null
      }, {
        "id" : "CXO_._6AUB1CSjvA",
        "name" : "Action",
        "description" : null,
        "type" : "Class",
        "propertyAssignments" : null,
        "stereotype" : null,
        "isAbstract" : false,
        "isDerived" : false,
        "properties" : null,
        "isExtensional" : null,
        "isPowertype" : null,
        "order" : null,
        "literals" : null,
        "restrictedTo" : null
      }, {
        "id" : "XXh_._6AUB1CSjwJ",
        "name" : "Agent",
        "description" : null,
        "type" : "Class",
        "propertyAssignments" : null,
        "stereotype" : null,
        "isAbstract" : false,
        "isDerived" : false,
        "properties" : null,
        "isExtensional" : null,
        "isPowertype" : null,
        "order" : null,
        "literals" : null,
        "restrictedTo" : null
      }, {
        "id" : "4AMAB_6AUB1CSjzg",
        "name" : null,
        "description" : null,
        "type" : "Generalization",
        "propertyAssignments" : null,
        "general" : {
          "id" : "nfm_._6AUB1CSjuG",
          "type" : "Class"
        },
        "specific" : {
          "id" : "26h_._6AUB1CSjvz",
          "type" : "Class"
        }
      }, {
        "id" : "dFMAB_6AUB1CSjzq",
        "name" : null,
        "description" : null,
        "type" : "Generalization",
        "propertyAssignments" : null,
        "general" : {
          "id" : "nfm_._6AUB1CSjuG",
          "type" : "Class"
        },
        "specific" : {
          "id" : "XXh_._6AUB1CSjwJ",
          "type" : "Class"
        }
      }, {
        "id" : "oWsAB_6AUB1CSjz0",
        "name" : null,
        "description" : null,
        "type" : "Generalization",
        "propertyAssignments" : null,
        "general" : {
          "id" : "nfm_._6AUB1CSjuG",
          "type" : "Class"
        },
        "specific" : {
          "id" : "l1h_._6AUB1CSjv.",
          "type" : "Class"
        }
      }, {
        "id" : "I7yAB_6AUB1CSj0Q",
        "name" : null,
        "description" : null,
        "type" : "Generalization",
        "propertyAssignments" : null,
        "general" : {
          "id" : "R8W_._6AUB1CSjuR",
          "type" : "Class"
        },
        "specific" : {
          "id" : "PaO_._6AUB1CSjuq",
          "type" : "Class"
        }
      }, {
        "id" : "0iKAB_6AUB1CSj0a",
        "name" : null,
        "description" : null,
        "type" : "Generalization",
        "propertyAssignments" : null,
        "general" : {
          "id" : "R8W_._6AUB1CSjuR",
          "type" : "Class"
        },
        "specific" : {
          "id" : "PFO_._6AUB1CSju1",
          "type" : "Class"
        }
      }, {
        "id" : "KXKAB_6AUB1CSj0k",
        "name" : null,
        "description" : null,
        "type" : "Generalization",
        "propertyAssignments" : null,
        "general" : {
          "id" : "R8W_._6AUB1CSjuR",
          "type" : "Class"
        },
        "specific" : {
          "id" : "CXO_._6AUB1CSjvA",
          "type" : "Class"
        }
      }, {
        "id" : "11aAB_6AUB1CSj0x",
        "name" : null,
        "description" : null,
        "type" : "Generalization",
        "propertyAssignments" : null,
        "general" : {
          "id" : "CXO_._6AUB1CSjvA",
          "type" : "Class"
        },
        "specific" : {
          "id" : "Fre_._6AUB1CSjvi",
          "type" : "Class"
        }
      }, {
        "id" : "8w6AB_6AUB1CSj07",
        "name" : null,
        "description" : null,
        "type" : "Generalization",
        "propertyAssignments" : null,
        "general" : {
          "id" : "CXO_._6AUB1CSjvA",
          "type" : "Class"
        },
        "specific" : {
          "id" : "jWe_._6AUB1CSjvV",
          "type" : "Class"
        }
      }, {
        "id" : "xL2oB_6AUB1CSkCX",
        "name" : null,
        "description" : null,
        "type" : "Generalization",
        "propertyAssignments" : null,
        "general" : {
          "id" : "XXh_._6AUB1CSjwJ",
          "type" : "Class"
        },
        "specific" : {
          "id" : "gXmoB_6AUB1CSkCK",
          "type" : "Class"
        }
      }, {
        "id" : "AIHoB_6AUB1CSkFV",
        "name" : null,
        "description" : null,
        "type" : "Generalization",
        "propertyAssignments" : null,
        "general" : {
          "id" : "nfm_._6AUB1CSjuG",
          "type" : "Class"
        },
        "specific" : {
          "id" : "VeR_._6AUB1CSjwf",
          "type" : "Class"
        }
      }, {
        "id" : "WLFAB_6AUB1CSj3O",
        "name" : "has participant",
        "description" : null,
        "type" : "Relation",
        "propertyAssignments" : null,
        "stereotype" : null,
        "isAbstract" : false,
        "isDerived" : false,
        "properties" : [ {
          "id" : "WLFAB_6AUB1CSj3P",
          "name" : null,
          "description" : null,
          "type" : "Property",
          "propertyAssignments" : null,
          "stereotype" : null,
          "isDerived" : false,
          "isReadOnly" : false,
          "isOrdered" : false,
          "cardinality" : "*",
          "propertyType" : {
            "id" : "R8W_._6AUB1CSjuR",
            "type" : "Class"
          },
          "subsettedProperties" : null,
          "redefinedProperties" : null,
          "aggregationKind" : "NONE"
        }, {
          "id" : "WLFAB_6AUB1CSj3R",
          "name" : null,
          "description" : null,
          "type" : "Property",
          "propertyAssignments" : null,
          "stereotype" : null,
          "isDerived" : false,
          "isReadOnly" : false,
          "isOrdered" : false,
          "cardinality" : "*",
          "propertyType" : {
            "id" : "XXh_._6AUB1CSjwJ",
            "type" : "Class"
          },
          "subsettedProperties" : null,
          "redefinedProperties" : null,
          "aggregationKind" : "NONE"
        } ]
      }, {
        "id" : "C8VAB_6AUB1CSj3Y",
        "name" : "inheres in",
        "description" : null,
        "type" : "Relation",
        "propertyAssignments" : null,
        "stereotype" : null,
        "isAbstract" : false,
        "isDerived" : false,
        "properties" : [ {
          "id" : "C8VAB_6AUB1CSj3Z",
          "name" : null,
          "description" : null,
          "type" : "Property",
          "propertyAssignments" : null,
          "stereotype" : null,
          "isDerived" : false,
          "isReadOnly" : false,
          "isOrdered" : false,
          "cardinality" : "*",
          "propertyType" : {
            "id" : "qxm_._6AUB1CSjt7",
            "type" : "Class"
          },
          "subsettedProperties" : null,
          "redefinedProperties" : null,
          "aggregationKind" : "NONE"
        }, {
          "id" : "C8VAB_6AUB1CSj3b",
          "name" : "",
          "description" : null,
          "type" : "Property",
          "propertyAssignments" : null,
          "stereotype" : null,
          "isDerived" : false,
          "isReadOnly" : false,
          "isOrdered" : false,
          "cardinality" : "*",
          "propertyType" : {
            "id" : "l1h_._6AUB1CSjv.",
            "type" : "Class"
          },
          "subsettedProperties" : null,
          "redefinedProperties" : null,
          "aggregationKind" : "NONE"
        } ]
      }, {
        "id" : "w21AB_6AUB1CSj3i",
        "name" : "has object part",
        "description" : null,
        "type" : "Relation",
        "propertyAssignments" : null,
        "stereotype" : null,
        "isAbstract" : false,
        "isDerived" : false,
        "properties" : [ {
          "id" : "w21AB_6AUB1CSj3j",
          "name" : null,
          "description" : null,
          "type" : "Property",
          "propertyAssignments" : null,
          "stereotype" : null,
          "isDerived" : false,
          "isReadOnly" : false,
          "isOrdered" : false,
          "cardinality" : "*",
          "propertyType" : {
            "id" : "nfm_._6AUB1CSjuG",
            "type" : "Class"
          },
          "subsettedProperties" : null,
          "redefinedProperties" : null,
          "aggregationKind" : "NONE"
        }, {
          "id" : "w21AB_6AUB1CSj3l",
          "name" : null,
          "description" : null,
          "type" : "Property",
          "propertyAssignments" : null,
          "stereotype" : null,
          "isDerived" : false,
          "isReadOnly" : false,
          "isOrdered" : false,
          "cardinality" : "*",
          "propertyType" : {
            "id" : "nfm_._6AUB1CSjuG",
            "type" : "Class"
          },
          "subsettedProperties" : null,
          "redefinedProperties" : null,
          "aggregationKind" : "NONE"
        } ]
      }, {
        "id" : "fxTAB_6AUB1CSj4N",
        "name" : "is performed by",
        "description" : null,
        "type" : "Relation",
        "propertyAssignments" : null,
        "stereotype" : null,
        "isAbstract" : false,
        "isDerived" : false,
        "properties" : [ {
          "id" : "fxTAB_6AUB1CSj4O",
          "name" : null,
          "description" : null,
          "type" : "Property",
          "propertyAssignments" : null,
          "stereotype" : null,
          "isDerived" : false,
          "isReadOnly" : false,
          "isOrdered" : false,
          "cardinality" : "*",
          "propertyType" : {
            "id" : "CXO_._6AUB1CSjvA",
            "type" : "Class"
          },
          "subsettedProperties" : null,
          "redefinedProperties" : null,
          "aggregationKind" : "NONE"
        }, {
          "id" : "fxTAB_6AUB1CSj4Q",
          "name" : null,
          "description" : null,
          "type" : "Property",
          "propertyAssignments" : null,
          "stereotype" : null,
          "isDerived" : false,
          "isReadOnly" : false,
          "isOrdered" : false,
          "cardinality" : "*",
          "propertyType" : {
            "id" : "XXh_._6AUB1CSjwJ",
            "type" : "Class"
          },
          "subsettedProperties" : null,
          "redefinedProperties" : null,
          "aggregationKind" : "NONE"
        } ]
      }, {
        "id" : "CPhoB_6AUB1CSkC9",
        "name" : "is participant of",
        "description" : null,
        "type" : "Relation",
        "propertyAssignments" : null,
        "stereotype" : null,
        "isAbstract" : false,
        "isDerived" : false,
        "properties" : [ {
          "id" : "CPhoB_6AUB1CSkC.",
          "name" : null,
          "description" : null,
          "type" : "Property",
          "propertyAssignments" : null,
          "stereotype" : null,
          "isDerived" : false,
          "isReadOnly" : false,
          "isOrdered" : false,
          "cardinality" : "*",
          "propertyType" : {
            "id" : "nfm_._6AUB1CSjuG",
            "type" : "Class"
          },
          "subsettedProperties" : null,
          "redefinedProperties" : null,
          "aggregationKind" : "NONE"
        }, {
          "id" : "iPhoB_6AUB1CSkDA",
          "name" : null,
          "description" : null,
          "type" : "Property",
          "propertyAssignments" : null,
          "stereotype" : null,
          "isDerived" : false,
          "isReadOnly" : false,
          "isOrdered" : false,
          "cardinality" : "*",
          "propertyType" : {
            "id" : "R8W_._6AUB1CSjuR",
            "type" : "Class"
          },
          "subsettedProperties" : null,
          "redefinedProperties" : null,
          "aggregationKind" : "NONE"
        } ]
      }, {
        "id" : "_ysYB_6AUB1CSkGt",
        "name" : "is performed by",
        "description" : null,
        "type" : "Relation",
        "propertyAssignments" : null,
        "stereotype" : null,
        "isAbstract" : false,
        "isDerived" : false,
        "properties" : [ {
          "id" : "_ysYB_6AUB1CSkGu",
          "name" : null,
          "description" : null,
          "type" : "Property",
          "propertyAssignments" : null,
          "stereotype" : null,
          "isDerived" : false,
          "isReadOnly" : false,
          "isOrdered" : false,
          "cardinality" : "*",
          "propertyType" : {
            "id" : "CXO_._6AUB1CSjvA",
            "type" : "Class"
          },
          "subsettedProperties" : null,
          "redefinedProperties" : null,
          "aggregationKind" : "NONE"
        }, {
          "id" : "_ysYB_6AUB1CSkGw",
          "name" : null,
          "description" : null,
          "type" : "Property",
          "propertyAssignments" : null,
          "stereotype" : null,
          "isDerived" : false,
          "isReadOnly" : false,
          "isOrdered" : false,
          "cardinality" : "*",
          "propertyType" : {
            "id" : "Bo1oB_6AUB1CSkDu",
            "type" : "Class"
          },
          "subsettedProperties" : null,
          "redefinedProperties" : null,
          "aggregationKind" : "NONE"
        } ]
      } ]
    } ]
  },
  "diagrams" : [ {
    "id" : "giy_._6AUB1CSjtt",
    "name" : "Aviation Safety Ontology",
    "description" : null,
    "type" : "Diagram",
    "owner" : {
      "id" : "488_._6AUB1CSjtd",
      "type" : "Package"
    },
    "contents" : [ {
      "id" : "Fre_._6AUB1CSjvh",
      "type" : "ClassView",
      "modelElement" : {
        "id" : "Fre_._6AUB1CSjvi",
        "type" : "Class"
      },
      "shape" : {
        "id" : "Fre_._6AUB1CSjvh_shape",
        "type" : "Rectangle",
        "x" : 938,
        "y" : 338,
        "width" : 80,
        "height" : 40
      }
    }, {
      "id" : "U7yAB_6AUB1CSj0R",
      "type" : "GeneralizationView",
      "modelElement" : {
        "id" : "I7yAB_6AUB1CSj0Q",
        "type" : "Generalization"
      },
      "shape" : {
        "id" : "U7yAB_6AUB1CSj0R_path",
        "type" : "Path",
        "points" : [ {
          "x" : 715,
          "y" : 129
        }, {
          "x" : 715,
          "y" : 217
        } ]
      },
      "source" : {
        "id" : "R8W_._6AUB1CSjuQ",
        "type" : "ClassView"
      },
      "target" : {
        "id" : "PaO_._6AUB1CSjup",
        "type" : "ClassView"
      }
    }, {
      "id" : "PaO_._6AUB1CSjup",
      "type" : "ClassView",
      "modelElement" : {
        "id" : "PaO_._6AUB1CSjuq",
        "type" : "Class"
      },
      "shape" : {
        "id" : "PaO_._6AUB1CSjup_shape",
        "type" : "Rectangle",
        "x" : 665,
        "y" : 218,
        "width" : 80,
        "height" : 40
      }
    }, {
      "id" : "3FO_._6AUB1CSju0",
      "type" : "ClassView",
      "modelElement" : {
        "id" : "PFO_._6AUB1CSju1",
        "type" : "Class"
      },
      "shape" : {
        "id" : "3FO_._6AUB1CSju0_shape",
        "type" : "Rectangle",
        "x" : 773,
        "y" : 218,
        "width" : 80,
        "height" : 40
      }
    }, {
      "id" : "jWe_._6AUB1CSjvU",
      "type" : "ClassView",
      "modelElement" : {
        "id" : "jWe_._6AUB1CSjvV",
        "type" : "Class"
      },
      "shape" : {
        "id" : "jWe_._6AUB1CSjvU_shape",
        "type" : "Rectangle",
        "x" : 828,
        "y" : 338,
        "width" : 80,
        "height" : 40
      }
    }, {
      "id" : "J6WAB_6AUB1CSj1e",
      "type" : "GeneralizationView",
      "modelElement" : {
        "id" : "66WAB_6AUB1CSj1d",
        "type" : "Generalization"
      },
      "shape" : {
        "id" : "J6WAB_6AUB1CSj1e_path",
        "type" : "Path",
        "points" : [ {
          "x" : 309,
          "y" : 555
        }, {
          "x" : 362,
          "y" : 555
        } ]
      },
      "source" : {
        "id" : "fh5_._6AUB1CSjxY",
        "type" : "ClassView"
      },
      "target" : {
        "id" : "dtp_._6AUB1CSjw1",
        "type" : "ClassView"
      }
    }, {
      "id" : "Hfm_._6AUB1CSjuF",
      "type" : "ClassView",
      "modelElement" : {
        "id" : "nfm_._6AUB1CSjuG",
        "type" : "Class"
      },
      "shape" : {
        "id" : "Hfm_._6AUB1CSjuF_shape",
        "type" : "Rectangle",
        "x" : 303,
        "y" : 88,
        "width" : 80,
        "height" : 40
      }
    }, {
      "id" : "8AMAB_6AUB1CSjzh",
      "type" : "GeneralizationView",
      "modelElement" : {
        "id" : "4AMAB_6AUB1CSjzg",
        "type" : "Generalization"
      },
      "shape" : {
        "id" : "8AMAB_6AUB1CSjzh_path",
        "type" : "Path",
        "points" : [ {
          "x" : 343,
          "y" : 129
        }, {
          "x" : 343,
          "y" : 177
        }, {
          "x" : 257,
          "y" : 177
        }, {
          "x" : 257,
          "y" : 257
        } ]
      },
      "source" : {
        "id" : "Hfm_._6AUB1CSjuF",
        "type" : "ClassView"
      },
      "target" : {
        "id" : "W6h_._6AUB1CSjvy",
        "type" : "ClassView"
      }
    }, {
      "id" : "GUR_._6AUB1CSjwT",
      "type" : "ClassView",
      "modelElement" : {
        "id" : "GUR_._6AUB1CSjwU",
        "type" : "Class"
      },
      "shape" : {
        "id" : "GUR_._6AUB1CSjwT_shape",
        "type" : "Rectangle",
        "x" : 228,
        "y" : 338,
        "width" : 80,
        "height" : 40
      }
    }, {
      "id" : "dBuAB_6AUB1CSj2S",
      "type" : "GeneralizationView",
      "modelElement" : {
        "id" : "RBuAB_6AUB1CSj2R",
        "type" : "Generalization"
      },
      "shape" : {
        "id" : "dBuAB_6AUB1CSj2S_path",
        "type" : "Path",
        "points" : [ {
          "x" : 403,
          "y" : 454
        }, {
          "x" : 403,
          "y" : 534
        } ]
      },
      "source" : {
        "id" : "leR_._6AUB1CSjwe",
        "type" : "ClassView"
      },
      "target" : {
        "id" : "dtp_._6AUB1CSjw1",
        "type" : "ClassView"
      }
    }, {
      "id" : "31aAB_6AUB1CSj0y",
      "type" : "GeneralizationView",
      "modelElement" : {
        "id" : "11aAB_6AUB1CSj0x",
        "type" : "Generalization"
      },
      "shape" : {
        "id" : "31aAB_6AUB1CSj0y_path",
        "type" : "Path",
        "points" : [ {
          "x" : 944,
          "y" : 259
        }, {
          "x" : 944,
          "y" : 337
        } ]
      },
      "source" : {
        "id" : "CXO_._6AUB1CSju_",
        "type" : "ClassView"
      },
      "target" : {
        "id" : "Fre_._6AUB1CSjvh",
        "type" : "ClassView"
      }
    }, {
      "id" : "OxtAB_6AUB1CSj3z",
      "type" : "RelationView",
      "modelElement" : {
        "id" : "CxtAB_6AUB1CSj3u",
        "type" : "Relation"
      },
      "shape" : {
        "id" : "OxtAB_6AUB1CSj3z_path",
        "type" : "Path",
        "points" : [ {
          "x" : 827,
          "y" : 358
        }, {
          "x" : 642,
          "y" : 358
        } ]
      },
      "source" : {
        "id" : "jWe_._6AUB1CSjvU",
        "type" : "ClassView"
      },
      "target" : {
        "id" : "XXh_._6AUB1CSjwI",
        "type" : "ClassView"
      }
    }, {
      "id" : "nj5_._6AUB1CSjxj",
      "type" : "ClassView",
      "modelElement" : {
        "id" : "Xj5_._6AUB1CSjxk",
        "type" : "Class"
      },
      "shape" : {
        "id" : "nj5_._6AUB1CSjxj_shape",
        "type" : "Rectangle",
        "x" : 95,
        "y" : 535,
        "width" : 80,
        "height" : 40
      }
    }, {
      "id" : "U21AB_6AUB1CSj3n",
      "type" : "RelationView",
      "modelElement" : {
        "id" : "w21AB_6AUB1CSj3i",
        "type" : "Relation"
      },
      "shape" : {
        "id" : "U21AB_6AUB1CSj3n_path",
        "type" : "Path",
        "points" : [ {
          "x" : 343,
          "y" : 87
        }, {
          "x" : 343,
          "y" : 48
        }, {
          "x" : 423,
          "y" : 48
        }, {
          "x" : 423,
          "y" : 108
        }, {
          "x" : 385,
          "y" : 108
        } ]
      },
      "source" : {
        "id" : "Hfm_._6AUB1CSjuF",
        "type" : "ClassView"
      },
      "target" : {
        "id" : "Hfm_._6AUB1CSjuF",
        "type" : "ClassView"
      }
    }, {
      "id" : "zRHAB_6AUB1CSj4y",
      "type" : "RelationView",
      "modelElement" : {
        "id" : "VRHAB_6AUB1CSj4t",
        "type" : "Relation"
      },
      "shape" : {
        "id" : "zRHAB_6AUB1CSj4y_path",
        "type" : "Path",
        "points" : [ {
          "x" : 467,
          "y" : 576
        }, {
          "x" : 467,
          "y" : 612
        }, {
          "x" : 61,
          "y" : 612
        }, {
          "x" : 61,
          "y" : 108
        }, {
          "x" : 302,
          "y" : 108
        } ]
      },
      "source" : {
        "id" : "DPp_._6AUB1CSjxA",
        "type" : "ClassView"
      },
      "target" : {
        "id" : "Hfm_._6AUB1CSjuF",
        "type" : "ClassView"
      }
    }, {
      "id" : "l1h_._6AUB1CSjv9",
      "type" : "ClassView",
      "modelElement" : {
        "id" : "l1h_._6AUB1CSjv.",
        "type" : "Class"
      },
      "shape" : {
        "id" : "l1h_._6AUB1CSjv9_shape",
        "type" : "Rectangle",
        "x" : 338,
        "y" : 258,
        "width" : 80,
        "height" : 40
      }
    }, {
      "id" : "DPp_._6AUB1CSjxA",
      "type" : "ClassView",
      "modelElement" : {
        "id" : "DPp_._6AUB1CSjxB",
        "type" : "Class"
      },
      "shape" : {
        "id" : "DPp_._6AUB1CSjxA_shape",
        "type" : "Rectangle",
        "x" : 467,
        "y" : 535,
        "width" : 80,
        "height" : 40
      }
    }, {
      "id" : "G8VAB_6AUB1CSj3d",
      "type" : "RelationView",
      "modelElement" : {
        "id" : "C8VAB_6AUB1CSj3Y",
        "type" : "Relation"
      },
      "shape" : {
        "id" : "G8VAB_6AUB1CSj3d_path",
        "type" : "Path",
        "points" : [ {
          "x" : 483,
          "y" : 129
        }, {
          "x" : 483,
          "y" : 278
        }, {
          "x" : 419,
          "y" : 278
        } ]
      },
      "source" : {
        "id" : "qxm_._6AUB1CSjt6",
        "type" : "ClassView"
      },
      "target" : {
        "id" : "l1h_._6AUB1CSjv9",
        "type" : "ClassView"
      }
    }, {
      "id" : "dtp_._6AUB1CSjw1",
      "type" : "ClassView",
      "modelElement" : {
        "id" : "dtp_._6AUB1CSjw2",
        "type" : "Class"
      },
      "shape" : {
        "id" : "dtp_._6AUB1CSjw1_shape",
        "type" : "Rectangle",
        "x" : 363,
        "y" : 535,
        "width" : 80,
        "height" : 40
      }
    }, {
      "id" : "UTWAB_6AUB1CSj1o",
      "type" : "GeneralizationView",
      "modelElement" : {
        "id" : "_jWAB_6AUB1CSj1n",
        "type" : "Generalization"
      },
      "shape" : {
        "id" : "UTWAB_6AUB1CSj1o_path",
        "type" : "Path",
        "points" : [ {
          "x" : 227,
          "y" : 553
        }, {
          "x" : 176,
          "y" : 553
        } ]
      },
      "source" : {
        "id" : "fh5_._6AUB1CSjxY",
        "type" : "ClassView"
      },
      "target" : {
        "id" : "nj5_._6AUB1CSjxj",
        "type" : "ClassView"
      }
    }, {
      "id" : "KHGAB_6AUB1CSj1S",
      "type" : "GeneralizationView",
      "modelElement" : {
        "id" : "oHGAB_6AUB1CSj1R",
        "type" : "Generalization"
      },
      "shape" : {
        "id" : "KHGAB_6AUB1CSj1S_path",
        "type" : "Path",
        "points" : [ {
          "x" : 379,
          "y" : 299
        }, {
          "x" : 379,
          "y" : 412
        } ]
      },
      "source" : {
        "id" : "l1h_._6AUB1CSjv9",
        "type" : "ClassView"
      },
      "target" : {
        "id" : "leR_._6AUB1CSjwe",
        "type" : "ClassView"
      }
    }, {
      "id" : "XXh_._6AUB1CSjwI",
      "type" : "ClassView",
      "modelElement" : {
        "id" : "XXh_._6AUB1CSjwJ",
        "type" : "Class"
      },
      "shape" : {
        "id" : "XXh_._6AUB1CSjwI_shape",
        "type" : "Rectangle",
        "x" : 561,
        "y" : 338,
        "width" : 80,
        "height" : 40
      }
    }, {
      "id" : "aw6AB_6AUB1CSj08",
      "type" : "GeneralizationView",
      "modelElement" : {
        "id" : "8w6AB_6AUB1CSj07",
        "type" : "Generalization"
      },
      "shape" : {
        "id" : "aw6AB_6AUB1CSj08_path",
        "type" : "Path",
        "points" : [ {
          "x" : 901,
          "y" : 259
        }, {
          "x" : 901,
          "y" : 337
        } ]
      },
      "source" : {
        "id" : "CXO_._6AUB1CSju_",
        "type" : "ClassView"
      },
      "target" : {
        "id" : "jWe_._6AUB1CSjvU",
        "type" : "ClassView"
      }
    }, {
      "id" : "pLFAB_6AUB1CSj3T",
      "type" : "RelationView",
      "modelElement" : {
        "id" : "WLFAB_6AUB1CSj3O",
        "type" : "Relation"
      },
      "shape" : {
        "id" : "pLFAB_6AUB1CSj3T_path",
        "type" : "Path",
        "points" : [ {
          "x" : 692,
          "y" : 108
        }, {
          "x" : 623,
          "y" : 108
        }, {
          "x" : 623,
          "y" : 337
        } ]
      },
      "source" : {
        "id" : "R8W_._6AUB1CSjuQ",
        "type" : "ClassView"
      },
      "target" : {
        "id" : "XXh_._6AUB1CSjwI",
        "type" : "ClassView"
      }
    }, {
      "id" : "yO6IB_6AUB1CSj_r",
      "type" : "RelationView",
      "modelElement" : {
        "id" : "YO6IB_6AUB1CSj_m",
        "type" : "Relation"
      },
      "shape" : {
        "id" : "yO6IB_6AUB1CSj_r_path",
        "type" : "Path",
        "points" : [ {
          "x" : 384,
          "y" : 534
        }, {
          "x" : 384,
          "y" : 505
        }, {
          "x" : 135,
          "y" : 505
        }, {
          "x" : 135,
          "y" : 534
        } ]
      },
      "source" : {
        "id" : "dtp_._6AUB1CSjw1",
        "type" : "ClassView"
      },
      "target" : {
        "id" : "nj5_._6AUB1CSjxj",
        "type" : "ClassView"
      }
    }, {
      "id" : "fh5_._6AUB1CSjxY",
      "type" : "ClassView",
      "modelElement" : {
        "id" : "fh5_._6AUB1CSjxZ",
        "type" : "Class"
      },
      "shape" : {
        "id" : "fh5_._6AUB1CSjxY_shape",
        "type" : "Rectangle",
        "x" : 228,
        "y" : 535,
        "width" : 80,
        "height" : 40
      }
    }, {
      "id" : "4i2AB_6AUB1CSj1y",
      "type" : "GeneralizationView",
      "modelElement" : {
        "id" : "LC2AB_6AUB1CSj1x",
        "type" : "Generalization"
      },
      "shape" : {
        "id" : "4i2AB_6AUB1CSj1y_path",
        "type" : "Path",
        "points" : [ {
          "x" : 267,
          "y" : 379
        }, {
          "x" : 267,
          "y" : 534
        } ]
      },
      "source" : {
        "id" : "GUR_._6AUB1CSjwT",
        "type" : "ClassView"
      },
      "target" : {
        "id" : "fh5_._6AUB1CSjxY",
        "type" : "ClassView"
      }
    }, {
      "id" : "EJTAB_6AUB1CSj4S",
      "type" : "RelationView",
      "modelElement" : {
        "id" : "fxTAB_6AUB1CSj4N",
        "type" : "Relation"
      },
      "shape" : {
        "id" : "EJTAB_6AUB1CSj4S_path",
        "type" : "Path",
        "points" : [ {
          "x" : 921,
          "y" : 258
        }, {
          "x" : 921,
          "y" : 412
        }, {
          "x" : 601,
          "y" : 412
        }, {
          "x" : 601,
          "y" : 378
        } ]
      },
      "source" : {
        "id" : "CXO_._6AUB1CSju_",
        "type" : "ClassView"
      },
      "target" : {
        "id" : "XXh_._6AUB1CSjwI",
        "type" : "ClassView"
      }
    }, {
      "id" : "R8W_._6AUB1CSjuQ",
      "type" : "ClassView",
      "modelElement" : {
        "id" : "R8W_._6AUB1CSjuR",
        "type" : "Class"
      },
      "shape" : {
        "id" : "R8W_._6AUB1CSjuQ_shape",
        "type" : "Rectangle",
        "x" : 693,
        "y" : 88,
        "width" : 80,
        "height" : 40
      }
    }, {
      "id" : "KiKAB_6AUB1CSj0b",
      "type" : "GeneralizationView",
      "modelElement" : {
        "id" : "0iKAB_6AUB1CSj0a",
        "type" : "Generalization"
      },
      "shape" : {
        "id" : "KiKAB_6AUB1CSj0b_path",
        "type" : "Path",
        "points" : [ {
          "x" : 760,
          "y" : 129
        }, {
          "x" : 760,
          "y" : 189
        }, {
          "x" : 813,
          "y" : 189
        }, {
          "x" : 813,
          "y" : 217
        } ]
      },
      "source" : {
        "id" : "R8W_._6AUB1CSjuQ",
        "type" : "ClassView"
      },
      "target" : {
        "id" : "3FO_._6AUB1CSju0",
        "type" : "ClassView"
      }
    }, {
      "id" : "TMZ_._6AUB1CSjxL",
      "type" : "ClassView",
      "modelElement" : {
        "id" : "TMZ_._6AUB1CSjxM",
        "type" : "Class"
      },
      "shape" : {
        "id" : "TMZ_._6AUB1CSjxL_shape",
        "type" : "Rectangle",
        "x" : 571,
        "y" : 535,
        "width" : 80,
        "height" : 40
      }
    }, {
      "id" : "2f.AB_6AUB1CSj2o",
      "type" : "GeneralizationView",
      "modelElement" : {
        "id" : "qf.AB_6AUB1CSj2n",
        "type" : "Generalization"
      },
      "shape" : {
        "id" : "2f.AB_6AUB1CSj2o_path",
        "type" : "Path",
        "points" : [ {
          "x" : 444,
          "y" : 433
        }, {
          "x" : 586,
          "y" : 433
        }, {
          "x" : 586,
          "y" : 534
        } ]
      },
      "source" : {
        "id" : "leR_._6AUB1CSjwe",
        "type" : "ClassView"
      },
      "target" : {
        "id" : "TMZ_._6AUB1CSjxL",
        "type" : "ClassView"
      }
    }, {
      "id" : "UWsAB_6AUB1CSjz1",
      "type" : "GeneralizationView",
      "modelElement" : {
        "id" : "oWsAB_6AUB1CSjz0",
        "type" : "Generalization"
      },
      "shape" : {
        "id" : "UWsAB_6AUB1CSjz1_path",
        "type" : "Path",
        "points" : [ {
          "x" : 368,
          "y" : 129
        }, {
          "x" : 368,
          "y" : 257
        } ]
      },
      "source" : {
        "id" : "Hfm_._6AUB1CSjuF",
        "type" : "ClassView"
      },
      "target" : {
        "id" : "l1h_._6AUB1CSjv9",
        "type" : "ClassView"
      }
    }, {
      "id" : "CXO_._6AUB1CSju_",
      "type" : "ClassView",
      "modelElement" : {
        "id" : "CXO_._6AUB1CSjvA",
        "type" : "Class"
      },
      "shape" : {
        "id" : "CXO_._6AUB1CSju__shape",
        "type" : "Rectangle",
        "x" : 881,
        "y" : 218,
        "width" : 80,
        "height" : 40
      }
    }, {
      "id" : "qxm_._6AUB1CSjt6",
      "type" : "ClassView",
      "modelElement" : {
        "id" : "qxm_._6AUB1CSjt7",
        "type" : "Class"
      },
      "shape" : {
        "id" : "qxm_._6AUB1CSjt6_shape",
        "type" : "Rectangle",
        "x" : 443,
        "y" : 88,
        "width" : 80,
        "height" : 40
      }
    }, {
      "id" : ".9eAB_6AUB1CSj2c",
      "type" : "GeneralizationView",
      "modelElement" : {
        "id" : "m9eAB_6AUB1CSj2b",
        "type" : "Generalization"
      },
      "shape" : {
        "id" : ".9eAB_6AUB1CSj2c_path",
        "type" : "Path",
        "points" : [ {
          "x" : 403,
          "y" : 454
        }, {
          "x" : 403,
          "y" : 495
        }, {
          "x" : 499,
          "y" : 495
        }, {
          "x" : 499,
          "y" : 534
        } ]
      },
      "source" : {
        "id" : "leR_._6AUB1CSjwe",
        "type" : "ClassView"
      },
      "target" : {
        "id" : "DPp_._6AUB1CSjxA",
        "type" : "ClassView"
      }
    }, {
      "id" : "leR_._6AUB1CSjwe",
      "type" : "ClassView",
      "modelElement" : {
        "id" : "VeR_._6AUB1CSjwf",
        "type" : "Class"
      },
      "shape" : {
        "id" : "leR_._6AUB1CSjwe_shape",
        "type" : "Rectangle",
        "x" : 363,
        "y" : 413,
        "width" : 80,
        "height" : 40
      }
    }, {
      "id" : "W6h_._6AUB1CSjvy",
      "type" : "ClassView",
      "modelElement" : {
        "id" : "26h_._6AUB1CSjvz",
        "type" : "Class"
      },
      "shape" : {
        "id" : "W6h_._6AUB1CSjvy_shape",
        "type" : "Rectangle",
        "x" : 228,
        "y" : 258,
        "width" : 80,
        "height" : 40
      }
    }, {
      "id" : "7FMAB_6AUB1CSjzr",
      "type" : "GeneralizationView",
      "modelElement" : {
        "id" : "dFMAB_6AUB1CSjzq",
        "type" : "Generalization"
      },
      "shape" : {
        "id" : "7FMAB_6AUB1CSjzr_path",
        "type" : "Path",
        "points" : [ {
          "x" : 343,
          "y" : 129
        }, {
          "x" : 343,
          "y" : 177
        }, {
          "x" : 578,
          "y" : 177
        }, {
          "x" : 578,
          "y" : 337
        } ]
      },
      "source" : {
        "id" : "Hfm_._6AUB1CSjuF",
        "type" : "ClassView"
      },
      "target" : {
        "id" : "XXh_._6AUB1CSjwI",
        "type" : "ClassView"
      }
    }, {
      "id" : "hXKAB_6AUB1CSj0l",
      "type" : "GeneralizationView",
      "modelElement" : {
        "id" : "KXKAB_6AUB1CSj0k",
        "type" : "Generalization"
      },
      "shape" : {
        "id" : "hXKAB_6AUB1CSj0l_path",
        "type" : "Path",
        "points" : [ {
          "x" : 774,
          "y" : 108
        }, {
          "x" : 918,
          "y" : 108
        }, {
          "x" : 918,
          "y" : 217
        } ]
      },
      "source" : {
        "id" : "R8W_._6AUB1CSjuQ",
        "type" : "ClassView"
      },
      "target" : {
        "id" : "CXO_._6AUB1CSju_",
        "type" : "ClassView"
      }
    }, {
      "id" : "a.GAB_6AUB1CSj1I",
      "type" : "GeneralizationView",
      "modelElement" : {
        "id" : "C.GAB_6AUB1CSj1H",
        "type" : "Generalization"
      },
      "shape" : {
        "id" : "a.GAB_6AUB1CSj1I_path",
        "type" : "Path",
        "points" : [ {
          "x" : 380,
          "y" : 298
        }, {
          "x" : 380,
          "y" : 358
        }, {
          "x" : 308,
          "y" : 358
        } ]
      },
      "source" : {
        "id" : "l1h_._6AUB1CSjv9",
        "type" : "ClassView"
      },
      "target" : {
        "id" : "GUR_._6AUB1CSjwT",
        "type" : "ClassView"
      }
    } ]
  }, {
    "id" : "FpnIB_6AUB1CSkAj",
    "name" : "Aviation Safety Ontology 2",
    "description" : null,
    "type" : "Diagram",
    "owner" : {
      "id" : "488_._6AUB1CSjtd",
      "type" : "Package"
    },
    "contents" : [ {
      "id" : "1WYYB_6AUB1CSkGP",
      "type" : "ClassView",
      "modelElement" : {
        "id" : "1WYYB_6AUB1CSkGQ",
        "type" : "Class"
      },
      "shape" : {
        "id" : "1WYYB_6AUB1CSkGP_shape",
        "type" : "Rectangle",
        "x" : 73,
        "y" : 408,
        "width" : 94,
        "height" : 40
      }
    }, {
      "id" : "Z3gYB_6AUB1CSkF5",
      "type" : "GeneralizationView",
      "modelElement" : {
        "id" : "m9eAB_6AUB1CSj2b",
        "type" : "Generalization"
      },
      "shape" : {
        "id" : "Z3gYB_6AUB1CSkF5_path",
        "type" : "Path",
        "points" : [ {
          "x" : 352,
          "y" : 295
        }, {
          "x" : 352,
          "y" : 407
        } ]
      },
      "source" : {
        "id" : "OzLoB_6AUB1CSkEx",
        "type" : "ClassView"
      },
      "target" : {
        "id" : "x3gYB_6AUB1CSkF3",
        "type" : "ClassView"
      }
    }, {
      "id" : "f96oB_6AUB1CSkB6",
      "type" : "ClassView",
      "modelElement" : {
        "id" : "XXh_._6AUB1CSjwJ",
        "type" : "Class"
      },
      "shape" : {
        "id" : "f96oB_6AUB1CSkB6_shape",
        "type" : "Rectangle",
        "x" : 157,
        "y" : 165,
        "width" : 80,
        "height" : 40
      }
    }, {
      "id" : "VL2oB_6AUB1CSkCY",
      "type" : "GeneralizationView",
      "modelElement" : {
        "id" : "xL2oB_6AUB1CSkCX",
        "type" : "Generalization"
      },
      "shape" : {
        "id" : "VL2oB_6AUB1CSkCY_path",
        "type" : "Path",
        "points" : [ {
          "x" : 197,
          "y" : 206
        }, {
          "x" : 197,
          "y" : 318
        } ]
      },
      "source" : {
        "id" : "f96oB_6AUB1CSkB6",
        "type" : "ClassView"
      },
      "target" : {
        "id" : "gXmoB_6AUB1CSkCJ",
        "type" : "ClassView"
      }
    }, {
      "id" : "TyeoB_6AUB1CSkCk",
      "type" : "ClassView",
      "modelElement" : {
        "id" : "R8W_._6AUB1CSjuR",
        "type" : "Class"
      },
      "shape" : {
        "id" : "TyeoB_6AUB1CSkCk_shape",
        "type" : "Rectangle",
        "x" : 487,
        "y" : 165,
        "width" : 80,
        "height" : 40
      }
    }, {
      "id" : "AD6oB_6AUB1CSkB8",
      "type" : "GeneralizationView",
      "modelElement" : {
        "id" : "dFMAB_6AUB1CSjzq",
        "type" : "Generalization"
      },
      "shape" : {
        "id" : "AD6oB_6AUB1CSkB8_path",
        "type" : "Path",
        "points" : [ {
          "x" : 197,
          "y" : 115
        }, {
          "x" : 197,
          "y" : 164
        } ]
      },
      "source" : {
        "id" : "CSfIB_6AUB1CSkA0",
        "type" : "ClassView"
      },
      "target" : {
        "id" : "f96oB_6AUB1CSkB6",
        "type" : "ClassView"
      }
    }, {
      "id" : "9N5oB_6AUB1CSkDR",
      "type" : "GeneralizationView",
      "modelElement" : {
        "id" : "KXKAB_6AUB1CSj0k",
        "type" : "Generalization"
      },
      "shape" : {
        "id" : "9N5oB_6AUB1CSkDR_path",
        "type" : "Path",
        "points" : [ {
          "x" : 568,
          "y" : 185
        }, {
          "x" : 657,
          "y" : 185
        } ]
      },
      "source" : {
        "id" : "TyeoB_6AUB1CSkCk",
        "type" : "ClassView"
      },
      "target" : {
        "id" : "dN5oB_6AUB1CSkDP",
        "type" : "ClassView"
      }
    }, {
      "id" : "DPhoB_6AUB1CSkDC",
      "type" : "RelationView",
      "modelElement" : {
        "id" : "CPhoB_6AUB1CSkC9",
        "type" : "Relation"
      },
      "shape" : {
        "id" : "DPhoB_6AUB1CSkDC_path",
        "type" : "Path",
        "points" : [ {
          "x" : 238,
          "y" : 85
        }, {
          "x" : 527,
          "y" : 85
        }, {
          "x" : 527,
          "y" : 164
        } ]
      },
      "source" : {
        "id" : "CSfIB_6AUB1CSkA0",
        "type" : "ClassView"
      },
      "target" : {
        "id" : "TyeoB_6AUB1CSkCk",
        "type" : "ClassView"
      }
    }, {
      "id" : "gXmoB_6AUB1CSkCJ",
      "type" : "ClassView",
      "modelElement" : {
        "id" : "gXmoB_6AUB1CSkCK",
        "type" : "Class"
      },
      "shape" : {
        "id" : "gXmoB_6AUB1CSkCJ_shape",
        "type" : "Rectangle",
        "x" : 157,
        "y" : 319,
        "width" : 80,
        "height" : 40
      }
    }, {
      "id" : "EhToB_6AUB1CSkEd",
      "type" : "GeneralizationView",
      "modelElement" : {
        "id" : "I7yAB_6AUB1CSj0Q",
        "type" : "Generalization"
      },
      "shape" : {
        "id" : "EhToB_6AUB1CSkEd_path",
        "type" : "Path",
        "points" : [ {
          "x" : 527,
          "y" : 206
        }, {
          "x" : 527,
          "y" : 253
        } ]
      },
      "source" : {
        "id" : "TyeoB_6AUB1CSkCk",
        "type" : "ClassView"
      },
      "target" : {
        "id" : "YhToB_6AUB1CSkEb",
        "type" : "ClassView"
      }
    }, {
      "id" : "YhToB_6AUB1CSkEb",
      "type" : "ClassView",
      "modelElement" : {
        "id" : "PaO_._6AUB1CSjuq",
        "type" : "Class"
      },
      "shape" : {
        "id" : "YhToB_6AUB1CSkEb_shape",
        "type" : "Rectangle",
        "x" : 487,
        "y" : 254,
        "width" : 80,
        "height" : 40
      }
    }, {
      "id" : "x3gYB_6AUB1CSkF3",
      "type" : "ClassView",
      "modelElement" : {
        "id" : "DPp_._6AUB1CSjxB",
        "type" : "Class"
      },
      "shape" : {
        "id" : "x3gYB_6AUB1CSkF3_shape",
        "type" : "Rectangle",
        "x" : 312,
        "y" : 408,
        "width" : 80,
        "height" : 40
      }
    }, {
      "id" : "_Q9oB_6AUB1CSkD6",
      "type" : "GeneralizationView",
      "modelElement" : {
        "id" : "HQ9oB_6AUB1CSkD5",
        "type" : "Generalization"
      },
      "shape" : {
        "id" : "_Q9oB_6AUB1CSkD6_path",
        "type" : "Path",
        "points" : [ {
          "x" : 657,
          "y" : 339
        }, {
          "x" : 238,
          "y" : 339
        } ]
      },
      "source" : {
        "id" : "Bo1oB_6AUB1CSkDt",
        "type" : "ClassView"
      },
      "target" : {
        "id" : "gXmoB_6AUB1CSkCJ",
        "type" : "ClassView"
      }
    }, {
      "id" : "OzLoB_6AUB1CSkEx",
      "type" : "ClassView",
      "modelElement" : {
        "id" : "VeR_._6AUB1CSjwf",
        "type" : "Class"
      },
      "shape" : {
        "id" : "OzLoB_6AUB1CSkEx_shape",
        "type" : "Rectangle",
        "x" : 298,
        "y" : 254,
        "width" : 108,
        "height" : 40
      }
    }, {
      "id" : "Bo1oB_6AUB1CSkDt",
      "type" : "ClassView",
      "modelElement" : {
        "id" : "Bo1oB_6AUB1CSkDu",
        "type" : "Class"
      },
      "shape" : {
        "id" : "Bo1oB_6AUB1CSkDt_shape",
        "type" : "Rectangle",
        "x" : 658,
        "y" : 319,
        "width" : 80,
        "height" : 40
      }
    }, {
      "id" : "zyeoB_6AUB1CSkCm",
      "type" : "RelationView",
      "modelElement" : {
        "id" : "WLFAB_6AUB1CSj3O",
        "type" : "Relation"
      },
      "shape" : {
        "id" : "zyeoB_6AUB1CSkCm_path",
        "type" : "Path",
        "points" : [ {
          "x" : 486,
          "y" : 185
        }, {
          "x" : 238,
          "y" : 185
        } ]
      },
      "source" : {
        "id" : "TyeoB_6AUB1CSkCk",
        "type" : "ClassView"
      },
      "target" : {
        "id" : "f96oB_6AUB1CSkB6",
        "type" : "ClassView"
      }
    }, {
      "id" : "CSfIB_6AUB1CSkA0",
      "type" : "ClassView",
      "modelElement" : {
        "id" : "nfm_._6AUB1CSjuG",
        "type" : "Class"
      },
      "shape" : {
        "id" : "CSfIB_6AUB1CSkA0_shape",
        "type" : "Rectangle",
        "x" : 157,
        "y" : 75,
        "width" : 80,
        "height" : 40
      }
    }, {
      "id" : "4IHoB_6AUB1CSkFW",
      "type" : "GeneralizationView",
      "modelElement" : {
        "id" : "AIHoB_6AUB1CSkFV",
        "type" : "Generalization"
      },
      "shape" : {
        "id" : "4IHoB_6AUB1CSkFW_path",
        "type" : "Path",
        "points" : [ {
          "x" : 238,
          "y" : 106
        }, {
          "x" : 352,
          "y" : 106
        }, {
          "x" : 352,
          "y" : 253
        } ]
      },
      "source" : {
        "id" : "CSfIB_6AUB1CSkA0",
        "type" : "ClassView"
      },
      "target" : {
        "id" : "OzLoB_6AUB1CSkEx",
        "type" : "ClassView"
      }
    }, {
      "id" : "04UYB_6AUB1CSkGm",
      "type" : "RelationView",
      "modelElement" : {
        "id" : "g4UYB_6AUB1CSkGh",
        "type" : "Relation"
      },
      "shape" : {
        "id" : "04UYB_6AUB1CSkGm_path",
        "type" : "Path",
        "points" : [ {
          "x" : 168,
          "y" : 426
        }, {
          "x" : 311,
          "y" : 426
        } ]
      },
      "source" : {
        "id" : "1WYYB_6AUB1CSkGP",
        "type" : "ClassView"
      },
      "target" : {
        "id" : "x3gYB_6AUB1CSkF3",
        "type" : "ClassView"
      }
    }, {
      "id" : "EKsYB_6AUB1CSkGy",
      "type" : "RelationView",
      "modelElement" : {
        "id" : "_ysYB_6AUB1CSkGt",
        "type" : "Relation"
      },
      "shape" : {
        "id" : "EKsYB_6AUB1CSkGy_path",
        "type" : "Path",
        "points" : [ {
          "x" : 699,
          "y" : 206
        }, {
          "x" : 699,
          "y" : 318
        } ]
      },
      "source" : {
        "id" : "dN5oB_6AUB1CSkDP",
        "type" : "ClassView"
      },
      "target" : {
        "id" : "Bo1oB_6AUB1CSkDt",
        "type" : "ClassView"
      }
    }, {
      "id" : "dN5oB_6AUB1CSkDP",
      "type" : "ClassView",
      "modelElement" : {
        "id" : "CXO_._6AUB1CSjvA",
        "type" : "Class"
      },
      "shape" : {
        "id" : "dN5oB_6AUB1CSkDP_shape",
        "type" : "Rectangle",
        "x" : 658,
        "y" : 165,
        "width" : 80,
        "height" : 40
      }
    } ]
  } ]
}