{
  "id" : "pDRkk06GAqACHQzB",
  "name" : "andersson2018ascribing",
  "description" : null,
  "type" : "Project",
  "model" : {
    "id" : "pDRkk06GAqACHQzB_root",
    "name" : "andersson2018ascribing",
    "description" : null,
    "type" : "Package",
    "propertyAssignments" : null,
    "contents" : [ {
      "id" : "vLPyQ_6AUB0C9CWW",
      "name" : "Model",
      "description" : null,
      "type" : "Package",
      "propertyAssignments" : null,
      "contents" : [ {
        "id" : "_GqUk06GAqACHRBN",
        "name" : "Agent",
        "description" : null,
        "type" : "Class",
        "propertyAssignments" : null,
        "stereotype" : "category",
        "isAbstract" : true,
        "isDerived" : false,
        "properties" : null,
        "isExtensional" : false,
        "isPowertype" : null,
        "order" : null,
        "literals" : null,
        "restrictedTo" : [ "functional-complex", "collective", "quantity" ]
      }, {
        "id" : "4gmUk06GAqACHRBf",
        "name" : "Value Ascription",
        "description" : null,
        "type" : "Class",
        "propertyAssignments" : null,
        "stereotype" : "event",
        "isAbstract" : false,
        "isDerived" : false,
        "properties" : null,
        "isExtensional" : null,
        "isPowertype" : null,
        "order" : null,
        "literals" : null,
        "restrictedTo" : [ "event" ]
      }, {
        "id" : "KwlUk06GAqACHRCX",
        "name" : "SoA Value Ascription",
        "description" : null,
        "type" : "Class",
        "propertyAssignments" : null,
        "stereotype" : "event",
        "isAbstract" : false,
        "isDerived" : false,
        "properties" : null,
        "isExtensional" : null,
        "isPowertype" : null,
        "order" : null,
        "literals" : null,
        "restrictedTo" : [ "event" ]
      }, {
        "id" : "_4NUk06GAqACHRCj",
        "name" : "VO Value Ascription",
        "description" : null,
        "type" : "Class",
        "propertyAssignments" : null,
        "stereotype" : "event",
        "isAbstract" : false,
        "isDerived" : false,
        "properties" : null,
        "isExtensional" : null,
        "isPowertype" : null,
        "order" : null,
        "literals" : null,
        "restrictedTo" : [ "event" ]
      }, {
        "id" : "Jvs0k06GAqACHRFZ",
        "name" : "Value Quale",
        "description" : null,
        "type" : "Class",
        "propertyAssignments" : null,
        "stereotype" : "quale",
        "isAbstract" : false,
        "isDerived" : false,
        "properties" : null,
        "isExtensional" : null,
        "isPowertype" : null,
        "order" : null,
        "literals" : null,
        "restrictedTo" : null
      }, {
        "id" : "a0L0k06GAqACHRGq",
        "name" : "Value Protocol",
        "description" : null,
        "type" : "Class",
        "propertyAssignments" : null,
        "stereotype" : "abstract individual",
        "isAbstract" : false,
        "isDerived" : false,
        "properties" : null,
        "isExtensional" : null,
        "isPowertype" : null,
        "order" : null,
        "literals" : null,
        "restrictedTo" : null
      }, {
        "id" : "4ttMk06GAqACHRHv",
        "name" : "Comparison Frame",
        "description" : null,
        "type" : "Class",
        "propertyAssignments" : null,
        "stereotype" : "set",
        "isAbstract" : false,
        "isDerived" : false,
        "properties" : null,
        "isExtensional" : null,
        "isPowertype" : null,
        "order" : null,
        "literals" : null,
        "restrictedTo" : null
      }, {
        "id" : "2.zMk06GAqACHRH_",
        "name" : "Context Frame",
        "description" : null,
        "type" : "Class",
        "propertyAssignments" : null,
        "stereotype" : "set",
        "isAbstract" : false,
        "isDerived" : false,
        "properties" : null,
        "isExtensional" : null,
        "isPowertype" : null,
        "order" : null,
        "literals" : null,
        "restrictedTo" : null
      }, {
        "id" : "pJ7Mk06GAqACHRIL",
        "name" : "Value Structure",
        "description" : null,
        "type" : "Class",
        "propertyAssignments" : null,
        "stereotype" : "quality structure",
        "isAbstract" : false,
        "isDerived" : false,
        "properties" : null,
        "isExtensional" : null,
        "isPowertype" : null,
        "order" : null,
        "literals" : null,
        "restrictedTo" : null
      }, {
        "id" : "pyask06GAqACHRJ9",
        "name" : "Value Object",
        "description" : null,
        "type" : "Class",
        "propertyAssignments" : null,
        "stereotype" : "endurant",
        "isAbstract" : false,
        "isDerived" : false,
        "properties" : null,
        "isExtensional" : null,
        "isPowertype" : null,
        "order" : null,
        "literals" : null,
        "restrictedTo" : null
      }, {
        "id" : "m_Bsk06GAqACHRKf",
        "name" : "Context",
        "description" : null,
        "type" : "Class",
        "propertyAssignments" : null,
        "stereotype" : "situation",
        "isAbstract" : false,
        "isDerived" : false,
        "properties" : null,
        "isExtensional" : null,
        "isPowertype" : null,
        "order" : null,
        "literals" : null,
        "restrictedTo" : [ "situation" ]
      }, {
        "id" : "0g9sk06GAqACHRLn",
        "name" : "Value Dimension",
        "description" : null,
        "type" : "Class",
        "propertyAssignments" : null,
        "stereotype" : "quality dimension",
        "isAbstract" : false,
        "isDerived" : false,
        "properties" : null,
        "isExtensional" : null,
        "isPowertype" : null,
        "order" : null,
        "literals" : null,
        "restrictedTo" : null
      }, {
        "id" : "ht_sk06GAqACHRMZ",
        "name" : "Focused State of Affairs",
        "description" : null,
        "type" : "Class",
        "propertyAssignments" : null,
        "stereotype" : "situation",
        "isAbstract" : false,
        "isDerived" : false,
        "properties" : null,
        "isExtensional" : null,
        "isPowertype" : null,
        "order" : null,
        "literals" : null,
        "restrictedTo" : [ "situation" ]
      }, {
        "id" : "gUjUk06GAqACHRDP",
        "name" : null,
        "description" : null,
        "type" : "Generalization",
        "propertyAssignments" : null,
        "general" : {
          "id" : "4gmUk06GAqACHRBf",
          "type" : "Class"
        },
        "specific" : {
          "id" : "KwlUk06GAqACHRCX",
          "type" : "Class"
        }
      }, {
        "id" : "BwTUk06GAqACHRDa",
        "name" : null,
        "description" : null,
        "type" : "Generalization",
        "propertyAssignments" : null,
        "general" : {
          "id" : "4gmUk06GAqACHRBf",
          "type" : "Class"
        },
        "specific" : {
          "id" : "_4NUk06GAqACHRCj",
          "type" : "Class"
        }
      }, {
        "id" : "7DXUk06GAqACHREE",
        "name" : null,
        "description" : null,
        "type" : "Relation",
        "propertyAssignments" : null,
        "stereotype" : null,
        "isAbstract" : false,
        "isDerived" : false,
        "properties" : [ {
          "id" : "gjXUk06GAqACHREG",
          "name" : null,
          "description" : null,
          "type" : "Property",
          "propertyAssignments" : null,
          "stereotype" : null,
          "isDerived" : false,
          "isReadOnly" : false,
          "isOrdered" : false,
          "cardinality" : "1..*",
          "propertyType" : {
            "id" : "KwlUk06GAqACHRCX",
            "type" : "Class"
          },
          "subsettedProperties" : null,
          "redefinedProperties" : null,
          "aggregationKind" : "NONE"
        }, {
          "id" : "wjXUk06GAqACHREJ",
          "name" : null,
          "description" : null,
          "type" : "Property",
          "propertyAssignments" : null,
          "stereotype" : null,
          "isDerived" : false,
          "isReadOnly" : false,
          "isOrdered" : false,
          "cardinality" : "0..*",
          "propertyType" : {
            "id" : "_4NUk06GAqACHRCj",
            "type" : "Class"
          },
          "subsettedProperties" : null,
          "redefinedProperties" : null,
          "aggregationKind" : "NONE"
        } ]
      }, {
        "id" : "LHg0k06GAqACHREi",
        "name" : "by",
        "description" : null,
        "type" : "Relation",
        "propertyAssignments" : null,
        "stereotype" : null,
        "isAbstract" : false,
        "isDerived" : false,
        "properties" : [ {
          "id" : "LHg0k06GAqACHREj",
          "name" : null,
          "description" : null,
          "type" : "Property",
          "propertyAssignments" : null,
          "stereotype" : null,
          "isDerived" : false,
          "isReadOnly" : false,
          "isOrdered" : false,
          "cardinality" : "0..*",
          "propertyType" : {
            "id" : "4gmUk06GAqACHRBf",
            "type" : "Class"
          },
          "subsettedProperties" : null,
          "redefinedProperties" : null,
          "aggregationKind" : "NONE"
        }, {
          "id" : "LHg0k06GAqACHREl",
          "name" : null,
          "description" : null,
          "type" : "Property",
          "propertyAssignments" : null,
          "stereotype" : null,
          "isDerived" : false,
          "isReadOnly" : false,
          "isOrdered" : false,
          "cardinality" : "1",
          "propertyType" : {
            "id" : "_GqUk06GAqACHRBN",
            "type" : "Class"
          },
          "subsettedProperties" : null,
          "redefinedProperties" : null,
          "aggregationKind" : "NONE"
        } ]
      }, {
        "id" : "gKI0k06GAqACHRE3",
        "name" : "for",
        "description" : null,
        "type" : "Relation",
        "propertyAssignments" : null,
        "stereotype" : null,
        "isAbstract" : false,
        "isDerived" : false,
        "properties" : [ {
          "id" : "gKI0k06GAqACHRE4",
          "name" : null,
          "description" : null,
          "type" : "Property",
          "propertyAssignments" : null,
          "stereotype" : null,
          "isDerived" : false,
          "isReadOnly" : false,
          "isOrdered" : false,
          "cardinality" : "0..*",
          "propertyType" : {
            "id" : "4gmUk06GAqACHRBf",
            "type" : "Class"
          },
          "subsettedProperties" : null,
          "redefinedProperties" : null,
          "aggregationKind" : "NONE"
        }, {
          "id" : "gKI0k06GAqACHRE6",
          "name" : null,
          "description" : null,
          "type" : "Property",
          "propertyAssignments" : null,
          "stereotype" : null,
          "isDerived" : false,
          "isReadOnly" : false,
          "isOrdered" : false,
          "cardinality" : "1",
          "propertyType" : {
            "id" : "_GqUk06GAqACHRBN",
            "type" : "Class"
          },
          "subsettedProperties" : null,
          "redefinedProperties" : null,
          "aggregationKind" : "NONE"
        } ]
      }, {
        "id" : "f4q0k06GAqACHRFk",
        "name" : "with",
        "description" : null,
        "type" : "Relation",
        "propertyAssignments" : null,
        "stereotype" : null,
        "isAbstract" : false,
        "isDerived" : false,
        "properties" : [ {
          "id" : "f4q0k06GAqACHRFl",
          "name" : null,
          "description" : null,
          "type" : "Property",
          "propertyAssignments" : null,
          "stereotype" : null,
          "isDerived" : false,
          "isReadOnly" : false,
          "isOrdered" : false,
          "cardinality" : "0..*",
          "propertyType" : {
            "id" : "4gmUk06GAqACHRBf",
            "type" : "Class"
          },
          "subsettedProperties" : null,
          "redefinedProperties" : null,
          "aggregationKind" : "NONE"
        }, {
          "id" : "f4q0k06GAqACHRFn",
          "name" : null,
          "description" : null,
          "type" : "Property",
          "propertyAssignments" : null,
          "stereotype" : null,
          "isDerived" : false,
          "isReadOnly" : false,
          "isOrdered" : false,
          "cardinality" : "1",
          "propertyType" : {
            "id" : "Jvs0k06GAqACHRFZ",
            "type" : "Class"
          },
          "subsettedProperties" : null,
          "redefinedProperties" : null,
          "aggregationKind" : "NONE"
        } ]
      }, {
        "id" : "8_.0k06GAqACHRF5",
        "name" : "precedes",
        "description" : null,
        "type" : "Relation",
        "propertyAssignments" : null,
        "stereotype" : null,
        "isAbstract" : false,
        "isDerived" : false,
        "properties" : [ {
          "id" : "8_.0k06GAqACHRF6",
          "name" : null,
          "description" : null,
          "type" : "Property",
          "propertyAssignments" : null,
          "stereotype" : null,
          "isDerived" : false,
          "isReadOnly" : false,
          "isOrdered" : false,
          "cardinality" : "0..*",
          "propertyType" : {
            "id" : "4gmUk06GAqACHRBf",
            "type" : "Class"
          },
          "subsettedProperties" : null,
          "redefinedProperties" : null,
          "aggregationKind" : "NONE"
        }, {
          "id" : "8_.0k06GAqACHRF8",
          "name" : null,
          "description" : null,
          "type" : "Property",
          "propertyAssignments" : null,
          "stereotype" : null,
          "isDerived" : false,
          "isReadOnly" : false,
          "isOrdered" : false,
          "cardinality" : "0..*",
          "propertyType" : {
            "id" : "4gmUk06GAqACHRBf",
            "type" : "Class"
          },
          "subsettedProperties" : null,
          "redefinedProperties" : null,
          "aggregationKind" : "NONE"
        } ]
      }, {
        "id" : "CvOMk06GAqACHRHP",
        "name" : "accordingTo",
        "description" : null,
        "type" : "Relation",
        "propertyAssignments" : null,
        "stereotype" : null,
        "isAbstract" : false,
        "isDerived" : false,
        "properties" : [ {
          "id" : "CvOMk06GAqACHRHQ",
          "name" : null,
          "description" : null,
          "type" : "Property",
          "propertyAssignments" : null,
          "stereotype" : null,
          "isDerived" : false,
          "isReadOnly" : false,
          "isOrdered" : false,
          "cardinality" : "0..*",
          "propertyType" : {
            "id" : "4gmUk06GAqACHRBf",
            "type" : "Class"
          },
          "subsettedProperties" : null,
          "redefinedProperties" : null,
          "aggregationKind" : "NONE"
        }, {
          "id" : "CvOMk06GAqACHRHS",
          "name" : null,
          "description" : null,
          "type" : "Property",
          "propertyAssignments" : null,
          "stereotype" : null,
          "isDerived" : false,
          "isReadOnly" : false,
          "isOrdered" : false,
          "cardinality" : "1",
          "propertyType" : {
            "id" : "a0L0k06GAqACHRGq",
            "type" : "Class"
          },
          "subsettedProperties" : null,
          "redefinedProperties" : null,
          "aggregationKind" : "NONE"
        } ]
      }, {
        "id" : "Lqgsk06GAqACHRIf",
        "name" : null,
        "description" : null,
        "type" : "Relation",
        "propertyAssignments" : null,
        "stereotype" : null,
        "isAbstract" : false,
        "isDerived" : false,
        "properties" : [ {
          "id" : "Lqgsk06GAqACHRIg",
          "name" : null,
          "description" : null,
          "type" : "Property",
          "propertyAssignments" : null,
          "stereotype" : null,
          "isDerived" : false,
          "isReadOnly" : false,
          "isOrdered" : false,
          "cardinality" : "*",
          "propertyType" : {
            "id" : "a0L0k06GAqACHRGq",
            "type" : "Class"
          },
          "subsettedProperties" : null,
          "redefinedProperties" : null,
          "aggregationKind" : "COMPOSITE"
        }, {
          "id" : "Lqgsk06GAqACHRIi",
          "name" : null,
          "description" : null,
          "type" : "Property",
          "propertyAssignments" : null,
          "stereotype" : null,
          "isDerived" : false,
          "isReadOnly" : false,
          "isOrdered" : false,
          "cardinality" : "*",
          "propertyType" : {
            "id" : "4ttMk06GAqACHRHv",
            "type" : "Class"
          },
          "subsettedProperties" : null,
          "redefinedProperties" : null,
          "aggregationKind" : "NONE"
        } ]
      }, {
        "id" : "wCYsk06GAqACHRIy",
        "name" : null,
        "description" : null,
        "type" : "Relation",
        "propertyAssignments" : null,
        "stereotype" : null,
        "isAbstract" : false,
        "isDerived" : false,
        "properties" : [ {
          "id" : "wCYsk06GAqACHRIz",
          "name" : null,
          "description" : null,
          "type" : "Property",
          "propertyAssignments" : null,
          "stereotype" : null,
          "isDerived" : false,
          "isReadOnly" : false,
          "isOrdered" : false,
          "cardinality" : "*",
          "propertyType" : {
            "id" : "a0L0k06GAqACHRGq",
            "type" : "Class"
          },
          "subsettedProperties" : null,
          "redefinedProperties" : null,
          "aggregationKind" : "COMPOSITE"
        }, {
          "id" : "ICYsk06GAqACHRI1",
          "name" : null,
          "description" : null,
          "type" : "Property",
          "propertyAssignments" : null,
          "stereotype" : null,
          "isDerived" : false,
          "isReadOnly" : false,
          "isOrdered" : false,
          "cardinality" : "*",
          "propertyType" : {
            "id" : "2.zMk06GAqACHRH_",
            "type" : "Class"
          },
          "subsettedProperties" : null,
          "redefinedProperties" : null,
          "aggregationKind" : "NONE"
        } ]
      }, {
        "id" : "tnEsk06GAqACHRJD",
        "name" : null,
        "description" : null,
        "type" : "Relation",
        "propertyAssignments" : null,
        "stereotype" : null,
        "isAbstract" : false,
        "isDerived" : false,
        "properties" : [ {
          "id" : "tnEsk06GAqACHRJE",
          "name" : null,
          "description" : null,
          "type" : "Property",
          "propertyAssignments" : null,
          "stereotype" : null,
          "isDerived" : false,
          "isReadOnly" : false,
          "isOrdered" : false,
          "cardinality" : "*",
          "propertyType" : {
            "id" : "a0L0k06GAqACHRGq",
            "type" : "Class"
          },
          "subsettedProperties" : null,
          "redefinedProperties" : null,
          "aggregationKind" : "SHARED"
        }, {
          "id" : "tnEsk06GAqACHRJG",
          "name" : null,
          "description" : null,
          "type" : "Property",
          "propertyAssignments" : null,
          "stereotype" : null,
          "isDerived" : false,
          "isReadOnly" : false,
          "isOrdered" : false,
          "cardinality" : "*",
          "propertyType" : {
            "id" : "pJ7Mk06GAqACHRIL",
            "type" : "Class"
          },
          "subsettedProperties" : null,
          "redefinedProperties" : null,
          "aggregationKind" : "NONE"
        } ]
      }, {
        "id" : "1Bcsk06GAqACHRJh",
        "name" : "",
        "description" : null,
        "type" : "Relation",
        "propertyAssignments" : null,
        "stereotype" : "memberOf",
        "isAbstract" : false,
        "isDerived" : false,
        "properties" : [ {
          "id" : "1Bcsk06GAqACHRJi",
          "name" : null,
          "description" : null,
          "type" : "Property",
          "propertyAssignments" : null,
          "stereotype" : null,
          "isDerived" : false,
          "isReadOnly" : false,
          "isOrdered" : false,
          "cardinality" : "1..*",
          "propertyType" : {
            "id" : "Jvs0k06GAqACHRFZ",
            "type" : "Class"
          },
          "subsettedProperties" : null,
          "redefinedProperties" : null,
          "aggregationKind" : "NONE"
        }, {
          "id" : "1Bcsk06GAqACHRJk",
          "name" : null,
          "description" : null,
          "type" : "Property",
          "propertyAssignments" : null,
          "stereotype" : null,
          "isDerived" : false,
          "isReadOnly" : false,
          "isOrdered" : false,
          "cardinality" : "1",
          "propertyType" : {
            "id" : "pJ7Mk06GAqACHRIL",
            "type" : "Class"
          },
          "subsettedProperties" : null,
          "redefinedProperties" : null,
          "aggregationKind" : "SHARED"
        } ]
      }, {
        "id" : "Xyask06GAqACHRKC",
        "name" : "",
        "description" : null,
        "type" : "Relation",
        "propertyAssignments" : null,
        "stereotype" : "memberOf",
        "isAbstract" : false,
        "isDerived" : false,
        "properties" : [ {
          "id" : "Xyask06GAqACHRKD",
          "name" : null,
          "description" : null,
          "type" : "Property",
          "propertyAssignments" : null,
          "stereotype" : null,
          "isDerived" : false,
          "isReadOnly" : false,
          "isOrdered" : false,
          "cardinality" : "0..*",
          "propertyType" : {
            "id" : "4ttMk06GAqACHRHv",
            "type" : "Class"
          },
          "subsettedProperties" : null,
          "redefinedProperties" : null,
          "aggregationKind" : "NONE"
        }, {
          "id" : "Xyask06GAqACHRKF",
          "name" : null,
          "description" : null,
          "type" : "Property",
          "propertyAssignments" : null,
          "stereotype" : null,
          "isDerived" : false,
          "isReadOnly" : false,
          "isOrdered" : false,
          "cardinality" : "1..*",
          "propertyType" : {
            "id" : "pyask06GAqACHRJ9",
            "type" : "Class"
          },
          "subsettedProperties" : null,
          "redefinedProperties" : null,
          "aggregationKind" : "SHARED"
        } ]
      }, {
        "id" : "l_Bsk06GAqACHRKk",
        "name" : "",
        "description" : null,
        "type" : "Relation",
        "propertyAssignments" : null,
        "stereotype" : "memberOf",
        "isAbstract" : false,
        "isDerived" : false,
        "properties" : [ {
          "id" : "l_Bsk06GAqACHRKl",
          "name" : null,
          "description" : null,
          "type" : "Property",
          "propertyAssignments" : null,
          "stereotype" : null,
          "isDerived" : false,
          "isReadOnly" : false,
          "isOrdered" : false,
          "cardinality" : "0..*",
          "propertyType" : {
            "id" : "2.zMk06GAqACHRH_",
            "type" : "Class"
          },
          "subsettedProperties" : null,
          "redefinedProperties" : null,
          "aggregationKind" : "NONE"
        }, {
          "id" : "l_Bsk06GAqACHRKn",
          "name" : null,
          "description" : null,
          "type" : "Property",
          "propertyAssignments" : null,
          "stereotype" : null,
          "isDerived" : false,
          "isReadOnly" : false,
          "isOrdered" : false,
          "cardinality" : "1..*",
          "propertyType" : {
            "id" : "m_Bsk06GAqACHRKf",
            "type" : "Class"
          },
          "subsettedProperties" : null,
          "redefinedProperties" : null,
          "aggregationKind" : "SHARED"
        } ]
      }, {
        "id" : "Gg9sk06GAqACHRLs",
        "name" : "usedToDefine",
        "description" : null,
        "type" : "Relation",
        "propertyAssignments" : null,
        "stereotype" : null,
        "isAbstract" : false,
        "isDerived" : false,
        "properties" : [ {
          "id" : "Gg9sk06GAqACHRLt",
          "name" : null,
          "description" : null,
          "type" : "Property",
          "propertyAssignments" : null,
          "stereotype" : null,
          "isDerived" : false,
          "isReadOnly" : false,
          "isOrdered" : false,
          "cardinality" : "1",
          "propertyType" : {
            "id" : "pJ7Mk06GAqACHRIL",
            "type" : "Class"
          },
          "subsettedProperties" : null,
          "redefinedProperties" : null,
          "aggregationKind" : "NONE"
        }, {
          "id" : "Gg9sk06GAqACHRLv",
          "name" : null,
          "description" : null,
          "type" : "Property",
          "propertyAssignments" : null,
          "stereotype" : null,
          "isDerived" : false,
          "isReadOnly" : false,
          "isOrdered" : false,
          "cardinality" : "1..*",
          "propertyType" : {
            "id" : "0g9sk06GAqACHRLn",
            "type" : "Class"
          },
          "subsettedProperties" : null,
          "redefinedProperties" : null,
          "aggregationKind" : "NONE"
        } ]
      }, {
        "id" : "OD4ck06GAqACHRM3",
        "name" : null,
        "description" : null,
        "type" : "Relation",
        "propertyAssignments" : null,
        "stereotype" : null,
        "isAbstract" : false,
        "isDerived" : false,
        "properties" : [ {
          "id" : "OD4ck06GAqACHRM4",
          "name" : null,
          "description" : null,
          "type" : "Property",
          "propertyAssignments" : null,
          "stereotype" : null,
          "isDerived" : false,
          "isReadOnly" : false,
          "isOrdered" : false,
          "cardinality" : "*",
          "propertyType" : {
            "id" : "ht_sk06GAqACHRMZ",
            "type" : "Class"
          },
          "subsettedProperties" : null,
          "redefinedProperties" : null,
          "aggregationKind" : "SHARED"
        }, {
          "id" : "OD4ck06GAqACHRM6",
          "name" : null,
          "description" : null,
          "type" : "Property",
          "propertyAssignments" : null,
          "stereotype" : null,
          "isDerived" : false,
          "isReadOnly" : false,
          "isOrdered" : false,
          "cardinality" : "*",
          "propertyType" : {
            "id" : "m_Bsk06GAqACHRKf",
            "type" : "Class"
          },
          "subsettedProperties" : null,
          "redefinedProperties" : null,
          "aggregationKind" : "NONE"
        } ]
      }, {
        "id" : "8Qkck06GAqACHRNG",
        "name" : null,
        "description" : null,
        "type" : "Relation",
        "propertyAssignments" : null,
        "stereotype" : null,
        "isAbstract" : false,
        "isDerived" : false,
        "properties" : [ {
          "id" : "8Qkck06GAqACHRNH",
          "name" : null,
          "description" : null,
          "type" : "Property",
          "propertyAssignments" : null,
          "stereotype" : null,
          "isDerived" : false,
          "isReadOnly" : false,
          "isOrdered" : false,
          "cardinality" : "*",
          "propertyType" : {
            "id" : "ht_sk06GAqACHRMZ",
            "type" : "Class"
          },
          "subsettedProperties" : null,
          "redefinedProperties" : null,
          "aggregationKind" : "SHARED"
        }, {
          "id" : "8Qkck06GAqACHRNJ",
          "name" : null,
          "description" : null,
          "type" : "Property",
          "propertyAssignments" : null,
          "stereotype" : null,
          "isDerived" : false,
          "isReadOnly" : false,
          "isOrdered" : false,
          "cardinality" : "*",
          "propertyType" : {
            "id" : "pyask06GAqACHRJ9",
            "type" : "Class"
          },
          "subsettedProperties" : null,
          "redefinedProperties" : null,
          "aggregationKind" : "NONE"
        } ]
      }, {
        "id" : "aTick06GAqACHRNp",
        "name" : "to",
        "description" : null,
        "type" : "Relation",
        "propertyAssignments" : null,
        "stereotype" : null,
        "isAbstract" : false,
        "isDerived" : false,
        "properties" : [ {
          "id" : "aTick06GAqACHRNq",
          "name" : null,
          "description" : null,
          "type" : "Property",
          "propertyAssignments" : null,
          "stereotype" : null,
          "isDerived" : false,
          "isReadOnly" : false,
          "isOrdered" : false,
          "cardinality" : "0..*",
          "propertyType" : {
            "id" : "_4NUk06GAqACHRCj",
            "type" : "Class"
          },
          "subsettedProperties" : null,
          "redefinedProperties" : null,
          "aggregationKind" : "NONE"
        }, {
          "id" : "aTick06GAqACHRNs",
          "name" : null,
          "description" : null,
          "type" : "Property",
          "propertyAssignments" : null,
          "stereotype" : null,
          "isDerived" : false,
          "isReadOnly" : false,
          "isOrdered" : false,
          "cardinality" : "1",
          "propertyType" : {
            "id" : "pyask06GAqACHRJ9",
            "type" : "Class"
          },
          "subsettedProperties" : null,
          "redefinedProperties" : null,
          "aggregationKind" : "NONE"
        } ]
      }, {
        "id" : "GdGck06GAqACHRN.",
        "name" : "to",
        "description" : null,
        "type" : "Relation",
        "propertyAssignments" : null,
        "stereotype" : null,
        "isAbstract" : false,
        "isDerived" : false,
        "properties" : [ {
          "id" : "GdGck06GAqACHRN_",
          "name" : null,
          "description" : null,
          "type" : "Property",
          "propertyAssignments" : null,
          "stereotype" : null,
          "isDerived" : false,
          "isReadOnly" : false,
          "isOrdered" : false,
          "cardinality" : "0..*",
          "propertyType" : {
            "id" : "KwlUk06GAqACHRCX",
            "type" : "Class"
          },
          "subsettedProperties" : null,
          "redefinedProperties" : null,
          "aggregationKind" : "NONE"
        }, {
          "id" : "GdGck06GAqACHROB",
          "name" : null,
          "description" : null,
          "type" : "Property",
          "propertyAssignments" : null,
          "stereotype" : null,
          "isDerived" : false,
          "isReadOnly" : false,
          "isOrdered" : false,
          "cardinality" : "1",
          "propertyType" : {
            "id" : "ht_sk06GAqACHRMZ",
            "type" : "Class"
          },
          "subsettedProperties" : null,
          "redefinedProperties" : null,
          "aggregationKind" : "NONE"
        } ]
      } ]
    } ]
  },
  "diagrams" : [ {
    "id" : "fUlkk06GAqACHRA9",
    "name" : "Value Ascription Ontology",
    "description" : null,
    "type" : "Diagram",
    "owner" : {
      "id" : "vLPyQ_6AUB0C9CWW",
      "type" : "Package"
    },
    "contents" : [ {
      "id" : "pJ7Mk06GAqACHRIK",
      "type" : "ClassView",
      "modelElement" : {
        "id" : "pJ7Mk06GAqACHRIL",
        "type" : "Class"
      },
      "shape" : {
        "id" : "pJ7Mk06GAqACHRIK_shape",
        "type" : "Rectangle",
        "x" : 641,
        "y" : 616,
        "width" : 133,
        "height" : 40
      }
    }, {
      "id" : "K_.0k06GAqACHRF.",
      "type" : "RelationView",
      "modelElement" : {
        "id" : "8_.0k06GAqACHRF5",
        "type" : "Relation"
      },
      "shape" : {
        "id" : "K_.0k06GAqACHRF._path",
        "type" : "Path",
        "points" : [ {
          "x" : 561,
          "y" : 360
        }, {
          "x" : 561,
          "y" : 403
        }, {
          "x" : 628,
          "y" : 403
        }, {
          "x" : 628,
          "y" : 352
        }, {
          "x" : 593,
          "y" : 352
        } ]
      },
      "source" : {
        "id" : "YgmUk06GAqACHRBe",
        "type" : "ClassView"
      },
      "target" : {
        "id" : "YgmUk06GAqACHRBe",
        "type" : "ClassView"
      }
    }, {
      "id" : "avOMk06GAqACHRHU",
      "type" : "RelationView",
      "modelElement" : {
        "id" : "CvOMk06GAqACHRHP",
        "type" : "Relation"
      },
      "shape" : {
        "id" : "avOMk06GAqACHRHU_path",
        "type" : "Path",
        "points" : [ {
          "x" : 540,
          "y" : 360
        }, {
          "x" : 540,
          "y" : 514
        } ]
      },
      "source" : {
        "id" : "YgmUk06GAqACHRBe",
        "type" : "ClassView"
      },
      "target" : {
        "id" : "a0L0k06GAqACHRGp",
        "type" : "ClassView"
      }
    }, {
      "id" : "4UjUk06GAqACHRDQ",
      "type" : "GeneralizationView",
      "modelElement" : {
        "id" : "gUjUk06GAqACHRDP",
        "type" : "Generalization"
      },
      "shape" : {
        "id" : "4UjUk06GAqACHRDQ_path",
        "type" : "Path",
        "points" : [ {
          "x" : 487,
          "y" : 339
        }, {
          "x" : 460,
          "y" : 339
        }, {
          "x" : 460,
          "y" : 275
        }, {
          "x" : 447,
          "y" : 275
        } ]
      },
      "source" : {
        "id" : "YgmUk06GAqACHRBe",
        "type" : "ClassView"
      },
      "target" : {
        "id" : "KwlUk06GAqACHRCW",
        "type" : "ClassView"
      }
    }, {
      "id" : "4ttMk06GAqACHRHu",
      "type" : "ClassView",
      "modelElement" : {
        "id" : "4ttMk06GAqACHRHv",
        "type" : "Class"
      },
      "shape" : {
        "id" : "4ttMk06GAqACHRHu_shape",
        "type" : "Rectangle",
        "x" : 323,
        "y" : 616,
        "width" : 117,
        "height" : 40
      }
    }, {
      "id" : "XHg0k06GAqACHREn",
      "type" : "RelationView",
      "modelElement" : {
        "id" : "LHg0k06GAqACHREi",
        "type" : "Relation"
      },
      "shape" : {
        "id" : "XHg0k06GAqACHREn_path",
        "type" : "Path",
        "points" : [ {
          "x" : 568,
          "y" : 318
        }, {
          "x" : 568,
          "y" : 202
        } ]
      },
      "source" : {
        "id" : "YgmUk06GAqACHRBe",
        "type" : "ClassView"
      },
      "target" : {
        "id" : "_GqUk06GAqACHRBM",
        "type" : "ClassView"
      }
    }, {
      "id" : "IEq0k06GAqACHRFp",
      "type" : "RelationView",
      "modelElement" : {
        "id" : "f4q0k06GAqACHRFk",
        "type" : "Relation"
      },
      "shape" : {
        "id" : "IEq0k06GAqACHRFp_path",
        "type" : "Path",
        "points" : [ {
          "x" : 593,
          "y" : 326
        }, {
          "x" : 693,
          "y" : 326
        } ]
      },
      "source" : {
        "id" : "YgmUk06GAqACHRBe",
        "type" : "ClassView"
      },
      "target" : {
        "id" : "Jvs0k06GAqACHRFY",
        "type" : "ClassView"
      }
    }, {
      "id" : "LnEsk06GAqACHRJI",
      "type" : "RelationView",
      "modelElement" : {
        "id" : "tnEsk06GAqACHRJD",
        "type" : "Relation"
      },
      "shape" : {
        "id" : "LnEsk06GAqACHRJI_path",
        "type" : "Path",
        "points" : [ {
          "x" : 548,
          "y" : 556
        }, {
          "x" : 548,
          "y" : 594
        }, {
          "x" : 707,
          "y" : 594
        }, {
          "x" : 707,
          "y" : 615
        } ]
      },
      "source" : {
        "id" : "a0L0k06GAqACHRGp",
        "type" : "ClassView"
      },
      "target" : {
        "id" : "pJ7Mk06GAqACHRIK",
        "type" : "ClassView"
      }
    }, {
      "id" : "KwlUk06GAqACHRCW",
      "type" : "ClassView",
      "modelElement" : {
        "id" : "KwlUk06GAqACHRCX",
        "type" : "Class"
      },
      "shape" : {
        "id" : "KwlUk06GAqACHRCW_shape",
        "type" : "Rectangle",
        "x" : 317,
        "y" : 255,
        "width" : 129,
        "height" : 40
      }
    }, {
      "id" : "_4NUk06GAqACHRCi",
      "type" : "ClassView",
      "modelElement" : {
        "id" : "_4NUk06GAqACHRCj",
        "type" : "Class"
      },
      "shape" : {
        "id" : "_4NUk06GAqACHRCi_shape",
        "type" : "Rectangle",
        "x" : 319,
        "y" : 383,
        "width" : 124,
        "height" : 40
      }
    }, {
      "id" : "Jvs0k06GAqACHRFY",
      "type" : "ClassView",
      "modelElement" : {
        "id" : "Jvs0k06GAqACHRFZ",
        "type" : "Class"
      },
      "shape" : {
        "id" : "Jvs0k06GAqACHRFY_shape",
        "type" : "Rectangle",
        "x" : 694,
        "y" : 319,
        "width" : 80,
        "height" : 40
      }
    }, {
      "id" : "Jyask06GAqACHRJ8",
      "type" : "ClassView",
      "modelElement" : {
        "id" : "pyask06GAqACHRJ9",
        "type" : "Class"
      },
      "shape" : {
        "id" : "Jyask06GAqACHRJ8_shape",
        "type" : "Rectangle",
        "x" : 334,
        "y" : 735,
        "width" : 94,
        "height" : 40
      }
    }, {
      "id" : "0g9sk06GAqACHRLm",
      "type" : "ClassView",
      "modelElement" : {
        "id" : "0g9sk06GAqACHRLn",
        "type" : "Class"
      },
      "shape" : {
        "id" : "0g9sk06GAqACHRLm_shape",
        "type" : "Rectangle",
        "x" : 637,
        "y" : 735,
        "width" : 141,
        "height" : 40
      }
    }, {
      "id" : "ug9sk06GAqACHRLx",
      "type" : "RelationView",
      "modelElement" : {
        "id" : "Gg9sk06GAqACHRLs",
        "type" : "Relation"
      },
      "shape" : {
        "id" : "ug9sk06GAqACHRLx_path",
        "type" : "Path",
        "points" : [ {
          "x" : 707,
          "y" : 657
        }, {
          "x" : 707,
          "y" : 734
        } ]
      },
      "source" : {
        "id" : "pJ7Mk06GAqACHRIK",
        "type" : "ClassView"
      },
      "target" : {
        "id" : "0g9sk06GAqACHRLm",
        "type" : "ClassView"
      }
    }, {
      "id" : "m_Bsk06GAqACHRKe",
      "type" : "ClassView",
      "modelElement" : {
        "id" : "m_Bsk06GAqACHRKf",
        "type" : "Class"
      },
      "shape" : {
        "id" : "m_Bsk06GAqACHRKe_shape",
        "type" : "Rectangle",
        "x" : 502,
        "y" : 735,
        "width" : 92,
        "height" : 40
      }
    }, {
      "id" : "yjXUk06GAqACHREL",
      "type" : "RelationView",
      "modelElement" : {
        "id" : "7DXUk06GAqACHREE",
        "type" : "Relation"
      },
      "shape" : {
        "id" : "yjXUk06GAqACHREL_path",
        "type" : "Path",
        "points" : [ {
          "x" : 381,
          "y" : 296
        }, {
          "x" : 381,
          "y" : 382
        } ]
      },
      "source" : {
        "id" : "KwlUk06GAqACHRCW",
        "type" : "ClassView"
      },
      "target" : {
        "id" : "_4NUk06GAqACHRCi",
        "type" : "ClassView"
      }
    }, {
      "id" : "YgmUk06GAqACHRBe",
      "type" : "ClassView",
      "modelElement" : {
        "id" : "4gmUk06GAqACHRBf",
        "type" : "Class"
      },
      "shape" : {
        "id" : "YgmUk06GAqACHRBe_shape",
        "type" : "Rectangle",
        "x" : 488,
        "y" : 319,
        "width" : 104,
        "height" : 40
      }
    }, {
      "id" : ".dGck06GAqACHROD",
      "type" : "RelationView",
      "modelElement" : {
        "id" : "GdGck06GAqACHRN.",
        "type" : "Relation"
      },
      "shape" : {
        "id" : ".dGck06GAqACHROD_path",
        "type" : "Path",
        "points" : [ {
          "x" : 316,
          "y" : 275
        }, {
          "x" : 236,
          "y" : 275
        }, {
          "x" : 236,
          "y" : 857
        }, {
          "x" : 392,
          "y" : 857
        } ]
      },
      "source" : {
        "id" : "KwlUk06GAqACHRCW",
        "type" : "ClassView"
      },
      "target" : {
        "id" : "ht_sk06GAqACHRMY",
        "type" : "ClassView"
      }
    }, {
      "id" : "4KI0k06GAqACHRE8",
      "type" : "RelationView",
      "modelElement" : {
        "id" : "gKI0k06GAqACHRE3",
        "type" : "Relation"
      },
      "shape" : {
        "id" : "4KI0k06GAqACHRE8_path",
        "type" : "Path",
        "points" : [ {
          "x" : 514,
          "y" : 318
        }, {
          "x" : 514,
          "y" : 202
        } ]
      },
      "source" : {
        "id" : "YgmUk06GAqACHRBe",
        "type" : "ClassView"
      },
      "target" : {
        "id" : "_GqUk06GAqACHRBM",
        "type" : "ClassView"
      }
    }, {
      "id" : "TBcsk06GAqACHRJm",
      "type" : "RelationView",
      "modelElement" : {
        "id" : "1Bcsk06GAqACHRJh",
        "type" : "Relation"
      },
      "shape" : {
        "id" : "TBcsk06GAqACHRJm_path",
        "type" : "Path",
        "points" : [ {
          "x" : 775,
          "y" : 339
        }, {
          "x" : 840,
          "y" : 339
        }, {
          "x" : 840,
          "y" : 636
        }, {
          "x" : 775,
          "y" : 636
        } ]
      },
      "source" : {
        "id" : "Jvs0k06GAqACHRFY",
        "type" : "ClassView"
      },
      "target" : {
        "id" : "pJ7Mk06GAqACHRIK",
        "type" : "ClassView"
      }
    }, {
      "id" : "_GqUk06GAqACHRBM",
      "type" : "ClassView",
      "modelElement" : {
        "id" : "_GqUk06GAqACHRBN",
        "type" : "Class"
      },
      "shape" : {
        "id" : "_GqUk06GAqACHRBM_shape",
        "type" : "Rectangle",
        "x" : 495,
        "y" : 161,
        "width" : 91,
        "height" : 40
      }
    }, {
      "id" : "fyask06GAqACHRKH",
      "type" : "RelationView",
      "modelElement" : {
        "id" : "Xyask06GAqACHRKC",
        "type" : "Relation"
      },
      "shape" : {
        "id" : "fyask06GAqACHRKH_path",
        "type" : "Path",
        "points" : [ {
          "x" : 381,
          "y" : 657
        }, {
          "x" : 381,
          "y" : 734
        } ]
      },
      "source" : {
        "id" : "4ttMk06GAqACHRHu",
        "type" : "ClassView"
      },
      "target" : {
        "id" : "Jyask06GAqACHRJ8",
        "type" : "ClassView"
      }
    }, {
      "id" : "2.zMk06GAqACHRH.",
      "type" : "ClassView",
      "modelElement" : {
        "id" : "2.zMk06GAqACHRH_",
        "type" : "Class"
      },
      "shape" : {
        "id" : "2.zMk06GAqACHRH._shape",
        "type" : "Rectangle",
        "x" : 502,
        "y" : 616,
        "width" : 93,
        "height" : 40
      }
    }, {
      "id" : "vqgsk06GAqACHRIk",
      "type" : "RelationView",
      "modelElement" : {
        "id" : "Lqgsk06GAqACHRIf",
        "type" : "Relation"
      },
      "shape" : {
        "id" : "vqgsk06GAqACHRIk_path",
        "type" : "Path",
        "points" : [ {
          "x" : 548,
          "y" : 556
        }, {
          "x" : 548,
          "y" : 594
        }, {
          "x" : 381,
          "y" : 594
        }, {
          "x" : 381,
          "y" : 615
        } ]
      },
      "source" : {
        "id" : "a0L0k06GAqACHRGp",
        "type" : "ClassView"
      },
      "target" : {
        "id" : "4ttMk06GAqACHRHu",
        "type" : "ClassView"
      }
    }, {
      "id" : "ht_sk06GAqACHRMY",
      "type" : "ClassView",
      "modelElement" : {
        "id" : "ht_sk06GAqACHRMZ",
        "type" : "Class"
      },
      "shape" : {
        "id" : "ht_sk06GAqACHRMY_shape",
        "type" : "Rectangle",
        "x" : 393,
        "y" : 837,
        "width" : 146,
        "height" : 40
      }
    }, {
      "id" : "ZwTUk06GAqACHRDb",
      "type" : "GeneralizationView",
      "modelElement" : {
        "id" : "BwTUk06GAqACHRDa",
        "type" : "Generalization"
      },
      "shape" : {
        "id" : "ZwTUk06GAqACHRDb_path",
        "type" : "Path",
        "points" : [ {
          "x" : 487,
          "y" : 339
        }, {
          "x" : 460,
          "y" : 339
        }, {
          "x" : 460,
          "y" : 403
        }, {
          "x" : 444,
          "y" : 403
        } ]
      },
      "source" : {
        "id" : "YgmUk06GAqACHRBe",
        "type" : "ClassView"
      },
      "target" : {
        "id" : "_4NUk06GAqACHRCi",
        "type" : "ClassView"
      }
    }, {
      "id" : "t_Bsk06GAqACHRKp",
      "type" : "RelationView",
      "modelElement" : {
        "id" : "l_Bsk06GAqACHRKk",
        "type" : "Relation"
      },
      "shape" : {
        "id" : "t_Bsk06GAqACHRKp_path",
        "type" : "Path",
        "points" : [ {
          "x" : 548,
          "y" : 657
        }, {
          "x" : 548,
          "y" : 734
        } ]
      },
      "source" : {
        "id" : "2.zMk06GAqACHRH.",
        "type" : "ClassView"
      },
      "target" : {
        "id" : "m_Bsk06GAqACHRKe",
        "type" : "ClassView"
      }
    }, {
      "id" : "kCYsk06GAqACHRI3",
      "type" : "RelationView",
      "modelElement" : {
        "id" : "wCYsk06GAqACHRIy",
        "type" : "Relation"
      },
      "shape" : {
        "id" : "kCYsk06GAqACHRI3_path",
        "type" : "Path",
        "points" : [ {
          "x" : 548,
          "y" : 556
        }, {
          "x" : 548,
          "y" : 615
        } ]
      },
      "source" : {
        "id" : "a0L0k06GAqACHRGp",
        "type" : "ClassView"
      },
      "target" : {
        "id" : "2.zMk06GAqACHRH.",
        "type" : "ClassView"
      }
    }, {
      "id" : "RD4ck06GAqACHRM8",
      "type" : "RelationView",
      "modelElement" : {
        "id" : "OD4ck06GAqACHRM3",
        "type" : "Relation"
      },
      "shape" : {
        "id" : "RD4ck06GAqACHRM8_path",
        "type" : "Path",
        "points" : [ {
          "x" : 466,
          "y" : 836
        }, {
          "x" : 466,
          "y" : 798
        }, {
          "x" : 548,
          "y" : 798
        }, {
          "x" : 548,
          "y" : 776
        } ]
      },
      "source" : {
        "id" : "ht_sk06GAqACHRMY",
        "type" : "ClassView"
      },
      "target" : {
        "id" : "m_Bsk06GAqACHRKe",
        "type" : "ClassView"
      }
    }, {
      "id" : "a0L0k06GAqACHRGp",
      "type" : "ClassView",
      "modelElement" : {
        "id" : "a0L0k06GAqACHRGq",
        "type" : "Class"
      },
      "shape" : {
        "id" : "a0L0k06GAqACHRGp_shape",
        "type" : "Rectangle",
        "x" : 476,
        "y" : 515,
        "width" : 144,
        "height" : 40
      }
    }, {
      "id" : "OTick06GAqACHRNu",
      "type" : "RelationView",
      "modelElement" : {
        "id" : "aTick06GAqACHRNp",
        "type" : "Relation"
      },
      "shape" : {
        "id" : "OTick06GAqACHRNu_path",
        "type" : "Path",
        "points" : [ {
          "x" : 318,
          "y" : 403
        }, {
          "x" : 282,
          "y" : 403
        }, {
          "x" : 282,
          "y" : 755
        }, {
          "x" : 333,
          "y" : 755
        } ]
      },
      "source" : {
        "id" : "_4NUk06GAqACHRCi",
        "type" : "ClassView"
      },
      "target" : {
        "id" : "Jyask06GAqACHRJ8",
        "type" : "ClassView"
      }
    }, {
      "id" : "aQkck06GAqACHRNL",
      "type" : "RelationView",
      "modelElement" : {
        "id" : "8Qkck06GAqACHRNG",
        "type" : "Relation"
      },
      "shape" : {
        "id" : "aQkck06GAqACHRNL_path",
        "type" : "Path",
        "points" : [ {
          "x" : 466,
          "y" : 836
        }, {
          "x" : 466,
          "y" : 798
        }, {
          "x" : 381,
          "y" : 798
        }, {
          "x" : 381,
          "y" : 776
        } ]
      },
      "source" : {
        "id" : "ht_sk06GAqACHRMY",
        "type" : "ClassView"
      },
      "target" : {
        "id" : "Jyask06GAqACHRJ8",
        "type" : "ClassView"
      }
    } ]
  } ]
}