{
  "id" : "geJeLv6AUB1ChwWL",
  "name" : "carolla2014methodological",
  "description" : null,
  "type" : "Project",
  "model" : {
    "id" : "geJeLv6AUB1ChwWL_root",
    "name" : "carolla2014methodological",
    "description" : null,
    "type" : "Package",
    "propertyAssignments" : null,
    "contents" : [ {
      "id" : "n9S.Lv6AUB1ChwnC",
      "name" : "Regulation",
      "description" : null,
      "type" : "Class",
      "propertyAssignments" : null,
      "stereotype" : "kind",
      "isAbstract" : false,
      "isDerived" : false,
      "properties" : null,
      "isExtensional" : null,
      "isPowertype" : null,
      "order" : null,
      "literals" : null,
      "restrictedTo" : [ "functional-complex" ]
    }, {
      "id" : "ORa.Lv6AUB1ChwnQ",
      "name" : "DegreeRegulation",
      "description" : null,
      "type" : "Class",
      "propertyAssignments" : null,
      "stereotype" : "role",
      "isAbstract" : false,
      "isDerived" : false,
      "properties" : null,
      "isExtensional" : false,
      "isPowertype" : null,
      "order" : null,
      "literals" : null,
      "restrictedTo" : [ "functional-complex" ]
    }, {
      "id" : "TZe.Lv6AUB1Chwnr",
      "name" : "VariationReg",
      "description" : null,
      "type" : "Class",
      "propertyAssignments" : null,
      "stereotype" : "role",
      "isAbstract" : false,
      "isDerived" : false,
      "properties" : null,
      "isExtensional" : false,
      "isPowertype" : null,
      "order" : null,
      "literals" : null,
      "restrictedTo" : [ "functional-complex" ]
    }, {
      "id" : "1El.Lv6AUB1ChwoQ",
      "name" : "Deg_Reg",
      "description" : null,
      "type" : "Class",
      "propertyAssignments" : null,
      "stereotype" : "relator",
      "isAbstract" : false,
      "isDerived" : false,
      "properties" : null,
      "isExtensional" : null,
      "isPowertype" : null,
      "order" : null,
      "literals" : null,
      "restrictedTo" : [ "relator" ]
    }, {
      "id" : "rQ_.Lv6AUB1Chwpt",
      "name" : "Degree",
      "description" : null,
      "type" : "Class",
      "propertyAssignments" : null,
      "stereotype" : "kind",
      "isAbstract" : false,
      "isDerived" : false,
      "properties" : null,
      "isExtensional" : null,
      "isPowertype" : null,
      "order" : null,
      "literals" : null,
      "restrictedTo" : [ "functional-complex" ]
    }, {
      "id" : "dQ_hLv6AUB1Chws_",
      "name" : "Subject",
      "description" : null,
      "type" : "Class",
      "propertyAssignments" : null,
      "stereotype" : "kind",
      "isAbstract" : false,
      "isDerived" : false,
      "properties" : null,
      "isExtensional" : null,
      "isPowertype" : null,
      "order" : null,
      "literals" : null,
      "restrictedTo" : [ "functional-complex" ]
    }, {
      "id" : "fgwRLv6AUB1ChwtK",
      "name" : "Variant",
      "description" : null,
      "type" : "Class",
      "propertyAssignments" : null,
      "stereotype" : "kind",
      "isAbstract" : false,
      "isDerived" : false,
      "properties" : null,
      "isExtensional" : null,
      "isPowertype" : null,
      "order" : null,
      "literals" : null,
      "restrictedTo" : [ "functional-complex" ]
    }, {
      "id" : "VtNRLv6AUB1ChwvG",
      "name" : "Var_Reg",
      "description" : null,
      "type" : "Class",
      "propertyAssignments" : null,
      "stereotype" : "relator",
      "isAbstract" : false,
      "isDerived" : false,
      "properties" : null,
      "isExtensional" : null,
      "isPowertype" : null,
      "order" : null,
      "literals" : null,
      "restrictedTo" : [ "relator" ]
    }, {
      "id" : "aHMxLv6AUB1Chww7",
      "name" : "Phase",
      "description" : null,
      "type" : "Class",
      "propertyAssignments" : null,
      "stereotype" : "kind",
      "isAbstract" : false,
      "isDerived" : false,
      "properties" : null,
      "isExtensional" : null,
      "isPowertype" : null,
      "order" : null,
      "literals" : null,
      "restrictedTo" : [ "functional-complex" ]
    }, {
      "id" : "8xuxLv6AUB1Chwx2",
      "name" : "UpperPhase",
      "description" : null,
      "type" : "Class",
      "propertyAssignments" : null,
      "stereotype" : "role",
      "isAbstract" : false,
      "isDerived" : false,
      "properties" : null,
      "isExtensional" : false,
      "isPowertype" : null,
      "order" : null,
      "literals" : null,
      "restrictedTo" : [ "functional-complex" ]
    }, {
      "id" : "4.pxLv6AUB1Chwye",
      "name" : "Sub_Phase",
      "description" : null,
      "type" : "Class",
      "propertyAssignments" : null,
      "stereotype" : "relator",
      "isAbstract" : false,
      "isDerived" : false,
      "properties" : null,
      "isExtensional" : null,
      "isPowertype" : null,
      "order" : null,
      "literals" : null,
      "restrictedTo" : [ "relator" ]
    }, {
      "id" : ".PFxLv6AUB1Chwyv",
      "name" : "SubPhase",
      "description" : null,
      "type" : "Class",
      "propertyAssignments" : null,
      "stereotype" : "role",
      "isAbstract" : false,
      "isDerived" : false,
      "properties" : null,
      "isExtensional" : false,
      "isPowertype" : null,
      "order" : null,
      "literals" : null,
      "restrictedTo" : [ "functional-complex" ]
    }, {
      "id" : "iryJLv6AUB1Chw2Q",
      "name" : "PhaseWithModule",
      "description" : null,
      "type" : "Class",
      "propertyAssignments" : null,
      "stereotype" : "role",
      "isAbstract" : false,
      "isDerived" : false,
      "properties" : null,
      "isExtensional" : false,
      "isPowertype" : null,
      "order" : null,
      "literals" : null,
      "restrictedTo" : [ "functional-complex" ]
    }, {
      "id" : "pyOJLv6AUB1Chw2w",
      "name" : "Module",
      "description" : null,
      "type" : "Class",
      "propertyAssignments" : null,
      "stereotype" : "kind",
      "isAbstract" : false,
      "isDerived" : false,
      "properties" : null,
      "isExtensional" : null,
      "isPowertype" : null,
      "order" : null,
      "literals" : null,
      "restrictedTo" : [ "functional-complex" ]
    }, {
      "id" : "FeBJLv6AUB1Chw3B",
      "name" : "Module_Phase",
      "description" : null,
      "type" : "Class",
      "propertyAssignments" : null,
      "stereotype" : "relator",
      "isAbstract" : false,
      "isDerived" : false,
      "properties" : null,
      "isExtensional" : null,
      "isPowertype" : null,
      "order" : null,
      "literals" : null,
      "restrictedTo" : [ "relator" ]
    }, {
      "id" : "rjZJLv6AUB1Chw3S",
      "name" : "Element",
      "description" : null,
      "type" : "Class",
      "propertyAssignments" : null,
      "stereotype" : "kind",
      "isAbstract" : false,
      "isDerived" : false,
      "properties" : null,
      "isExtensional" : null,
      "isPowertype" : null,
      "order" : null,
      "literals" : null,
      "restrictedTo" : [ "functional-complex" ]
    }, {
      "id" : "EmVJLv6AUB1Chw3d",
      "name" : "Element_Module",
      "description" : null,
      "type" : "Class",
      "propertyAssignments" : null,
      "stereotype" : "relator",
      "isAbstract" : false,
      "isDerived" : false,
      "properties" : null,
      "isExtensional" : null,
      "isPowertype" : null,
      "order" : null,
      "literals" : null,
      "restrictedTo" : [ "relator" ]
    }, {
      "id" : "tlJ.Lv6AUB1Chwn9",
      "name" : null,
      "description" : null,
      "type" : "Generalization",
      "propertyAssignments" : null,
      "general" : {
        "id" : "n9S.Lv6AUB1ChwnC",
        "type" : "Class"
      },
      "specific" : {
        "id" : "ORa.Lv6AUB1ChwnQ",
        "type" : "Class"
      }
    }, {
      "id" : "X9Z.Lv6AUB1ChwoD",
      "name" : null,
      "description" : null,
      "type" : "Generalization",
      "propertyAssignments" : null,
      "general" : {
        "id" : "n9S.Lv6AUB1ChwnC",
        "type" : "Class"
      },
      "specific" : {
        "id" : "TZe.Lv6AUB1Chwnr",
        "type" : "Class"
      }
    }, {
      "id" : "m4JxLv6AUB1ChwyW",
      "name" : null,
      "description" : null,
      "type" : "Generalization",
      "propertyAssignments" : null,
      "general" : {
        "id" : "aHMxLv6AUB1Chww7",
        "type" : "Class"
      },
      "specific" : {
        "id" : "8xuxLv6AUB1Chwx2",
        "type" : "Class"
      }
    }, {
      "id" : "XFdxLv6AUB1ChwzC",
      "name" : null,
      "description" : null,
      "type" : "Generalization",
      "propertyAssignments" : null,
      "general" : {
        "id" : "aHMxLv6AUB1Chww7",
        "type" : "Class"
      },
      "specific" : {
        "id" : ".PFxLv6AUB1Chwyv",
        "type" : "Class"
      }
    }, {
      "id" : "SPmJLv6AUB1Chw2i",
      "name" : null,
      "description" : null,
      "type" : "Generalization",
      "propertyAssignments" : null,
      "general" : {
        "id" : "aHMxLv6AUB1Chww7",
        "type" : "Class"
      },
      "specific" : {
        "id" : "iryJLv6AUB1Chw2Q",
        "type" : "Class"
      }
    }, {
      "id" : "KQr.Lv6AUB1Chwov",
      "name" : null,
      "description" : null,
      "type" : "Relation",
      "propertyAssignments" : null,
      "stereotype" : null,
      "isAbstract" : false,
      "isDerived" : false,
      "properties" : [ {
        "id" : "mQr.Lv6AUB1Chwox",
        "name" : null,
        "description" : null,
        "type" : "Property",
        "propertyAssignments" : null,
        "stereotype" : null,
        "isDerived" : false,
        "isReadOnly" : false,
        "isOrdered" : false,
        "cardinality" : "1..*",
        "propertyType" : {
          "id" : "1El.Lv6AUB1ChwoQ",
          "type" : "Class"
        },
        "subsettedProperties" : null,
        "redefinedProperties" : null,
        "aggregationKind" : "NONE"
      }, {
        "id" : "WQr.Lv6AUB1Chwo0",
        "name" : null,
        "description" : null,
        "type" : "Property",
        "propertyAssignments" : null,
        "stereotype" : null,
        "isDerived" : false,
        "isReadOnly" : false,
        "isOrdered" : false,
        "cardinality" : "1",
        "propertyType" : {
          "id" : "ORa.Lv6AUB1ChwnQ",
          "type" : "Class"
        },
        "subsettedProperties" : null,
        "redefinedProperties" : null,
        "aggregationKind" : "NONE"
      } ]
    }, {
      "id" : "6HuBLv6AUB1Chwp_",
      "name" : null,
      "description" : null,
      "type" : "Relation",
      "propertyAssignments" : null,
      "stereotype" : null,
      "isAbstract" : false,
      "isDerived" : false,
      "properties" : [ {
        "id" : "6HuBLv6AUB1ChwqA",
        "name" : null,
        "description" : null,
        "type" : "Property",
        "propertyAssignments" : null,
        "stereotype" : null,
        "isDerived" : false,
        "isReadOnly" : false,
        "isOrdered" : false,
        "cardinality" : "1..*",
        "propertyType" : {
          "id" : "1El.Lv6AUB1ChwoQ",
          "type" : "Class"
        },
        "subsettedProperties" : null,
        "redefinedProperties" : null,
        "aggregationKind" : "NONE"
      }, {
        "id" : "6HuBLv6AUB1ChwqC",
        "name" : null,
        "description" : null,
        "type" : "Property",
        "propertyAssignments" : null,
        "stereotype" : null,
        "isDerived" : false,
        "isReadOnly" : false,
        "isOrdered" : false,
        "cardinality" : "1",
        "propertyType" : {
          "id" : "rQ_.Lv6AUB1Chwpt",
          "type" : "Class"
        },
        "subsettedProperties" : null,
        "redefinedProperties" : null,
        "aggregationKind" : "NONE"
      } ]
    }, {
      "id" : "l4xBLv6AUB1Chwqh",
      "name" : "regulates",
      "description" : null,
      "type" : "Relation",
      "propertyAssignments" : null,
      "stereotype" : "material",
      "isAbstract" : false,
      "isDerived" : false,
      "properties" : [ {
        "id" : "l4xBLv6AUB1Chwqi",
        "name" : null,
        "description" : null,
        "type" : "Property",
        "propertyAssignments" : null,
        "stereotype" : null,
        "isDerived" : false,
        "isReadOnly" : false,
        "isOrdered" : false,
        "cardinality" : "1..*",
        "propertyType" : {
          "id" : "ORa.Lv6AUB1ChwnQ",
          "type" : "Class"
        },
        "subsettedProperties" : null,
        "redefinedProperties" : null,
        "aggregationKind" : "NONE"
      }, {
        "id" : "V4xBLv6AUB1Chwqk",
        "name" : null,
        "description" : null,
        "type" : "Property",
        "propertyAssignments" : null,
        "stereotype" : null,
        "isDerived" : false,
        "isReadOnly" : false,
        "isOrdered" : false,
        "cardinality" : "1..*",
        "propertyType" : {
          "id" : "rQ_.Lv6AUB1Chwpt",
          "type" : "Class"
        },
        "subsettedProperties" : null,
        "redefinedProperties" : null,
        "aggregationKind" : "NONE"
      } ]
    }, {
      "id" : "aGcRLv6AUB1ChwtX",
      "name" : null,
      "description" : null,
      "type" : "Relation",
      "propertyAssignments" : null,
      "stereotype" : "componentOf",
      "isAbstract" : false,
      "isDerived" : false,
      "properties" : [ {
        "id" : "aGcRLv6AUB1ChwtY",
        "name" : null,
        "description" : null,
        "type" : "Property",
        "propertyAssignments" : null,
        "stereotype" : null,
        "isDerived" : false,
        "isReadOnly" : false,
        "isOrdered" : false,
        "cardinality" : "1..*",
        "propertyType" : {
          "id" : "rQ_.Lv6AUB1Chwpt",
          "type" : "Class"
        },
        "subsettedProperties" : null,
        "redefinedProperties" : null,
        "aggregationKind" : "NONE"
      }, {
        "id" : "aGcRLv6AUB1Chwta",
        "name" : null,
        "description" : null,
        "type" : "Property",
        "propertyAssignments" : null,
        "stereotype" : null,
        "isDerived" : false,
        "isReadOnly" : false,
        "isOrdered" : false,
        "cardinality" : "1",
        "propertyType" : {
          "id" : "fgwRLv6AUB1ChwtK",
          "type" : "Class"
        },
        "subsettedProperties" : null,
        "redefinedProperties" : null,
        "aggregationKind" : "SHARED"
      } ]
    }, {
      "id" : "UEWRLv6AUB1ChwuA",
      "name" : null,
      "description" : null,
      "type" : "Relation",
      "propertyAssignments" : null,
      "stereotype" : "componentOf",
      "isAbstract" : false,
      "isDerived" : false,
      "properties" : [ {
        "id" : "UEWRLv6AUB1ChwuB",
        "name" : null,
        "description" : null,
        "type" : "Property",
        "propertyAssignments" : null,
        "stereotype" : null,
        "isDerived" : false,
        "isReadOnly" : false,
        "isOrdered" : false,
        "cardinality" : "1..*",
        "propertyType" : {
          "id" : "dQ_hLv6AUB1Chws_",
          "type" : "Class"
        },
        "subsettedProperties" : null,
        "redefinedProperties" : null,
        "aggregationKind" : "NONE"
      }, {
        "id" : "mEWRLv6AUB1ChwuD",
        "name" : null,
        "description" : null,
        "type" : "Property",
        "propertyAssignments" : null,
        "stereotype" : null,
        "isDerived" : false,
        "isReadOnly" : false,
        "isOrdered" : false,
        "cardinality" : "1",
        "propertyType" : {
          "id" : "fgwRLv6AUB1ChwtK",
          "type" : "Class"
        },
        "subsettedProperties" : null,
        "redefinedProperties" : null,
        "aggregationKind" : "SHARED"
      } ]
    }, {
      "id" : "0aRRLv6AUB1Chwug",
      "name" : "regulates",
      "description" : null,
      "type" : "Relation",
      "propertyAssignments" : null,
      "stereotype" : "material",
      "isAbstract" : false,
      "isDerived" : false,
      "properties" : [ {
        "id" : "0aRRLv6AUB1Chwuh",
        "name" : null,
        "description" : null,
        "type" : "Property",
        "propertyAssignments" : null,
        "stereotype" : null,
        "isDerived" : false,
        "isReadOnly" : false,
        "isOrdered" : false,
        "cardinality" : "1..*",
        "propertyType" : {
          "id" : "TZe.Lv6AUB1Chwnr",
          "type" : "Class"
        },
        "subsettedProperties" : null,
        "redefinedProperties" : null,
        "aggregationKind" : "NONE"
      }, {
        "id" : "0aRRLv6AUB1Chwuj",
        "name" : null,
        "description" : null,
        "type" : "Property",
        "propertyAssignments" : null,
        "stereotype" : null,
        "isDerived" : false,
        "isReadOnly" : false,
        "isOrdered" : false,
        "cardinality" : "1..*",
        "propertyType" : {
          "id" : "fgwRLv6AUB1ChwtK",
          "type" : "Class"
        },
        "subsettedProperties" : null,
        "redefinedProperties" : null,
        "aggregationKind" : "NONE"
      } ]
    }, {
      "id" : "Tn7RLv6AUB1Chwvb",
      "name" : null,
      "description" : null,
      "type" : "Relation",
      "propertyAssignments" : null,
      "stereotype" : null,
      "isAbstract" : false,
      "isDerived" : false,
      "properties" : [ {
        "id" : "Tn7RLv6AUB1Chwvc",
        "name" : null,
        "description" : null,
        "type" : "Property",
        "propertyAssignments" : null,
        "stereotype" : null,
        "isDerived" : false,
        "isReadOnly" : false,
        "isOrdered" : false,
        "cardinality" : "1..*",
        "propertyType" : {
          "id" : "VtNRLv6AUB1ChwvG",
          "type" : "Class"
        },
        "subsettedProperties" : null,
        "redefinedProperties" : null,
        "aggregationKind" : "NONE"
      }, {
        "id" : "zn7RLv6AUB1Chwve",
        "name" : null,
        "description" : null,
        "type" : "Property",
        "propertyAssignments" : null,
        "stereotype" : null,
        "isDerived" : false,
        "isReadOnly" : false,
        "isOrdered" : false,
        "cardinality" : "1",
        "propertyType" : {
          "id" : "TZe.Lv6AUB1Chwnr",
          "type" : "Class"
        },
        "subsettedProperties" : null,
        "redefinedProperties" : null,
        "aggregationKind" : "NONE"
      } ]
    }, {
      "id" : "kx_RLv6AUB1ChwwB",
      "name" : null,
      "description" : null,
      "type" : "Relation",
      "propertyAssignments" : null,
      "stereotype" : null,
      "isAbstract" : false,
      "isDerived" : false,
      "properties" : [ {
        "id" : "kx_RLv6AUB1ChwwC",
        "name" : null,
        "description" : null,
        "type" : "Property",
        "propertyAssignments" : null,
        "stereotype" : null,
        "isDerived" : false,
        "isReadOnly" : false,
        "isOrdered" : false,
        "cardinality" : "1",
        "propertyType" : {
          "id" : "fgwRLv6AUB1ChwtK",
          "type" : "Class"
        },
        "subsettedProperties" : null,
        "redefinedProperties" : null,
        "aggregationKind" : "NONE"
      }, {
        "id" : "kx_RLv6AUB1ChwwE",
        "name" : null,
        "description" : null,
        "type" : "Property",
        "propertyAssignments" : null,
        "stereotype" : null,
        "isDerived" : false,
        "isReadOnly" : false,
        "isOrdered" : false,
        "cardinality" : "1..*",
        "propertyType" : {
          "id" : "VtNRLv6AUB1ChwvG",
          "type" : "Class"
        },
        "subsettedProperties" : null,
        "redefinedProperties" : null,
        "aggregationKind" : "NONE"
      } ]
    }, {
      "id" : "PhyxLv6AUB1ChwxT",
      "name" : "Var_Struct",
      "description" : null,
      "type" : "Relation",
      "propertyAssignments" : null,
      "stereotype" : "componentOf",
      "isAbstract" : false,
      "isDerived" : false,
      "properties" : [ {
        "id" : "PhyxLv6AUB1ChwxU",
        "name" : "",
        "description" : null,
        "type" : "Property",
        "propertyAssignments" : null,
        "stereotype" : null,
        "isDerived" : false,
        "isReadOnly" : false,
        "isOrdered" : false,
        "cardinality" : "2..*",
        "propertyType" : {
          "id" : "aHMxLv6AUB1Chww7",
          "type" : "Class"
        },
        "subsettedProperties" : null,
        "redefinedProperties" : null,
        "aggregationKind" : "NONE"
      }, {
        "id" : "PhyxLv6AUB1ChwxW",
        "name" : null,
        "description" : null,
        "type" : "Property",
        "propertyAssignments" : null,
        "stereotype" : null,
        "isDerived" : false,
        "isReadOnly" : false,
        "isOrdered" : false,
        "cardinality" : "1",
        "propertyType" : {
          "id" : "fgwRLv6AUB1ChwtK",
          "type" : "Class"
        },
        "subsettedProperties" : null,
        "redefinedProperties" : null,
        "aggregationKind" : "SHARED"
      } ]
    }, {
      "id" : "qA3xLv6AUB1Chwz4",
      "name" : "divides",
      "description" : null,
      "type" : "Relation",
      "propertyAssignments" : null,
      "stereotype" : "material",
      "isAbstract" : false,
      "isDerived" : false,
      "properties" : [ {
        "id" : "qA3xLv6AUB1Chwz5",
        "name" : null,
        "description" : null,
        "type" : "Property",
        "propertyAssignments" : null,
        "stereotype" : null,
        "isDerived" : false,
        "isReadOnly" : false,
        "isOrdered" : false,
        "cardinality" : "1..*",
        "propertyType" : {
          "id" : "8xuxLv6AUB1Chwx2",
          "type" : "Class"
        },
        "subsettedProperties" : null,
        "redefinedProperties" : null,
        "aggregationKind" : "NONE"
      }, {
        "id" : "qA3xLv6AUB1Chwz7",
        "name" : null,
        "description" : null,
        "type" : "Property",
        "propertyAssignments" : null,
        "stereotype" : null,
        "isDerived" : false,
        "isReadOnly" : false,
        "isOrdered" : false,
        "cardinality" : "1..*",
        "propertyType" : {
          "id" : ".PFxLv6AUB1Chwyv",
          "type" : "Class"
        },
        "subsettedProperties" : null,
        "redefinedProperties" : null,
        "aggregationKind" : "NONE"
      } ]
    }, {
      "id" : "QTwJLv6AUB1Chw0s",
      "name" : null,
      "description" : null,
      "type" : "Relation",
      "propertyAssignments" : null,
      "stereotype" : null,
      "isAbstract" : false,
      "isDerived" : false,
      "properties" : [ {
        "id" : "QTwJLv6AUB1Chw0t",
        "name" : null,
        "description" : null,
        "type" : "Property",
        "propertyAssignments" : null,
        "stereotype" : null,
        "isDerived" : false,
        "isReadOnly" : false,
        "isOrdered" : false,
        "cardinality" : "1",
        "propertyType" : {
          "id" : "8xuxLv6AUB1Chwx2",
          "type" : "Class"
        },
        "subsettedProperties" : null,
        "redefinedProperties" : null,
        "aggregationKind" : "NONE"
      }, {
        "id" : "QTwJLv6AUB1Chw0v",
        "name" : null,
        "description" : null,
        "type" : "Property",
        "propertyAssignments" : null,
        "stereotype" : null,
        "isDerived" : false,
        "isReadOnly" : false,
        "isOrdered" : false,
        "cardinality" : "1..*",
        "propertyType" : {
          "id" : "4.pxLv6AUB1Chwye",
          "type" : "Class"
        },
        "subsettedProperties" : null,
        "redefinedProperties" : null,
        "aggregationKind" : "NONE"
      } ]
    }, {
      "id" : "njkJLv6AUB1Chw1S",
      "name" : null,
      "description" : null,
      "type" : "Relation",
      "propertyAssignments" : null,
      "stereotype" : null,
      "isAbstract" : false,
      "isDerived" : false,
      "properties" : [ {
        "id" : "njkJLv6AUB1Chw1T",
        "name" : null,
        "description" : null,
        "type" : "Property",
        "propertyAssignments" : null,
        "stereotype" : null,
        "isDerived" : false,
        "isReadOnly" : false,
        "isOrdered" : false,
        "cardinality" : "1..*",
        "propertyType" : {
          "id" : "4.pxLv6AUB1Chwye",
          "type" : "Class"
        },
        "subsettedProperties" : null,
        "redefinedProperties" : null,
        "aggregationKind" : "NONE"
      }, {
        "id" : "njkJLv6AUB1Chw1V",
        "name" : null,
        "description" : null,
        "type" : "Property",
        "propertyAssignments" : null,
        "stereotype" : null,
        "isDerived" : false,
        "isReadOnly" : false,
        "isOrdered" : false,
        "cardinality" : "1",
        "propertyType" : {
          "id" : ".PFxLv6AUB1Chwyv",
          "type" : "Class"
        },
        "subsettedProperties" : null,
        "redefinedProperties" : null,
        "aggregationKind" : "NONE"
      } ]
    }, {
      "id" : "U6TJLv6AUB1Chw30",
      "name" : null,
      "description" : null,
      "type" : "Relation",
      "propertyAssignments" : null,
      "stereotype" : null,
      "isAbstract" : false,
      "isDerived" : false,
      "properties" : [ {
        "id" : "U6TJLv6AUB1Chw31",
        "name" : null,
        "description" : null,
        "type" : "Property",
        "propertyAssignments" : null,
        "stereotype" : null,
        "isDerived" : false,
        "isReadOnly" : false,
        "isOrdered" : false,
        "cardinality" : "1",
        "propertyType" : {
          "id" : "iryJLv6AUB1Chw2Q",
          "type" : "Class"
        },
        "subsettedProperties" : null,
        "redefinedProperties" : null,
        "aggregationKind" : "NONE"
      }, {
        "id" : "U6TJLv6AUB1Chw33",
        "name" : null,
        "description" : null,
        "type" : "Property",
        "propertyAssignments" : null,
        "stereotype" : null,
        "isDerived" : false,
        "isReadOnly" : false,
        "isOrdered" : false,
        "cardinality" : "1..*",
        "propertyType" : {
          "id" : "FeBJLv6AUB1Chw3B",
          "type" : "Class"
        },
        "subsettedProperties" : null,
        "redefinedProperties" : null,
        "aggregationKind" : "NONE"
      } ]
    }, {
      "id" : "1f7JLv6AUB1Chw4W",
      "name" : null,
      "description" : null,
      "type" : "Relation",
      "propertyAssignments" : null,
      "stereotype" : null,
      "isAbstract" : false,
      "isDerived" : false,
      "properties" : [ {
        "id" : "1f7JLv6AUB1Chw4X",
        "name" : null,
        "description" : null,
        "type" : "Property",
        "propertyAssignments" : null,
        "stereotype" : null,
        "isDerived" : false,
        "isReadOnly" : false,
        "isOrdered" : false,
        "cardinality" : "1..*",
        "propertyType" : {
          "id" : "FeBJLv6AUB1Chw3B",
          "type" : "Class"
        },
        "subsettedProperties" : null,
        "redefinedProperties" : null,
        "aggregationKind" : "NONE"
      }, {
        "id" : "1f7JLv6AUB1Chw4Z",
        "name" : null,
        "description" : null,
        "type" : "Property",
        "propertyAssignments" : null,
        "stereotype" : null,
        "isDerived" : false,
        "isReadOnly" : false,
        "isOrdered" : false,
        "cardinality" : "1",
        "propertyType" : {
          "id" : "pyOJLv6AUB1Chw2w",
          "type" : "Class"
        },
        "subsettedProperties" : null,
        "redefinedProperties" : null,
        "aggregationKind" : "NONE"
      } ]
    }, {
      "id" : "WLfJLv6AUB1Chw40",
      "name" : "attached to",
      "description" : null,
      "type" : "Relation",
      "propertyAssignments" : null,
      "stereotype" : "material",
      "isAbstract" : false,
      "isDerived" : false,
      "properties" : [ {
        "id" : "WLfJLv6AUB1Chw41",
        "name" : null,
        "description" : null,
        "type" : "Property",
        "propertyAssignments" : null,
        "stereotype" : null,
        "isDerived" : false,
        "isReadOnly" : false,
        "isOrdered" : false,
        "cardinality" : "1..*",
        "propertyType" : {
          "id" : "iryJLv6AUB1Chw2Q",
          "type" : "Class"
        },
        "subsettedProperties" : null,
        "redefinedProperties" : null,
        "aggregationKind" : "NONE"
      }, {
        "id" : "2LfJLv6AUB1Chw43",
        "name" : null,
        "description" : null,
        "type" : "Property",
        "propertyAssignments" : null,
        "stereotype" : null,
        "isDerived" : false,
        "isReadOnly" : false,
        "isOrdered" : false,
        "cardinality" : "1..*",
        "propertyType" : {
          "id" : "pyOJLv6AUB1Chw2w",
          "type" : "Class"
        },
        "subsettedProperties" : null,
        "redefinedProperties" : null,
        "aggregationKind" : "NONE"
      } ]
    }, {
      "id" : "eWepLv6AUB1Chw6m",
      "name" : null,
      "description" : null,
      "type" : "Relation",
      "propertyAssignments" : null,
      "stereotype" : null,
      "isAbstract" : false,
      "isDerived" : false,
      "properties" : [ {
        "id" : "eWepLv6AUB1Chw6n",
        "name" : null,
        "description" : null,
        "type" : "Property",
        "propertyAssignments" : null,
        "stereotype" : null,
        "isDerived" : false,
        "isReadOnly" : false,
        "isOrdered" : false,
        "cardinality" : "1",
        "propertyType" : {
          "id" : "pyOJLv6AUB1Chw2w",
          "type" : "Class"
        },
        "subsettedProperties" : null,
        "redefinedProperties" : null,
        "aggregationKind" : "NONE"
      }, {
        "id" : "eWepLv6AUB1Chw6p",
        "name" : null,
        "description" : null,
        "type" : "Property",
        "propertyAssignments" : null,
        "stereotype" : null,
        "isDerived" : false,
        "isReadOnly" : false,
        "isOrdered" : false,
        "cardinality" : "1..*",
        "propertyType" : {
          "id" : "EmVJLv6AUB1Chw3d",
          "type" : "Class"
        },
        "subsettedProperties" : null,
        "redefinedProperties" : null,
        "aggregationKind" : "NONE"
      } ]
    }, {
      "id" : "XvppLv6AUB1Chw7U",
      "name" : null,
      "description" : null,
      "type" : "Relation",
      "propertyAssignments" : null,
      "stereotype" : null,
      "isAbstract" : false,
      "isDerived" : false,
      "properties" : [ {
        "id" : "XvppLv6AUB1Chw7V",
        "name" : null,
        "description" : null,
        "type" : "Property",
        "propertyAssignments" : null,
        "stereotype" : null,
        "isDerived" : false,
        "isReadOnly" : false,
        "isOrdered" : false,
        "cardinality" : "1",
        "propertyType" : {
          "id" : "rjZJLv6AUB1Chw3S",
          "type" : "Class"
        },
        "subsettedProperties" : null,
        "redefinedProperties" : null,
        "aggregationKind" : "NONE"
      }, {
        "id" : "XvppLv6AUB1Chw7X",
        "name" : null,
        "description" : null,
        "type" : "Property",
        "propertyAssignments" : null,
        "stereotype" : null,
        "isDerived" : false,
        "isReadOnly" : false,
        "isOrdered" : false,
        "cardinality" : "1..*",
        "propertyType" : {
          "id" : "EmVJLv6AUB1Chw3d",
          "type" : "Class"
        },
        "subsettedProperties" : null,
        "redefinedProperties" : null,
        "aggregationKind" : "NONE"
      } ]
    }, {
      "id" : "SeTpLv6AUB1Chw8i",
      "name" : "attached to",
      "description" : null,
      "type" : "Relation",
      "propertyAssignments" : null,
      "stereotype" : "material",
      "isAbstract" : false,
      "isDerived" : false,
      "properties" : [ {
        "id" : "SeTpLv6AUB1Chw8j",
        "name" : null,
        "description" : null,
        "type" : "Property",
        "propertyAssignments" : null,
        "stereotype" : null,
        "isDerived" : false,
        "isReadOnly" : false,
        "isOrdered" : false,
        "cardinality" : "1..*",
        "propertyType" : {
          "id" : "pyOJLv6AUB1Chw2w",
          "type" : "Class"
        },
        "subsettedProperties" : null,
        "redefinedProperties" : null,
        "aggregationKind" : "NONE"
      }, {
        "id" : "SeTpLv6AUB1Chw8l",
        "name" : null,
        "description" : null,
        "type" : "Property",
        "propertyAssignments" : null,
        "stereotype" : null,
        "isDerived" : false,
        "isReadOnly" : false,
        "isOrdered" : false,
        "cardinality" : "1..*",
        "propertyType" : {
          "id" : "rjZJLv6AUB1Chw3S",
          "type" : "Class"
        },
        "subsettedProperties" : null,
        "redefinedProperties" : null,
        "aggregationKind" : "NONE"
      } ]
    }, {
      "id" : "nhPnuf6AUB0C9AsA",
      "name" : null,
      "description" : null,
      "type" : "Relation",
      "propertyAssignments" : null,
      "stereotype" : "derivation",
      "isAbstract" : false,
      "isDerived" : true,
      "properties" : [ {
        "id" : "6c22c5e0-7e79-41ec-bfc0-312b6f7121ed",
        "name" : null,
        "description" : null,
        "type" : "Property",
        "propertyAssignments" : null,
        "stereotype" : null,
        "isDerived" : false,
        "isReadOnly" : false,
        "isOrdered" : false,
        "cardinality" : "1",
        "propertyType" : {
          "id" : "l4xBLv6AUB1Chwqh",
          "type" : "Relation"
        },
        "subsettedProperties" : null,
        "redefinedProperties" : null,
        "aggregationKind" : null
      }, {
        "id" : "bb0861a2-0a86-4080-badc-893a68e724c8",
        "name" : null,
        "description" : null,
        "type" : "Property",
        "propertyAssignments" : null,
        "stereotype" : null,
        "isDerived" : false,
        "isReadOnly" : false,
        "isOrdered" : false,
        "cardinality" : "1",
        "propertyType" : {
          "id" : "1El.Lv6AUB1ChwoQ",
          "type" : "Class"
        },
        "subsettedProperties" : null,
        "redefinedProperties" : null,
        "aggregationKind" : null
      } ]
    }, {
      "id" : "9Cfnuf6AUB0C9AsE",
      "name" : null,
      "description" : null,
      "type" : "Relation",
      "propertyAssignments" : null,
      "stereotype" : "derivation",
      "isAbstract" : false,
      "isDerived" : true,
      "properties" : [ {
        "id" : "3dc4de8a-46ea-4722-8ae3-45ab10f1ec51",
        "name" : null,
        "description" : null,
        "type" : "Property",
        "propertyAssignments" : null,
        "stereotype" : null,
        "isDerived" : false,
        "isReadOnly" : false,
        "isOrdered" : false,
        "cardinality" : "1",
        "propertyType" : {
          "id" : "0aRRLv6AUB1Chwug",
          "type" : "Relation"
        },
        "subsettedProperties" : null,
        "redefinedProperties" : null,
        "aggregationKind" : null
      }, {
        "id" : "5c82affe-b900-44e9-916d-d56e85239848",
        "name" : null,
        "description" : null,
        "type" : "Property",
        "propertyAssignments" : null,
        "stereotype" : null,
        "isDerived" : false,
        "isReadOnly" : false,
        "isOrdered" : false,
        "cardinality" : "1",
        "propertyType" : {
          "id" : "VtNRLv6AUB1ChwvG",
          "type" : "Class"
        },
        "subsettedProperties" : null,
        "redefinedProperties" : null,
        "aggregationKind" : null
      } ]
    }, {
      "id" : "4f_nuf6AUB0C9AsI",
      "name" : null,
      "description" : null,
      "type" : "Relation",
      "propertyAssignments" : null,
      "stereotype" : "derivation",
      "isAbstract" : false,
      "isDerived" : true,
      "properties" : [ {
        "id" : "721fa448-28f1-4e74-889c-bf79c601662f",
        "name" : null,
        "description" : null,
        "type" : "Property",
        "propertyAssignments" : null,
        "stereotype" : null,
        "isDerived" : false,
        "isReadOnly" : false,
        "isOrdered" : false,
        "cardinality" : "1",
        "propertyType" : {
          "id" : "qA3xLv6AUB1Chwz4",
          "type" : "Relation"
        },
        "subsettedProperties" : null,
        "redefinedProperties" : null,
        "aggregationKind" : null
      }, {
        "id" : "468ace12-7d73-4d55-96e7-8c82fd2c6418",
        "name" : null,
        "description" : null,
        "type" : "Property",
        "propertyAssignments" : null,
        "stereotype" : null,
        "isDerived" : false,
        "isReadOnly" : false,
        "isOrdered" : false,
        "cardinality" : "1",
        "propertyType" : {
          "id" : "4.pxLv6AUB1Chwye",
          "type" : "Class"
        },
        "subsettedProperties" : null,
        "redefinedProperties" : null,
        "aggregationKind" : null
      } ]
    }, {
      "id" : "WjoXuf6AUB0C9AsX",
      "name" : null,
      "description" : null,
      "type" : "Relation",
      "propertyAssignments" : null,
      "stereotype" : "derivation",
      "isAbstract" : false,
      "isDerived" : true,
      "properties" : [ {
        "id" : "ad0afd9c-f855-4610-9119-4693d99b6c32",
        "name" : null,
        "description" : null,
        "type" : "Property",
        "propertyAssignments" : null,
        "stereotype" : null,
        "isDerived" : false,
        "isReadOnly" : false,
        "isOrdered" : false,
        "cardinality" : "1",
        "propertyType" : {
          "id" : "WLfJLv6AUB1Chw40",
          "type" : "Relation"
        },
        "subsettedProperties" : null,
        "redefinedProperties" : null,
        "aggregationKind" : null
      }, {
        "id" : "faf49795-7387-46e9-8f0f-3f370e345f79",
        "name" : null,
        "description" : null,
        "type" : "Property",
        "propertyAssignments" : null,
        "stereotype" : null,
        "isDerived" : false,
        "isReadOnly" : false,
        "isOrdered" : false,
        "cardinality" : "1",
        "propertyType" : {
          "id" : "FeBJLv6AUB1Chw3B",
          "type" : "Class"
        },
        "subsettedProperties" : null,
        "redefinedProperties" : null,
        "aggregationKind" : null
      } ]
    }, {
      "id" : "rS4Xuf6AUB0C9Asb",
      "name" : null,
      "description" : null,
      "type" : "Relation",
      "propertyAssignments" : null,
      "stereotype" : "derivation",
      "isAbstract" : false,
      "isDerived" : true,
      "properties" : [ {
        "id" : "0bcb79eb-35aa-43ae-8715-b11e7039e167",
        "name" : null,
        "description" : null,
        "type" : "Property",
        "propertyAssignments" : null,
        "stereotype" : null,
        "isDerived" : false,
        "isReadOnly" : false,
        "isOrdered" : false,
        "cardinality" : "1",
        "propertyType" : {
          "id" : "SeTpLv6AUB1Chw8i",
          "type" : "Relation"
        },
        "subsettedProperties" : null,
        "redefinedProperties" : null,
        "aggregationKind" : null
      }, {
        "id" : "a583d4bb-a51b-4801-979c-2543d0c5dffa",
        "name" : null,
        "description" : null,
        "type" : "Property",
        "propertyAssignments" : null,
        "stereotype" : null,
        "isDerived" : false,
        "isReadOnly" : false,
        "isOrdered" : false,
        "cardinality" : "1",
        "propertyType" : {
          "id" : "EmVJLv6AUB1Chw3d",
          "type" : "Class"
        },
        "subsettedProperties" : null,
        "redefinedProperties" : null,
        "aggregationKind" : null
      } ]
    } ]
  },
  "diagrams" : [ {
    "id" : "RBi.Lv6AUB1Chwm1",
    "name" : "Diagram",
    "description" : null,
    "type" : "Diagram",
    "owner" : {
      "id" : "geJeLv6AUB1ChwWL_root",
      "type" : "Package"
    },
    "contents" : [ {
      "id" : "rCfnuf6AUB0C9AsF",
      "type" : "RelationView",
      "modelElement" : {
        "id" : "9Cfnuf6AUB0C9AsE",
        "type" : "Relation"
      },
      "shape" : {
        "id" : "rCfnuf6AUB0C9AsF_path",
        "type" : "Path",
        "points" : [ {
          "x" : 306,
          "y" : 248
        }, {
          "x" : 306,
          "y" : 306
        } ]
      },
      "source" : {
        "id" : "0aRRLv6AUB1Chwul",
        "type" : "RelationView"
      },
      "target" : {
        "id" : "VtNRLv6AUB1ChwvF",
        "type" : "ClassView"
      }
    }, {
      "id" : "OeTpLv6AUB1Chw8n",
      "type" : "RelationView",
      "modelElement" : {
        "id" : "SeTpLv6AUB1Chw8i",
        "type" : "Relation"
      },
      "shape" : {
        "id" : "OeTpLv6AUB1Chw8n_path",
        "type" : "Path",
        "points" : [ {
          "x" : 688,
          "y" : 598
        }, {
          "x" : 688,
          "y" : 665
        } ]
      },
      "source" : {
        "id" : "xyOJLv6AUB1Chw2v",
        "type" : "ClassView"
      },
      "target" : {
        "id" : "rjZJLv6AUB1Chw3R",
        "type" : "ClassView"
      }
    }, {
      "id" : "rjZJLv6AUB1Chw3R",
      "type" : "ClassView",
      "modelElement" : {
        "id" : "rjZJLv6AUB1Chw3S",
        "type" : "Class"
      },
      "shape" : {
        "id" : "rjZJLv6AUB1Chw3R_shape",
        "type" : "Rectangle",
        "x" : 656,
        "y" : 666,
        "width" : 80,
        "height" : 40
      }
    }, {
      "id" : "aHMxLv6AUB1Chww6",
      "type" : "ClassView",
      "modelElement" : {
        "id" : "aHMxLv6AUB1Chww7",
        "type" : "Class"
      },
      "shape" : {
        "id" : "aHMxLv6AUB1Chww6_shape",
        "type" : "Rectangle",
        "x" : 473,
        "y" : 456,
        "width" : 80,
        "height" : 40
      }
    }, {
      "id" : "gTkJLv6AUB1Chw1X",
      "type" : "RelationView",
      "modelElement" : {
        "id" : "njkJLv6AUB1Chw1S",
        "type" : "Relation"
      },
      "shape" : {
        "id" : "gTkJLv6AUB1Chw1X_path",
        "type" : "Path",
        "points" : [ {
          "x" : 194,
          "y" : 503
        }, {
          "x" : 194,
          "y" : 550
        }, {
          "x" : 274,
          "y" : 550
        } ]
      },
      "source" : {
        "id" : "4.pxLv6AUB1Chwyd",
        "type" : "ClassView"
      },
      "target" : {
        "id" : "ePFxLv6AUB1Chwyu",
        "type" : "ClassView"
      }
    }, {
      "id" : "dWepLv6AUB1Chw6r",
      "type" : "RelationView",
      "modelElement" : {
        "id" : "eWepLv6AUB1Chw6m",
        "type" : "Relation"
      },
      "shape" : {
        "id" : "dWepLv6AUB1Chw6r_path",
        "type" : "Path",
        "points" : [ {
          "x" : 736,
          "y" : 583
        }, {
          "x" : 880,
          "y" : 583
        }, {
          "x" : 880,
          "y" : 618
        } ]
      },
      "source" : {
        "id" : "xyOJLv6AUB1Chw2v",
        "type" : "ClassView"
      },
      "target" : {
        "id" : "EmVJLv6AUB1Chw3c",
        "type" : "ClassView"
      }
    }, {
      "id" : "Kqt3uf6AUB0C9Auw",
      "type" : "RelationView",
      "modelElement" : {
        "id" : "aGcRLv6AUB1ChwtX",
        "type" : "Relation"
      },
      "shape" : {
        "id" : "Kqt3uf6AUB0C9Auw_path",
        "type" : "Path",
        "points" : [ {
          "x" : 512,
          "y" : 141
        }, {
          "x" : 512,
          "y" : 231
        } ]
      },
      "source" : {
        "id" : "LQ_.Lv6AUB1Chwps",
        "type" : "ClassView"
      },
      "target" : {
        "id" : "fgwRLv6AUB1ChwtJ",
        "type" : "ClassView"
      }
    }, {
      "id" : "4.pxLv6AUB1Chwyd",
      "type" : "ClassView",
      "modelElement" : {
        "id" : "4.pxLv6AUB1Chwye",
        "type" : "Class"
      },
      "shape" : {
        "id" : "4.pxLv6AUB1Chwyd_shape",
        "type" : "Rectangle",
        "x" : 155,
        "y" : 463,
        "width" : 81,
        "height" : 40
      }
    }, {
      "id" : "qA3xLv6AUB1Chwz9",
      "type" : "RelationView",
      "modelElement" : {
        "id" : "qA3xLv6AUB1Chwz4",
        "type" : "Relation"
      },
      "shape" : {
        "id" : "qA3xLv6AUB1Chwz9_path",
        "type" : "Path",
        "points" : [ {
          "x" : 314,
          "y" : 441
        }, {
          "x" : 314,
          "y" : 530
        } ]
      },
      "source" : {
        "id" : "8xuxLv6AUB1Chwx1",
        "type" : "ClassView"
      },
      "target" : {
        "id" : "ePFxLv6AUB1Chwyu",
        "type" : "ClassView"
      }
    }, {
      "id" : "VtNRLv6AUB1ChwvF",
      "type" : "ClassView",
      "modelElement" : {
        "id" : "VtNRLv6AUB1ChwvG",
        "type" : "Class"
      },
      "shape" : {
        "id" : "VtNRLv6AUB1ChwvF_shape",
        "type" : "Rectangle",
        "x" : 271,
        "y" : 306,
        "width" : 81,
        "height" : 40
      }
    }, {
      "id" : "fFdxLv6AUB1ChwzD",
      "type" : "GeneralizationView",
      "modelElement" : {
        "id" : "XFdxLv6AUB1ChwzC",
        "type" : "Generalization"
      },
      "shape" : {
        "id" : "fFdxLv6AUB1ChwzD_path",
        "type" : "Path",
        "points" : [ {
          "x" : 473,
          "y" : 476
        }, {
          "x" : 441,
          "y" : 476
        }, {
          "x" : 441,
          "y" : 550
        }, {
          "x" : 356,
          "y" : 550
        } ]
      },
      "source" : {
        "id" : "aHMxLv6AUB1Chww6",
        "type" : "ClassView"
      },
      "target" : {
        "id" : "ePFxLv6AUB1Chwyu",
        "type" : "ClassView"
      }
    }, {
      "id" : "ejoXuf6AUB0C9AsY",
      "type" : "RelationView",
      "modelElement" : {
        "id" : "WjoXuf6AUB0C9AsX",
        "type" : "Relation"
      },
      "shape" : {
        "id" : "ejoXuf6AUB0C9AsY_path",
        "type" : "Path",
        "points" : [ {
          "x" : 690,
          "y" : 525
        }, {
          "x" : 836,
          "y" : 525
        } ]
      },
      "source" : {
        "id" : "JLfJLv6AUB1Chw45",
        "type" : "RelationView"
      },
      "target" : {
        "id" : "FeBJLv6AUB1Chw3A",
        "type" : "ClassView"
      }
    }, {
      "id" : "TZe.Lv6AUB1Chwnq",
      "type" : "ClassView",
      "modelElement" : {
        "id" : "TZe.Lv6AUB1Chwnr",
        "type" : "Class"
      },
      "shape" : {
        "id" : "TZe.Lv6AUB1Chwnq_shape",
        "type" : "Rectangle",
        "x" : 90,
        "y" : 233,
        "width" : 83,
        "height" : 40
      }
    }, {
      "id" : "y6TJLv6AUB1Chw35",
      "type" : "RelationView",
      "modelElement" : {
        "id" : "U6TJLv6AUB1Chw30",
        "type" : "Relation"
      },
      "shape" : {
        "id" : "y6TJLv6AUB1Chw35_path",
        "type" : "Path",
        "points" : [ {
          "x" : 750,
          "y" : 476
        }, {
          "x" : 881,
          "y" : 476
        }, {
          "x" : 881,
          "y" : 508
        } ]
      },
      "source" : {
        "id" : "iryJLv6AUB1Chw2P",
        "type" : "ClassView"
      },
      "target" : {
        "id" : "FeBJLv6AUB1Chw3A",
        "type" : "ClassView"
      }
    }, {
      "id" : "Lf7JLv6AUB1Chw4b",
      "type" : "RelationView",
      "modelElement" : {
        "id" : "1f7JLv6AUB1Chw4W",
        "type" : "Relation"
      },
      "shape" : {
        "id" : "Lf7JLv6AUB1Chw4b_path",
        "type" : "Path",
        "points" : [ {
          "x" : 880,
          "y" : 550
        }, {
          "x" : 880,
          "y" : 570
        }, {
          "x" : 736,
          "y" : 570
        } ]
      },
      "source" : {
        "id" : "FeBJLv6AUB1Chw3A",
        "type" : "ClassView"
      },
      "target" : {
        "id" : "xyOJLv6AUB1Chw2v",
        "type" : "ClassView"
      }
    }, {
      "id" : "3S4Xuf6AUB0C9Asc",
      "type" : "RelationView",
      "modelElement" : {
        "id" : "rS4Xuf6AUB0C9Asb",
        "type" : "Relation"
      },
      "shape" : {
        "id" : "3S4Xuf6AUB0C9Asc_path",
        "type" : "Path",
        "points" : [ {
          "x" : 688,
          "y" : 638
        }, {
          "x" : 828,
          "y" : 638
        } ]
      },
      "source" : {
        "id" : "OeTpLv6AUB1Chw8n",
        "type" : "RelationView"
      },
      "target" : {
        "id" : "EmVJLv6AUB1Chw3c",
        "type" : "ClassView"
      }
    }, {
      "id" : "2Ra.Lv6AUB1ChwnP",
      "type" : "ClassView",
      "modelElement" : {
        "id" : "ORa.Lv6AUB1ChwnQ",
        "type" : "Class"
      },
      "shape" : {
        "id" : "2Ra.Lv6AUB1ChwnP_shape",
        "type" : "Rectangle",
        "x" : 186,
        "y" : 101,
        "width" : 111,
        "height" : 40
      }
    }, {
      "id" : "0TwJLv6AUB1Chw0x",
      "type" : "RelationView",
      "modelElement" : {
        "id" : "QTwJLv6AUB1Chw0s",
        "type" : "Relation"
      },
      "shape" : {
        "id" : "0TwJLv6AUB1Chw0x_path",
        "type" : "Path",
        "points" : [ {
          "x" : 274,
          "y" : 420
        }, {
          "x" : 194,
          "y" : 420
        }, {
          "x" : 194,
          "y" : 462
        } ]
      },
      "source" : {
        "id" : "8xuxLv6AUB1Chwx1",
        "type" : "ClassView"
      },
      "target" : {
        "id" : "4.pxLv6AUB1Chwyd",
        "type" : "ClassView"
      }
    }, {
      "id" : "EmVJLv6AUB1Chw3c",
      "type" : "ClassView",
      "modelElement" : {
        "id" : "EmVJLv6AUB1Chw3d",
        "type" : "Class"
      },
      "shape" : {
        "id" : "EmVJLv6AUB1Chw3c_shape",
        "type" : "Rectangle",
        "x" : 830,
        "y" : 618,
        "width" : 103,
        "height" : 40
      }
    }, {
      "id" : "3n7RLv6AUB1Chwvg",
      "type" : "RelationView",
      "modelElement" : {
        "id" : "Tn7RLv6AUB1Chwvb",
        "type" : "Relation"
      },
      "shape" : {
        "id" : "3n7RLv6AUB1Chwvg_path",
        "type" : "Path",
        "points" : [ {
          "x" : 271,
          "y" : 326
        }, {
          "x" : 131,
          "y" : 326
        }, {
          "x" : 131,
          "y" : 273
        } ]
      },
      "source" : {
        "id" : "VtNRLv6AUB1ChwvF",
        "type" : "ClassView"
      },
      "target" : {
        "id" : "TZe.Lv6AUB1Chwnq",
        "type" : "ClassView"
      }
    }, {
      "id" : "wfppLv6AUB1Chw7Z",
      "type" : "RelationView",
      "modelElement" : {
        "id" : "XvppLv6AUB1Chw7U",
        "type" : "Relation"
      },
      "shape" : {
        "id" : "wfppLv6AUB1Chw7Z_path",
        "type" : "Path",
        "points" : [ {
          "x" : 736,
          "y" : 688
        }, {
          "x" : 880,
          "y" : 688
        }, {
          "x" : 880,
          "y" : 660
        } ]
      },
      "source" : {
        "id" : "rjZJLv6AUB1Chw3R",
        "type" : "ClassView"
      },
      "target" : {
        "id" : "EmVJLv6AUB1Chw3c",
        "type" : "ClassView"
      }
    }, {
      "id" : "iryJLv6AUB1Chw2P",
      "type" : "ClassView",
      "modelElement" : {
        "id" : "iryJLv6AUB1Chw2Q",
        "type" : "Class"
      },
      "shape" : {
        "id" : "iryJLv6AUB1Chw2P_shape",
        "type" : "Rectangle",
        "x" : 638,
        "y" : 456,
        "width" : 110,
        "height" : 40
      }
    }, {
      "id" : "0aRRLv6AUB1Chwul",
      "type" : "RelationView",
      "modelElement" : {
        "id" : "0aRRLv6AUB1Chwug",
        "type" : "Relation"
      },
      "shape" : {
        "id" : "0aRRLv6AUB1Chwul_path",
        "type" : "Path",
        "points" : [ {
          "x" : 173,
          "y" : 248
        }, {
          "x" : 473,
          "y" : 248
        } ]
      },
      "source" : {
        "id" : "TZe.Lv6AUB1Chwnq",
        "type" : "ClassView"
      },
      "target" : {
        "id" : "fgwRLv6AUB1ChwtJ",
        "type" : "ClassView"
      }
    }, {
      "id" : "gVJ.Lv6AUB1Chwn.",
      "type" : "GeneralizationView",
      "modelElement" : {
        "id" : "tlJ.Lv6AUB1Chwn9",
        "type" : "Generalization"
      },
      "shape" : {
        "id" : "gVJ.Lv6AUB1Chwn._path",
        "type" : "Path",
        "points" : [ {
          "x" : 130,
          "y" : 65
        }, {
          "x" : 130,
          "y" : 121
        }, {
          "x" : 186,
          "y" : 121
        } ]
      },
      "source" : {
        "id" : "l9S.Lv6AUB1ChwnB",
        "type" : "ClassView"
      },
      "target" : {
        "id" : "2Ra.Lv6AUB1ChwnP",
        "type" : "ClassView"
      }
    }, {
      "id" : "l9S.Lv6AUB1ChwnB",
      "type" : "ClassView",
      "modelElement" : {
        "id" : "n9S.Lv6AUB1ChwnC",
        "type" : "Class"
      },
      "shape" : {
        "id" : "l9S.Lv6AUB1ChwnB_shape",
        "type" : "Rectangle",
        "x" : 90,
        "y" : 23,
        "width" : 80,
        "height" : 40
      }
    }, {
      "id" : "ix_RLv6AUB1ChwwG",
      "type" : "RelationView",
      "modelElement" : {
        "id" : "kx_RLv6AUB1ChwwB",
        "type" : "Relation"
      },
      "shape" : {
        "id" : "ix_RLv6AUB1ChwwG_path",
        "type" : "Path",
        "points" : [ {
          "x" : 488,
          "y" : 273
        }, {
          "x" : 488,
          "y" : 326
        }, {
          "x" : 353,
          "y" : 326
        } ]
      },
      "source" : {
        "id" : "fgwRLv6AUB1ChwtJ",
        "type" : "ClassView"
      },
      "target" : {
        "id" : "VtNRLv6AUB1ChwvF",
        "type" : "ClassView"
      }
    }, {
      "id" : "6HuBLv6AUB1ChwqE",
      "type" : "RelationView",
      "modelElement" : {
        "id" : "6HuBLv6AUB1Chwp_",
        "type" : "Relation"
      },
      "shape" : {
        "id" : "6HuBLv6AUB1ChwqE_path",
        "type" : "Path",
        "points" : [ {
          "x" : 433,
          "y" : 43
        }, {
          "x" : 513,
          "y" : 43
        }, {
          "x" : 513,
          "y" : 100
        } ]
      },
      "source" : {
        "id" : "1El.Lv6AUB1ChwoP",
        "type" : "ClassView"
      },
      "target" : {
        "id" : "LQ_.Lv6AUB1Chwps",
        "type" : "ClassView"
      }
    }, {
      "id" : "gat3uf6AUB0C9Au7",
      "type" : "RelationView",
      "modelElement" : {
        "id" : "PhyxLv6AUB1ChwxT",
        "type" : "Relation"
      },
      "shape" : {
        "id" : "gat3uf6AUB0C9Au7_path",
        "type" : "Path",
        "points" : [ {
          "x" : 512,
          "y" : 456
        }, {
          "x" : 512,
          "y" : 273
        } ]
      },
      "source" : {
        "id" : "aHMxLv6AUB1Chww6",
        "type" : "ClassView"
      },
      "target" : {
        "id" : "fgwRLv6AUB1ChwtJ",
        "type" : "ClassView"
      }
    }, {
      "id" : "ePFxLv6AUB1Chwyu",
      "type" : "ClassView",
      "modelElement" : {
        "id" : ".PFxLv6AUB1Chwyv",
        "type" : "Class"
      },
      "shape" : {
        "id" : "ePFxLv6AUB1Chwyu_shape",
        "type" : "Rectangle",
        "x" : 275,
        "y" : 531,
        "width" : 80,
        "height" : 40
      }
    }, {
      "id" : "LQ_.Lv6AUB1Chwps",
      "type" : "ClassView",
      "modelElement" : {
        "id" : "rQ_.Lv6AUB1Chwpt",
        "type" : "Class"
      },
      "shape" : {
        "id" : "LQ_.Lv6AUB1Chwps_shape",
        "type" : "Rectangle",
        "x" : 473,
        "y" : 101,
        "width" : 80,
        "height" : 40
      }
    }, {
      "id" : "8xuxLv6AUB1Chwx1",
      "type" : "ClassView",
      "modelElement" : {
        "id" : "8xuxLv6AUB1Chwx2",
        "type" : "Class"
      },
      "shape" : {
        "id" : "8xuxLv6AUB1Chwx1_shape",
        "type" : "Rectangle",
        "x" : 275,
        "y" : 400,
        "width" : 80,
        "height" : 40
      }
    }, {
      "id" : "fgwRLv6AUB1ChwtJ",
      "type" : "ClassView",
      "modelElement" : {
        "id" : "fgwRLv6AUB1ChwtK",
        "type" : "Class"
      },
      "shape" : {
        "id" : "fgwRLv6AUB1ChwtJ_shape",
        "type" : "Rectangle",
        "x" : 473,
        "y" : 233,
        "width" : 80,
        "height" : 40
      }
    }, {
      "id" : "FQr.Lv6AUB1Chwo2",
      "type" : "RelationView",
      "modelElement" : {
        "id" : "KQr.Lv6AUB1Chwov",
        "type" : "Relation"
      },
      "shape" : {
        "id" : "FQr.Lv6AUB1Chwo2_path",
        "type" : "Path",
        "points" : [ {
          "x" : 351,
          "y" : 43
        }, {
          "x" : 258,
          "y" : 43
        }, {
          "x" : 258,
          "y" : 100
        } ]
      },
      "source" : {
        "id" : "1El.Lv6AUB1ChwoP",
        "type" : "ClassView"
      },
      "target" : {
        "id" : "2Ra.Lv6AUB1ChwnP",
        "type" : "ClassView"
      }
    }, {
      "id" : "xyOJLv6AUB1Chw2v",
      "type" : "ClassView",
      "modelElement" : {
        "id" : "pyOJLv6AUB1Chw2w",
        "type" : "Class"
      },
      "shape" : {
        "id" : "xyOJLv6AUB1Chw2v_shape",
        "type" : "Rectangle",
        "x" : 656,
        "y" : 556,
        "width" : 80,
        "height" : 40
      }
    }, {
      "id" : "T4xBLv6AUB1Chwqm",
      "type" : "RelationView",
      "modelElement" : {
        "id" : "l4xBLv6AUB1Chwqh",
        "type" : "Relation"
      },
      "shape" : {
        "id" : "T4xBLv6AUB1Chwqm_path",
        "type" : "Path",
        "points" : [ {
          "x" : 298,
          "y" : 126
        }, {
          "x" : 473,
          "y" : 126
        } ]
      },
      "source" : {
        "id" : "2Ra.Lv6AUB1ChwnP",
        "type" : "ClassView"
      },
      "target" : {
        "id" : "LQ_.Lv6AUB1Chwps",
        "type" : "ClassView"
      }
    }, {
      "id" : "OKt3uf6AUB0C9Aun",
      "type" : "RelationView",
      "modelElement" : {
        "id" : "UEWRLv6AUB1ChwuA",
        "type" : "Relation"
      },
      "shape" : {
        "id" : "OKt3uf6AUB0C9Aun_path",
        "type" : "Path",
        "points" : [ {
          "x" : 615,
          "y" : 141
        }, {
          "x" : 615,
          "y" : 180
        }, {
          "x" : 512,
          "y" : 180
        }, {
          "x" : 512,
          "y" : 231
        } ]
      },
      "source" : {
        "id" : "dQ_hLv6AUB1Chws.",
        "type" : "ClassView"
      },
      "target" : {
        "id" : "fgwRLv6AUB1ChwtJ",
        "type" : "ClassView"
      }
    }, {
      "id" : "QDZ.Lv6AUB1ChwoE",
      "type" : "GeneralizationView",
      "modelElement" : {
        "id" : "X9Z.Lv6AUB1ChwoD",
        "type" : "Generalization"
      },
      "shape" : {
        "id" : "QDZ.Lv6AUB1ChwoE_path",
        "type" : "Path",
        "points" : [ {
          "x" : 130,
          "y" : 65
        }, {
          "x" : 130,
          "y" : 231
        } ]
      },
      "source" : {
        "id" : "l9S.Lv6AUB1ChwnB",
        "type" : "ClassView"
      },
      "target" : {
        "id" : "TZe.Lv6AUB1Chwnq",
        "type" : "ClassView"
      }
    }, {
      "id" : "JLfJLv6AUB1Chw45",
      "type" : "RelationView",
      "modelElement" : {
        "id" : "WLfJLv6AUB1Chw40",
        "type" : "Relation"
      },
      "shape" : {
        "id" : "JLfJLv6AUB1Chw45_path",
        "type" : "Path",
        "points" : [ {
          "x" : 690,
          "y" : 498
        }, {
          "x" : 690,
          "y" : 556
        } ]
      },
      "source" : {
        "id" : "iryJLv6AUB1Chw2P",
        "type" : "ClassView"
      },
      "target" : {
        "id" : "xyOJLv6AUB1Chw2v",
        "type" : "ClassView"
      }
    }, {
      "id" : "B4JxLv6AUB1ChwyX",
      "type" : "GeneralizationView",
      "modelElement" : {
        "id" : "m4JxLv6AUB1ChwyW",
        "type" : "Generalization"
      },
      "shape" : {
        "id" : "B4JxLv6AUB1ChwyX_path",
        "type" : "Path",
        "points" : [ {
          "x" : 473,
          "y" : 476
        }, {
          "x" : 441,
          "y" : 476
        }, {
          "x" : 441,
          "y" : 420
        }, {
          "x" : 356,
          "y" : 420
        } ]
      },
      "source" : {
        "id" : "aHMxLv6AUB1Chww6",
        "type" : "ClassView"
      },
      "target" : {
        "id" : "8xuxLv6AUB1Chwx1",
        "type" : "ClassView"
      }
    }, {
      "id" : "FeBJLv6AUB1Chw3A",
      "type" : "ClassView",
      "modelElement" : {
        "id" : "FeBJLv6AUB1Chw3B",
        "type" : "Class"
      },
      "shape" : {
        "id" : "FeBJLv6AUB1Chw3A_shape",
        "type" : "Rectangle",
        "x" : 836,
        "y" : 508,
        "width" : 91,
        "height" : 40
      }
    }, {
      "id" : "1El.Lv6AUB1ChwoP",
      "type" : "ClassView",
      "modelElement" : {
        "id" : "1El.Lv6AUB1ChwoQ",
        "type" : "Class"
      },
      "shape" : {
        "id" : "1El.Lv6AUB1ChwoP_shape",
        "type" : "Rectangle",
        "x" : 353,
        "y" : 23,
        "width" : 80,
        "height" : 40
      }
    }, {
      "id" : "mPmJLv6AUB1Chw2j",
      "type" : "GeneralizationView",
      "modelElement" : {
        "id" : "SPmJLv6AUB1Chw2i",
        "type" : "Generalization"
      },
      "shape" : {
        "id" : "mPmJLv6AUB1Chw2j_path",
        "type" : "Path",
        "points" : [ {
          "x" : 555,
          "y" : 476
        }, {
          "x" : 638,
          "y" : 476
        } ]
      },
      "source" : {
        "id" : "aHMxLv6AUB1Chww6",
        "type" : "ClassView"
      },
      "target" : {
        "id" : "iryJLv6AUB1Chw2P",
        "type" : "ClassView"
      }
    }, {
      "id" : "gRPnuf6AUB0C9AsB",
      "type" : "RelationView",
      "modelElement" : {
        "id" : "nhPnuf6AUB0C9AsA",
        "type" : "Relation"
      },
      "shape" : {
        "id" : "gRPnuf6AUB0C9AsB_path",
        "type" : "Path",
        "points" : [ {
          "x" : 392,
          "y" : 126
        }, {
          "x" : 392,
          "y" : 65
        } ]
      },
      "source" : {
        "id" : "T4xBLv6AUB1Chwqm",
        "type" : "RelationView"
      },
      "target" : {
        "id" : "1El.Lv6AUB1ChwoP",
        "type" : "ClassView"
      }
    }, {
      "id" : "dQ_hLv6AUB1Chws.",
      "type" : "ClassView",
      "modelElement" : {
        "id" : "dQ_hLv6AUB1Chws_",
        "type" : "Class"
      },
      "shape" : {
        "id" : "dQ_hLv6AUB1Chws._shape",
        "type" : "Rectangle",
        "x" : 576,
        "y" : 101,
        "width" : 80,
        "height" : 40
      }
    }, {
      "id" : "sf_nuf6AUB0C9AsJ",
      "type" : "RelationView",
      "modelElement" : {
        "id" : "4f_nuf6AUB0C9AsI",
        "type" : "Relation"
      },
      "shape" : {
        "id" : "sf_nuf6AUB0C9AsJ_path",
        "type" : "Path",
        "points" : [ {
          "x" : 315,
          "y" : 484
        }, {
          "x" : 236,
          "y" : 484
        } ]
      },
      "source" : {
        "id" : "qA3xLv6AUB1Chwz9",
        "type" : "RelationView"
      },
      "target" : {
        "id" : "4.pxLv6AUB1Chwyd",
        "type" : "ClassView"
      }
    } ]
  } ]
}