{
  "id" : "AmSjzb6GAqAAAwWe",
  "name" : "SEBIM",
  "description" : null,
  "type" : "Project",
  "model" : {
    "id" : "AmSjzb6GAqAAAwWe_root",
    "name" : "SEBIM",
    "description" : null,
    "type" : "Package",
    "propertyAssignments" : null,
    "contents" : [ {
      "id" : "Seljzb6GAqAAAwmH",
      "name" : "Zone",
      "description" : null,
      "type" : "Class",
      "propertyAssignments" : null,
      "stereotype" : "kind",
      "isAbstract" : false,
      "isDerived" : false,
      "properties" : [ {
        "id" : "qVMLzb6GAqAAAwu8",
        "name" : "description",
        "description" : null,
        "type" : "Property",
        "propertyAssignments" : null,
        "stereotype" : null,
        "isDerived" : false,
        "isReadOnly" : false,
        "isOrdered" : false,
        "cardinality" : null,
        "propertyType" : null,
        "subsettedProperties" : null,
        "redefinedProperties" : null,
        "aggregationKind" : "NONE"
      } ],
      "isExtensional" : null,
      "isPowertype" : null,
      "order" : null,
      "literals" : null,
      "restrictedTo" : [ "functional-complex" ]
    }, {
      "id" : "eYDjzb6GAqAAAwma",
      "name" : "Space",
      "description" : null,
      "type" : "Class",
      "propertyAssignments" : null,
      "stereotype" : "subkind",
      "isAbstract" : false,
      "isDerived" : false,
      "properties" : null,
      "isExtensional" : false,
      "isPowertype" : null,
      "order" : null,
      "literals" : null,
      "restrictedTo" : [ "functional-complex" ]
    }, {
      "id" : "FFDjzb6GAqAAAwmj",
      "name" : "Construction",
      "description" : null,
      "type" : "Class",
      "propertyAssignments" : null,
      "stereotype" : "subkind",
      "isAbstract" : false,
      "isDerived" : false,
      "properties" : null,
      "isExtensional" : false,
      "isPowertype" : null,
      "order" : null,
      "literals" : null,
      "restrictedTo" : [ "functional-complex" ]
    }, {
      "id" : "EUjjzb6GAqAAAwms",
      "name" : "Floor",
      "description" : null,
      "type" : "Class",
      "propertyAssignments" : null,
      "stereotype" : "subkind",
      "isAbstract" : false,
      "isDerived" : false,
      "properties" : null,
      "isExtensional" : false,
      "isPowertype" : null,
      "order" : null,
      "literals" : null,
      "restrictedTo" : [ "functional-complex" ]
    }, {
      "id" : "mrZTzb6GAqAAAwoG",
      "name" : "Geometry",
      "description" : null,
      "type" : "Class",
      "propertyAssignments" : null,
      "stereotype" : "category",
      "isAbstract" : true,
      "isDerived" : false,
      "properties" : null,
      "isExtensional" : false,
      "isPowertype" : null,
      "order" : null,
      "literals" : null,
      "restrictedTo" : [ "functional-complex" ]
    }, {
      "id" : "bLjTzb6GAqAAAwo2",
      "name" : "CityData",
      "description" : null,
      "type" : "Class",
      "propertyAssignments" : null,
      "stereotype" : "kind",
      "isAbstract" : false,
      "isDerived" : false,
      "properties" : null,
      "isExtensional" : null,
      "isPowertype" : null,
      "order" : null,
      "literals" : null,
      "restrictedTo" : [ "functional-complex" ]
    }, {
      "id" : "qX7Tzb6GAqAAAwpT",
      "name" : "BusStop",
      "description" : null,
      "type" : "Class",
      "propertyAssignments" : null,
      "stereotype" : "subkind",
      "isAbstract" : false,
      "isDerived" : false,
      "properties" : null,
      "isExtensional" : false,
      "isPowertype" : null,
      "order" : null,
      "literals" : null,
      "restrictedTo" : [ "functional-complex" ]
    }, {
      "id" : "483Tzb6GAqAAAwpf",
      "name" : "BikePath",
      "description" : null,
      "type" : "Class",
      "propertyAssignments" : null,
      "stereotype" : "subkind",
      "isAbstract" : false,
      "isDerived" : false,
      "properties" : null,
      "isExtensional" : false,
      "isPowertype" : null,
      "order" : null,
      "literals" : null,
      "restrictedTo" : [ "functional-complex" ]
    }, {
      "id" : "eLIzzb6GAqAAAwqZ",
      "name" : "Park",
      "description" : null,
      "type" : "Class",
      "propertyAssignments" : null,
      "stereotype" : "subkind",
      "isAbstract" : false,
      "isDerived" : false,
      "properties" : null,
      "isExtensional" : false,
      "isPowertype" : null,
      "order" : null,
      "literals" : null,
      "restrictedTo" : [ "functional-complex" ]
    }, {
      "id" : "wcqzzb6GAqAAAwrT",
      "name" : "Material",
      "description" : null,
      "type" : "Class",
      "propertyAssignments" : null,
      "stereotype" : "kind",
      "isAbstract" : false,
      "isDerived" : false,
      "properties" : [ {
        "id" : "sSoLzb6GAqAAAwuP",
        "name" : "description",
        "description" : null,
        "type" : "Property",
        "propertyAssignments" : null,
        "stereotype" : null,
        "isDerived" : false,
        "isReadOnly" : false,
        "isOrdered" : false,
        "cardinality" : null,
        "propertyType" : null,
        "subsettedProperties" : null,
        "redefinedProperties" : null,
        "aggregationKind" : "NONE"
      }, {
        "id" : "yEkLzb6GAqAAAwuz",
        "name" : "value",
        "description" : null,
        "type" : "Property",
        "propertyAssignments" : null,
        "stereotype" : null,
        "isDerived" : false,
        "isReadOnly" : false,
        "isOrdered" : false,
        "cardinality" : null,
        "propertyType" : null,
        "subsettedProperties" : null,
        "redefinedProperties" : null,
        "aggregationKind" : "NONE"
      } ],
      "isExtensional" : null,
      "isPowertype" : null,
      "order" : null,
      "literals" : null,
      "restrictedTo" : [ "functional-complex" ]
    }, {
      "id" : "1Sazzb6GAqAAAwre",
      "name" : "Equipment",
      "description" : null,
      "type" : "Class",
      "propertyAssignments" : null,
      "stereotype" : "kind",
      "isAbstract" : false,
      "isDerived" : false,
      "properties" : [ {
        "id" : "hDALzb6GAqAAAwuA",
        "name" : "description",
        "description" : null,
        "type" : "Property",
        "propertyAssignments" : null,
        "stereotype" : null,
        "isDerived" : false,
        "isReadOnly" : false,
        "isOrdered" : false,
        "cardinality" : null,
        "propertyType" : null,
        "subsettedProperties" : null,
        "redefinedProperties" : null,
        "aggregationKind" : "NONE"
      } ],
      "isExtensional" : null,
      "isPowertype" : null,
      "order" : null,
      "literals" : null,
      "restrictedTo" : [ "functional-complex" ]
    }, {
      "id" : "NAVzzb6GAqAAAws8",
      "name" : "MaterialClassification",
      "description" : null,
      "type" : "Class",
      "propertyAssignments" : null,
      "stereotype" : "mode",
      "isAbstract" : false,
      "isDerived" : false,
      "properties" : null,
      "isExtensional" : null,
      "isPowertype" : null,
      "order" : null,
      "literals" : null,
      "restrictedTo" : [ "intrinsic-mode" ]
    }, {
      "id" : "AjqLzb6GAqAAAwvh",
      "name" : "Certification",
      "description" : null,
      "type" : "Class",
      "propertyAssignments" : null,
      "stereotype" : "kind",
      "isAbstract" : false,
      "isDerived" : false,
      "properties" : null,
      "isExtensional" : null,
      "isPowertype" : null,
      "order" : null,
      "literals" : null,
      "restrictedTo" : [ "functional-complex" ]
    }, {
      "id" : "8b2Lzb6GAqAAAwv0",
      "name" : "Certificate",
      "description" : null,
      "type" : "Class",
      "propertyAssignments" : null,
      "stereotype" : "relator",
      "isAbstract" : false,
      "isDerived" : false,
      "properties" : null,
      "isExtensional" : null,
      "isPowertype" : null,
      "order" : null,
      "literals" : null,
      "restrictedTo" : [ "relator" ]
    }, {
      "id" : "jbvFLb6GAqAAAwzS",
      "name" : "Area",
      "description" : null,
      "type" : "Class",
      "propertyAssignments" : null,
      "stereotype" : "quality",
      "isAbstract" : false,
      "isDerived" : false,
      "properties" : null,
      "isExtensional" : null,
      "isPowertype" : null,
      "order" : null,
      "literals" : null,
      "restrictedTo" : [ "quality" ]
    }, {
      "id" : "3.wVLb6GAqAAAw1K",
      "name" : "Score",
      "description" : null,
      "type" : "Class",
      "propertyAssignments" : null,
      "stereotype" : "quality",
      "isAbstract" : false,
      "isDerived" : false,
      "properties" : null,
      "isExtensional" : null,
      "isPowertype" : null,
      "order" : null,
      "literals" : null,
      "restrictedTo" : [ "quality" ]
    }, {
      "id" : "PJeVLb6GAqAAAw2Z",
      "name" : "LEEDCertified",
      "description" : null,
      "type" : "Class",
      "propertyAssignments" : null,
      "stereotype" : "role",
      "isAbstract" : false,
      "isDerived" : false,
      "properties" : null,
      "isExtensional" : false,
      "isPowertype" : null,
      "order" : null,
      "literals" : null,
      "restrictedTo" : [ "functional-complex" ]
    }, {
      "id" : "lElVLb6GAqAAAw25",
      "name" : "LEEDGold",
      "description" : null,
      "type" : "Class",
      "propertyAssignments" : null,
      "stereotype" : "role",
      "isAbstract" : false,
      "isDerived" : false,
      "properties" : null,
      "isExtensional" : false,
      "isPowertype" : null,
      "order" : null,
      "literals" : null,
      "restrictedTo" : [ "functional-complex" ]
    }, {
      "id" : "CNVVLb6GAqAAAw3C",
      "name" : "LEEDSilver",
      "description" : null,
      "type" : "Class",
      "propertyAssignments" : null,
      "stereotype" : "role",
      "isAbstract" : false,
      "isDerived" : false,
      "properties" : null,
      "isExtensional" : false,
      "isPowertype" : null,
      "order" : null,
      "literals" : null,
      "restrictedTo" : [ "functional-complex" ]
    }, {
      "id" : "WI9VLb6GAqAAAw3P",
      "name" : "LEEDPlatinum",
      "description" : null,
      "type" : "Class",
      "propertyAssignments" : null,
      "stereotype" : "role",
      "isAbstract" : false,
      "isDerived" : false,
      "properties" : null,
      "isExtensional" : false,
      "isPowertype" : null,
      "order" : null,
      "literals" : null,
      "restrictedTo" : [ "functional-complex" ]
    }, {
      "id" : "x3YNLb6GAqAAAw5i",
      "name" : "CertificationArea",
      "description" : null,
      "type" : "Class",
      "propertyAssignments" : null,
      "stereotype" : "subkind",
      "isAbstract" : false,
      "isDerived" : false,
      "properties" : null,
      "isExtensional" : false,
      "isPowertype" : null,
      "order" : null,
      "literals" : null,
      "restrictedTo" : [ "functional-complex" ]
    }, {
      "id" : "MpQtLb6GAqAAAw77",
      "name" : "BuildinCertified",
      "description" : null,
      "type" : "Class",
      "propertyAssignments" : null,
      "stereotype" : "subkind",
      "isAbstract" : false,
      "isDerived" : false,
      "properties" : null,
      "isExtensional" : false,
      "isPowertype" : null,
      "order" : null,
      "literals" : null,
      "restrictedTo" : [ "functional-complex" ]
    }, {
      "id" : "lFLtLb6GAqAAAw9x",
      "name" : "EnergyAtmosphere",
      "description" : null,
      "type" : "Class",
      "propertyAssignments" : null,
      "stereotype" : "subkind",
      "isAbstract" : false,
      "isDerived" : false,
      "properties" : null,
      "isExtensional" : false,
      "isPowertype" : null,
      "order" : null,
      "literals" : null,
      "restrictedTo" : [ "functional-complex" ]
    }, {
      "id" : "EyrtLb6GAqAAAw96",
      "name" : "IndoorEnvironmentQuality",
      "description" : null,
      "type" : "Class",
      "propertyAssignments" : null,
      "stereotype" : "subkind",
      "isAbstract" : false,
      "isDerived" : false,
      "properties" : null,
      "isExtensional" : false,
      "isPowertype" : null,
      "order" : null,
      "literals" : null,
      "restrictedTo" : [ "functional-complex" ]
    }, {
      "id" : "KbrtLb6GAqAAAw.D",
      "name" : "IntegrativeProcess",
      "description" : null,
      "type" : "Class",
      "propertyAssignments" : null,
      "stereotype" : "subkind",
      "isAbstract" : false,
      "isDerived" : false,
      "properties" : null,
      "isExtensional" : false,
      "isPowertype" : null,
      "order" : null,
      "literals" : null,
      "restrictedTo" : [ "functional-complex" ]
    }, {
      "id" : "Jc1dLb6GAqAAAxAM",
      "name" : "LocationTransportation",
      "description" : null,
      "type" : "Class",
      "propertyAssignments" : null,
      "stereotype" : "subkind",
      "isAbstract" : false,
      "isDerived" : false,
      "properties" : null,
      "isExtensional" : false,
      "isPowertype" : null,
      "order" : null,
      "literals" : null,
      "restrictedTo" : [ "functional-complex" ]
    }, {
      "id" : "c.LdLb6GAqAAAxAw",
      "name" : "MaterialResource",
      "description" : null,
      "type" : "Class",
      "propertyAssignments" : null,
      "stereotype" : "subkind",
      "isAbstract" : false,
      "isDerived" : false,
      "properties" : null,
      "isExtensional" : false,
      "isPowertype" : null,
      "order" : null,
      "literals" : null,
      "restrictedTo" : [ "functional-complex" ]
    }, {
      "id" : "CdXdLb6GAqAAAxBK",
      "name" : "SustainableSite",
      "description" : null,
      "type" : "Class",
      "propertyAssignments" : null,
      "stereotype" : "subkind",
      "isAbstract" : false,
      "isDerived" : false,
      "properties" : null,
      "isExtensional" : false,
      "isPowertype" : null,
      "order" : null,
      "literals" : null,
      "restrictedTo" : [ "functional-complex" ]
    }, {
      "id" : "frfdLb6GAqAAAxBV",
      "name" : "WaterEfficiency",
      "description" : null,
      "type" : "Class",
      "propertyAssignments" : null,
      "stereotype" : "subkind",
      "isAbstract" : false,
      "isDerived" : false,
      "properties" : null,
      "isExtensional" : false,
      "isPowertype" : null,
      "order" : null,
      "literals" : null,
      "restrictedTo" : [ "functional-complex" ]
    }, {
      "id" : "4G_jzb6GAqAAAwnq",
      "name" : null,
      "description" : null,
      "type" : "Generalization",
      "propertyAssignments" : null,
      "general" : {
        "id" : "Seljzb6GAqAAAwmH",
        "type" : "Class"
      },
      "specific" : {
        "id" : "eYDjzb6GAqAAAwma",
        "type" : "Class"
      }
    }, {
      "id" : "rvATzb6GAqAAAwnw",
      "name" : null,
      "description" : null,
      "type" : "Generalization",
      "propertyAssignments" : null,
      "general" : {
        "id" : "Seljzb6GAqAAAwmH",
        "type" : "Class"
      },
      "specific" : {
        "id" : "FFDjzb6GAqAAAwmj",
        "type" : "Class"
      }
    }, {
      "id" : "q7gTzb6GAqAAAwn0",
      "name" : null,
      "description" : null,
      "type" : "Generalization",
      "propertyAssignments" : null,
      "general" : {
        "id" : "Seljzb6GAqAAAwmH",
        "type" : "Class"
      },
      "specific" : {
        "id" : "EUjjzb6GAqAAAwms",
        "type" : "Class"
      }
    }, {
      "id" : "ynUzzb6GAqAAAwq3",
      "name" : null,
      "description" : null,
      "type" : "Generalization",
      "propertyAssignments" : null,
      "general" : {
        "id" : "bLjTzb6GAqAAAwo2",
        "type" : "Class"
      },
      "specific" : {
        "id" : "eLIzzb6GAqAAAwqZ",
        "type" : "Class"
      }
    }, {
      "id" : "xL0zzb6GAqAAAwq7",
      "name" : null,
      "description" : null,
      "type" : "Generalization",
      "propertyAssignments" : null,
      "general" : {
        "id" : "bLjTzb6GAqAAAwo2",
        "type" : "Class"
      },
      "specific" : {
        "id" : "483Tzb6GAqAAAwpf",
        "type" : "Class"
      }
    }, {
      "id" : "xNMzzb6GAqAAAwq_",
      "name" : null,
      "description" : null,
      "type" : "Generalization",
      "propertyAssignments" : null,
      "general" : {
        "id" : "bLjTzb6GAqAAAwo2",
        "type" : "Class"
      },
      "specific" : {
        "id" : "qX7Tzb6GAqAAAwpT",
        "type" : "Class"
      }
    }, {
      "id" : "doJVLb6GAqAAAw2r",
      "name" : null,
      "description" : null,
      "type" : "Generalization",
      "propertyAssignments" : null,
      "general" : {
        "id" : "AjqLzb6GAqAAAwvh",
        "type" : "Class"
      },
      "specific" : {
        "id" : "PJeVLb6GAqAAAw2Z",
        "type" : "Class"
      }
    }, {
      "id" : "MC3VLb6GAqAAAw4B",
      "name" : null,
      "description" : null,
      "type" : "Generalization",
      "propertyAssignments" : null,
      "general" : {
        "id" : "AjqLzb6GAqAAAwvh",
        "type" : "Class"
      },
      "specific" : {
        "id" : "WI9VLb6GAqAAAw3P",
        "type" : "Class"
      }
    }, {
      "id" : "hkPVLb6GAqAAAw4F",
      "name" : null,
      "description" : null,
      "type" : "Generalization",
      "propertyAssignments" : null,
      "general" : {
        "id" : "AjqLzb6GAqAAAwvh",
        "type" : "Class"
      },
      "specific" : {
        "id" : "lElVLb6GAqAAAw25",
        "type" : "Class"
      }
    }, {
      "id" : "L.vVLb6GAqAAAw4J",
      "name" : null,
      "description" : null,
      "type" : "Generalization",
      "propertyAssignments" : null,
      "general" : {
        "id" : "AjqLzb6GAqAAAwvh",
        "type" : "Class"
      },
      "specific" : {
        "id" : "CNVVLb6GAqAAAw3C",
        "type" : "Class"
      }
    }, {
      "id" : "ZzcNLb6GAqAAAw5v",
      "name" : null,
      "description" : null,
      "type" : "Generalization",
      "propertyAssignments" : null,
      "general" : {
        "id" : "AjqLzb6GAqAAAwvh",
        "type" : "Class"
      },
      "specific" : {
        "id" : "x3YNLb6GAqAAAw5i",
        "type" : "Class"
      }
    }, {
      "id" : "duktLb6GAqAAAw8R",
      "name" : null,
      "description" : null,
      "type" : "Generalization",
      "propertyAssignments" : null,
      "general" : {
        "id" : "bLjTzb6GAqAAAwo2",
        "type" : "Class"
      },
      "specific" : {
        "id" : "MpQtLb6GAqAAAw77",
        "type" : "Class"
      }
    }, {
      "id" : "eKCdLb6GAqAAAw_V",
      "name" : null,
      "description" : null,
      "type" : "Generalization",
      "propertyAssignments" : null,
      "general" : {
        "id" : "x3YNLb6GAqAAAw5i",
        "type" : "Class"
      },
      "specific" : {
        "id" : "lFLtLb6GAqAAAw9x",
        "type" : "Class"
      }
    }, {
      "id" : "k9idLb6GAqAAAw_Z",
      "name" : null,
      "description" : null,
      "type" : "Generalization",
      "propertyAssignments" : null,
      "general" : {
        "id" : "x3YNLb6GAqAAAw5i",
        "type" : "Class"
      },
      "specific" : {
        "id" : "EyrtLb6GAqAAAw96",
        "type" : "Class"
      }
    }, {
      "id" : "1DpdLb6GAqAAAw_4",
      "name" : null,
      "description" : null,
      "type" : "Generalization",
      "propertyAssignments" : null,
      "general" : {
        "id" : "x3YNLb6GAqAAAw5i",
        "type" : "Class"
      },
      "specific" : {
        "id" : "KbrtLb6GAqAAAw.D",
        "type" : "Class"
      }
    }, {
      "id" : "JjjdLb6GAqAAAxAo",
      "name" : null,
      "description" : null,
      "type" : "Generalization",
      "propertyAssignments" : null,
      "general" : {
        "id" : "x3YNLb6GAqAAAw5i",
        "type" : "Class"
      },
      "specific" : {
        "id" : "Jc1dLb6GAqAAAxAM",
        "type" : "Class"
      }
    }, {
      "id" : "o4ndLb6GAqAAAxBC",
      "name" : null,
      "description" : null,
      "type" : "Generalization",
      "propertyAssignments" : null,
      "general" : {
        "id" : "x3YNLb6GAqAAAw5i",
        "type" : "Class"
      },
      "specific" : {
        "id" : "c.LdLb6GAqAAAxAw",
        "type" : "Class"
      }
    }, {
      "id" : "hVc9Lb6GAqAAAxCA",
      "name" : null,
      "description" : null,
      "type" : "Generalization",
      "propertyAssignments" : null,
      "general" : {
        "id" : "x3YNLb6GAqAAAw5i",
        "type" : "Class"
      },
      "specific" : {
        "id" : "CdXdLb6GAqAAAxBK",
        "type" : "Class"
      }
    }, {
      "id" : "T389Lb6GAqAAAxCE",
      "name" : null,
      "description" : null,
      "type" : "Generalization",
      "propertyAssignments" : null,
      "general" : {
        "id" : "x3YNLb6GAqAAAw5i",
        "type" : "Class"
      },
      "specific" : {
        "id" : "frfdLb6GAqAAAxBV",
        "type" : "Class"
      }
    }, {
      "id" : ".vdTzb6GAqAAAwob",
      "name" : null,
      "description" : null,
      "type" : "Relation",
      "propertyAssignments" : null,
      "stereotype" : null,
      "isAbstract" : false,
      "isDerived" : false,
      "properties" : [ {
        "id" : "JvdTzb6GAqAAAwod",
        "name" : null,
        "description" : null,
        "type" : "Property",
        "propertyAssignments" : null,
        "stereotype" : null,
        "isDerived" : false,
        "isReadOnly" : false,
        "isOrdered" : false,
        "cardinality" : "1",
        "propertyType" : {
          "id" : "Seljzb6GAqAAAwmH",
          "type" : "Class"
        },
        "subsettedProperties" : null,
        "redefinedProperties" : null,
        "aggregationKind" : "NONE"
      }, {
        "id" : "pvdTzb6GAqAAAwog",
        "name" : null,
        "description" : null,
        "type" : "Property",
        "propertyAssignments" : null,
        "stereotype" : null,
        "isDerived" : false,
        "isReadOnly" : false,
        "isOrdered" : false,
        "cardinality" : "1",
        "propertyType" : {
          "id" : "mrZTzb6GAqAAAwoG",
          "type" : "Class"
        },
        "subsettedProperties" : null,
        "redefinedProperties" : null,
        "aggregationKind" : "NONE"
      } ]
    }, {
      "id" : "edbTzb6GAqAAAwpH",
      "name" : null,
      "description" : null,
      "type" : "Relation",
      "propertyAssignments" : null,
      "stereotype" : null,
      "isAbstract" : false,
      "isDerived" : false,
      "properties" : [ {
        "id" : "edbTzb6GAqAAAwpI",
        "name" : null,
        "description" : null,
        "type" : "Property",
        "propertyAssignments" : null,
        "stereotype" : null,
        "isDerived" : false,
        "isReadOnly" : false,
        "isOrdered" : false,
        "cardinality" : "1",
        "propertyType" : {
          "id" : "mrZTzb6GAqAAAwoG",
          "type" : "Class"
        },
        "subsettedProperties" : null,
        "redefinedProperties" : null,
        "aggregationKind" : "NONE"
      }, {
        "id" : "edbTzb6GAqAAAwpK",
        "name" : null,
        "description" : null,
        "type" : "Property",
        "propertyAssignments" : null,
        "stereotype" : null,
        "isDerived" : false,
        "isReadOnly" : false,
        "isOrdered" : false,
        "cardinality" : "1",
        "propertyType" : {
          "id" : "bLjTzb6GAqAAAwo2",
          "type" : "Class"
        },
        "subsettedProperties" : null,
        "redefinedProperties" : null,
        "aggregationKind" : "NONE"
      } ]
    }, {
      "id" : "Baezzb6GAqAAAwsE",
      "name" : null,
      "description" : null,
      "type" : "Relation",
      "propertyAssignments" : null,
      "stereotype" : null,
      "isAbstract" : false,
      "isDerived" : false,
      "properties" : [ {
        "id" : "Baezzb6GAqAAAwsF",
        "name" : null,
        "description" : null,
        "type" : "Property",
        "propertyAssignments" : null,
        "stereotype" : null,
        "isDerived" : false,
        "isReadOnly" : false,
        "isOrdered" : false,
        "cardinality" : "1",
        "propertyType" : {
          "id" : "Seljzb6GAqAAAwmH",
          "type" : "Class"
        },
        "subsettedProperties" : null,
        "redefinedProperties" : null,
        "aggregationKind" : "SHARED"
      }, {
        "id" : "Baezzb6GAqAAAwsH",
        "name" : null,
        "description" : null,
        "type" : "Property",
        "propertyAssignments" : null,
        "stereotype" : null,
        "isDerived" : false,
        "isReadOnly" : false,
        "isOrdered" : false,
        "cardinality" : "0..*",
        "propertyType" : {
          "id" : "1Sazzb6GAqAAAwre",
          "type" : "Class"
        },
        "subsettedProperties" : null,
        "redefinedProperties" : null,
        "aggregationKind" : "NONE"
      } ]
    }, {
      "id" : "WKBzzb6GAqAAAwsM",
      "name" : null,
      "description" : null,
      "type" : "Relation",
      "propertyAssignments" : null,
      "stereotype" : null,
      "isAbstract" : false,
      "isDerived" : false,
      "properties" : [ {
        "id" : "WKBzzb6GAqAAAwsN",
        "name" : null,
        "description" : null,
        "type" : "Property",
        "propertyAssignments" : null,
        "stereotype" : null,
        "isDerived" : false,
        "isReadOnly" : false,
        "isOrdered" : false,
        "cardinality" : "1",
        "propertyType" : {
          "id" : "Seljzb6GAqAAAwmH",
          "type" : "Class"
        },
        "subsettedProperties" : null,
        "redefinedProperties" : null,
        "aggregationKind" : "SHARED"
      }, {
        "id" : "WKBzzb6GAqAAAwsP",
        "name" : null,
        "description" : null,
        "type" : "Property",
        "propertyAssignments" : null,
        "stereotype" : null,
        "isDerived" : false,
        "isReadOnly" : false,
        "isOrdered" : false,
        "cardinality" : "1..*",
        "propertyType" : {
          "id" : "wcqzzb6GAqAAAwrT",
          "type" : "Class"
        },
        "subsettedProperties" : null,
        "redefinedProperties" : null,
        "aggregationKind" : "NONE"
      } ]
    }, {
      "id" : "TkDzzb6GAqAAAwtP",
      "name" : null,
      "description" : null,
      "type" : "Relation",
      "propertyAssignments" : null,
      "stereotype" : null,
      "isAbstract" : false,
      "isDerived" : false,
      "properties" : [ {
        "id" : "TkDzzb6GAqAAAwtQ",
        "name" : null,
        "description" : null,
        "type" : "Property",
        "propertyAssignments" : null,
        "stereotype" : null,
        "isDerived" : false,
        "isReadOnly" : false,
        "isOrdered" : false,
        "cardinality" : "1",
        "propertyType" : {
          "id" : "wcqzzb6GAqAAAwrT",
          "type" : "Class"
        },
        "subsettedProperties" : null,
        "redefinedProperties" : null,
        "aggregationKind" : "NONE"
      }, {
        "id" : "TkDzzb6GAqAAAwtS",
        "name" : null,
        "description" : null,
        "type" : "Property",
        "propertyAssignments" : null,
        "stereotype" : null,
        "isDerived" : false,
        "isReadOnly" : false,
        "isOrdered" : false,
        "cardinality" : "1",
        "propertyType" : {
          "id" : "NAVzzb6GAqAAAws8",
          "type" : "Class"
        },
        "subsettedProperties" : null,
        "redefinedProperties" : null,
        "aggregationKind" : "NONE"
      } ]
    }, {
      "id" : "TaxLzb6GAqAAAwwD",
      "name" : null,
      "description" : null,
      "type" : "Relation",
      "propertyAssignments" : null,
      "stereotype" : "mediation",
      "isAbstract" : false,
      "isDerived" : false,
      "properties" : [ {
        "id" : "TaxLzb6GAqAAAwwE",
        "name" : null,
        "description" : null,
        "type" : "Property",
        "propertyAssignments" : null,
        "stereotype" : null,
        "isDerived" : false,
        "isReadOnly" : false,
        "isOrdered" : false,
        "cardinality" : "0..*",
        "propertyType" : {
          "id" : "8b2Lzb6GAqAAAwv0",
          "type" : "Class"
        },
        "subsettedProperties" : null,
        "redefinedProperties" : null,
        "aggregationKind" : "NONE"
      }, {
        "id" : "TaxLzb6GAqAAAwwG",
        "name" : null,
        "description" : null,
        "type" : "Property",
        "propertyAssignments" : null,
        "stereotype" : null,
        "isDerived" : false,
        "isReadOnly" : true,
        "isOrdered" : false,
        "cardinality" : "1",
        "propertyType" : {
          "id" : "AjqLzb6GAqAAAwvh",
          "type" : "Class"
        },
        "subsettedProperties" : null,
        "redefinedProperties" : null,
        "aggregationKind" : "NONE"
      } ]
    }, {
      "id" : "KRJLzb6GAqAAAwwP",
      "name" : "Certificate",
      "description" : null,
      "type" : "Relation",
      "propertyAssignments" : null,
      "stereotype" : null,
      "isAbstract" : false,
      "isDerived" : false,
      "properties" : [ {
        "id" : "KRJLzb6GAqAAAwwQ",
        "name" : null,
        "description" : null,
        "type" : "Property",
        "propertyAssignments" : null,
        "stereotype" : null,
        "isDerived" : false,
        "isReadOnly" : false,
        "isOrdered" : false,
        "cardinality" : "*",
        "propertyType" : {
          "id" : "AjqLzb6GAqAAAwvh",
          "type" : "Class"
        },
        "subsettedProperties" : null,
        "redefinedProperties" : null,
        "aggregationKind" : "NONE"
      }, {
        "id" : "KRJLzb6GAqAAAwwS",
        "name" : null,
        "description" : null,
        "type" : "Property",
        "propertyAssignments" : null,
        "stereotype" : null,
        "isDerived" : false,
        "isReadOnly" : false,
        "isOrdered" : false,
        "cardinality" : "*",
        "propertyType" : {
          "id" : "FFDjzb6GAqAAAwmj",
          "type" : "Class"
        },
        "subsettedProperties" : null,
        "redefinedProperties" : null,
        "aggregationKind" : "NONE"
      } ]
    }, {
      "id" : "_HRHzb6GAqAAAwxX",
      "name" : null,
      "description" : null,
      "type" : "Relation",
      "propertyAssignments" : null,
      "stereotype" : "mediation",
      "isAbstract" : false,
      "isDerived" : false,
      "properties" : [ {
        "id" : "_HRHzb6GAqAAAwxY",
        "name" : null,
        "description" : null,
        "type" : "Property",
        "propertyAssignments" : null,
        "stereotype" : null,
        "isDerived" : false,
        "isReadOnly" : false,
        "isOrdered" : false,
        "cardinality" : "0..*",
        "propertyType" : {
          "id" : "8b2Lzb6GAqAAAwv0",
          "type" : "Class"
        },
        "subsettedProperties" : null,
        "redefinedProperties" : null,
        "aggregationKind" : "NONE"
      }, {
        "id" : "_HRHzb6GAqAAAwxa",
        "name" : null,
        "description" : null,
        "type" : "Property",
        "propertyAssignments" : null,
        "stereotype" : null,
        "isDerived" : false,
        "isReadOnly" : true,
        "isOrdered" : false,
        "cardinality" : "1",
        "propertyType" : {
          "id" : "FFDjzb6GAqAAAwmj",
          "type" : "Class"
        },
        "subsettedProperties" : null,
        "redefinedProperties" : null,
        "aggregationKind" : "NONE"
      } ]
    }, {
      "id" : "pUOlLb6GAqAAAw0I",
      "name" : null,
      "description" : null,
      "type" : "Relation",
      "propertyAssignments" : null,
      "stereotype" : null,
      "isAbstract" : false,
      "isDerived" : false,
      "properties" : [ {
        "id" : "pUOlLb6GAqAAAw0J",
        "name" : null,
        "description" : null,
        "type" : "Property",
        "propertyAssignments" : null,
        "stereotype" : null,
        "isDerived" : false,
        "isReadOnly" : false,
        "isOrdered" : false,
        "cardinality" : "1",
        "propertyType" : {
          "id" : "Seljzb6GAqAAAwmH",
          "type" : "Class"
        },
        "subsettedProperties" : null,
        "redefinedProperties" : null,
        "aggregationKind" : "SHARED"
      }, {
        "id" : "pUOlLb6GAqAAAw0L",
        "name" : null,
        "description" : null,
        "type" : "Property",
        "propertyAssignments" : null,
        "stereotype" : null,
        "isDerived" : false,
        "isReadOnly" : false,
        "isOrdered" : false,
        "cardinality" : "1",
        "propertyType" : {
          "id" : "jbvFLb6GAqAAAwzS",
          "type" : "Class"
        },
        "subsettedProperties" : null,
        "redefinedProperties" : null,
        "aggregationKind" : "NONE"
      } ]
    }, {
      "id" : "wkqVLb6GAqAAAw2F",
      "name" : null,
      "description" : null,
      "type" : "Relation",
      "propertyAssignments" : null,
      "stereotype" : null,
      "isAbstract" : false,
      "isDerived" : false,
      "properties" : [ {
        "id" : "wkqVLb6GAqAAAw2G",
        "name" : null,
        "description" : null,
        "type" : "Property",
        "propertyAssignments" : null,
        "stereotype" : null,
        "isDerived" : false,
        "isReadOnly" : false,
        "isOrdered" : false,
        "cardinality" : "*",
        "propertyType" : {
          "id" : "AjqLzb6GAqAAAwvh",
          "type" : "Class"
        },
        "subsettedProperties" : null,
        "redefinedProperties" : null,
        "aggregationKind" : "SHARED"
      }, {
        "id" : "wkqVLb6GAqAAAw2I",
        "name" : null,
        "description" : null,
        "type" : "Property",
        "propertyAssignments" : null,
        "stereotype" : null,
        "isDerived" : false,
        "isReadOnly" : false,
        "isOrdered" : false,
        "cardinality" : "*",
        "propertyType" : {
          "id" : "3.wVLb6GAqAAAw1K",
          "type" : "Class"
        },
        "subsettedProperties" : null,
        "redefinedProperties" : null,
        "aggregationKind" : "NONE"
      } ]
    }, {
      "id" : "0YZLzb6GAqAAAwwZ",
      "name" : null,
      "description" : null,
      "type" : "Relation",
      "propertyAssignments" : null,
      "stereotype" : "derivation",
      "isAbstract" : false,
      "isDerived" : true,
      "properties" : [ {
        "id" : "59dac2bc-2223-4c81-87b5-31d68757c7e5",
        "name" : null,
        "description" : null,
        "type" : "Property",
        "propertyAssignments" : null,
        "stereotype" : null,
        "isDerived" : false,
        "isReadOnly" : false,
        "isOrdered" : false,
        "cardinality" : "1",
        "propertyType" : {
          "id" : "8b2Lzb6GAqAAAwv0",
          "type" : "Class"
        },
        "subsettedProperties" : null,
        "redefinedProperties" : null,
        "aggregationKind" : null
      }, {
        "id" : "a5860c49-5b0b-4c63-914c-06b4c360a06b",
        "name" : null,
        "description" : null,
        "type" : "Property",
        "propertyAssignments" : null,
        "stereotype" : null,
        "isDerived" : false,
        "isReadOnly" : false,
        "isOrdered" : false,
        "cardinality" : "1",
        "propertyType" : {
          "id" : "KRJLzb6GAqAAAwwP",
          "type" : "Relation"
        },
        "subsettedProperties" : null,
        "redefinedProperties" : null,
        "aggregationKind" : null
      } ]
    } ]
  },
  "diagrams" : [ {
    "id" : "S15jzb6GAqAAAwl5",
    "name" : "SEBIM",
    "description" : null,
    "type" : "Diagram",
    "owner" : {
      "id" : "AmSjzb6GAqAAAwWe_root",
      "type" : "Package"
    },
    "contents" : [ {
      "id" : "7axLzb6GAqAAAwwI",
      "type" : "RelationView",
      "modelElement" : {
        "id" : "TaxLzb6GAqAAAwwD",
        "type" : "Relation"
      },
      "shape" : {
        "id" : "7axLzb6GAqAAAwwI_path",
        "type" : "Path",
        "points" : [ {
          "x" : 688,
          "y" : 466
        }, {
          "x" : 718,
          "y" : 395
        } ]
      },
      "source" : {
        "id" : "8b2Lzb6GAqAAAwvz",
        "type" : "ClassView"
      },
      "target" : {
        "id" : "AjqLzb6GAqAAAwvg",
        "type" : "ClassView"
      }
    }, {
      "id" : "VRvVLb6GAqAAAw4K",
      "type" : "GeneralizationView",
      "modelElement" : {
        "id" : "L.vVLb6GAqAAAw4J",
        "type" : "Generalization"
      },
      "shape" : {
        "id" : "VRvVLb6GAqAAAw4K_path",
        "type" : "Path",
        "points" : [ {
          "x" : 798,
          "y" : 364
        }, {
          "x" : 842,
          "y" : 364
        }, {
          "x" : 933,
          "y" : 535
        } ]
      },
      "source" : {
        "id" : "AjqLzb6GAqAAAwvg",
        "type" : "ClassView"
      },
      "target" : {
        "id" : "CNVVLb6GAqAAAw3B",
        "type" : "ClassView"
      }
    }, {
      "id" : "mrZTzb6GAqAAAwoF",
      "type" : "ClassView",
      "modelElement" : {
        "id" : "mrZTzb6GAqAAAwoG",
        "type" : "Class"
      },
      "shape" : {
        "id" : "mrZTzb6GAqAAAwoF_shape",
        "type" : "Rectangle",
        "x" : 708,
        "y" : 185,
        "width" : 80,
        "height" : 40
      }
    }, {
      "id" : "rYJVLb6GAqAAAw2s",
      "type" : "GeneralizationView",
      "modelElement" : {
        "id" : "doJVLb6GAqAAAw2r",
        "type" : "Generalization"
      },
      "shape" : {
        "id" : "rYJVLb6GAqAAAw2s_path",
        "type" : "Path",
        "points" : [ {
          "x" : 798,
          "y" : 364
        }, {
          "x" : 927,
          "y" : 364
        } ]
      },
      "source" : {
        "id" : "AjqLzb6GAqAAAwvg",
        "type" : "ClassView"
      },
      "target" : {
        "id" : "PJeVLb6GAqAAAw2Y",
        "type" : "ClassView"
      }
    }, {
      "id" : "AjqLzb6GAqAAAwvg",
      "type" : "ClassView",
      "modelElement" : {
        "id" : "AjqLzb6GAqAAAwvh",
        "type" : "Class"
      },
      "shape" : {
        "id" : "AjqLzb6GAqAAAwvg_shape",
        "type" : "Rectangle",
        "x" : 717,
        "y" : 356,
        "width" : 80,
        "height" : 40
      }
    }, {
      "id" : "EyrtLb6GAqAAAw95",
      "type" : "ClassView",
      "modelElement" : {
        "id" : "EyrtLb6GAqAAAw96",
        "type" : "Class"
      },
      "shape" : {
        "id" : "EyrtLb6GAqAAAw95_shape",
        "type" : "Rectangle",
        "x" : 481,
        "y" : 656,
        "width" : 151,
        "height" : 40
      }
    }, {
      "id" : "wcqzzb6GAqAAAwrS",
      "type" : "ClassView",
      "modelElement" : {
        "id" : "wcqzzb6GAqAAAwrT",
        "type" : "Class"
      },
      "shape" : {
        "id" : "wcqzzb6GAqAAAwrS_shape",
        "type" : "Rectangle",
        "x" : 202,
        "y" : 180,
        "width" : 80,
        "height" : 67
      }
    }, {
      "id" : "8b2Lzb6GAqAAAwvz",
      "type" : "ClassView",
      "modelElement" : {
        "id" : "8b2Lzb6GAqAAAwv0",
        "type" : "Class"
      },
      "shape" : {
        "id" : "8b2Lzb6GAqAAAwvz_shape",
        "type" : "Rectangle",
        "x" : 607,
        "y" : 466,
        "width" : 80,
        "height" : 40
      }
    }, {
      "id" : "eKBzzb6GAqAAAwsR",
      "type" : "RelationView",
      "modelElement" : {
        "id" : "WKBzzb6GAqAAAwsM",
        "type" : "Relation"
      },
      "shape" : {
        "id" : "eKBzzb6GAqAAAwsR_path",
        "type" : "Path",
        "points" : [ {
          "x" : 502,
          "y" : 212
        }, {
          "x" : 282,
          "y" : 212
        } ]
      },
      "source" : {
        "id" : "seljzb6GAqAAAwmG",
        "type" : "ClassView"
      },
      "target" : {
        "id" : "wcqzzb6GAqAAAwrS",
        "type" : "ClassView"
      }
    }, {
      "id" : "iYZLzb6GAqAAAwwa",
      "type" : "RelationView",
      "modelElement" : {
        "id" : "0YZLzb6GAqAAAwwZ",
        "type" : "Relation"
      },
      "shape" : {
        "id" : "iYZLzb6GAqAAAwwa_path",
        "type" : "Path",
        "points" : [ {
          "x" : 653,
          "y" : 466
        }, {
          "x" : 662,
          "y" : 364
        } ]
      },
      "source" : {
        "id" : "8b2Lzb6GAqAAAwvz",
        "type" : "ClassView"
      },
      "target" : {
        "id" : "mRJLzb6GAqAAAwwU",
        "type" : "RelationView"
      }
    }, {
      "id" : "DMOlLb6GAqAAAw0N",
      "type" : "RelationView",
      "modelElement" : {
        "id" : "pUOlLb6GAqAAAw0I",
        "type" : "Relation"
      },
      "shape" : {
        "id" : "DMOlLb6GAqAAAw0N_path",
        "type" : "Path",
        "points" : [ {
          "x" : 582,
          "y" : 231
        }, {
          "x" : 821,
          "y" : 231
        } ]
      },
      "source" : {
        "id" : "seljzb6GAqAAAwmG",
        "type" : "ClassView"
      },
      "target" : {
        "id" : "jbvFLb6GAqAAAwzR",
        "type" : "ClassView"
      }
    }, {
      "id" : "3.wVLb6GAqAAAw1J",
      "type" : "ClassView",
      "modelElement" : {
        "id" : "3.wVLb6GAqAAAw1K",
        "type" : "Class"
      },
      "shape" : {
        "id" : "3.wVLb6GAqAAAw1J_shape",
        "type" : "Rectangle",
        "x" : 821,
        "y" : 281,
        "width" : 80,
        "height" : 40
      }
    }, {
      "id" : "nqCdLb6GAqAAAw_W",
      "type" : "GeneralizationView",
      "modelElement" : {
        "id" : "eKCdLb6GAqAAAw_V",
        "type" : "Generalization"
      },
      "shape" : {
        "id" : "nqCdLb6GAqAAAw_W_path",
        "type" : "Path",
        "points" : [ {
          "x" : 747,
          "y" : 566
        }, {
          "x" : 747,
          "y" : 613
        }, {
          "x" : 374,
          "y" : 613
        }, {
          "x" : 374,
          "y" : 655
        } ]
      },
      "source" : {
        "id" : "x3YNLb6GAqAAAw5h",
        "type" : "ClassView"
      },
      "target" : {
        "id" : "lFLtLb6GAqAAAw9w",
        "type" : "ClassView"
      }
    }, {
      "id" : "RdbTzb6GAqAAAwpM",
      "type" : "RelationView",
      "modelElement" : {
        "id" : "edbTzb6GAqAAAwpH",
        "type" : "Relation"
      },
      "shape" : {
        "id" : "RdbTzb6GAqAAAwpM_path",
        "type" : "Path",
        "points" : [ {
          "x" : 747,
          "y" : 184
        }, {
          "x" : 747,
          "y" : 116
        } ]
      },
      "source" : {
        "id" : "mrZTzb6GAqAAAwoF",
        "type" : "ClassView"
      },
      "target" : {
        "id" : "bLjTzb6GAqAAAwo1",
        "type" : "ClassView"
      }
    }, {
      "id" : "WI9VLb6GAqAAAw3O",
      "type" : "ClassView",
      "modelElement" : {
        "id" : "WI9VLb6GAqAAAw3P",
        "type" : "Class"
      },
      "shape" : {
        "id" : "WI9VLb6GAqAAAw3O_shape",
        "type" : "Rectangle",
        "x" : 927,
        "y" : 396,
        "width" : 85,
        "height" : 40
      }
    }, {
      "id" : "bLjTzb6GAqAAAwo1",
      "type" : "ClassView",
      "modelElement" : {
        "id" : "bLjTzb6GAqAAAwo2",
        "type" : "Class"
      },
      "shape" : {
        "id" : "bLjTzb6GAqAAAwo1_shape",
        "type" : "Rectangle",
        "x" : 708,
        "y" : 75,
        "width" : 80,
        "height" : 40
      }
    }, {
      "id" : "lElVLb6GAqAAAw24",
      "type" : "ClassView",
      "modelElement" : {
        "id" : "lElVLb6GAqAAAw25",
        "type" : "Class"
      },
      "shape" : {
        "id" : "lElVLb6GAqAAAw24_shape",
        "type" : "Rectangle",
        "x" : 927,
        "y" : 471,
        "width" : 80,
        "height" : 40
      }
    }, {
      "id" : "Jc1dLb6GAqAAAxAL",
      "type" : "ClassView",
      "modelElement" : {
        "id" : "Jc1dLb6GAqAAAxAM",
        "type" : "Class"
      },
      "shape" : {
        "id" : "Jc1dLb6GAqAAAxAL_shape",
        "type" : "Rectangle",
        "x" : 847,
        "y" : 656,
        "width" : 135,
        "height" : 40
      }
    }, {
      "id" : "z1c9Lb6GAqAAAxCB",
      "type" : "GeneralizationView",
      "modelElement" : {
        "id" : "hVc9Lb6GAqAAAxCA",
        "type" : "Generalization"
      },
      "shape" : {
        "id" : "z1c9Lb6GAqAAAxCB_path",
        "type" : "Path",
        "points" : [ {
          "x" : 748,
          "y" : 566
        }, {
          "x" : 747,
          "y" : 613
        }, {
          "x" : 1065,
          "y" : 613
        }, {
          "x" : 1065,
          "y" : 655
        } ]
      },
      "source" : {
        "id" : "x3YNLb6GAqAAAw5h",
        "type" : "ClassView"
      },
      "target" : {
        "id" : "CdXdLb6GAqAAAxBJ",
        "type" : "ClassView"
      }
    }, {
      "id" : "nvATzb6GAqAAAwnx",
      "type" : "GeneralizationView",
      "modelElement" : {
        "id" : "rvATzb6GAqAAAwnw",
        "type" : "Generalization"
      },
      "shape" : {
        "id" : "nvATzb6GAqAAAwnx_path",
        "type" : "Path",
        "points" : [ {
          "x" : 542,
          "y" : 240
        }, {
          "x" : 542,
          "y" : 350
        } ]
      },
      "source" : {
        "id" : "seljzb6GAqAAAwmG",
        "type" : "ClassView"
      },
      "target" : {
        "id" : "5FDjzb6GAqAAAwmi",
        "type" : "ClassView"
      }
    }, {
      "id" : "6nUzzb6GAqAAAwq4",
      "type" : "GeneralizationView",
      "modelElement" : {
        "id" : "ynUzzb6GAqAAAwq3",
        "type" : "Generalization"
      },
      "shape" : {
        "id" : "6nUzzb6GAqAAAwq4_path",
        "type" : "Path",
        "points" : [ {
          "x" : 708,
          "y" : 95
        }, {
          "x" : 445,
          "y" : 95
        }, {
          "x" : 445,
          "y" : 115
        } ]
      },
      "source" : {
        "id" : "bLjTzb6GAqAAAwo1",
        "type" : "ClassView"
      },
      "target" : {
        "id" : "eLIzzb6GAqAAAwqY",
        "type" : "ClassView"
      }
    }, {
      "id" : "seljzb6GAqAAAwmG",
      "type" : "ClassView",
      "modelElement" : {
        "id" : "Seljzb6GAqAAAwmH",
        "type" : "Class"
      },
      "shape" : {
        "id" : "seljzb6GAqAAAwmG_shape",
        "type" : "Rectangle",
        "x" : 502,
        "y" : 185,
        "width" : 80,
        "height" : 55
      }
    }, {
      "id" : "9vdTzb6GAqAAAwoi",
      "type" : "RelationView",
      "modelElement" : {
        "id" : ".vdTzb6GAqAAAwob",
        "type" : "Relation"
      },
      "shape" : {
        "id" : "9vdTzb6GAqAAAwoi_path",
        "type" : "Path",
        "points" : [ {
          "x" : 582,
          "y" : 211
        }, {
          "x" : 708,
          "y" : 211
        } ]
      },
      "source" : {
        "id" : "seljzb6GAqAAAwmG",
        "type" : "ClassView"
      },
      "target" : {
        "id" : "mrZTzb6GAqAAAwoF",
        "type" : "ClassView"
      }
    }, {
      "id" : "5NMzzb6GAqAAAwrA",
      "type" : "GeneralizationView",
      "modelElement" : {
        "id" : "xNMzzb6GAqAAAwq_",
        "type" : "Generalization"
      },
      "shape" : {
        "id" : "5NMzzb6GAqAAAwrA_path",
        "type" : "Path",
        "points" : [ {
          "x" : 708,
          "y" : 95
        }, {
          "x" : 551,
          "y" : 95
        }, {
          "x" : 551,
          "y" : 114
        } ]
      },
      "source" : {
        "id" : "bLjTzb6GAqAAAwo1",
        "type" : "ClassView"
      },
      "target" : {
        "id" : "qX7Tzb6GAqAAAwpS",
        "type" : "ClassView"
      }
    }, {
      "id" : "bkDzzb6GAqAAAwtU",
      "type" : "RelationView",
      "modelElement" : {
        "id" : "TkDzzb6GAqAAAwtP",
        "type" : "Relation"
      },
      "shape" : {
        "id" : "bkDzzb6GAqAAAwtU_path",
        "type" : "Path",
        "points" : [ {
          "x" : 242,
          "y" : 249
        }, {
          "x" : 243,
          "y" : 315
        } ]
      },
      "source" : {
        "id" : "wcqzzb6GAqAAAwrS",
        "type" : "ClassView"
      },
      "target" : {
        "id" : "NAVzzb6GAqAAAws7",
        "type" : "ClassView"
      }
    }, {
      "id" : "8G_jzb6GAqAAAwnr",
      "type" : "GeneralizationView",
      "modelElement" : {
        "id" : "4G_jzb6GAqAAAwnq",
        "type" : "Generalization"
      },
      "shape" : {
        "id" : "8G_jzb6GAqAAAwnr_path",
        "type" : "Path",
        "points" : [ {
          "x" : 502,
          "y" : 240
        }, {
          "x" : 468,
          "y" : 281
        } ]
      },
      "source" : {
        "id" : "seljzb6GAqAAAwmG",
        "type" : "ClassView"
      },
      "target" : {
        "id" : "eYDjzb6GAqAAAwmZ",
        "type" : "ClassView"
      }
    }, {
      "id" : "VUndLb6GAqAAAxBD",
      "type" : "GeneralizationView",
      "modelElement" : {
        "id" : "o4ndLb6GAqAAAxBC",
        "type" : "Generalization"
      },
      "shape" : {
        "id" : "VUndLb6GAqAAAxBD_path",
        "type" : "Path",
        "points" : [ {
          "x" : 748,
          "y" : 566
        }, {
          "x" : 748,
          "y" : 613
        }, {
          "x" : 202,
          "y" : 613
        }, {
          "x" : 202,
          "y" : 655
        } ]
      },
      "source" : {
        "id" : "x3YNLb6GAqAAAw5h",
        "type" : "ClassView"
      },
      "target" : {
        "id" : "c.LdLb6GAqAAAxAv",
        "type" : "ClassView"
      }
    }, {
      "id" : "mRJLzb6GAqAAAwwU",
      "type" : "RelationView",
      "modelElement" : {
        "id" : "KRJLzb6GAqAAAwwP",
        "type" : "Relation"
      },
      "shape" : {
        "id" : "mRJLzb6GAqAAAwwU_path",
        "type" : "Path",
        "points" : [ {
          "x" : 718,
          "y" : 364
        }, {
          "x" : 582,
          "y" : 364
        } ]
      },
      "source" : {
        "id" : "AjqLzb6GAqAAAwvg",
        "type" : "ClassView"
      },
      "target" : {
        "id" : "5FDjzb6GAqAAAwmi",
        "type" : "ClassView"
      }
    }, {
      "id" : "lFLtLb6GAqAAAw9w",
      "type" : "ClassView",
      "modelElement" : {
        "id" : "lFLtLb6GAqAAAw9x",
        "type" : "Class"
      },
      "shape" : {
        "id" : "lFLtLb6GAqAAAw9w_shape",
        "type" : "Rectangle",
        "x" : 312,
        "y" : 656,
        "width" : 121,
        "height" : 40
      }
    }, {
      "id" : "MpQtLb6GAqAAAw76",
      "type" : "ClassView",
      "modelElement" : {
        "id" : "MpQtLb6GAqAAAw77",
        "type" : "Class"
      },
      "shape" : {
        "id" : "MpQtLb6GAqAAAw76_shape",
        "type" : "Rectangle",
        "x" : 376,
        "y" : 27,
        "width" : 91,
        "height" : 40
      }
    }, {
      "id" : "x3YNLb6GAqAAAw5h",
      "type" : "ClassView",
      "modelElement" : {
        "id" : "x3YNLb6GAqAAAw5i",
        "type" : "Class"
      },
      "shape" : {
        "id" : "x3YNLb6GAqAAAw5h_shape",
        "type" : "Rectangle",
        "x" : 707,
        "y" : 526,
        "width" : 100,
        "height" : 40
      }
    }, {
      "id" : "KbrtLb6GAqAAAw.C",
      "type" : "ClassView",
      "modelElement" : {
        "id" : "KbrtLb6GAqAAAw.D",
        "type" : "Class"
      },
      "shape" : {
        "id" : "KbrtLb6GAqAAAw.C_shape",
        "type" : "Rectangle",
        "x" : 680,
        "y" : 656,
        "width" : 121,
        "height" : 40
      }
    }, {
      "id" : "UjidLb6GAqAAAw_a",
      "type" : "GeneralizationView",
      "modelElement" : {
        "id" : "k9idLb6GAqAAAw_Z",
        "type" : "Generalization"
      },
      "shape" : {
        "id" : "UjidLb6GAqAAAw_a_path",
        "type" : "Path",
        "points" : [ {
          "x" : 747,
          "y" : 566
        }, {
          "x" : 747,
          "y" : 613
        }, {
          "x" : 557,
          "y" : 613
        }, {
          "x" : 557,
          "y" : 655
        } ]
      },
      "source" : {
        "id" : "x3YNLb6GAqAAAw5h",
        "type" : "ClassView"
      },
      "target" : {
        "id" : "EyrtLb6GAqAAAw95",
        "type" : "ClassView"
      }
    }, {
      "id" : "O0PVLb6GAqAAAw4G",
      "type" : "GeneralizationView",
      "modelElement" : {
        "id" : "hkPVLb6GAqAAAw4F",
        "type" : "Generalization"
      },
      "shape" : {
        "id" : "O0PVLb6GAqAAAw4G_path",
        "type" : "Path",
        "points" : [ {
          "x" : 798,
          "y" : 364
        }, {
          "x" : 842,
          "y" : 364
        }, {
          "x" : 927,
          "y" : 472
        } ]
      },
      "source" : {
        "id" : "AjqLzb6GAqAAAwvg",
        "type" : "ClassView"
      },
      "target" : {
        "id" : "lElVLb6GAqAAAw24",
        "type" : "ClassView"
      }
    }, {
      "id" : "jv89Lb6GAqAAAxCF",
      "type" : "GeneralizationView",
      "modelElement" : {
        "id" : "T389Lb6GAqAAAxCE",
        "type" : "Generalization"
      },
      "shape" : {
        "id" : "jv89Lb6GAqAAAxCF_path",
        "type" : "Path",
        "points" : [ {
          "x" : 748,
          "y" : 567
        }, {
          "x" : 748,
          "y" : 613
        }, {
          "x" : 1213,
          "y" : 613
        }, {
          "x" : 1213,
          "y" : 656
        } ]
      },
      "source" : {
        "id" : "x3YNLb6GAqAAAw5h",
        "type" : "ClassView"
      },
      "target" : {
        "id" : "frfdLb6GAqAAAxBU",
        "type" : "ClassView"
      }
    }, {
      "id" : "aTpdLb6GAqAAAw_5",
      "type" : "GeneralizationView",
      "modelElement" : {
        "id" : "1DpdLb6GAqAAAw_4",
        "type" : "Generalization"
      },
      "shape" : {
        "id" : "aTpdLb6GAqAAAw_5_path",
        "type" : "Path",
        "points" : [ {
          "x" : 747,
          "y" : 566
        }, {
          "x" : 747,
          "y" : 656
        } ]
      },
      "source" : {
        "id" : "x3YNLb6GAqAAAw5h",
        "type" : "ClassView"
      },
      "target" : {
        "id" : "KbrtLb6GAqAAAw.C",
        "type" : "ClassView"
      }
    }, {
      "id" : "rektLb6GAqAAAw8S",
      "type" : "GeneralizationView",
      "modelElement" : {
        "id" : "duktLb6GAqAAAw8R",
        "type" : "Generalization"
      },
      "shape" : {
        "id" : "rektLb6GAqAAAw8S_path",
        "type" : "Path",
        "points" : [ {
          "x" : 708,
          "y" : 95
        }, {
          "x" : 445,
          "y" : 95
        }, {
          "x" : 445,
          "y" : 69
        } ]
      },
      "source" : {
        "id" : "bLjTzb6GAqAAAwo1",
        "type" : "ClassView"
      },
      "target" : {
        "id" : "MpQtLb6GAqAAAw76",
        "type" : "ClassView"
      }
    }, {
      "id" : "_zjdLb6GAqAAAxAp",
      "type" : "GeneralizationView",
      "modelElement" : {
        "id" : "JjjdLb6GAqAAAxAo",
        "type" : "Generalization"
      },
      "shape" : {
        "id" : "_zjdLb6GAqAAAxAp_path",
        "type" : "Path",
        "points" : [ {
          "x" : 747,
          "y" : 566
        }, {
          "x" : 747,
          "y" : 613
        }, {
          "x" : 905,
          "y" : 613
        }, {
          "x" : 905,
          "y" : 655
        } ]
      },
      "source" : {
        "id" : "x3YNLb6GAqAAAw5h",
        "type" : "ClassView"
      },
      "target" : {
        "id" : "Jc1dLb6GAqAAAxAL",
        "type" : "ClassView"
      }
    }, {
      "id" : "qX7Tzb6GAqAAAwpS",
      "type" : "ClassView",
      "modelElement" : {
        "id" : "qX7Tzb6GAqAAAwpT",
        "type" : "Class"
      },
      "shape" : {
        "id" : "qX7Tzb6GAqAAAwpS_shape",
        "type" : "Rectangle",
        "x" : 502,
        "y" : 115,
        "width" : 80,
        "height" : 40
      }
    }, {
      "id" : "Jaezzb6GAqAAAwsJ",
      "type" : "RelationView",
      "modelElement" : {
        "id" : "Baezzb6GAqAAAwsE",
        "type" : "Relation"
      },
      "shape" : {
        "id" : "Jaezzb6GAqAAAwsJ_path",
        "type" : "Path",
        "points" : [ {
          "x" : 502,
          "y" : 185
        }, {
          "x" : 282,
          "y" : 142
        } ]
      },
      "source" : {
        "id" : "seljzb6GAqAAAwmG",
        "type" : "ClassView"
      },
      "target" : {
        "id" : "1Sazzb6GAqAAAwrd",
        "type" : "ClassView"
      }
    }, {
      "id" : "CdXdLb6GAqAAAxBJ",
      "type" : "ClassView",
      "modelElement" : {
        "id" : "CdXdLb6GAqAAAxBK",
        "type" : "Class"
      },
      "shape" : {
        "id" : "CdXdLb6GAqAAAxBJ_shape",
        "type" : "Rectangle",
        "x" : 1027,
        "y" : 656,
        "width" : 92,
        "height" : 40
      }
    }, {
      "id" : "CNVVLb6GAqAAAw3B",
      "type" : "ClassView",
      "modelElement" : {
        "id" : "CNVVLb6GAqAAAw3C",
        "type" : "Class"
      },
      "shape" : {
        "id" : "CNVVLb6GAqAAAw3B_shape",
        "type" : "Rectangle",
        "x" : 932,
        "y" : 535,
        "width" : 80,
        "height" : 40
      }
    }, {
      "id" : "DUqVLb6GAqAAAw2K",
      "type" : "RelationView",
      "modelElement" : {
        "id" : "wkqVLb6GAqAAAw2F",
        "type" : "Relation"
      },
      "shape" : {
        "id" : "DUqVLb6GAqAAAw2K_path",
        "type" : "Path",
        "points" : [ {
          "x" : 798,
          "y" : 356
        }, {
          "x" : 821,
          "y" : 321
        } ]
      },
      "source" : {
        "id" : "AjqLzb6GAqAAAwvg",
        "type" : "ClassView"
      },
      "target" : {
        "id" : "3.wVLb6GAqAAAw1J",
        "type" : "ClassView"
      }
    }, {
      "id" : "ZrcNLb6GAqAAAw5w",
      "type" : "GeneralizationView",
      "modelElement" : {
        "id" : "ZzcNLb6GAqAAAw5v",
        "type" : "Generalization"
      },
      "shape" : {
        "id" : "ZrcNLb6GAqAAAw5w_path",
        "type" : "Path",
        "points" : [ {
          "x" : 760,
          "y" : 396
        }, {
          "x" : 760,
          "y" : 526
        } ]
      },
      "source" : {
        "id" : "AjqLzb6GAqAAAwvg",
        "type" : "ClassView"
      },
      "target" : {
        "id" : "x3YNLb6GAqAAAw5h",
        "type" : "ClassView"
      }
    }, {
      "id" : "jbvFLb6GAqAAAwzR",
      "type" : "ClassView",
      "modelElement" : {
        "id" : "jbvFLb6GAqAAAwzS",
        "type" : "Class"
      },
      "shape" : {
        "id" : "jbvFLb6GAqAAAwzR_shape",
        "type" : "Rectangle",
        "x" : 821,
        "y" : 212,
        "width" : 80,
        "height" : 40
      }
    }, {
      "id" : "ZL0zzb6GAqAAAwq8",
      "type" : "GeneralizationView",
      "modelElement" : {
        "id" : "xL0zzb6GAqAAAwq7",
        "type" : "Generalization"
      },
      "shape" : {
        "id" : "ZL0zzb6GAqAAAwq8_path",
        "type" : "Path",
        "points" : [ {
          "x" : 708,
          "y" : 95
        }, {
          "x" : 551,
          "y" : 95
        }, {
          "x" : 551,
          "y" : 76
        } ]
      },
      "source" : {
        "id" : "bLjTzb6GAqAAAwo1",
        "type" : "ClassView"
      },
      "target" : {
        "id" : "483Tzb6GAqAAAwpe",
        "type" : "ClassView"
      }
    }, {
      "id" : "1i3VLb6GAqAAAw4C",
      "type" : "GeneralizationView",
      "modelElement" : {
        "id" : "MC3VLb6GAqAAAw4B",
        "type" : "Generalization"
      },
      "shape" : {
        "id" : "1i3VLb6GAqAAAw4C_path",
        "type" : "Path",
        "points" : [ {
          "x" : 798,
          "y" : 364
        }, {
          "x" : 842,
          "y" : 364
        }, {
          "x" : 928,
          "y" : 396
        } ]
      },
      "source" : {
        "id" : "AjqLzb6GAqAAAwvg",
        "type" : "ClassView"
      },
      "target" : {
        "id" : "WI9VLb6GAqAAAw3O",
        "type" : "ClassView"
      }
    }, {
      "id" : "NAVzzb6GAqAAAws7",
      "type" : "ClassView",
      "modelElement" : {
        "id" : "NAVzzb6GAqAAAws8",
        "type" : "Class"
      },
      "shape" : {
        "id" : "NAVzzb6GAqAAAws7_shape",
        "type" : "Rectangle",
        "x" : 181,
        "y" : 316,
        "width" : 123,
        "height" : 40
      }
    }, {
      "id" : "EUjjzb6GAqAAAwmr",
      "type" : "ClassView",
      "modelElement" : {
        "id" : "EUjjzb6GAqAAAwms",
        "type" : "Class"
      },
      "shape" : {
        "id" : "EUjjzb6GAqAAAwmr_shape",
        "type" : "Rectangle",
        "x" : 617,
        "y" : 281,
        "width" : 80,
        "height" : 40
      }
    }, {
      "id" : "eYDjzb6GAqAAAwmZ",
      "type" : "ClassView",
      "modelElement" : {
        "id" : "eYDjzb6GAqAAAwma",
        "type" : "Class"
      },
      "shape" : {
        "id" : "eYDjzb6GAqAAAwmZ_shape",
        "type" : "Rectangle",
        "x" : 387,
        "y" : 281,
        "width" : 80,
        "height" : 40
      }
    }, {
      "id" : "c.LdLb6GAqAAAxAv",
      "type" : "ClassView",
      "modelElement" : {
        "id" : "c.LdLb6GAqAAAxAw",
        "type" : "Class"
      },
      "shape" : {
        "id" : "c.LdLb6GAqAAAxAv_shape",
        "type" : "Rectangle",
        "x" : 147,
        "y" : 656,
        "width" : 101,
        "height" : 40
      }
    }, {
      "id" : "W7gTzb6GAqAAAwn1",
      "type" : "GeneralizationView",
      "modelElement" : {
        "id" : "q7gTzb6GAqAAAwn0",
        "type" : "Generalization"
      },
      "shape" : {
        "id" : "W7gTzb6GAqAAAwn1_path",
        "type" : "Path",
        "points" : [ {
          "x" : 582,
          "y" : 240
        }, {
          "x" : 617,
          "y" : 281
        } ]
      },
      "source" : {
        "id" : "seljzb6GAqAAAwmG",
        "type" : "ClassView"
      },
      "target" : {
        "id" : "EUjjzb6GAqAAAwmr",
        "type" : "ClassView"
      }
    }, {
      "id" : "eLIzzb6GAqAAAwqY",
      "type" : "ClassView",
      "modelElement" : {
        "id" : "eLIzzb6GAqAAAwqZ",
        "type" : "Class"
      },
      "shape" : {
        "id" : "eLIzzb6GAqAAAwqY_shape",
        "type" : "Rectangle",
        "x" : 388,
        "y" : 115,
        "width" : 80,
        "height" : 40
      }
    }, {
      "id" : "5FDjzb6GAqAAAwmi",
      "type" : "ClassView",
      "modelElement" : {
        "id" : "FFDjzb6GAqAAAwmj",
        "type" : "Class"
      },
      "shape" : {
        "id" : "5FDjzb6GAqAAAwmi_shape",
        "type" : "Rectangle",
        "x" : 502,
        "y" : 350,
        "width" : 80,
        "height" : 40
      }
    }, {
      "id" : "483Tzb6GAqAAAwpe",
      "type" : "ClassView",
      "modelElement" : {
        "id" : "483Tzb6GAqAAAwpf",
        "type" : "Class"
      },
      "shape" : {
        "id" : "483Tzb6GAqAAAwpe_shape",
        "type" : "Rectangle",
        "x" : 502,
        "y" : 35,
        "width" : 80,
        "height" : 40
      }
    }, {
      "id" : "OXRHzb6GAqAAAwxc",
      "type" : "RelationView",
      "modelElement" : {
        "id" : "_HRHzb6GAqAAAwxX",
        "type" : "Relation"
      },
      "shape" : {
        "id" : "OXRHzb6GAqAAAwxc_path",
        "type" : "Path",
        "points" : [ {
          "x" : 608,
          "y" : 468
        }, {
          "x" : 582,
          "y" : 387
        } ]
      },
      "source" : {
        "id" : "8b2Lzb6GAqAAAwvz",
        "type" : "ClassView"
      },
      "target" : {
        "id" : "5FDjzb6GAqAAAwmi",
        "type" : "ClassView"
      }
    }, {
      "id" : "frfdLb6GAqAAAxBU",
      "type" : "ClassView",
      "modelElement" : {
        "id" : "frfdLb6GAqAAAxBV",
        "type" : "Class"
      },
      "shape" : {
        "id" : "frfdLb6GAqAAAxBU_shape",
        "type" : "Rectangle",
        "x" : 1167,
        "y" : 656,
        "width" : 92,
        "height" : 40
      }
    }, {
      "id" : "1Sazzb6GAqAAAwrd",
      "type" : "ClassView",
      "modelElement" : {
        "id" : "1Sazzb6GAqAAAwre",
        "type" : "Class"
      },
      "shape" : {
        "id" : "1Sazzb6GAqAAAwrd_shape",
        "type" : "Rectangle",
        "x" : 202,
        "y" : 90,
        "width" : 80,
        "height" : 52
      }
    }, {
      "id" : "PJeVLb6GAqAAAw2Y",
      "type" : "ClassView",
      "modelElement" : {
        "id" : "PJeVLb6GAqAAAw2Z",
        "type" : "Class"
      },
      "shape" : {
        "id" : "PJeVLb6GAqAAAw2Y_shape",
        "type" : "Rectangle",
        "x" : 927,
        "y" : 342,
        "width" : 83,
        "height" : 40
      }
    } ]
  } ]
}