{
  "id" : "x52Z2X6GAqACAxTS",
  "name" : "cservice2015ontology",
  "description" : null,
  "type" : "Project",
  "model" : {
    "id" : "x52Z2X6GAqACAxTS_root",
    "name" : "cservice2015ontology",
    "description" : null,
    "type" : "Package",
    "propertyAssignments" : null,
    "contents" : [ {
      "id" : "i4FZ2X6GAqACAxi2",
      "name" : "Railway Usage Agreement",
      "description" : null,
      "type" : "Class",
      "propertyAssignments" : null,
      "stereotype" : "relator",
      "isAbstract" : false,
      "isDerived" : false,
      "properties" : null,
      "isExtensional" : null,
      "isPowertype" : null,
      "order" : null,
      "literals" : null,
      "restrictedTo" : [ "relator" ]
    }, {
      "id" : "aV1Z2X6GAqACAxjC",
      "name" : "Railway Concessionaire",
      "description" : null,
      "type" : "Class",
      "propertyAssignments" : null,
      "stereotype" : "role",
      "isAbstract" : false,
      "isDerived" : false,
      "properties" : null,
      "isExtensional" : false,
      "isPowertype" : null,
      "order" : null,
      "literals" : null,
      "restrictedTo" : null
    }, {
      "id" : "VofZ2X6GAqACAxkJ",
      "name" : "PRCS Description",
      "description" : null,
      "type" : "Class",
      "propertyAssignments" : null,
      "stereotype" : "category",
      "isAbstract" : false,
      "isDerived" : false,
      "properties" : null,
      "isExtensional" : false,
      "isPowertype" : null,
      "order" : null,
      "literals" : null,
      "restrictedTo" : [ "functional-complex" ]
    }, {
      "id" : "j7S52X6GAqACAxkg",
      "name" : "Regulatory Agency",
      "description" : null,
      "type" : "Class",
      "propertyAssignments" : null,
      "stereotype" : "role",
      "isAbstract" : false,
      "isDerived" : false,
      "properties" : null,
      "isExtensional" : false,
      "isPowertype" : null,
      "order" : null,
      "literals" : null,
      "restrictedTo" : null
    }, {
      "id" : "6ea52X6GAqACAxkv",
      "name" : "Regulatory Legislation",
      "description" : null,
      "type" : "Class",
      "propertyAssignments" : null,
      "stereotype" : "category",
      "isAbstract" : false,
      "isDerived" : false,
      "properties" : null,
      "isExtensional" : false,
      "isPowertype" : null,
      "order" : null,
      "literals" : null,
      "restrictedTo" : [ "functional-complex" ]
    }, {
      "id" : "3gR52X6GAqACAxlm",
      "name" : "Eventual Passenger Rail Chartered Service",
      "description" : null,
      "type" : "Class",
      "propertyAssignments" : null,
      "stereotype" : "relator",
      "isAbstract" : false,
      "isDerived" : false,
      "properties" : null,
      "isExtensional" : null,
      "isPowertype" : null,
      "order" : null,
      "literals" : null,
      "restrictedTo" : [ "relator" ]
    }, {
      "id" : "Oi352X6GAqACAxnA",
      "name" : "Interested Agent",
      "description" : null,
      "type" : "Class",
      "propertyAssignments" : null,
      "stereotype" : "role",
      "isAbstract" : false,
      "isDerived" : false,
      "properties" : null,
      "isExtensional" : false,
      "isPowertype" : null,
      "order" : null,
      "literals" : null,
      "restrictedTo" : null
    }, {
      "id" : "_qgl2X6GAqACAxok",
      "name" : "PRCS Offering Commitment",
      "description" : null,
      "type" : "Class",
      "propertyAssignments" : null,
      "stereotype" : "mode",
      "isAbstract" : false,
      "isDerived" : false,
      "properties" : null,
      "isExtensional" : null,
      "isPowertype" : null,
      "order" : null,
      "literals" : null,
      "restrictedTo" : [ "intrinsic-mode" ]
    }, {
      "id" : "nYOl2X6GAqACAxpc",
      "name" : "PRCS Offering Claim",
      "description" : null,
      "type" : "Class",
      "propertyAssignments" : null,
      "stereotype" : "mode",
      "isAbstract" : false,
      "isDerived" : false,
      "properties" : null,
      "isExtensional" : null,
      "isPowertype" : null,
      "order" : null,
      "literals" : null,
      "restrictedTo" : [ "intrinsic-mode" ]
    }, {
      "id" : "MXmV2X6GAqACAxrw",
      "name" : "User Community of PRCS",
      "description" : null,
      "type" : "Class",
      "propertyAssignments" : null,
      "stereotype" : "collective",
      "isAbstract" : false,
      "isDerived" : false,
      "properties" : null,
      "isExtensional" : false,
      "isPowertype" : null,
      "order" : null,
      "literals" : null,
      "restrictedTo" : [ "collective" ]
    }, {
      "id" : "IGJV2X6GAqACAxsJ",
      "name" : "User of PRCS",
      "description" : null,
      "type" : "Class",
      "propertyAssignments" : null,
      "stereotype" : "role",
      "isAbstract" : false,
      "isDerived" : false,
      "properties" : null,
      "isExtensional" : false,
      "isPowertype" : null,
      "order" : null,
      "literals" : null,
      "restrictedTo" : null
    }, {
      "id" : "pfXZ2X6GAqACAxjs",
      "name" : null,
      "description" : null,
      "type" : "Relation",
      "propertyAssignments" : null,
      "stereotype" : "mediation",
      "isAbstract" : false,
      "isDerived" : false,
      "properties" : [ {
        "id" : "ZfXZ2X6GAqACAxjt",
        "name" : null,
        "description" : null,
        "type" : "Property",
        "propertyAssignments" : null,
        "stereotype" : null,
        "isDerived" : false,
        "isReadOnly" : false,
        "isOrdered" : false,
        "cardinality" : "1",
        "propertyType" : {
          "id" : "aV1Z2X6GAqACAxjC",
          "type" : "Class"
        },
        "subsettedProperties" : null,
        "redefinedProperties" : null,
        "aggregationKind" : "NONE"
      }, {
        "id" : "ZfXZ2X6GAqACAxjv",
        "name" : null,
        "description" : null,
        "type" : "Property",
        "propertyAssignments" : null,
        "stereotype" : null,
        "isDerived" : false,
        "isReadOnly" : true,
        "isOrdered" : false,
        "cardinality" : "1",
        "propertyType" : {
          "id" : "i4FZ2X6GAqACAxi2",
          "type" : "Class"
        },
        "subsettedProperties" : null,
        "redefinedProperties" : null,
        "aggregationKind" : "NONE"
      } ]
    }, {
      "id" : "AA252X6GAqACAxlD",
      "name" : "produces",
      "description" : null,
      "type" : "Relation",
      "propertyAssignments" : null,
      "stereotype" : "formal",
      "isAbstract" : false,
      "isDerived" : false,
      "properties" : [ {
        "id" : "AA252X6GAqACAxlE",
        "name" : null,
        "description" : null,
        "type" : "Property",
        "propertyAssignments" : null,
        "stereotype" : null,
        "isDerived" : false,
        "isReadOnly" : false,
        "isOrdered" : false,
        "cardinality" : "1",
        "propertyType" : {
          "id" : "j7S52X6GAqACAxkg",
          "type" : "Class"
        },
        "subsettedProperties" : null,
        "redefinedProperties" : null,
        "aggregationKind" : "NONE"
      }, {
        "id" : "AA252X6GAqACAxlG",
        "name" : null,
        "description" : null,
        "type" : "Property",
        "propertyAssignments" : null,
        "stereotype" : null,
        "isDerived" : false,
        "isReadOnly" : false,
        "isOrdered" : false,
        "cardinality" : "1",
        "propertyType" : {
          "id" : "6ea52X6GAqACAxkv",
          "type" : "Class"
        },
        "subsettedProperties" : null,
        "redefinedProperties" : null,
        "aggregationKind" : "NONE"
      } ]
    }, {
      "id" : "SEl52X6GAqACAxl_",
      "name" : "describes",
      "description" : null,
      "type" : "Relation",
      "propertyAssignments" : null,
      "stereotype" : "formal",
      "isAbstract" : false,
      "isDerived" : false,
      "properties" : [ {
        "id" : "SEl52X6GAqACAxmA",
        "name" : null,
        "description" : null,
        "type" : "Property",
        "propertyAssignments" : null,
        "stereotype" : null,
        "isDerived" : false,
        "isReadOnly" : false,
        "isOrdered" : false,
        "cardinality" : "1",
        "propertyType" : {
          "id" : "VofZ2X6GAqACAxkJ",
          "type" : "Class"
        },
        "subsettedProperties" : null,
        "redefinedProperties" : null,
        "aggregationKind" : "NONE"
      }, {
        "id" : "SEl52X6GAqACAxmC",
        "name" : null,
        "description" : null,
        "type" : "Property",
        "propertyAssignments" : null,
        "stereotype" : null,
        "isDerived" : false,
        "isReadOnly" : false,
        "isOrdered" : false,
        "cardinality" : "1",
        "propertyType" : {
          "id" : "3gR52X6GAqACAxlm",
          "type" : "Class"
        },
        "subsettedProperties" : null,
        "redefinedProperties" : null,
        "aggregationKind" : "NONE"
      } ]
    }, {
      "id" : "2PD52X6GAqACAxmd",
      "name" : "regulates",
      "description" : null,
      "type" : "Relation",
      "propertyAssignments" : null,
      "stereotype" : "mediation",
      "isAbstract" : false,
      "isDerived" : false,
      "properties" : [ {
        "id" : "2PD52X6GAqACAxme",
        "name" : null,
        "description" : null,
        "type" : "Property",
        "propertyAssignments" : null,
        "stereotype" : null,
        "isDerived" : false,
        "isReadOnly" : false,
        "isOrdered" : false,
        "cardinality" : "1",
        "propertyType" : {
          "id" : "j7S52X6GAqACAxkg",
          "type" : "Class"
        },
        "subsettedProperties" : null,
        "redefinedProperties" : null,
        "aggregationKind" : "NONE"
      }, {
        "id" : "2PD52X6GAqACAxmg",
        "name" : null,
        "description" : null,
        "type" : "Property",
        "propertyAssignments" : null,
        "stereotype" : null,
        "isDerived" : false,
        "isReadOnly" : true,
        "isOrdered" : false,
        "cardinality" : "1",
        "propertyType" : {
          "id" : "3gR52X6GAqACAxlm",
          "type" : "Class"
        },
        "subsettedProperties" : null,
        "redefinedProperties" : null,
        "aggregationKind" : "NONE"
      } ]
    }, {
      "id" : "rxAF2X6GAqACAxnW",
      "name" : null,
      "description" : null,
      "type" : "Relation",
      "propertyAssignments" : null,
      "stereotype" : "mediation",
      "isAbstract" : false,
      "isDerived" : false,
      "properties" : [ {
        "id" : "rxAF2X6GAqACAxnX",
        "name" : null,
        "description" : null,
        "type" : "Property",
        "propertyAssignments" : null,
        "stereotype" : null,
        "isDerived" : false,
        "isReadOnly" : false,
        "isOrdered" : false,
        "cardinality" : "1",
        "propertyType" : {
          "id" : "i4FZ2X6GAqACAxi2",
          "type" : "Class"
        },
        "subsettedProperties" : null,
        "redefinedProperties" : null,
        "aggregationKind" : "NONE"
      }, {
        "id" : "rxAF2X6GAqACAxnZ",
        "name" : null,
        "description" : null,
        "type" : "Property",
        "propertyAssignments" : null,
        "stereotype" : null,
        "isDerived" : false,
        "isReadOnly" : true,
        "isOrdered" : false,
        "cardinality" : "1",
        "propertyType" : {
          "id" : "Oi352X6GAqACAxnA",
          "type" : "Class"
        },
        "subsettedProperties" : null,
        "redefinedProperties" : null,
        "aggregationKind" : "NONE"
      } ]
    }, {
      "id" : "pxXF2X6GAqACAxoB",
      "name" : "provides",
      "description" : null,
      "type" : "Relation",
      "propertyAssignments" : null,
      "stereotype" : "mediation",
      "isAbstract" : false,
      "isDerived" : false,
      "properties" : [ {
        "id" : "pxXF2X6GAqACAxoC",
        "name" : null,
        "description" : null,
        "type" : "Property",
        "propertyAssignments" : null,
        "stereotype" : null,
        "isDerived" : false,
        "isReadOnly" : false,
        "isOrdered" : false,
        "cardinality" : "1",
        "propertyType" : {
          "id" : "Oi352X6GAqACAxnA",
          "type" : "Class"
        },
        "subsettedProperties" : null,
        "redefinedProperties" : null,
        "aggregationKind" : "NONE"
      }, {
        "id" : "pxXF2X6GAqACAxoE",
        "name" : null,
        "description" : null,
        "type" : "Property",
        "propertyAssignments" : null,
        "stereotype" : null,
        "isDerived" : false,
        "isReadOnly" : true,
        "isOrdered" : false,
        "cardinality" : "1..*",
        "propertyType" : {
          "id" : "3gR52X6GAqACAxlm",
          "type" : "Class"
        },
        "subsettedProperties" : null,
        "redefinedProperties" : null,
        "aggregationKind" : "NONE"
      } ]
    }, {
      "id" : "R.0l2X6GAqACAxo7",
      "name" : "inheres in",
      "description" : null,
      "type" : "Relation",
      "propertyAssignments" : null,
      "stereotype" : "characterization",
      "isAbstract" : false,
      "isDerived" : false,
      "properties" : [ {
        "id" : "R.0l2X6GAqACAxo8",
        "name" : null,
        "description" : null,
        "type" : "Property",
        "propertyAssignments" : null,
        "stereotype" : null,
        "isDerived" : false,
        "isReadOnly" : false,
        "isOrdered" : false,
        "cardinality" : "1",
        "propertyType" : {
          "id" : "_qgl2X6GAqACAxok",
          "type" : "Class"
        },
        "subsettedProperties" : null,
        "redefinedProperties" : null,
        "aggregationKind" : "NONE"
      }, {
        "id" : "R.0l2X6GAqACAxo.",
        "name" : null,
        "description" : null,
        "type" : "Property",
        "propertyAssignments" : null,
        "stereotype" : null,
        "isDerived" : false,
        "isReadOnly" : true,
        "isOrdered" : false,
        "cardinality" : "1",
        "propertyType" : {
          "id" : "Oi352X6GAqACAxnA",
          "type" : "Class"
        },
        "subsettedProperties" : null,
        "redefinedProperties" : null,
        "aggregationKind" : "NONE"
      } ]
    }, {
      "id" : "5H5l2X6GAqACAxpt",
      "name" : null,
      "description" : null,
      "type" : "Relation",
      "propertyAssignments" : null,
      "stereotype" : "part-of",
      "isAbstract" : false,
      "isDerived" : false,
      "properties" : [ {
        "id" : "FH5l2X6GAqACAxpu",
        "name" : null,
        "description" : null,
        "type" : "Property",
        "propertyAssignments" : null,
        "stereotype" : null,
        "isDerived" : false,
        "isReadOnly" : false,
        "isOrdered" : false,
        "cardinality" : "1..*",
        "propertyType" : {
          "id" : "_qgl2X6GAqACAxok",
          "type" : "Class"
        },
        "subsettedProperties" : null,
        "redefinedProperties" : null,
        "aggregationKind" : "NONE"
      }, {
        "id" : "FH5l2X6GAqACAxpw",
        "name" : null,
        "description" : null,
        "type" : "Property",
        "propertyAssignments" : null,
        "stereotype" : null,
        "isDerived" : false,
        "isReadOnly" : false,
        "isOrdered" : false,
        "cardinality" : "1",
        "propertyType" : {
          "id" : "3gR52X6GAqACAxlm",
          "type" : "Class"
        },
        "subsettedProperties" : null,
        "redefinedProperties" : null,
        "aggregationKind" : "COMPOSITE"
      } ]
    }, {
      "id" : "P0Nl2X6GAqACAxp_",
      "name" : null,
      "description" : null,
      "type" : "Relation",
      "propertyAssignments" : null,
      "stereotype" : null,
      "isAbstract" : false,
      "isDerived" : false,
      "properties" : [ {
        "id" : "P0Nl2X6GAqACAxqA",
        "name" : null,
        "description" : null,
        "type" : "Property",
        "propertyAssignments" : null,
        "stereotype" : null,
        "isDerived" : false,
        "isReadOnly" : false,
        "isOrdered" : false,
        "cardinality" : "1",
        "propertyType" : {
          "id" : "3gR52X6GAqACAxlm",
          "type" : "Class"
        },
        "subsettedProperties" : null,
        "redefinedProperties" : null,
        "aggregationKind" : "COMPOSITE"
      }, {
        "id" : "P0Nl2X6GAqACAxqC",
        "name" : null,
        "description" : null,
        "type" : "Property",
        "propertyAssignments" : null,
        "stereotype" : null,
        "isDerived" : false,
        "isReadOnly" : false,
        "isOrdered" : false,
        "cardinality" : "1..*",
        "propertyType" : {
          "id" : "nYOl2X6GAqACAxpc",
          "type" : "Class"
        },
        "subsettedProperties" : null,
        "redefinedProperties" : null,
        "aggregationKind" : "NONE"
      } ]
    }, {
      "id" : "doMV2X6GAqACAxrH",
      "name" : "externaly dependent in",
      "description" : null,
      "type" : "Relation",
      "propertyAssignments" : null,
      "stereotype" : "formal",
      "isAbstract" : false,
      "isDerived" : false,
      "properties" : [ {
        "id" : "doMV2X6GAqACAxrI",
        "name" : null,
        "description" : null,
        "type" : "Property",
        "propertyAssignments" : null,
        "stereotype" : null,
        "isDerived" : false,
        "isReadOnly" : false,
        "isOrdered" : false,
        "cardinality" : "1",
        "propertyType" : {
          "id" : "nYOl2X6GAqACAxpc",
          "type" : "Class"
        },
        "subsettedProperties" : null,
        "redefinedProperties" : null,
        "aggregationKind" : "NONE"
      }, {
        "id" : "doMV2X6GAqACAxrK",
        "name" : null,
        "description" : null,
        "type" : "Property",
        "propertyAssignments" : null,
        "stereotype" : null,
        "isDerived" : false,
        "isReadOnly" : false,
        "isOrdered" : false,
        "cardinality" : "1",
        "propertyType" : {
          "id" : "Oi352X6GAqACAxnA",
          "type" : "Class"
        },
        "subsettedProperties" : null,
        "redefinedProperties" : null,
        "aggregationKind" : "NONE"
      } ]
    }, {
      "id" : "89NV2X6GAqACAxsm",
      "name" : "offered to",
      "description" : null,
      "type" : "Relation",
      "propertyAssignments" : null,
      "stereotype" : "mediation",
      "isAbstract" : false,
      "isDerived" : false,
      "properties" : [ {
        "id" : "89NV2X6GAqACAxsn",
        "name" : null,
        "description" : null,
        "type" : "Property",
        "propertyAssignments" : null,
        "stereotype" : null,
        "isDerived" : false,
        "isReadOnly" : false,
        "isOrdered" : false,
        "cardinality" : "1..*",
        "propertyType" : {
          "id" : "3gR52X6GAqACAxlm",
          "type" : "Class"
        },
        "subsettedProperties" : null,
        "redefinedProperties" : null,
        "aggregationKind" : "NONE"
      }, {
        "id" : "89NV2X6GAqACAxsp",
        "name" : null,
        "description" : null,
        "type" : "Property",
        "propertyAssignments" : null,
        "stereotype" : null,
        "isDerived" : false,
        "isReadOnly" : true,
        "isOrdered" : false,
        "cardinality" : "1",
        "propertyType" : {
          "id" : "MXmV2X6GAqACAxrw",
          "type" : "Class"
        },
        "subsettedProperties" : null,
        "redefinedProperties" : null,
        "aggregationKind" : "NONE"
      } ]
    }, {
      "id" : "XZHV2X6GAqACAxtJ",
      "name" : null,
      "description" : null,
      "type" : "Relation",
      "propertyAssignments" : null,
      "stereotype" : "memberOf",
      "isAbstract" : false,
      "isDerived" : false,
      "properties" : [ {
        "id" : "XZHV2X6GAqACAxtK",
        "name" : null,
        "description" : null,
        "type" : "Property",
        "propertyAssignments" : null,
        "stereotype" : null,
        "isDerived" : false,
        "isReadOnly" : false,
        "isOrdered" : false,
        "cardinality" : "2..*",
        "propertyType" : {
          "id" : "IGJV2X6GAqACAxsJ",
          "type" : "Class"
        },
        "subsettedProperties" : null,
        "redefinedProperties" : null,
        "aggregationKind" : "NONE"
      }, {
        "id" : "XZHV2X6GAqACAxtM",
        "name" : null,
        "description" : null,
        "type" : "Property",
        "propertyAssignments" : null,
        "stereotype" : null,
        "isDerived" : false,
        "isReadOnly" : false,
        "isOrdered" : false,
        "cardinality" : "1",
        "propertyType" : {
          "id" : "MXmV2X6GAqACAxrw",
          "type" : "Class"
        },
        "subsettedProperties" : null,
        "redefinedProperties" : null,
        "aggregationKind" : "COMPOSITE"
      } ]
    }, {
      "id" : "anw12X6GAqACAxt.",
      "name" : "external dependent in",
      "description" : null,
      "type" : "Relation",
      "propertyAssignments" : null,
      "stereotype" : "formal",
      "isAbstract" : false,
      "isDerived" : false,
      "properties" : [ {
        "id" : "anw12X6GAqACAxt_",
        "name" : null,
        "description" : null,
        "type" : "Property",
        "propertyAssignments" : null,
        "stereotype" : null,
        "isDerived" : false,
        "isReadOnly" : false,
        "isOrdered" : false,
        "cardinality" : "1",
        "propertyType" : {
          "id" : "_qgl2X6GAqACAxok",
          "type" : "Class"
        },
        "subsettedProperties" : null,
        "redefinedProperties" : null,
        "aggregationKind" : "NONE"
      }, {
        "id" : "anw12X6GAqACAxuB",
        "name" : null,
        "description" : null,
        "type" : "Property",
        "propertyAssignments" : null,
        "stereotype" : null,
        "isDerived" : false,
        "isReadOnly" : false,
        "isOrdered" : false,
        "cardinality" : "1",
        "propertyType" : {
          "id" : "MXmV2X6GAqACAxrw",
          "type" : "Class"
        },
        "subsettedProperties" : null,
        "redefinedProperties" : null,
        "aggregationKind" : "NONE"
      } ]
    }, {
      "id" : "o4q12X6GAqACAxum",
      "name" : "inheres in",
      "description" : null,
      "type" : "Relation",
      "propertyAssignments" : null,
      "stereotype" : "characterization",
      "isAbstract" : false,
      "isDerived" : false,
      "properties" : [ {
        "id" : "o4q12X6GAqACAxun",
        "name" : null,
        "description" : null,
        "type" : "Property",
        "propertyAssignments" : null,
        "stereotype" : null,
        "isDerived" : false,
        "isReadOnly" : false,
        "isOrdered" : false,
        "cardinality" : "1..*",
        "propertyType" : {
          "id" : "nYOl2X6GAqACAxpc",
          "type" : "Class"
        },
        "subsettedProperties" : null,
        "redefinedProperties" : null,
        "aggregationKind" : "NONE"
      }, {
        "id" : "o4q12X6GAqACAxup",
        "name" : null,
        "description" : null,
        "type" : "Property",
        "propertyAssignments" : null,
        "stereotype" : null,
        "isDerived" : false,
        "isReadOnly" : true,
        "isOrdered" : false,
        "cardinality" : "1",
        "propertyType" : {
          "id" : "MXmV2X6GAqACAxrw",
          "type" : "Class"
        },
        "subsettedProperties" : null,
        "redefinedProperties" : null,
        "aggregationKind" : "NONE"
      } ]
    } ]
  },
  "diagrams" : [ {
    "id" : "J.eZ2X6GAqACAxit",
    "name" : "diagram1",
    "description" : null,
    "type" : "Diagram",
    "owner" : {
      "id" : "x52Z2X6GAqACAxTS_root",
      "type" : "Package"
    },
    "contents" : [ {
      "id" : "k4q12X6GAqACAxur",
      "type" : "RelationView",
      "modelElement" : {
        "id" : "o4q12X6GAqACAxum",
        "type" : "Relation"
      },
      "shape" : {
        "id" : "k4q12X6GAqACAxur_path",
        "type" : "Path",
        "points" : [ {
          "x" : 1302,
          "y" : 822
        }, {
          "x" : 1605,
          "y" : 822
        }, {
          "x" : 1605,
          "y" : 385
        } ]
      },
      "source" : {
        "id" : "nYOl2X6GAqACAxpb",
        "type" : "ClassView"
      },
      "target" : {
        "id" : "MXmV2X6GAqACAxrv",
        "type" : "ClassView"
      }
    }, {
      "id" : "Z.0l2X6GAqACAxpA",
      "type" : "RelationView",
      "modelElement" : {
        "id" : "R.0l2X6GAqACAxo7",
        "type" : "Relation"
      },
      "shape" : {
        "id" : "Z.0l2X6GAqACAxpA_path",
        "type" : "Path",
        "points" : [ {
          "x" : 872,
          "y" : 565
        }, {
          "x" : 340,
          "y" : 565
        }, {
          "x" : 340,
          "y" : 290
        } ]
      },
      "source" : {
        "id" : "fqgl2X6GAqACAxoj",
        "type" : "ClassView"
      },
      "target" : {
        "id" : "2i352X6GAqACAxm_",
        "type" : "ClassView"
      }
    }, {
      "id" : "ToMV2X6GAqACAxrM",
      "type" : "RelationView",
      "modelElement" : {
        "id" : "doMV2X6GAqACAxrH",
        "type" : "Relation"
      },
      "shape" : {
        "id" : "ToMV2X6GAqACAxrM_path",
        "type" : "Path",
        "points" : [ {
          "x" : 1006,
          "y" : 826
        }, {
          "x" : 236,
          "y" : 826
        }, {
          "x" : 236,
          "y" : 290
        } ]
      },
      "source" : {
        "id" : "nYOl2X6GAqACAxpb",
        "type" : "ClassView"
      },
      "target" : {
        "id" : "2i352X6GAqACAxm_",
        "type" : "ClassView"
      }
    }, {
      "id" : "Xe_V2X6GAqACAxt2",
      "type" : "RelationView",
      "modelElement" : {
        "id" : "XZHV2X6GAqACAxtJ",
        "type" : "Relation"
      },
      "shape" : {
        "id" : "Xe_V2X6GAqACAxt2_path",
        "type" : "Path",
        "points" : [ {
          "x" : 1897,
          "y" : 365
        }, {
          "x" : 1627,
          "y" : 365
        } ]
      },
      "source" : {
        "id" : "IGJV2X6GAqACAxsI",
        "type" : "ClassView"
      },
      "target" : {
        "id" : "MXmV2X6GAqACAxrv",
        "type" : "ClassView"
      }
    }, {
      "id" : "aEl52X6GAqACAxmE",
      "type" : "RelationView",
      "modelElement" : {
        "id" : "SEl52X6GAqACAxl_",
        "type" : "Relation"
      },
      "shape" : {
        "id" : "aEl52X6GAqACAxmE_path",
        "type" : "Path",
        "points" : [ {
          "x" : 953,
          "y" : 194
        }, {
          "x" : 953,
          "y" : 344
        } ]
      },
      "source" : {
        "id" : "VofZ2X6GAqACAxkI",
        "type" : "ClassView"
      },
      "target" : {
        "id" : "XgR52X6GAqACAxll",
        "type" : "ClassView"
      }
    }, {
      "id" : "VfXZ2X6GAqACAxjx",
      "type" : "RelationView",
      "modelElement" : {
        "id" : "pfXZ2X6GAqACAxjs",
        "type" : "Relation"
      },
      "shape" : {
        "id" : "VfXZ2X6GAqACAxjx_path",
        "type" : "Path",
        "points" : [ {
          "x" : 862,
          "y" : 70
        }, {
          "x" : 417,
          "y" : 70
        } ]
      },
      "source" : {
        "id" : "aV1Z2X6GAqACAxjB",
        "type" : "ClassView"
      },
      "target" : {
        "id" : "C4FZ2X6GAqACAxi1",
        "type" : "ClassView"
      }
    }, {
      "id" : "BPD52X6GAqACAxmi",
      "type" : "RelationView",
      "modelElement" : {
        "id" : "2PD52X6GAqACAxmd",
        "type" : "Relation"
      },
      "shape" : {
        "id" : "BPD52X6GAqACAxmi_path",
        "type" : "Path",
        "points" : [ {
          "x" : 1317,
          "y" : 225
        }, {
          "x" : 1062,
          "y" : 225
        }, {
          "x" : 1062,
          "y" : 345
        } ]
      },
      "source" : {
        "id" : "D7S52X6GAqACAxkf",
        "type" : "ClassView"
      },
      "target" : {
        "id" : "XgR52X6GAqACAxll",
        "type" : "ClassView"
      }
    }, {
      "id" : "gMNl2X6GAqACAxqE",
      "type" : "RelationView",
      "modelElement" : {
        "id" : "P0Nl2X6GAqACAxp_",
        "type" : "Relation"
      },
      "shape" : {
        "id" : "gMNl2X6GAqACAxqE_path",
        "type" : "Path",
        "points" : [ {
          "x" : 1058,
          "y" : 386
        }, {
          "x" : 1058,
          "y" : 486
        }, {
          "x" : 1238,
          "y" : 492
        }, {
          "x" : 1238,
          "y" : 806
        } ]
      },
      "source" : {
        "id" : "XgR52X6GAqACAxll",
        "type" : "ClassView"
      },
      "target" : {
        "id" : "nYOl2X6GAqACAxpb",
        "type" : "ClassView"
      }
    }, {
      "id" : "XgR52X6GAqACAxll",
      "type" : "ClassView",
      "modelElement" : {
        "id" : "3gR52X6GAqACAxlm",
        "type" : "Class"
      },
      "shape" : {
        "id" : "XgR52X6GAqACAxll_shape",
        "type" : "Rectangle",
        "x" : 830,
        "y" : 345,
        "width" : 250,
        "height" : 40
      }
    }, {
      "id" : "nYOl2X6GAqACAxpb",
      "type" : "ClassView",
      "modelElement" : {
        "id" : "nYOl2X6GAqACAxpc",
        "type" : "Class"
      },
      "shape" : {
        "id" : "nYOl2X6GAqACAxpb_shape",
        "type" : "Rectangle",
        "x" : 1006,
        "y" : 806,
        "width" : 296,
        "height" : 40
      }
    }, {
      "id" : "aV1Z2X6GAqACAxjB",
      "type" : "ClassView",
      "modelElement" : {
        "id" : "aV1Z2X6GAqACAxjC",
        "type" : "Class"
      },
      "shape" : {
        "id" : "aV1Z2X6GAqACAxjB_shape",
        "type" : "Rectangle",
        "x" : 862,
        "y" : 52,
        "width" : 145,
        "height" : 40
      }
    }, {
      "id" : "wA252X6GAqACAxlI",
      "type" : "RelationView",
      "modelElement" : {
        "id" : "AA252X6GAqACAxlD",
        "type" : "Relation"
      },
      "shape" : {
        "id" : "wA252X6GAqACAxlI_path",
        "type" : "Path",
        "points" : [ {
          "x" : 1435,
          "y" : 229
        }, {
          "x" : 1622,
          "y" : 229
        } ]
      },
      "source" : {
        "id" : "D7S52X6GAqACAxkf",
        "type" : "ClassView"
      },
      "target" : {
        "id" : "6ea52X6GAqACAxku",
        "type" : "ClassView"
      }
    }, {
      "id" : "b6fl2X6GAqACAxqa",
      "type" : "RelationView",
      "modelElement" : {
        "id" : "5H5l2X6GAqACAxpt",
        "type" : "Relation"
      },
      "shape" : {
        "id" : "b6fl2X6GAqACAxqa_path",
        "type" : "Path",
        "points" : [ {
          "x" : 960,
          "y" : 554
        }, {
          "x" : 960,
          "y" : 386
        } ]
      },
      "source" : {
        "id" : "fqgl2X6GAqACAxoj",
        "type" : "ClassView"
      },
      "target" : {
        "id" : "XgR52X6GAqACAxll",
        "type" : "ClassView"
      }
    }, {
      "id" : "VxXF2X6GAqACAxoG",
      "type" : "RelationView",
      "modelElement" : {
        "id" : "pxXF2X6GAqACAxoB",
        "type" : "Relation"
      },
      "shape" : {
        "id" : "VxXF2X6GAqACAxoG_path",
        "type" : "Path",
        "points" : [ {
          "x" : 395,
          "y" : 290
        }, {
          "x" : 395,
          "y" : 368
        }, {
          "x" : 830,
          "y" : 368
        } ]
      },
      "source" : {
        "id" : "2i352X6GAqACAxm_",
        "type" : "ClassView"
      },
      "target" : {
        "id" : "XgR52X6GAqACAxll",
        "type" : "ClassView"
      }
    }, {
      "id" : "6ea52X6GAqACAxku",
      "type" : "ClassView",
      "modelElement" : {
        "id" : "6ea52X6GAqACAxkv",
        "type" : "Class"
      },
      "shape" : {
        "id" : "6ea52X6GAqACAxku_shape",
        "type" : "Rectangle",
        "x" : 1622,
        "y" : 210,
        "width" : 137,
        "height" : 40
      }
    }, {
      "id" : "2i352X6GAqACAxm_",
      "type" : "ClassView",
      "modelElement" : {
        "id" : "Oi352X6GAqACAxnA",
        "type" : "Class"
      },
      "shape" : {
        "id" : "2i352X6GAqACAxm__shape",
        "type" : "Rectangle",
        "x" : 175,
        "y" : 250,
        "width" : 325,
        "height" : 40
      }
    }, {
      "id" : "fqgl2X6GAqACAxoj",
      "type" : "ClassView",
      "modelElement" : {
        "id" : "_qgl2X6GAqACAxok",
        "type" : "Class"
      },
      "shape" : {
        "id" : "fqgl2X6GAqACAxoj_shape",
        "type" : "Rectangle",
        "x" : 872,
        "y" : 555,
        "width" : 166,
        "height" : 40
      }
    }, {
      "id" : "nxAF2X6GAqACAxnb",
      "type" : "RelationView",
      "modelElement" : {
        "id" : "rxAF2X6GAqACAxnW",
        "type" : "Relation"
      },
      "shape" : {
        "id" : "nxAF2X6GAqACAxnb_path",
        "type" : "Path",
        "points" : [ {
          "x" : 332,
          "y" : 92
        }, {
          "x" : 332,
          "y" : 250
        } ]
      },
      "source" : {
        "id" : "C4FZ2X6GAqACAxi1",
        "type" : "ClassView"
      },
      "target" : {
        "id" : "2i352X6GAqACAxm_",
        "type" : "ClassView"
      }
    }, {
      "id" : "Wnw12X6GAqACAxuD",
      "type" : "RelationView",
      "modelElement" : {
        "id" : "anw12X6GAqACAxt.",
        "type" : "Relation"
      },
      "shape" : {
        "id" : "Wnw12X6GAqACAxuD_path",
        "type" : "Path",
        "points" : [ {
          "x" : 1040,
          "y" : 575
        }, {
          "x" : 1497,
          "y" : 575
        }, {
          "x" : 1497,
          "y" : 385
        } ]
      },
      "source" : {
        "id" : "fqgl2X6GAqACAxoj",
        "type" : "ClassView"
      },
      "target" : {
        "id" : "MXmV2X6GAqACAxrv",
        "type" : "ClassView"
      }
    }, {
      "id" : "C4FZ2X6GAqACAxi1",
      "type" : "ClassView",
      "modelElement" : {
        "id" : "i4FZ2X6GAqACAxi2",
        "type" : "Class"
      },
      "shape" : {
        "id" : "C4FZ2X6GAqACAxi1_shape",
        "type" : "Rectangle",
        "x" : 260,
        "y" : 52,
        "width" : 157,
        "height" : 40
      }
    }, {
      "id" : "MXmV2X6GAqACAxrv",
      "type" : "ClassView",
      "modelElement" : {
        "id" : "MXmV2X6GAqACAxrw",
        "type" : "Class"
      },
      "shape" : {
        "id" : "MXmV2X6GAqACAxrv_shape",
        "type" : "Rectangle",
        "x" : 1475,
        "y" : 345,
        "width" : 152,
        "height" : 40
      }
    }, {
      "id" : "VofZ2X6GAqACAxkI",
      "type" : "ClassView",
      "modelElement" : {
        "id" : "VofZ2X6GAqACAxkJ",
        "type" : "Class"
      },
      "shape" : {
        "id" : "VofZ2X6GAqACAxkI_shape",
        "type" : "Rectangle",
        "x" : 902,
        "y" : 155,
        "width" : 107,
        "height" : 40
      }
    }, {
      "id" : "IGJV2X6GAqACAxsI",
      "type" : "ClassView",
      "modelElement" : {
        "id" : "IGJV2X6GAqACAxsJ",
        "type" : "Class"
      },
      "shape" : {
        "id" : "IGJV2X6GAqACAxsI_shape",
        "type" : "Rectangle",
        "x" : 1897,
        "y" : 345,
        "width" : 85,
        "height" : 40
      }
    }, {
      "id" : "D7S52X6GAqACAxkf",
      "type" : "ClassView",
      "modelElement" : {
        "id" : "j7S52X6GAqACAxkg",
        "type" : "Class"
      },
      "shape" : {
        "id" : "D7S52X6GAqACAxkf_shape",
        "type" : "Rectangle",
        "x" : 1317,
        "y" : 210,
        "width" : 117,
        "height" : 40
      }
    }, {
      "id" : "y9NV2X6GAqACAxsr",
      "type" : "RelationView",
      "modelElement" : {
        "id" : "89NV2X6GAqACAxsm",
        "type" : "Relation"
      },
      "shape" : {
        "id" : "y9NV2X6GAqACAxsr_path",
        "type" : "Path",
        "points" : [ {
          "x" : 1080,
          "y" : 360
        }, {
          "x" : 1475,
          "y" : 360
        } ]
      },
      "source" : {
        "id" : "XgR52X6GAqACAxll",
        "type" : "ClassView"
      },
      "target" : {
        "id" : "MXmV2X6GAqACAxrv",
        "type" : "ClassView"
      }
    } ]
  } ]
}