{
  "id" : "V1NTWX6GAqACAwuU",
  "name" : "debbech2019conceptual",
  "description" : null,
  "type" : "Project",
  "model" : {
    "id" : "V1NTWX6GAqACAwuU_root",
    "name" : "debbech2019conceptual",
    "description" : null,
    "type" : "Package",
    "propertyAssignments" : null,
    "contents" : [ {
      "id" : "UrOJQGGGAqAAEQri",
      "name" : "UFO",
      "description" : null,
      "type" : "Package",
      "propertyAssignments" : null,
      "contents" : [ {
        "id" : "B4JrWX6GAqACAw94",
        "name" : "Relator",
        "description" : null,
        "type" : "Class",
        "propertyAssignments" : null,
        "stereotype" : null,
        "isAbstract" : false,
        "isDerived" : false,
        "properties" : null,
        "isExtensional" : null,
        "isPowertype" : null,
        "order" : null,
        "literals" : null,
        "restrictedTo" : null
      }, {
        "id" : "KSZrWX6GAqACAw.C",
        "name" : "Role",
        "description" : null,
        "type" : "Class",
        "propertyAssignments" : null,
        "stereotype" : null,
        "isAbstract" : false,
        "isDerived" : false,
        "properties" : null,
        "isExtensional" : null,
        "isPowertype" : null,
        "order" : null,
        "literals" : null,
        "restrictedTo" : null
      }, {
        "id" : ".91rWX6GAqACAw.O",
        "name" : "Kind",
        "description" : null,
        "type" : "Class",
        "propertyAssignments" : null,
        "stereotype" : null,
        "isAbstract" : false,
        "isDerived" : false,
        "properties" : null,
        "isExtensional" : null,
        "isPowertype" : null,
        "order" : null,
        "literals" : null,
        "restrictedTo" : null
      }, {
        "id" : "JATrWX6GAqACAw.g",
        "name" : "Action",
        "description" : null,
        "type" : "Class",
        "propertyAssignments" : null,
        "stereotype" : null,
        "isAbstract" : false,
        "isDerived" : false,
        "properties" : null,
        "isExtensional" : null,
        "isPowertype" : null,
        "order" : null,
        "literals" : null,
        "restrictedTo" : null
      }, {
        "id" : "s.7rWX6GAqACAw.z",
        "name" : "Intention",
        "description" : null,
        "type" : "Class",
        "propertyAssignments" : null,
        "stereotype" : null,
        "isAbstract" : false,
        "isDerived" : false,
        "properties" : null,
        "isExtensional" : null,
        "isPowertype" : null,
        "order" : null,
        "literals" : null,
        "restrictedTo" : null
      }, {
        "id" : "aBXrWX6GAqACAw_D",
        "name" : "Goal",
        "description" : null,
        "type" : "Class",
        "propertyAssignments" : null,
        "stereotype" : null,
        "isAbstract" : false,
        "isDerived" : false,
        "properties" : null,
        "isExtensional" : null,
        "isPowertype" : null,
        "order" : null,
        "literals" : null,
        "restrictedTo" : null
      }, {
        "id" : "ITvrWX6GAqACAw_P",
        "name" : "Desire",
        "description" : null,
        "type" : "Class",
        "propertyAssignments" : null,
        "stereotype" : null,
        "isAbstract" : false,
        "isDerived" : false,
        "properties" : null,
        "isExtensional" : null,
        "isPowertype" : null,
        "order" : null,
        "literals" : null,
        "restrictedTo" : null
      }, {
        "id" : "u.gbWX6GAqACAw_n",
        "name" : "Proposition",
        "description" : null,
        "type" : "Class",
        "propertyAssignments" : null,
        "stereotype" : null,
        "isAbstract" : false,
        "isDerived" : false,
        "properties" : null,
        "isExtensional" : null,
        "isPowertype" : null,
        "order" : null,
        "literals" : null,
        "restrictedTo" : null
      }, {
        "id" : "VzIbWX6GAqACAw_3",
        "name" : "Situation",
        "description" : null,
        "type" : "Class",
        "propertyAssignments" : null,
        "stereotype" : null,
        "isAbstract" : false,
        "isDerived" : false,
        "properties" : null,
        "isExtensional" : null,
        "isPowertype" : null,
        "order" : null,
        "literals" : null,
        "restrictedTo" : null
      }, {
        "id" : "ZbibWX6GAqACAxAx",
        "name" : "Agent",
        "description" : null,
        "type" : "Class",
        "propertyAssignments" : null,
        "stereotype" : null,
        "isAbstract" : false,
        "isDerived" : false,
        "properties" : null,
        "isExtensional" : null,
        "isPowertype" : null,
        "order" : null,
        "literals" : null,
        "restrictedTo" : null
      }, {
        "id" : "9z3bWX6GAqACAxDE",
        "name" : null,
        "description" : null,
        "type" : "Generalization",
        "propertyAssignments" : null,
        "general" : {
          "id" : "B4JrWX6GAqACAw94",
          "type" : "Class"
        },
        "specific" : {
          "id" : "LzWbWX6GAqACAxBP",
          "type" : "Class"
        }
      }, {
        "id" : "trw7WX6GAqACAxDY",
        "name" : null,
        "description" : null,
        "type" : "Generalization",
        "propertyAssignments" : null,
        "general" : {
          "id" : "KSZrWX6GAqACAw.C",
          "type" : "Class"
        },
        "specific" : {
          "id" : "1AqbWX6GAqACAxBD",
          "type" : "Class"
        }
      }, {
        "id" : "QoRXWX6GAqACAxH1",
        "name" : null,
        "description" : null,
        "type" : "Generalization",
        "propertyAssignments" : null,
        "general" : {
          "id" : "u.gbWX6GAqACAw_n",
          "type" : "Class"
        },
        "specific" : {
          "id" : "aBXrWX6GAqACAw_D",
          "type" : "Class"
        }
      }, {
        "id" : "HR9XWX6GAqACAxIh",
        "name" : null,
        "description" : null,
        "type" : "Generalization",
        "propertyAssignments" : null,
        "general" : {
          "id" : "aBXrWX6GAqACAw_D",
          "type" : "Class"
        },
        "specific" : {
          "id" : "d1EbWX6GAqACAxAH",
          "type" : "Class"
        }
      }, {
        "id" : "H7f3WX6GAqACAxLw",
        "name" : null,
        "description" : null,
        "type" : "Generalization",
        "propertyAssignments" : null,
        "general" : {
          "id" : "VzIbWX6GAqACAw_3",
          "type" : "Class"
        },
        "specific" : {
          "id" : "JjlbWX6GAqACAxCN",
          "type" : "Class"
        }
      }, {
        "id" : "jXvPWX6GAqACAxOB",
        "name" : null,
        "description" : null,
        "type" : "Generalization",
        "propertyAssignments" : null,
        "general" : {
          "id" : "JATrWX6GAqACAw.g",
          "type" : "Class"
        },
        "specific" : {
          "id" : "LuhbWX6GAqACAxBr",
          "type" : "Class"
        }
      }, {
        "id" : "cWKvWX6GAqACAxPV",
        "name" : null,
        "description" : null,
        "type" : "Generalization",
        "propertyAssignments" : null,
        "general" : {
          "id" : "ZbibWX6GAqACAxAx",
          "type" : "Class"
        },
        "specific" : {
          "id" : "TP8bWX6GAqACAxAj",
          "type" : "Class"
        }
      }, {
        "id" : "cCjvWX6GAqACAxQ_",
        "name" : null,
        "description" : null,
        "type" : "Generalization",
        "propertyAssignments" : null,
        "general" : {
          "id" : "B4JrWX6GAqACAw94",
          "type" : "Class"
        },
        "specific" : {
          "id" : "kZpbWX6GAqACAxB5",
          "type" : "Class"
        }
      }, {
        "id" : "9hTfWX6GAqACAxST",
        "name" : null,
        "description" : null,
        "type" : "Generalization",
        "propertyAssignments" : null,
        "general" : {
          "id" : ".91rWX6GAqACAw.O",
          "type" : "Class"
        },
        "specific" : {
          "id" : "VbebWX6GAqACAxBd",
          "type" : "Class"
        }
      }, {
        "id" : "02x_WX6GAqACAxS7",
        "name" : null,
        "description" : null,
        "type" : "Generalization",
        "propertyAssignments" : null,
        "general" : {
          "id" : "JATrWX6GAqACAw.g",
          "type" : "Class"
        },
        "specific" : {
          "id" : "KT0bWX6GAqACAxAX",
          "type" : "Class"
        }
      }, {
        "id" : "hQU7WX6GAqACAxD4",
        "name" : "plays",
        "description" : null,
        "type" : "Relation",
        "propertyAssignments" : null,
        "stereotype" : null,
        "isAbstract" : false,
        "isDerived" : false,
        "properties" : [ {
          "id" : "hQU7WX6GAqACAxD5",
          "name" : null,
          "description" : null,
          "type" : "Property",
          "propertyAssignments" : null,
          "stereotype" : null,
          "isDerived" : false,
          "isReadOnly" : false,
          "isOrdered" : false,
          "cardinality" : "1",
          "propertyType" : {
            "id" : ".91rWX6GAqACAw.O",
            "type" : "Class"
          },
          "subsettedProperties" : null,
          "redefinedProperties" : null,
          "aggregationKind" : "NONE"
        }, {
          "id" : "hQU7WX6GAqACAxD7",
          "name" : null,
          "description" : null,
          "type" : "Property",
          "propertyAssignments" : null,
          "stereotype" : null,
          "isDerived" : false,
          "isReadOnly" : false,
          "isOrdered" : false,
          "cardinality" : "1..*",
          "propertyType" : {
            "id" : "KSZrWX6GAqACAw.C",
            "type" : "Class"
          },
          "subsettedProperties" : null,
          "redefinedProperties" : null,
          "aggregationKind" : "NONE"
        } ]
      }, {
        "id" : "fzcnWX6GAqACAxEn",
        "name" : "performs",
        "description" : null,
        "type" : "Relation",
        "propertyAssignments" : null,
        "stereotype" : null,
        "isAbstract" : false,
        "isDerived" : false,
        "properties" : [ {
          "id" : "fzcnWX6GAqACAxEo",
          "name" : null,
          "description" : null,
          "type" : "Property",
          "propertyAssignments" : null,
          "stereotype" : null,
          "isDerived" : false,
          "isReadOnly" : false,
          "isOrdered" : false,
          "cardinality" : "*",
          "propertyType" : {
            "id" : "ZbibWX6GAqACAxAx",
            "type" : "Class"
          },
          "subsettedProperties" : null,
          "redefinedProperties" : null,
          "aggregationKind" : "NONE"
        }, {
          "id" : "fzcnWX6GAqACAxEq",
          "name" : null,
          "description" : null,
          "type" : "Property",
          "propertyAssignments" : null,
          "stereotype" : null,
          "isDerived" : false,
          "isReadOnly" : false,
          "isOrdered" : false,
          "cardinality" : "*",
          "propertyType" : {
            "id" : "JATrWX6GAqACAw.g",
            "type" : "Class"
          },
          "subsettedProperties" : null,
          "redefinedProperties" : null,
          "aggregationKind" : "NONE"
        } ]
      }, {
        "id" : "V0KnWX6GAqACAxE9",
        "name" : "caused by",
        "description" : null,
        "type" : "Relation",
        "propertyAssignments" : null,
        "stereotype" : null,
        "isAbstract" : false,
        "isDerived" : false,
        "properties" : [ {
          "id" : "V0KnWX6GAqACAxE.",
          "name" : null,
          "description" : null,
          "type" : "Property",
          "propertyAssignments" : null,
          "stereotype" : null,
          "isDerived" : false,
          "isReadOnly" : false,
          "isOrdered" : false,
          "cardinality" : "1",
          "propertyType" : {
            "id" : "JATrWX6GAqACAw.g",
            "type" : "Class"
          },
          "subsettedProperties" : null,
          "redefinedProperties" : null,
          "aggregationKind" : "NONE"
        }, {
          "id" : "V0KnWX6GAqACAxFA",
          "name" : null,
          "description" : null,
          "type" : "Property",
          "propertyAssignments" : null,
          "stereotype" : null,
          "isDerived" : false,
          "isReadOnly" : false,
          "isOrdered" : false,
          "cardinality" : "1..*",
          "propertyType" : {
            "id" : "s.7rWX6GAqACAw.z",
            "type" : "Class"
          },
          "subsettedProperties" : null,
          "redefinedProperties" : null,
          "aggregationKind" : "NONE"
        } ]
      }, {
        "id" : "3RkXWX6GAqACAxGP",
        "name" : "satisfy",
        "description" : null,
        "type" : "Relation",
        "propertyAssignments" : null,
        "stereotype" : null,
        "isAbstract" : false,
        "isDerived" : false,
        "properties" : [ {
          "id" : "3RkXWX6GAqACAxGQ",
          "name" : null,
          "description" : null,
          "type" : "Property",
          "propertyAssignments" : null,
          "stereotype" : null,
          "isDerived" : false,
          "isReadOnly" : false,
          "isOrdered" : false,
          "cardinality" : "1..*",
          "propertyType" : {
            "id" : "JATrWX6GAqACAw.g",
            "type" : "Class"
          },
          "subsettedProperties" : null,
          "redefinedProperties" : null,
          "aggregationKind" : "NONE"
        }, {
          "id" : "3RkXWX6GAqACAxGS",
          "name" : null,
          "description" : null,
          "type" : "Property",
          "propertyAssignments" : null,
          "stereotype" : null,
          "isDerived" : false,
          "isReadOnly" : false,
          "isOrdered" : false,
          "cardinality" : "1..*",
          "propertyType" : {
            "id" : "aBXrWX6GAqACAw_D",
            "type" : "Class"
          },
          "subsettedProperties" : null,
          "redefinedProperties" : null,
          "aggregationKind" : "NONE"
        } ]
      }, {
        "id" : "G98XWX6GAqACAxGx",
        "name" : "propositional content of",
        "description" : null,
        "type" : "Relation",
        "propertyAssignments" : null,
        "stereotype" : null,
        "isAbstract" : false,
        "isDerived" : false,
        "properties" : [ {
          "id" : "G98XWX6GAqACAxGy",
          "name" : null,
          "description" : null,
          "type" : "Property",
          "propertyAssignments" : null,
          "stereotype" : null,
          "isDerived" : false,
          "isReadOnly" : false,
          "isOrdered" : false,
          "cardinality" : "*",
          "propertyType" : {
            "id" : "s.7rWX6GAqACAw.z",
            "type" : "Class"
          },
          "subsettedProperties" : null,
          "redefinedProperties" : null,
          "aggregationKind" : "NONE"
        }, {
          "id" : "G98XWX6GAqACAxG0",
          "name" : null,
          "description" : null,
          "type" : "Property",
          "propertyAssignments" : null,
          "stereotype" : null,
          "isDerived" : false,
          "isReadOnly" : false,
          "isOrdered" : false,
          "cardinality" : "1..*",
          "propertyType" : {
            "id" : "aBXrWX6GAqACAw_D",
            "type" : "Class"
          },
          "subsettedProperties" : null,
          "redefinedProperties" : null,
          "aggregationKind" : "NONE"
        } ]
      }, {
        "id" : "zlmXWX6GAqACAxHZ",
        "name" : null,
        "description" : null,
        "type" : "Relation",
        "propertyAssignments" : null,
        "stereotype" : null,
        "isAbstract" : false,
        "isDerived" : false,
        "properties" : [ {
          "id" : "zlmXWX6GAqACAxHa",
          "name" : null,
          "description" : null,
          "type" : "Property",
          "propertyAssignments" : null,
          "stereotype" : null,
          "isDerived" : false,
          "isReadOnly" : false,
          "isOrdered" : false,
          "cardinality" : "*",
          "propertyType" : {
            "id" : "ITvrWX6GAqACAw_P",
            "type" : "Class"
          },
          "subsettedProperties" : null,
          "redefinedProperties" : null,
          "aggregationKind" : "NONE"
        }, {
          "id" : "LlmXWX6GAqACAxHc",
          "name" : null,
          "description" : null,
          "type" : "Property",
          "propertyAssignments" : null,
          "stereotype" : null,
          "isDerived" : false,
          "isReadOnly" : false,
          "isOrdered" : false,
          "cardinality" : "1..*",
          "propertyType" : {
            "id" : "aBXrWX6GAqACAw_D",
            "type" : "Class"
          },
          "subsettedProperties" : null,
          "redefinedProperties" : null,
          "aggregationKind" : "NONE"
        } ]
      }, {
        "id" : "5EJXWX6GAqACAxH7",
        "name" : "satisfies",
        "description" : null,
        "type" : "Relation",
        "propertyAssignments" : null,
        "stereotype" : null,
        "isAbstract" : false,
        "isDerived" : false,
        "properties" : [ {
          "id" : "5EJXWX6GAqACAxH8",
          "name" : null,
          "description" : null,
          "type" : "Property",
          "propertyAssignments" : null,
          "stereotype" : null,
          "isDerived" : false,
          "isReadOnly" : false,
          "isOrdered" : false,
          "cardinality" : "*",
          "propertyType" : {
            "id" : "u.gbWX6GAqACAw_n",
            "type" : "Class"
          },
          "subsettedProperties" : null,
          "redefinedProperties" : null,
          "aggregationKind" : "NONE"
        }, {
          "id" : "5EJXWX6GAqACAxH.",
          "name" : null,
          "description" : null,
          "type" : "Property",
          "propertyAssignments" : null,
          "stereotype" : null,
          "isDerived" : false,
          "isReadOnly" : false,
          "isOrdered" : false,
          "cardinality" : "1..*",
          "propertyType" : {
            "id" : "VzIbWX6GAqACAw_3",
            "type" : "Class"
          },
          "subsettedProperties" : null,
          "redefinedProperties" : null,
          "aggregationKind" : "NONE"
        } ]
      }, {
        "id" : "7_LXWX6GAqACAxI8",
        "name" : null,
        "description" : null,
        "type" : "Relation",
        "propertyAssignments" : null,
        "stereotype" : null,
        "isAbstract" : false,
        "isDerived" : false,
        "properties" : [ {
          "id" : "7_LXWX6GAqACAxI9",
          "name" : "post-situation",
          "description" : null,
          "type" : "Property",
          "propertyAssignments" : null,
          "stereotype" : null,
          "isDerived" : false,
          "isReadOnly" : false,
          "isOrdered" : false,
          "cardinality" : "1..*",
          "propertyType" : {
            "id" : "VzIbWX6GAqACAw_3",
            "type" : "Class"
          },
          "subsettedProperties" : null,
          "redefinedProperties" : null,
          "aggregationKind" : "NONE"
        }, {
          "id" : "7_LXWX6GAqACAxI_",
          "name" : null,
          "description" : null,
          "type" : "Property",
          "propertyAssignments" : null,
          "stereotype" : null,
          "isDerived" : false,
          "isReadOnly" : false,
          "isOrdered" : false,
          "cardinality" : "1..*",
          "propertyType" : {
            "id" : "JATrWX6GAqACAw.g",
            "type" : "Class"
          },
          "subsettedProperties" : null,
          "redefinedProperties" : null,
          "aggregationKind" : "NONE"
        } ]
      } ]
    }, {
      "id" : "d1EbWX6GAqACAxAH",
      "name" : "Safety Goal",
      "description" : null,
      "type" : "Class",
      "propertyAssignments" : null,
      "stereotype" : null,
      "isAbstract" : false,
      "isDerived" : false,
      "properties" : null,
      "isExtensional" : null,
      "isPowertype" : null,
      "order" : null,
      "literals" : null,
      "restrictedTo" : null
    }, {
      "id" : "KT0bWX6GAqACAxAX",
      "name" : "Safety Measures",
      "description" : null,
      "type" : "Class",
      "propertyAssignments" : null,
      "stereotype" : null,
      "isAbstract" : false,
      "isDerived" : false,
      "properties" : null,
      "isExtensional" : null,
      "isPowertype" : null,
      "order" : null,
      "literals" : null,
      "restrictedTo" : null
    }, {
      "id" : "TP8bWX6GAqACAxAj",
      "name" : "Organization",
      "description" : null,
      "type" : "Class",
      "propertyAssignments" : null,
      "stereotype" : null,
      "isAbstract" : false,
      "isDerived" : false,
      "properties" : null,
      "isExtensional" : null,
      "isPowertype" : null,
      "order" : null,
      "literals" : null,
      "restrictedTo" : null
    }, {
      "id" : "1AqbWX6GAqACAxBD",
      "name" : "Stakeholder Role",
      "description" : null,
      "type" : "Class",
      "propertyAssignments" : null,
      "stereotype" : null,
      "isAbstract" : false,
      "isDerived" : false,
      "properties" : null,
      "isExtensional" : null,
      "isPowertype" : null,
      "order" : null,
      "literals" : null,
      "restrictedTo" : null
    }, {
      "id" : "LzWbWX6GAqACAxBP",
      "name" : "Assignment",
      "description" : null,
      "type" : "Class",
      "propertyAssignments" : null,
      "stereotype" : null,
      "isAbstract" : false,
      "isDerived" : false,
      "properties" : null,
      "isExtensional" : null,
      "isPowertype" : null,
      "order" : null,
      "literals" : null,
      "restrictedTo" : null
    }, {
      "id" : "VbebWX6GAqACAxBd",
      "name" : "Stakeholder",
      "description" : null,
      "type" : "Class",
      "propertyAssignments" : null,
      "stereotype" : null,
      "isAbstract" : false,
      "isDerived" : false,
      "properties" : null,
      "isExtensional" : null,
      "isPowertype" : null,
      "order" : null,
      "literals" : null,
      "restrictedTo" : null
    }, {
      "id" : "LuhbWX6GAqACAxBr",
      "name" : "Task",
      "description" : null,
      "type" : "Class",
      "propertyAssignments" : null,
      "stereotype" : null,
      "isAbstract" : false,
      "isDerived" : false,
      "properties" : null,
      "isExtensional" : null,
      "isPowertype" : null,
      "order" : null,
      "literals" : null,
      "restrictedTo" : null
    }, {
      "id" : "kZpbWX6GAqACAxB5",
      "name" : "Permission",
      "description" : null,
      "type" : "Class",
      "propertyAssignments" : null,
      "stereotype" : null,
      "isAbstract" : false,
      "isDerived" : false,
      "properties" : null,
      "isExtensional" : null,
      "isPowertype" : null,
      "order" : null,
      "literals" : null,
      "restrictedTo" : null
    }, {
      "id" : "JjlbWX6GAqACAxCN",
      "name" : "Context",
      "description" : null,
      "type" : "Class",
      "propertyAssignments" : null,
      "stereotype" : null,
      "isAbstract" : false,
      "isDerived" : false,
      "properties" : null,
      "isExtensional" : null,
      "isPowertype" : null,
      "order" : null,
      "literals" : null,
      "restrictedTo" : null
    }, {
      "id" : "pJtbWX6GAqACAxCb",
      "name" : "Safety Requirement",
      "description" : null,
      "type" : "Class",
      "propertyAssignments" : null,
      "stereotype" : null,
      "isAbstract" : false,
      "isDerived" : false,
      "properties" : null,
      "isExtensional" : null,
      "isPowertype" : null,
      "order" : null,
      "literals" : null,
      "restrictedTo" : null
    }, {
      "id" : "UhTbWX6GAqACAxCn",
      "name" : "Functional Requirement",
      "description" : null,
      "type" : "Class",
      "propertyAssignments" : null,
      "stereotype" : null,
      "isAbstract" : false,
      "isDerived" : false,
      "properties" : null,
      "isExtensional" : null,
      "isPowertype" : null,
      "order" : null,
      "literals" : null,
      "restrictedTo" : null
    }, {
      "id" : "O5rbWX6GAqACAxCz",
      "name" : "Requirement",
      "description" : null,
      "type" : "Class",
      "propertyAssignments" : null,
      "stereotype" : null,
      "isAbstract" : false,
      "isDerived" : false,
      "properties" : null,
      "isExtensional" : null,
      "isPowertype" : null,
      "order" : null,
      "literals" : null,
      "restrictedTo" : null
    }, {
      "id" : "7.b3WX6GAqACAxLc",
      "name" : null,
      "description" : null,
      "type" : "Generalization",
      "propertyAssignments" : null,
      "general" : {
        "id" : "O5rbWX6GAqACAxCz",
        "type" : "Class"
      },
      "specific" : {
        "id" : "pJtbWX6GAqACAxCb",
        "type" : "Class"
      }
    }, {
      "id" : "bsH3WX6GAqACAxLk",
      "name" : null,
      "description" : null,
      "type" : "Generalization",
      "propertyAssignments" : null,
      "general" : {
        "id" : "O5rbWX6GAqACAxCz",
        "type" : "Class"
      },
      "specific" : {
        "id" : "UhTbWX6GAqACAxCn",
        "type" : "Class"
      }
    }, {
      "id" : "zSo7WX6GAqACAxDc",
      "name" : null,
      "description" : null,
      "type" : "Relation",
      "propertyAssignments" : null,
      "stereotype" : null,
      "isAbstract" : false,
      "isDerived" : false,
      "properties" : [ {
        "id" : "zSo7WX6GAqACAxDd",
        "name" : null,
        "description" : null,
        "type" : "Property",
        "propertyAssignments" : null,
        "stereotype" : null,
        "isDerived" : false,
        "isReadOnly" : false,
        "isOrdered" : false,
        "cardinality" : "1..*",
        "propertyType" : {
          "id" : "1AqbWX6GAqACAxBD",
          "type" : "Class"
        },
        "subsettedProperties" : null,
        "redefinedProperties" : null,
        "aggregationKind" : "NONE"
      }, {
        "id" : "zSo7WX6GAqACAxDf",
        "name" : null,
        "description" : null,
        "type" : "Property",
        "propertyAssignments" : null,
        "stereotype" : null,
        "isDerived" : false,
        "isReadOnly" : false,
        "isOrdered" : false,
        "cardinality" : "1",
        "propertyType" : {
          "id" : "LzWbWX6GAqACAxBP",
          "type" : "Class"
        },
        "subsettedProperties" : null,
        "redefinedProperties" : null,
        "aggregationKind" : "NONE"
      } ]
    }, {
      "id" : "ehU3WX6GAqACAxJg",
      "name" : "satisfy",
      "description" : null,
      "type" : "Relation",
      "propertyAssignments" : null,
      "stereotype" : null,
      "isAbstract" : false,
      "isDerived" : false,
      "properties" : [ {
        "id" : "ehU3WX6GAqACAxJh",
        "name" : null,
        "description" : null,
        "type" : "Property",
        "propertyAssignments" : null,
        "stereotype" : null,
        "isDerived" : false,
        "isReadOnly" : false,
        "isOrdered" : false,
        "cardinality" : "1..*",
        "propertyType" : {
          "id" : "KT0bWX6GAqACAxAX",
          "type" : "Class"
        },
        "subsettedProperties" : null,
        "redefinedProperties" : null,
        "aggregationKind" : "NONE"
      }, {
        "id" : "ehU3WX6GAqACAxJj",
        "name" : null,
        "description" : null,
        "type" : "Property",
        "propertyAssignments" : null,
        "stereotype" : null,
        "isDerived" : false,
        "isReadOnly" : false,
        "isOrdered" : false,
        "cardinality" : "1..*",
        "propertyType" : {
          "id" : "d1EbWX6GAqACAxAH",
          "type" : "Class"
        },
        "subsettedProperties" : null,
        "redefinedProperties" : null,
        "aggregationKind" : "NONE"
      } ]
    }, {
      "id" : "xHW3WX6GAqACAxKW",
      "name" : "sub-goals",
      "description" : null,
      "type" : "Relation",
      "propertyAssignments" : null,
      "stereotype" : null,
      "isAbstract" : false,
      "isDerived" : false,
      "properties" : [ {
        "id" : "xHW3WX6GAqACAxKX",
        "name" : null,
        "description" : null,
        "type" : "Property",
        "propertyAssignments" : null,
        "stereotype" : null,
        "isDerived" : false,
        "isReadOnly" : false,
        "isOrdered" : false,
        "cardinality" : "*",
        "propertyType" : {
          "id" : "d1EbWX6GAqACAxAH",
          "type" : "Class"
        },
        "subsettedProperties" : null,
        "redefinedProperties" : null,
        "aggregationKind" : "SHARED"
      }, {
        "id" : "xHW3WX6GAqACAxKZ",
        "name" : null,
        "description" : null,
        "type" : "Property",
        "propertyAssignments" : null,
        "stereotype" : null,
        "isDerived" : false,
        "isReadOnly" : false,
        "isOrdered" : false,
        "cardinality" : "*",
        "propertyType" : {
          "id" : "d1EbWX6GAqACAxAH",
          "type" : "Class"
        },
        "subsettedProperties" : null,
        "redefinedProperties" : null,
        "aggregationKind" : "NONE"
      } ]
    }, {
      "id" : "TCZ3WX6GAqACAxKy",
      "name" : "redefined in",
      "description" : null,
      "type" : "Relation",
      "propertyAssignments" : null,
      "stereotype" : null,
      "isAbstract" : false,
      "isDerived" : false,
      "properties" : [ {
        "id" : "TCZ3WX6GAqACAxKz",
        "name" : null,
        "description" : null,
        "type" : "Property",
        "propertyAssignments" : null,
        "stereotype" : null,
        "isDerived" : false,
        "isReadOnly" : false,
        "isOrdered" : false,
        "cardinality" : "1",
        "propertyType" : {
          "id" : "d1EbWX6GAqACAxAH",
          "type" : "Class"
        },
        "subsettedProperties" : null,
        "redefinedProperties" : null,
        "aggregationKind" : "NONE"
      }, {
        "id" : "TCZ3WX6GAqACAxK1",
        "name" : null,
        "description" : null,
        "type" : "Property",
        "propertyAssignments" : null,
        "stereotype" : null,
        "isDerived" : false,
        "isReadOnly" : false,
        "isOrdered" : false,
        "cardinality" : "1..*",
        "propertyType" : {
          "id" : "pJtbWX6GAqACAxCb",
          "type" : "Class"
        },
        "subsettedProperties" : null,
        "redefinedProperties" : null,
        "aggregationKind" : "NONE"
      } ]
    }, {
      "id" : "9VCPWX6GAqACAxMW",
      "name" : null,
      "description" : null,
      "type" : "Relation",
      "propertyAssignments" : null,
      "stereotype" : null,
      "isAbstract" : false,
      "isDerived" : false,
      "properties" : [ {
        "id" : "9VCPWX6GAqACAxMX",
        "name" : null,
        "description" : null,
        "type" : "Property",
        "propertyAssignments" : null,
        "stereotype" : null,
        "isDerived" : false,
        "isReadOnly" : false,
        "isOrdered" : false,
        "cardinality" : "*",
        "propertyType" : {
          "id" : "JjlbWX6GAqACAxCN",
          "type" : "Class"
        },
        "subsettedProperties" : null,
        "redefinedProperties" : null,
        "aggregationKind" : "SHARED"
      }, {
        "id" : "9VCPWX6GAqACAxMZ",
        "name" : null,
        "description" : null,
        "type" : "Property",
        "propertyAssignments" : null,
        "stereotype" : null,
        "isDerived" : false,
        "isReadOnly" : false,
        "isOrdered" : false,
        "cardinality" : "1..*",
        "propertyType" : {
          "id" : "JjlbWX6GAqACAxCN",
          "type" : "Class"
        },
        "subsettedProperties" : null,
        "redefinedProperties" : null,
        "aggregationKind" : "NONE"
      } ]
    }, {
      "id" : "4n6PWX6GAqACAxMu",
      "name" : "permission context",
      "description" : null,
      "type" : "Relation",
      "propertyAssignments" : null,
      "stereotype" : null,
      "isAbstract" : false,
      "isDerived" : false,
      "properties" : [ {
        "id" : "4n6PWX6GAqACAxMv",
        "name" : null,
        "description" : null,
        "type" : "Property",
        "propertyAssignments" : null,
        "stereotype" : null,
        "isDerived" : false,
        "isReadOnly" : false,
        "isOrdered" : false,
        "cardinality" : "*",
        "propertyType" : {
          "id" : "kZpbWX6GAqACAxB5",
          "type" : "Class"
        },
        "subsettedProperties" : null,
        "redefinedProperties" : null,
        "aggregationKind" : "COMPOSITE"
      }, {
        "id" : "En6PWX6GAqACAxMx",
        "name" : null,
        "description" : null,
        "type" : "Property",
        "propertyAssignments" : null,
        "stereotype" : null,
        "isDerived" : false,
        "isReadOnly" : false,
        "isOrdered" : false,
        "cardinality" : "*",
        "propertyType" : {
          "id" : "JjlbWX6GAqACAxCN",
          "type" : "Class"
        },
        "subsettedProperties" : null,
        "redefinedProperties" : null,
        "aggregationKind" : "NONE"
      } ]
    }, {
      "id" : "oMhPWX6GAqACAxNG",
      "name" : "SM context",
      "description" : null,
      "type" : "Relation",
      "propertyAssignments" : null,
      "stereotype" : null,
      "isAbstract" : false,
      "isDerived" : false,
      "properties" : [ {
        "id" : "oMhPWX6GAqACAxNH",
        "name" : null,
        "description" : null,
        "type" : "Property",
        "propertyAssignments" : null,
        "stereotype" : null,
        "isDerived" : false,
        "isReadOnly" : false,
        "isOrdered" : false,
        "cardinality" : "*",
        "propertyType" : {
          "id" : "LuhbWX6GAqACAxBr",
          "type" : "Class"
        },
        "subsettedProperties" : null,
        "redefinedProperties" : null,
        "aggregationKind" : "COMPOSITE"
      }, {
        "id" : "oMhPWX6GAqACAxNJ",
        "name" : null,
        "description" : null,
        "type" : "Property",
        "propertyAssignments" : null,
        "stereotype" : null,
        "isDerived" : false,
        "isReadOnly" : false,
        "isOrdered" : false,
        "cardinality" : "*",
        "propertyType" : {
          "id" : "JjlbWX6GAqACAxCN",
          "type" : "Class"
        },
        "subsettedProperties" : null,
        "redefinedProperties" : null,
        "aggregationKind" : "NONE"
      } ]
    }, {
      "id" : "psQvWX6GAqACAxOL",
      "name" : null,
      "description" : null,
      "type" : "Relation",
      "propertyAssignments" : null,
      "stereotype" : null,
      "isAbstract" : false,
      "isDerived" : false,
      "properties" : [ {
        "id" : "psQvWX6GAqACAxOM",
        "name" : null,
        "description" : null,
        "type" : "Property",
        "propertyAssignments" : null,
        "stereotype" : null,
        "isDerived" : false,
        "isReadOnly" : false,
        "isOrdered" : false,
        "cardinality" : "*",
        "propertyType" : {
          "id" : "KT0bWX6GAqACAxAX",
          "type" : "Class"
        },
        "subsettedProperties" : null,
        "redefinedProperties" : null,
        "aggregationKind" : "SHARED"
      }, {
        "id" : "psQvWX6GAqACAxOO",
        "name" : null,
        "description" : null,
        "type" : "Property",
        "propertyAssignments" : null,
        "stereotype" : null,
        "isDerived" : false,
        "isReadOnly" : false,
        "isOrdered" : false,
        "cardinality" : "1..*",
        "propertyType" : {
          "id" : "KT0bWX6GAqACAxAX",
          "type" : "Class"
        },
        "subsettedProperties" : null,
        "redefinedProperties" : null,
        "aggregationKind" : "NONE"
      } ]
    }, {
      "id" : "V1EvWX6GAqACAxOn",
      "name" : null,
      "description" : null,
      "type" : "Relation",
      "propertyAssignments" : null,
      "stereotype" : null,
      "isAbstract" : false,
      "isDerived" : false,
      "properties" : [ {
        "id" : "V1EvWX6GAqACAxOo",
        "name" : null,
        "description" : null,
        "type" : "Property",
        "propertyAssignments" : null,
        "stereotype" : null,
        "isDerived" : false,
        "isReadOnly" : false,
        "isOrdered" : false,
        "cardinality" : "*",
        "propertyType" : {
          "id" : "TP8bWX6GAqACAxAj",
          "type" : "Class"
        },
        "subsettedProperties" : null,
        "redefinedProperties" : null,
        "aggregationKind" : "SHARED"
      }, {
        "id" : "V1EvWX6GAqACAxOq",
        "name" : null,
        "description" : null,
        "type" : "Property",
        "propertyAssignments" : null,
        "stereotype" : null,
        "isDerived" : false,
        "isReadOnly" : false,
        "isOrdered" : false,
        "cardinality" : "1..*",
        "propertyType" : {
          "id" : "VbebWX6GAqACAxBd",
          "type" : "Class"
        },
        "subsettedProperties" : null,
        "redefinedProperties" : null,
        "aggregationKind" : "NONE"
      } ]
    }, {
      "id" : "YR8vWX6GAqACAxPH",
      "name" : "sub-org",
      "description" : null,
      "type" : "Relation",
      "propertyAssignments" : null,
      "stereotype" : null,
      "isAbstract" : false,
      "isDerived" : false,
      "properties" : [ {
        "id" : "YR8vWX6GAqACAxPI",
        "name" : null,
        "description" : null,
        "type" : "Property",
        "propertyAssignments" : null,
        "stereotype" : null,
        "isDerived" : false,
        "isReadOnly" : false,
        "isOrdered" : false,
        "cardinality" : "*",
        "propertyType" : {
          "id" : "TP8bWX6GAqACAxAj",
          "type" : "Class"
        },
        "subsettedProperties" : null,
        "redefinedProperties" : null,
        "aggregationKind" : "SHARED"
      }, {
        "id" : "YR8vWX6GAqACAxPK",
        "name" : null,
        "description" : null,
        "type" : "Property",
        "propertyAssignments" : null,
        "stereotype" : null,
        "isDerived" : false,
        "isReadOnly" : false,
        "isOrdered" : false,
        "cardinality" : "*",
        "propertyType" : {
          "id" : "TP8bWX6GAqACAxAj",
          "type" : "Class"
        },
        "subsettedProperties" : null,
        "redefinedProperties" : null,
        "aggregationKind" : "NONE"
      } ]
    }, {
      "id" : "2oWvWX6GAqACAxPZ",
      "name" : null,
      "description" : null,
      "type" : "Relation",
      "propertyAssignments" : null,
      "stereotype" : null,
      "isAbstract" : false,
      "isDerived" : false,
      "properties" : [ {
        "id" : "2oWvWX6GAqACAxPa",
        "name" : null,
        "description" : null,
        "type" : "Property",
        "propertyAssignments" : null,
        "stereotype" : null,
        "isDerived" : false,
        "isReadOnly" : false,
        "isOrdered" : false,
        "cardinality" : "1..*",
        "propertyType" : {
          "id" : "TP8bWX6GAqACAxAj",
          "type" : "Class"
        },
        "subsettedProperties" : null,
        "redefinedProperties" : null,
        "aggregationKind" : "NONE"
      }, {
        "id" : "2oWvWX6GAqACAxPc",
        "name" : null,
        "description" : null,
        "type" : "Property",
        "propertyAssignments" : null,
        "stereotype" : null,
        "isDerived" : false,
        "isReadOnly" : false,
        "isOrdered" : false,
        "cardinality" : "1",
        "propertyType" : {
          "id" : "LzWbWX6GAqACAxBP",
          "type" : "Class"
        },
        "subsettedProperties" : null,
        "redefinedProperties" : null,
        "aggregationKind" : "NONE"
      } ]
    }, {
      "id" : "Db.vWX6GAqACAxP1",
      "name" : "plays",
      "description" : null,
      "type" : "Relation",
      "propertyAssignments" : null,
      "stereotype" : null,
      "isAbstract" : false,
      "isDerived" : false,
      "properties" : [ {
        "id" : "Db.vWX6GAqACAxP2",
        "name" : null,
        "description" : null,
        "type" : "Property",
        "propertyAssignments" : null,
        "stereotype" : null,
        "isDerived" : false,
        "isReadOnly" : false,
        "isOrdered" : false,
        "cardinality" : "1",
        "propertyType" : {
          "id" : "VbebWX6GAqACAxBd",
          "type" : "Class"
        },
        "subsettedProperties" : null,
        "redefinedProperties" : null,
        "aggregationKind" : "NONE"
      }, {
        "id" : "Db.vWX6GAqACAxP4",
        "name" : null,
        "description" : null,
        "type" : "Property",
        "propertyAssignments" : null,
        "stereotype" : null,
        "isDerived" : false,
        "isReadOnly" : false,
        "isOrdered" : false,
        "cardinality" : "1..*",
        "propertyType" : {
          "id" : "1AqbWX6GAqACAxBD",
          "type" : "Class"
        },
        "subsettedProperties" : null,
        "redefinedProperties" : null,
        "aggregationKind" : "NONE"
      } ]
    }, {
      "id" : "AgVvWX6GAqACAxQj",
      "name" : null,
      "description" : null,
      "type" : "Relation",
      "propertyAssignments" : null,
      "stereotype" : null,
      "isAbstract" : false,
      "isDerived" : false,
      "properties" : [ {
        "id" : "AgVvWX6GAqACAxQk",
        "name" : null,
        "description" : null,
        "type" : "Property",
        "propertyAssignments" : null,
        "stereotype" : null,
        "isDerived" : false,
        "isReadOnly" : false,
        "isOrdered" : false,
        "cardinality" : "1..*",
        "propertyType" : {
          "id" : "VbebWX6GAqACAxBd",
          "type" : "Class"
        },
        "subsettedProperties" : null,
        "redefinedProperties" : null,
        "aggregationKind" : "NONE"
      }, {
        "id" : "AgVvWX6GAqACAxQm",
        "name" : null,
        "description" : null,
        "type" : "Property",
        "propertyAssignments" : null,
        "stereotype" : null,
        "isDerived" : false,
        "isReadOnly" : false,
        "isOrdered" : false,
        "cardinality" : "*",
        "propertyType" : {
          "id" : "LzWbWX6GAqACAxBP",
          "type" : "Class"
        },
        "subsettedProperties" : null,
        "redefinedProperties" : null,
        "aggregationKind" : "NONE"
      } ]
    }, {
      "id" : "nG7vWX6GAqACAxRJ",
      "name" : null,
      "description" : null,
      "type" : "Relation",
      "propertyAssignments" : null,
      "stereotype" : null,
      "isAbstract" : false,
      "isDerived" : false,
      "properties" : [ {
        "id" : "nG7vWX6GAqACAxRK",
        "name" : null,
        "description" : null,
        "type" : "Property",
        "propertyAssignments" : null,
        "stereotype" : null,
        "isDerived" : false,
        "isReadOnly" : false,
        "isOrdered" : false,
        "cardinality" : "*",
        "propertyType" : {
          "id" : "kZpbWX6GAqACAxB5",
          "type" : "Class"
        },
        "subsettedProperties" : null,
        "redefinedProperties" : null,
        "aggregationKind" : "COMPOSITE"
      }, {
        "id" : "nG7vWX6GAqACAxRM",
        "name" : null,
        "description" : null,
        "type" : "Property",
        "propertyAssignments" : null,
        "stereotype" : null,
        "isDerived" : false,
        "isReadOnly" : false,
        "isOrdered" : false,
        "cardinality" : "*",
        "propertyType" : {
          "id" : "1AqbWX6GAqACAxBD",
          "type" : "Class"
        },
        "subsettedProperties" : null,
        "redefinedProperties" : null,
        "aggregationKind" : "NONE"
      } ]
    }, {
      "id" : "GX3vWX6GAqACAxRT",
      "name" : null,
      "description" : null,
      "type" : "Relation",
      "propertyAssignments" : null,
      "stereotype" : null,
      "isAbstract" : false,
      "isDerived" : false,
      "properties" : [ {
        "id" : "GX3vWX6GAqACAxRU",
        "name" : null,
        "description" : null,
        "type" : "Property",
        "propertyAssignments" : null,
        "stereotype" : null,
        "isDerived" : false,
        "isReadOnly" : false,
        "isOrdered" : false,
        "cardinality" : "*",
        "propertyType" : {
          "id" : "LuhbWX6GAqACAxBr",
          "type" : "Class"
        },
        "subsettedProperties" : null,
        "redefinedProperties" : null,
        "aggregationKind" : "NONE"
      }, {
        "id" : "GX3vWX6GAqACAxRW",
        "name" : null,
        "description" : null,
        "type" : "Property",
        "propertyAssignments" : null,
        "stereotype" : null,
        "isDerived" : false,
        "isReadOnly" : false,
        "isOrdered" : false,
        "cardinality" : "1",
        "propertyType" : {
          "id" : "kZpbWX6GAqACAxB5",
          "type" : "Class"
        },
        "subsettedProperties" : null,
        "redefinedProperties" : null,
        "aggregationKind" : "NONE"
      } ]
    }, {
      "id" : "_TQfWX6GAqACAxRx",
      "name" : "got from",
      "description" : null,
      "type" : "Relation",
      "propertyAssignments" : null,
      "stereotype" : null,
      "isAbstract" : false,
      "isDerived" : false,
      "properties" : [ {
        "id" : "AzQfWX6GAqACAxRy",
        "name" : null,
        "description" : null,
        "type" : "Property",
        "propertyAssignments" : null,
        "stereotype" : null,
        "isDerived" : false,
        "isReadOnly" : false,
        "isOrdered" : false,
        "cardinality" : "1..*",
        "propertyType" : {
          "id" : "pJtbWX6GAqACAxCb",
          "type" : "Class"
        },
        "subsettedProperties" : null,
        "redefinedProperties" : null,
        "aggregationKind" : "NONE"
      }, {
        "id" : "AzQfWX6GAqACAxR0",
        "name" : null,
        "description" : null,
        "type" : "Property",
        "propertyAssignments" : null,
        "stereotype" : null,
        "isDerived" : false,
        "isReadOnly" : false,
        "isOrdered" : false,
        "cardinality" : "*",
        "propertyType" : {
          "id" : "VbebWX6GAqACAxBd",
          "type" : "Class"
        },
        "subsettedProperties" : null,
        "redefinedProperties" : null,
        "aggregationKind" : "NONE"
      } ]
    }, {
      "id" : "1iHfWX6GAqACAxSX",
      "name" : "subRole",
      "description" : null,
      "type" : "Relation",
      "propertyAssignments" : null,
      "stereotype" : null,
      "isAbstract" : false,
      "isDerived" : false,
      "properties" : [ {
        "id" : "1iHfWX6GAqACAxSY",
        "name" : null,
        "description" : null,
        "type" : "Property",
        "propertyAssignments" : null,
        "stereotype" : null,
        "isDerived" : false,
        "isReadOnly" : false,
        "isOrdered" : false,
        "cardinality" : "*",
        "propertyType" : {
          "id" : "1AqbWX6GAqACAxBD",
          "type" : "Class"
        },
        "subsettedProperties" : null,
        "redefinedProperties" : null,
        "aggregationKind" : "SHARED"
      }, {
        "id" : "1iHfWX6GAqACAxSa",
        "name" : null,
        "description" : null,
        "type" : "Property",
        "propertyAssignments" : null,
        "stereotype" : null,
        "isDerived" : false,
        "isReadOnly" : false,
        "isOrdered" : false,
        "cardinality" : "*",
        "propertyType" : {
          "id" : "1AqbWX6GAqACAxBD",
          "type" : "Class"
        },
        "subsettedProperties" : null,
        "redefinedProperties" : null,
        "aggregationKind" : "NONE"
      } ]
    } ]
  },
  "diagrams" : [ {
    "id" : "XaDTWX6GAqACAw9v",
    "name" : "diagram1",
    "description" : null,
    "type" : "Diagram",
    "owner" : {
      "id" : "V1NTWX6GAqACAwuU_root",
      "type" : "Package"
    },
    "contents" : [ {
      "id" : "HSo7WX6GAqACAxDh",
      "type" : "RelationView",
      "modelElement" : {
        "id" : "zSo7WX6GAqACAxDc",
        "type" : "Relation"
      },
      "shape" : {
        "id" : "HSo7WX6GAqACAxDh_path",
        "type" : "Path",
        "points" : [ {
          "x" : 310,
          "y" : 582
        }, {
          "x" : 310,
          "y" : 716
        } ]
      },
      "source" : {
        "id" : "1AqbWX6GAqACAxBC",
        "type" : "ClassView"
      },
      "target" : {
        "id" : "LzWbWX6GAqACAxBO",
        "type" : "ClassView"
      }
    }, {
      "id" : "Lb.vWX6GAqACAxP6",
      "type" : "RelationView",
      "modelElement" : {
        "id" : "Db.vWX6GAqACAxP1",
        "type" : "Relation"
      },
      "shape" : {
        "id" : "Lb.vWX6GAqACAxP6_path",
        "type" : "Path",
        "points" : [ {
          "x" : 640,
          "y" : 736
        }, {
          "x" : 621,
          "y" : 736
        }, {
          "x" : 378,
          "y" : 581
        } ]
      },
      "source" : {
        "id" : "VbebWX6GAqACAxBc",
        "type" : "ClassView"
      },
      "target" : {
        "id" : "1AqbWX6GAqACAxBC",
        "type" : "ClassView"
      }
    }, {
      "id" : "kZpbWX6GAqACAxB4",
      "type" : "ClassView",
      "modelElement" : {
        "id" : "kZpbWX6GAqACAxB5",
        "type" : "Class"
      },
      "shape" : {
        "id" : "kZpbWX6GAqACAxB4_shape",
        "type" : "Rectangle",
        "x" : 756,
        "y" : 923,
        "width" : 80,
        "height" : 40
      }
    }, {
      "id" : "_RkXWX6GAqACAxGU",
      "type" : "RelationView",
      "modelElement" : {
        "id" : "3RkXWX6GAqACAxGP",
        "type" : "Relation"
      },
      "shape" : {
        "id" : "_RkXWX6GAqACAxGU_path",
        "type" : "Path",
        "points" : [ {
          "x" : 1036,
          "y" : 276
        }, {
          "x" : 1157,
          "y" : 276
        } ]
      },
      "source" : {
        "id" : "JATrWX6GAqACAw.f",
        "type" : "ClassView"
      },
      "target" : {
        "id" : "aBXrWX6GAqACAw_C",
        "type" : "ClassView"
      }
    }, {
      "id" : "FHW3WX6GAqACAxKb",
      "type" : "RelationView",
      "modelElement" : {
        "id" : "xHW3WX6GAqACAxKW",
        "type" : "Relation"
      },
      "shape" : {
        "id" : "FHW3WX6GAqACAxKb_path",
        "type" : "Path",
        "points" : [ {
          "x" : 1250,
          "y" : 502
        }, {
          "x" : 1250,
          "y" : 462
        }, {
          "x" : 1310,
          "y" : 462
        }, {
          "x" : 1310,
          "y" : 522
        }, {
          "x" : 1270,
          "y" : 522
        } ]
      },
      "source" : {
        "id" : "t1EbWX6GAqACAxAG",
        "type" : "ClassView"
      },
      "target" : {
        "id" : "t1EbWX6GAqACAxAG",
        "type" : "ClassView"
      }
    }, {
      "id" : "7lmXWX6GAqACAxHe",
      "type" : "RelationView",
      "modelElement" : {
        "id" : "zlmXWX6GAqACAxHZ",
        "type" : "Relation"
      },
      "shape" : {
        "id" : "7lmXWX6GAqACAxHe_path",
        "type" : "Path",
        "points" : [ {
          "x" : 1362,
          "y" : 98
        }, {
          "x" : 1330,
          "y" : 98
        }, {
          "x" : 1330,
          "y" : 272
        }, {
          "x" : 1303,
          "y" : 272
        } ]
      },
      "source" : {
        "id" : "ITvrWX6GAqACAw_O",
        "type" : "ClassView"
      },
      "target" : {
        "id" : "aBXrWX6GAqACAw_C",
        "type" : "ClassView"
      }
    }, {
      "id" : "Drw7WX6GAqACAxDZ",
      "type" : "GeneralizationView",
      "modelElement" : {
        "id" : "trw7WX6GAqACAxDY",
        "type" : "Generalization"
      },
      "shape" : {
        "id" : "Drw7WX6GAqACAxDZ_path",
        "type" : "Path",
        "points" : [ {
          "x" : 326,
          "y" : 292
        }, {
          "x" : 326,
          "y" : 542
        } ]
      },
      "source" : {
        "id" : "KSZrWX6GAqACAw.B",
        "type" : "ClassView"
      },
      "target" : {
        "id" : "1AqbWX6GAqACAxBC",
        "type" : "ClassView"
      }
    }, {
      "id" : "u.gbWX6GAqACAw_m",
      "type" : "ClassView",
      "modelElement" : {
        "id" : "u.gbWX6GAqACAw_n",
        "type" : "Class"
      },
      "shape" : {
        "id" : "u.gbWX6GAqACAw_m_shape",
        "type" : "Rectangle",
        "x" : 1602,
        "y" : 73,
        "width" : 106,
        "height" : 40
      }
    }, {
      "id" : "jz3bWX6GAqACAxDF",
      "type" : "GeneralizationView",
      "modelElement" : {
        "id" : "9z3bWX6GAqACAxDE",
        "type" : "Generalization"
      },
      "shape" : {
        "id" : "jz3bWX6GAqACAxDF_path",
        "type" : "Path",
        "points" : [ {
          "x" : 158,
          "y" : 292
        }, {
          "x" : 158,
          "y" : 736
        }, {
          "x" : 240,
          "y" : 736
        } ]
      },
      "source" : {
        "id" : "B4JrWX6GAqACAw93",
        "type" : "ClassView"
      },
      "target" : {
        "id" : "LzWbWX6GAqACAxBO",
        "type" : "ClassView"
      }
    }, {
      "id" : "pJtbWX6GAqACAxCa",
      "type" : "ClassView",
      "modelElement" : {
        "id" : "pJtbWX6GAqACAxCb",
        "type" : "Class"
      },
      "shape" : {
        "id" : "pJtbWX6GAqACAxCa_shape",
        "type" : "Rectangle",
        "x" : 1170,
        "y" : 716,
        "width" : 122,
        "height" : 40
      }
    }, {
      "id" : "s.7rWX6GAqACAw.y",
      "type" : "ClassView",
      "modelElement" : {
        "id" : "s.7rWX6GAqACAw.z",
        "type" : "Class"
      },
      "shape" : {
        "id" : "s.7rWX6GAqACAw.y_shape",
        "type" : "Rectangle",
        "x" : 1036,
        "y" : 73,
        "width" : 151,
        "height" : 40
      }
    }, {
      "id" : "ZbibWX6GAqACAxAw",
      "type" : "ClassView",
      "modelElement" : {
        "id" : "ZbibWX6GAqACAxAx",
        "type" : "Class"
      },
      "shape" : {
        "id" : "ZbibWX6GAqACAxAw_shape",
        "type" : "Rectangle",
        "x" : 723,
        "y" : 252,
        "width" : 80,
        "height" : 40
      }
    }, {
      "id" : "bCZ3WX6GAqACAxK3",
      "type" : "RelationView",
      "modelElement" : {
        "id" : "TCZ3WX6GAqACAxKy",
        "type" : "Relation"
      },
      "shape" : {
        "id" : "bCZ3WX6GAqACAxK3_path",
        "type" : "Path",
        "points" : [ {
          "x" : 1230,
          "y" : 542
        }, {
          "x" : 1230,
          "y" : 716
        } ]
      },
      "source" : {
        "id" : "t1EbWX6GAqACAxAG",
        "type" : "ClassView"
      },
      "target" : {
        "id" : "pJtbWX6GAqACAxCa",
        "type" : "ClassView"
      }
    }, {
      "id" : "JATrWX6GAqACAw.f",
      "type" : "ClassView",
      "modelElement" : {
        "id" : "JATrWX6GAqACAw.g",
        "type" : "Class"
      },
      "shape" : {
        "id" : "JATrWX6GAqACAw.f_shape",
        "type" : "Rectangle",
        "x" : 956,
        "y" : 252,
        "width" : 80,
        "height" : 40
      }
    }, {
      "id" : "t1EbWX6GAqACAxAG",
      "type" : "ClassView",
      "modelElement" : {
        "id" : "d1EbWX6GAqACAxAH",
        "type" : "Class"
      },
      "shape" : {
        "id" : "t1EbWX6GAqACAxAG_shape",
        "type" : "Rectangle",
        "x" : 1190,
        "y" : 502,
        "width" : 80,
        "height" : 40
      }
    }, {
      "id" : "lzIbWX6GAqACAw_2",
      "type" : "ClassView",
      "modelElement" : {
        "id" : "VzIbWX6GAqACAw_3",
        "type" : "Class"
      },
      "shape" : {
        "id" : "lzIbWX6GAqACAw_2_shape",
        "type" : "Rectangle",
        "x" : 1620,
        "y" : 406,
        "width" : 90,
        "height" : 40
      }
    }, {
      "id" : "37f3WX6GAqACAxLx",
      "type" : "GeneralizationView",
      "modelElement" : {
        "id" : "H7f3WX6GAqACAxLw",
        "type" : "Generalization"
      },
      "shape" : {
        "id" : "37f3WX6GAqACAxLx_path",
        "type" : "Path",
        "points" : [ {
          "x" : 1694,
          "y" : 446
        }, {
          "x" : 1694,
          "y" : 950
        }, {
          "x" : 1166,
          "y" : 950
        } ]
      },
      "source" : {
        "id" : "lzIbWX6GAqACAw_2",
        "type" : "ClassView"
      },
      "target" : {
        "id" : "JjlbWX6GAqACAxCM",
        "type" : "ClassView"
      }
    }, {
      "id" : "i2x_WX6GAqACAxS8",
      "type" : "GeneralizationView",
      "modelElement" : {
        "id" : "02x_WX6GAqACAxS7",
        "type" : "Generalization"
      },
      "shape" : {
        "id" : "i2x_WX6GAqACAxS8_path",
        "type" : "Path",
        "points" : [ {
          "x" : 970,
          "y" : 292
        }, {
          "x" : 970,
          "y" : 502
        } ]
      },
      "source" : {
        "id" : "JATrWX6GAqACAw.f",
        "type" : "ClassView"
      },
      "target" : {
        "id" : "yT0bWX6GAqACAxAW",
        "type" : "ClassView"
      }
    }, {
      "id" : "SWKvWX6GAqACAxPW",
      "type" : "GeneralizationView",
      "modelElement" : {
        "id" : "cWKvWX6GAqACAxPV",
        "type" : "Generalization"
      },
      "shape" : {
        "id" : "SWKvWX6GAqACAxPW_path",
        "type" : "Path",
        "points" : [ {
          "x" : 756,
          "y" : 291
        }, {
          "x" : 756,
          "y" : 388
        }, {
          "x" : 645,
          "y" : 395
        }, {
          "x" : 645,
          "y" : 541
        } ]
      },
      "source" : {
        "id" : "ZbibWX6GAqACAxAw",
        "type" : "ClassView"
      },
      "target" : {
        "id" : "jP8bWX6GAqACAxAi",
        "type" : "ClassView"
      }
    }, {
      "id" : "LuhbWX6GAqACAxBq",
      "type" : "ClassView",
      "modelElement" : {
        "id" : "LuhbWX6GAqACAxBr",
        "type" : "Class"
      },
      "shape" : {
        "id" : "LuhbWX6GAqACAxBq_shape",
        "type" : "Rectangle",
        "x" : 907,
        "y" : 716,
        "width" : 80,
        "height" : 40
      }
    }, {
      "id" : "UR8vWX6GAqACAxPM",
      "type" : "RelationView",
      "modelElement" : {
        "id" : "YR8vWX6GAqACAxPH",
        "type" : "Relation"
      },
      "shape" : {
        "id" : "UR8vWX6GAqACAxPM_path",
        "type" : "Path",
        "points" : [ {
          "x" : 680,
          "y" : 541
        }, {
          "x" : 680,
          "y" : 501
        }, {
          "x" : 780,
          "y" : 501
        }, {
          "x" : 780,
          "y" : 561
        }, {
          "x" : 740,
          "y" : 561
        } ]
      },
      "source" : {
        "id" : "jP8bWX6GAqACAxAi",
        "type" : "ClassView"
      },
      "target" : {
        "id" : "jP8bWX6GAqACAxAi",
        "type" : "ClassView"
      }
    }, {
      "id" : "VbebWX6GAqACAxBc",
      "type" : "ClassView",
      "modelElement" : {
        "id" : "VbebWX6GAqACAxBd",
        "type" : "Class"
      },
      "shape" : {
        "id" : "VbebWX6GAqACAxBc_shape",
        "type" : "Rectangle",
        "x" : 640,
        "y" : 716,
        "width" : 80,
        "height" : 40
      }
    }, {
      "id" : "DiHfWX6GAqACAxSc",
      "type" : "RelationView",
      "modelElement" : {
        "id" : "1iHfWX6GAqACAxSX",
        "type" : "Relation"
      },
      "shape" : {
        "id" : "DiHfWX6GAqACAxSc_path",
        "type" : "Path",
        "points" : [ {
          "x" : 310,
          "y" : 541
        }, {
          "x" : 310,
          "y" : 503
        }, {
          "x" : 240,
          "y" : 503
        }, {
          "x" : 240,
          "y" : 543
        }, {
          "x" : 271,
          "y" : 543
        } ]
      },
      "source" : {
        "id" : "1AqbWX6GAqACAxBC",
        "type" : "ClassView"
      },
      "target" : {
        "id" : "1AqbWX6GAqACAxBC",
        "type" : "ClassView"
      }
    }, {
      "id" : "RoWvWX6GAqACAxPe",
      "type" : "RelationView",
      "modelElement" : {
        "id" : "2oWvWX6GAqACAxPZ",
        "type" : "Relation"
      },
      "shape" : {
        "id" : "RoWvWX6GAqACAxPe_path",
        "type" : "Path",
        "points" : [ {
          "x" : 621,
          "y" : 564
        }, {
          "x" : 538,
          "y" : 564
        }, {
          "x" : 525,
          "y" : 729
        }, {
          "x" : 320,
          "y" : 729
        } ]
      },
      "source" : {
        "id" : "jP8bWX6GAqACAxAi",
        "type" : "ClassView"
      },
      "target" : {
        "id" : "LzWbWX6GAqACAxBO",
        "type" : "ClassView"
      }
    }, {
      "id" : "ITvrWX6GAqACAw_O",
      "type" : "ClassView",
      "modelElement" : {
        "id" : "ITvrWX6GAqACAw_P",
        "type" : "Class"
      },
      "shape" : {
        "id" : "ITvrWX6GAqACAw_O_shape",
        "type" : "Rectangle",
        "x" : 1362,
        "y" : 73,
        "width" : 80,
        "height" : 40
      }
    }, {
      "id" : "UhTbWX6GAqACAxCm",
      "type" : "ClassView",
      "modelElement" : {
        "id" : "UhTbWX6GAqACAxCn",
        "type" : "Class"
      },
      "shape" : {
        "id" : "UhTbWX6GAqACAxCm_shape",
        "type" : "Rectangle",
        "x" : 1463,
        "y" : 803,
        "width" : 146,
        "height" : 40
      }
    }, {
      "id" : "O5rbWX6GAqACAxCy",
      "type" : "ClassView",
      "modelElement" : {
        "id" : "O5rbWX6GAqACAxCz",
        "type" : "Class"
      },
      "shape" : {
        "id" : "O5rbWX6GAqACAxCy_shape",
        "type" : "Rectangle",
        "x" : 1493,
        "y" : 563,
        "width" : 83,
        "height" : 40
      }
    }, {
      "id" : "d0KnWX6GAqACAxFC",
      "type" : "RelationView",
      "modelElement" : {
        "id" : "V0KnWX6GAqACAxE9",
        "type" : "Relation"
      },
      "shape" : {
        "id" : "d0KnWX6GAqACAxFC_path",
        "type" : "Path",
        "points" : [ {
          "x" : 982,
          "y" : 252
        }, {
          "x" : 982,
          "y" : 94
        }, {
          "x" : 1035,
          "y" : 94
        } ]
      },
      "source" : {
        "id" : "JATrWX6GAqACAw.f",
        "type" : "ClassView"
      },
      "target" : {
        "id" : "s.7rWX6GAqACAw.y",
        "type" : "ClassView"
      }
    }, {
      "id" : "kMhPWX6GAqACAxNL",
      "type" : "RelationView",
      "modelElement" : {
        "id" : "oMhPWX6GAqACAxNG",
        "type" : "Relation"
      },
      "shape" : {
        "id" : "kMhPWX6GAqACAxNL_path",
        "type" : "Path",
        "points" : [ {
          "x" : 988,
          "y" : 736
        }, {
          "x" : 1068,
          "y" : 736
        }, {
          "x" : 1068,
          "y" : 912
        } ]
      },
      "source" : {
        "id" : "LuhbWX6GAqACAxBq",
        "type" : "ClassView"
      },
      "target" : {
        "id" : "JjlbWX6GAqACAxCM",
        "type" : "ClassView"
      }
    }, {
      "id" : "X_LXWX6GAqACAxJB",
      "type" : "RelationView",
      "modelElement" : {
        "id" : "7_LXWX6GAqACAxI8",
        "type" : "Relation"
      },
      "shape" : {
        "id" : "X_LXWX6GAqACAxJB_path",
        "type" : "Path",
        "points" : [ {
          "x" : 1620,
          "y" : 422
        }, {
          "x" : 996,
          "y" : 422
        }, {
          "x" : 996,
          "y" : 292
        } ]
      },
      "source" : {
        "id" : "lzIbWX6GAqACAw_2",
        "type" : "ClassView"
      },
      "target" : {
        "id" : "JATrWX6GAqACAw.f",
        "type" : "ClassView"
      }
    }, {
      "id" : "SCjvWX6GAqACAxRA",
      "type" : "GeneralizationView",
      "modelElement" : {
        "id" : "cCjvWX6GAqACAxQ_",
        "type" : "Generalization"
      },
      "shape" : {
        "id" : "SCjvWX6GAqACAxRA_path",
        "type" : "Path",
        "points" : [ {
          "x" : 158,
          "y" : 291
        }, {
          "x" : 158,
          "y" : 931
        }, {
          "x" : 755,
          "y" : 931
        } ]
      },
      "source" : {
        "id" : "B4JrWX6GAqACAw93",
        "type" : "ClassView"
      },
      "target" : {
        "id" : "kZpbWX6GAqACAxB4",
        "type" : "ClassView"
      }
    }, {
      "id" : "LzWbWX6GAqACAxBO",
      "type" : "ClassView",
      "modelElement" : {
        "id" : "LzWbWX6GAqACAxBP",
        "type" : "Class"
      },
      "shape" : {
        "id" : "LzWbWX6GAqACAxBO_shape",
        "type" : "Rectangle",
        "x" : 240,
        "y" : 716,
        "width" : 80,
        "height" : 40
      }
    }, {
      "id" : "3R9XWX6GAqACAxIi",
      "type" : "GeneralizationView",
      "modelElement" : {
        "id" : "HR9XWX6GAqACAxIh",
        "type" : "Generalization"
      },
      "shape" : {
        "id" : "3R9XWX6GAqACAxIi_path",
        "type" : "Path",
        "points" : [ {
          "x" : 1226,
          "y" : 292
        }, {
          "x" : 1226,
          "y" : 502
        } ]
      },
      "source" : {
        "id" : "aBXrWX6GAqACAw_C",
        "type" : "ClassView"
      },
      "target" : {
        "id" : "t1EbWX6GAqACAxAG",
        "type" : "ClassView"
      }
    }, {
      "id" : "xhU3WX6GAqACAxJl",
      "type" : "RelationView",
      "modelElement" : {
        "id" : "ehU3WX6GAqACAxJg",
        "type" : "Relation"
      },
      "shape" : {
        "id" : "xhU3WX6GAqACAxJl_path",
        "type" : "Path",
        "points" : [ {
          "x" : 1000,
          "y" : 524
        }, {
          "x" : 1190,
          "y" : 524
        } ]
      },
      "source" : {
        "id" : "yT0bWX6GAqACAxAW",
        "type" : "ClassView"
      },
      "target" : {
        "id" : "t1EbWX6GAqACAxAG",
        "type" : "ClassView"
      }
    }, {
      "id" : "jP8bWX6GAqACAxAi",
      "type" : "ClassView",
      "modelElement" : {
        "id" : "TP8bWX6GAqACAxAj",
        "type" : "Class"
      },
      "shape" : {
        "id" : "jP8bWX6GAqACAxAi_shape",
        "type" : "Rectangle",
        "x" : 621,
        "y" : 542,
        "width" : 117,
        "height" : 40
      }
    }, {
      "id" : "ooRXWX6GAqACAxH2",
      "type" : "GeneralizationView",
      "modelElement" : {
        "id" : "QoRXWX6GAqACAxH1",
        "type" : "Generalization"
      },
      "shape" : {
        "id" : "ooRXWX6GAqACAxH2_path",
        "type" : "Path",
        "points" : [ {
          "x" : 1618,
          "y" : 114
        }, {
          "x" : 1618,
          "y" : 282
        }, {
          "x" : 1303,
          "y" : 282
        } ]
      },
      "source" : {
        "id" : "u.gbWX6GAqACAw_m",
        "type" : "ClassView"
      },
      "target" : {
        "id" : "aBXrWX6GAqACAw_C",
        "type" : "ClassView"
      }
    }, {
      "id" : "n.b3WX6GAqACAxLd",
      "type" : "GeneralizationView",
      "modelElement" : {
        "id" : "7.b3WX6GAqACAxLc",
        "type" : "Generalization"
      },
      "shape" : {
        "id" : "n.b3WX6GAqACAxLd_path",
        "type" : "Path",
        "points" : [ {
          "x" : 1536,
          "y" : 604
        }, {
          "x" : 1536,
          "y" : 692
        }, {
          "x" : 1314,
          "y" : 692
        }, {
          "x" : 1314,
          "y" : 730
        }, {
          "x" : 1292,
          "y" : 730
        } ]
      },
      "source" : {
        "id" : "O5rbWX6GAqACAxCy",
        "type" : "ClassView"
      },
      "target" : {
        "id" : "pJtbWX6GAqACAxCa",
        "type" : "ClassView"
      }
    }, {
      "id" : "Am7vWX6GAqACAxRO",
      "type" : "RelationView",
      "modelElement" : {
        "id" : "nG7vWX6GAqACAxRJ",
        "type" : "Relation"
      },
      "shape" : {
        "id" : "Am7vWX6GAqACAxRO_path",
        "type" : "Path",
        "points" : [ {
          "x" : 771,
          "y" : 923
        }, {
          "x" : 771,
          "y" : 876
        }, {
          "x" : 196,
          "y" : 876
        }, {
          "x" : 196,
          "y" : 563
        }, {
          "x" : 271,
          "y" : 563
        } ]
      },
      "source" : {
        "id" : "kZpbWX6GAqACAxB4",
        "type" : "ClassView"
      },
      "target" : {
        "id" : "1AqbWX6GAqACAxBC",
        "type" : "ClassView"
      }
    }, {
      "id" : "wLcnWX6GAqACAxEs",
      "type" : "RelationView",
      "modelElement" : {
        "id" : "fzcnWX6GAqACAxEn",
        "type" : "Relation"
      },
      "shape" : {
        "id" : "wLcnWX6GAqACAxEs_path",
        "type" : "Path",
        "points" : [ {
          "x" : 804,
          "y" : 270
        }, {
          "x" : 956,
          "y" : 270
        } ]
      },
      "source" : {
        "id" : "ZbibWX6GAqACAxAw",
        "type" : "ClassView"
      },
      "target" : {
        "id" : "JATrWX6GAqACAw.f",
        "type" : "ClassView"
      }
    }, {
      "id" : "pQU7WX6GAqACAxD9",
      "type" : "RelationView",
      "modelElement" : {
        "id" : "hQU7WX6GAqACAxD4",
        "type" : "Relation"
      },
      "shape" : {
        "id" : "pQU7WX6GAqACAxD9_path",
        "type" : "Path",
        "points" : [ {
          "x" : 534,
          "y" : 278
        }, {
          "x" : 378,
          "y" : 278
        } ]
      },
      "source" : {
        "id" : ".91rWX6GAqACAw.N",
        "type" : "ClassView"
      },
      "target" : {
        "id" : "KSZrWX6GAqACAw.B",
        "type" : "ClassView"
      }
    }, {
      "id" : "IzQfWX6GAqACAxR2",
      "type" : "RelationView",
      "modelElement" : {
        "id" : "_TQfWX6GAqACAxRx",
        "type" : "Relation"
      },
      "shape" : {
        "id" : "IzQfWX6GAqACAxR2_path",
        "type" : "Path",
        "points" : [ {
          "x" : 1170,
          "y" : 736
        }, {
          "x" : 1096,
          "y" : 736
        }, {
          "x" : 1096,
          "y" : 801
        }, {
          "x" : 758,
          "y" : 801
        }, {
          "x" : 758,
          "y" : 733
        }, {
          "x" : 720,
          "y" : 733
        } ]
      },
      "source" : {
        "id" : "pJtbWX6GAqACAxCa",
        "type" : "ClassView"
      },
      "target" : {
        "id" : "VbebWX6GAqACAxBc",
        "type" : "ClassView"
      }
    }, {
      "id" : "d1EvWX6GAqACAxOs",
      "type" : "RelationView",
      "modelElement" : {
        "id" : "V1EvWX6GAqACAxOn",
        "type" : "Relation"
      },
      "shape" : {
        "id" : "d1EvWX6GAqACAxOs_path",
        "type" : "Path",
        "points" : [ {
          "x" : 678,
          "y" : 581
        }, {
          "x" : 678,
          "y" : 716
        } ]
      },
      "source" : {
        "id" : "jP8bWX6GAqACAxAi",
        "type" : "ClassView"
      },
      "target" : {
        "id" : "VbebWX6GAqACAxBc",
        "type" : "ClassView"
      }
    }, {
      "id" : "NEJXWX6GAqACAxIA",
      "type" : "RelationView",
      "modelElement" : {
        "id" : "5EJXWX6GAqACAxH7",
        "type" : "Relation"
      },
      "shape" : {
        "id" : "NEJXWX6GAqACAxIA_path",
        "type" : "Path",
        "points" : [ {
          "x" : 1656,
          "y" : 114
        }, {
          "x" : 1656,
          "y" : 406
        } ]
      },
      "source" : {
        "id" : "u.gbWX6GAqACAw_m",
        "type" : "ClassView"
      },
      "target" : {
        "id" : "lzIbWX6GAqACAw_2",
        "type" : "ClassView"
      }
    }, {
      "id" : "lsQvWX6GAqACAxOQ",
      "type" : "RelationView",
      "modelElement" : {
        "id" : "psQvWX6GAqACAxOL",
        "type" : "Relation"
      },
      "shape" : {
        "id" : "lsQvWX6GAqACAxOQ_path",
        "type" : "Path",
        "points" : [ {
          "x" : 948,
          "y" : 501
        }, {
          "x" : 948,
          "y" : 461
        }, {
          "x" : 875,
          "y" : 461
        }, {
          "x" : 875,
          "y" : 521
        }, {
          "x" : 895,
          "y" : 521
        } ]
      },
      "source" : {
        "id" : "yT0bWX6GAqACAxAW",
        "type" : "ClassView"
      },
      "target" : {
        "id" : "yT0bWX6GAqACAxAW",
        "type" : "ClassView"
      }
    }, {
      "id" : "B4JrWX6GAqACAw93",
      "type" : "ClassView",
      "modelElement" : {
        "id" : "B4JrWX6GAqACAw94",
        "type" : "Class"
      },
      "shape" : {
        "id" : "B4JrWX6GAqACAw93_shape",
        "type" : "Rectangle",
        "x" : 120,
        "y" : 252,
        "width" : 80,
        "height" : 40
      }
    }, {
      "id" : "Mn6PWX6GAqACAxMz",
      "type" : "RelationView",
      "modelElement" : {
        "id" : "4n6PWX6GAqACAxMu",
        "type" : "Relation"
      },
      "shape" : {
        "id" : "Mn6PWX6GAqACAxMz_path",
        "type" : "Path",
        "points" : [ {
          "x" : 836,
          "y" : 944
        }, {
          "x" : 1060,
          "y" : 944
        } ]
      },
      "source" : {
        "id" : "kZpbWX6GAqACAxB4",
        "type" : "ClassView"
      },
      "target" : {
        "id" : "JjlbWX6GAqACAxCM",
        "type" : "ClassView"
      }
    }, {
      "id" : "nsH3WX6GAqACAxLl",
      "type" : "GeneralizationView",
      "modelElement" : {
        "id" : "bsH3WX6GAqACAxLk",
        "type" : "Generalization"
      },
      "shape" : {
        "id" : "nsH3WX6GAqACAxLl_path",
        "type" : "Path",
        "points" : [ {
          "x" : 1536,
          "y" : 604
        }, {
          "x" : 1536,
          "y" : 804
        } ]
      },
      "source" : {
        "id" : "O5rbWX6GAqACAxCy",
        "type" : "ClassView"
      },
      "target" : {
        "id" : "UhTbWX6GAqACAxCm",
        "type" : "ClassView"
      }
    }, {
      "id" : "OX3vWX6GAqACAxRY",
      "type" : "RelationView",
      "modelElement" : {
        "id" : "GX3vWX6GAqACAxRT",
        "type" : "Relation"
      },
      "shape" : {
        "id" : "OX3vWX6GAqACAxRY_path",
        "type" : "Path",
        "points" : [ {
          "x" : 930,
          "y" : 756
        }, {
          "x" : 930,
          "y" : 816
        }, {
          "x" : 820,
          "y" : 816
        }, {
          "x" : 820,
          "y" : 923
        } ]
      },
      "source" : {
        "id" : "LuhbWX6GAqACAxBq",
        "type" : "ClassView"
      },
      "target" : {
        "id" : "kZpbWX6GAqACAxB4",
        "type" : "ClassView"
      }
    }, {
      "id" : "LXvPWX6GAqACAxOC",
      "type" : "GeneralizationView",
      "modelElement" : {
        "id" : "jXvPWX6GAqACAxOB",
        "type" : "Generalization"
      },
      "shape" : {
        "id" : "LXvPWX6GAqACAxOC_path",
        "type" : "Path",
        "points" : [ {
          "x" : 971,
          "y" : 291
        }, {
          "x" : 971,
          "y" : 415
        }, {
          "x" : 836,
          "y" : 415
        }, {
          "x" : 836,
          "y" : 669
        }, {
          "x" : 928,
          "y" : 669
        }, {
          "x" : 928,
          "y" : 714
        } ]
      },
      "source" : {
        "id" : "JATrWX6GAqACAw.f",
        "type" : "ClassView"
      },
      "target" : {
        "id" : "LuhbWX6GAqACAxBq",
        "type" : "ClassView"
      }
    }, {
      "id" : "yT0bWX6GAqACAxAW",
      "type" : "ClassView",
      "modelElement" : {
        "id" : "KT0bWX6GAqACAxAX",
        "type" : "Class"
      },
      "shape" : {
        "id" : "yT0bWX6GAqACAxAW_shape",
        "type" : "Rectangle",
        "x" : 896,
        "y" : 502,
        "width" : 103,
        "height" : 40
      }
    }, {
      "id" : "TVCPWX6GAqACAxMb",
      "type" : "RelationView",
      "modelElement" : {
        "id" : "9VCPWX6GAqACAxMW",
        "type" : "Relation"
      },
      "shape" : {
        "id" : "TVCPWX6GAqACAxMb_path",
        "type" : "Path",
        "points" : [ {
          "x" : 1140,
          "y" : 912
        }, {
          "x" : 1140,
          "y" : 872
        }, {
          "x" : 1206,
          "y" : 872
        }, {
          "x" : 1206,
          "y" : 938
        }, {
          "x" : 1166,
          "y" : 938
        } ]
      },
      "source" : {
        "id" : "JjlbWX6GAqACAxCM",
        "type" : "ClassView"
      },
      "target" : {
        "id" : "JjlbWX6GAqACAxCM",
        "type" : "ClassView"
      }
    }, {
      "id" : ".91rWX6GAqACAw.N",
      "type" : "ClassView",
      "modelElement" : {
        "id" : ".91rWX6GAqACAw.O",
        "type" : "Class"
      },
      "shape" : {
        "id" : ".91rWX6GAqACAw.N_shape",
        "type" : "Rectangle",
        "x" : 533,
        "y" : 252,
        "width" : 80,
        "height" : 40
      }
    }, {
      "id" : "KSZrWX6GAqACAw.B",
      "type" : "ClassView",
      "modelElement" : {
        "id" : "KSZrWX6GAqACAw.C",
        "type" : "Class"
      },
      "shape" : {
        "id" : "KSZrWX6GAqACAw.B_shape",
        "type" : "Rectangle",
        "x" : 297,
        "y" : 252,
        "width" : 80,
        "height" : 40
      }
    }, {
      "id" : "JjlbWX6GAqACAxCM",
      "type" : "ClassView",
      "modelElement" : {
        "id" : "JjlbWX6GAqACAxCN",
        "type" : "Class"
      },
      "shape" : {
        "id" : "JjlbWX6GAqACAxCM_shape",
        "type" : "Rectangle",
        "x" : 1060,
        "y" : 912,
        "width" : 106,
        "height" : 51
      }
    }, {
      "id" : "O98XWX6GAqACAxG2",
      "type" : "RelationView",
      "modelElement" : {
        "id" : "G98XWX6GAqACAxGx",
        "type" : "Relation"
      },
      "shape" : {
        "id" : "O98XWX6GAqACAxG2_path",
        "type" : "Path",
        "points" : [ {
          "x" : 1173,
          "y" : 114
        }, {
          "x" : 1173,
          "y" : 252
        } ]
      },
      "source" : {
        "id" : "s.7rWX6GAqACAw.y",
        "type" : "ClassView"
      },
      "target" : {
        "id" : "aBXrWX6GAqACAw_C",
        "type" : "ClassView"
      }
    }, {
      "id" : "IgVvWX6GAqACAxQo",
      "type" : "RelationView",
      "modelElement" : {
        "id" : "AgVvWX6GAqACAxQj",
        "type" : "Relation"
      },
      "shape" : {
        "id" : "IgVvWX6GAqACAxQo_path",
        "type" : "Path",
        "points" : [ {
          "x" : 683,
          "y" : 756
        }, {
          "x" : 683,
          "y" : 801
        }, {
          "x" : 275,
          "y" : 801
        }, {
          "x" : 275,
          "y" : 756
        } ]
      },
      "source" : {
        "id" : "VbebWX6GAqACAxBc",
        "type" : "ClassView"
      },
      "target" : {
        "id" : "LzWbWX6GAqACAxBO",
        "type" : "ClassView"
      }
    }, {
      "id" : "1AqbWX6GAqACAxBC",
      "type" : "ClassView",
      "modelElement" : {
        "id" : "1AqbWX6GAqACAxBD",
        "type" : "Class"
      },
      "shape" : {
        "id" : "1AqbWX6GAqACAxBC_shape",
        "type" : "Rectangle",
        "x" : 272,
        "y" : 542,
        "width" : 105,
        "height" : 40
      }
    }, {
      "id" : "zhTfWX6GAqACAxSU",
      "type" : "GeneralizationView",
      "modelElement" : {
        "id" : "9hTfWX6GAqACAxST",
        "type" : "Generalization"
      },
      "shape" : {
        "id" : "zhTfWX6GAqACAxSU_path",
        "type" : "Path",
        "points" : [ {
          "x" : 556,
          "y" : 293
        }, {
          "x" : 556,
          "y" : 636
        }, {
          "x" : 640,
          "y" : 716
        } ]
      },
      "source" : {
        "id" : ".91rWX6GAqACAw.N",
        "type" : "ClassView"
      },
      "target" : {
        "id" : "VbebWX6GAqACAxBc",
        "type" : "ClassView"
      }
    }, {
      "id" : "aBXrWX6GAqACAw_C",
      "type" : "ClassView",
      "modelElement" : {
        "id" : "aBXrWX6GAqACAw_D",
        "type" : "Class"
      },
      "shape" : {
        "id" : "aBXrWX6GAqACAw_C_shape",
        "type" : "Rectangle",
        "x" : 1157,
        "y" : 252,
        "width" : 145,
        "height" : 40
      }
    } ]
  } ]
}