{
  "id" : "BWAkG06GAqACHRrY",
  "name" : "fischer2018ontorea",
  "description" : null,
  "type" : "Project",
  "model" : {
    "id" : "BWAkG06GAqACHRrY_root",
    "name" : "fischer2018ontorea",
    "description" : null,
    "type" : "Package",
    "propertyAssignments" : null,
    "contents" : [ {
      "id" : "6P9F._6AUB1CSixl",
      "name" : "OntoREA",
      "description" : null,
      "type" : "Package",
      "propertyAssignments" : null,
      "contents" : [ {
        "id" : "iR0GG06GAqACHR8q",
        "name" : "Balance Duality (Spot Market Contract)",
        "description" : null,
        "type" : "Class",
        "propertyAssignments" : null,
        "stereotype" : "relator",
        "isAbstract" : false,
        "isDerived" : false,
        "properties" : null,
        "isExtensional" : null,
        "isPowertype" : null,
        "order" : null,
        "literals" : null,
        "restrictedTo" : [ "relator" ]
      }, {
        "id" : "FZ0qG06GAqACHR6S",
        "name" : "Liability",
        "description" : null,
        "type" : "Class",
        "propertyAssignments" : null,
        "stereotype" : "phase",
        "isAbstract" : true,
        "isDerived" : false,
        "properties" : null,
        "isExtensional" : false,
        "isPowertype" : null,
        "order" : null,
        "literals" : null,
        "restrictedTo" : [ "functional-complex", "collective" ]
      }, {
        "id" : "63MqG06GAqACHR6e",
        "name" : "Off Balance",
        "description" : null,
        "type" : "Class",
        "propertyAssignments" : null,
        "stereotype" : "phase",
        "isAbstract" : true,
        "isDerived" : false,
        "properties" : null,
        "isExtensional" : false,
        "isPowertype" : null,
        "order" : null,
        "literals" : null,
        "restrictedTo" : [ "functional-complex", "collective" ]
      }, {
        "id" : "6WUqG06GAqACHR6G",
        "name" : "Asset",
        "description" : null,
        "type" : "Class",
        "propertyAssignments" : null,
        "stereotype" : "phase",
        "isAbstract" : true,
        "isDerived" : false,
        "properties" : null,
        "isExtensional" : false,
        "isPowertype" : null,
        "order" : null,
        "literals" : null,
        "restrictedTo" : [ "functional-complex", "collective" ]
      }, {
        "id" : "s99qG06GAqACHR8D",
        "name" : "Derivative Instrument",
        "description" : null,
        "type" : "Class",
        "propertyAssignments" : null,
        "stereotype" : "collective",
        "isAbstract" : false,
        "isDerived" : false,
        "properties" : null,
        "isExtensional" : false,
        "isPowertype" : null,
        "order" : null,
        "literals" : null,
        "restrictedTo" : [ "collective" ]
      }, {
        "id" : "2gzRG06GAqACHQoN",
        "name" : "Economic Resource",
        "description" : null,
        "type" : "Class",
        "propertyAssignments" : null,
        "stereotype" : "kind",
        "isAbstract" : true,
        "isDerived" : false,
        "properties" : null,
        "isExtensional" : null,
        "isPowertype" : null,
        "order" : null,
        "literals" : null,
        "restrictedTo" : [ "functional-complex" ]
      }, {
        "id" : "UhipG06GAqACHQmp",
        "name" : "Equity",
        "description" : null,
        "type" : "Class",
        "propertyAssignments" : null,
        "stereotype" : "phase",
        "isAbstract" : false,
        "isDerived" : false,
        "properties" : null,
        "isExtensional" : false,
        "isPowertype" : null,
        "order" : null,
        "literals" : null,
        "restrictedTo" : [ "functional-complex", "collective" ]
      }, {
        "id" : "lJo5G06GAqACHQqk",
        "name" : "Economic Event",
        "description" : null,
        "type" : "Class",
        "propertyAssignments" : null,
        "stereotype" : "event",
        "isAbstract" : false,
        "isDerived" : false,
        "properties" : null,
        "isExtensional" : null,
        "isPowertype" : null,
        "order" : null,
        "literals" : null,
        "restrictedTo" : [ "event" ]
      }, {
        "id" : "Gqk5G06GAqACHQqy",
        "name" : "Debit Event",
        "description" : null,
        "type" : "Class",
        "propertyAssignments" : null,
        "stereotype" : "subkind",
        "isAbstract" : false,
        "isDerived" : false,
        "properties" : null,
        "isExtensional" : false,
        "isPowertype" : null,
        "order" : null,
        "literals" : null,
        "restrictedTo" : null
      }, {
        "id" : "AAs5G06GAqACHQq.",
        "name" : "Credit Event",
        "description" : null,
        "type" : "Class",
        "propertyAssignments" : null,
        "stereotype" : "subkind",
        "isAbstract" : false,
        "isDerived" : false,
        "properties" : null,
        "isExtensional" : false,
        "isPowertype" : null,
        "order" : null,
        "literals" : null,
        "restrictedTo" : null
      }, {
        "id" : "IgvFG06GAqACHQv1",
        "name" : "Economic Commitment",
        "description" : null,
        "type" : "Class",
        "propertyAssignments" : null,
        "stereotype" : "kind",
        "isAbstract" : false,
        "isDerived" : false,
        "properties" : null,
        "isExtensional" : null,
        "isPowertype" : null,
        "order" : null,
        "literals" : null,
        "restrictedTo" : [ "functional-complex" ]
      }, {
        "id" : "MFwlG06GAqACHQwD",
        "name" : "Debit Commitment",
        "description" : null,
        "type" : "Class",
        "propertyAssignments" : null,
        "stereotype" : "subkind",
        "isAbstract" : false,
        "isDerived" : false,
        "properties" : null,
        "isExtensional" : false,
        "isPowertype" : null,
        "order" : null,
        "literals" : null,
        "restrictedTo" : [ "functional-complex" ]
      }, {
        "id" : "_DYlG06GAqACHQwP",
        "name" : "Credit Commitment",
        "description" : null,
        "type" : "Class",
        "propertyAssignments" : null,
        "stereotype" : "subkind",
        "isAbstract" : false,
        "isDerived" : false,
        "properties" : null,
        "isExtensional" : false,
        "isPowertype" : null,
        "order" : null,
        "literals" : null,
        "restrictedTo" : [ "functional-complex" ]
      }, {
        "id" : "KR2lG06GAqACHQxS",
        "name" : "Economic Agent",
        "description" : null,
        "type" : "Class",
        "propertyAssignments" : null,
        "stereotype" : "kind",
        "isAbstract" : false,
        "isDerived" : false,
        "properties" : null,
        "isExtensional" : null,
        "isPowertype" : null,
        "order" : null,
        "literals" : null,
        "restrictedTo" : [ "functional-complex" ]
      }, {
        "id" : ".fE1G06GAqACHQ0u",
        "name" : "Balanced Reciprocity (Future Market Contract)",
        "description" : null,
        "type" : "Class",
        "propertyAssignments" : null,
        "stereotype" : "relator",
        "isAbstract" : false,
        "isDerived" : false,
        "properties" : null,
        "isExtensional" : null,
        "isPowertype" : null,
        "order" : null,
        "literals" : null,
        "restrictedTo" : [ "relator" ]
      }, {
        "id" : "CceL._6AUB1CSjF0",
        "name" : "Planning and Control Policy",
        "description" : null,
        "type" : "Class",
        "propertyAssignments" : null,
        "stereotype" : "kind",
        "isAbstract" : false,
        "isDerived" : false,
        "properties" : null,
        "isExtensional" : null,
        "isPowertype" : null,
        "order" : null,
        "literals" : null,
        "restrictedTo" : [ "functional-complex" ]
      }, {
        "id" : "hShL._6AUB1CSjGA",
        "name" : "Uncertainty Sample Space",
        "description" : null,
        "type" : "Class",
        "propertyAssignments" : null,
        "stereotype" : "kind",
        "isAbstract" : false,
        "isDerived" : false,
        "properties" : null,
        "isExtensional" : null,
        "isPowertype" : null,
        "order" : null,
        "literals" : null,
        "restrictedTo" : [ "functional-complex" ]
      }, {
        "id" : "ygRL._6AUB1CSjGS",
        "name" : "Plan Event Tree",
        "description" : null,
        "type" : "Class",
        "propertyAssignments" : null,
        "stereotype" : "event",
        "isAbstract" : false,
        "isDerived" : false,
        "properties" : null,
        "isExtensional" : null,
        "isPowertype" : null,
        "order" : null,
        "literals" : null,
        "restrictedTo" : [ "event" ]
      }, {
        "id" : "nO4RG06GAqACHQnB",
        "name" : null,
        "description" : null,
        "type" : "Generalization",
        "propertyAssignments" : null,
        "general" : {
          "id" : "s99qG06GAqACHR8D",
          "type" : "Class"
        },
        "specific" : {
          "id" : "6WUqG06GAqACHR6G",
          "type" : "Class"
        }
      }, {
        "id" : "bmERG06GAqACHQnQ",
        "name" : null,
        "description" : null,
        "type" : "Generalization",
        "propertyAssignments" : null,
        "general" : {
          "id" : "s99qG06GAqACHR8D",
          "type" : "Class"
        },
        "specific" : {
          "id" : "FZ0qG06GAqACHR6S",
          "type" : "Class"
        }
      }, {
        "id" : "E6kRG06GAqACHQnf",
        "name" : null,
        "description" : null,
        "type" : "Generalization",
        "propertyAssignments" : null,
        "general" : {
          "id" : "s99qG06GAqACHR8D",
          "type" : "Class"
        },
        "specific" : {
          "id" : "63MqG06GAqACHR6e",
          "type" : "Class"
        }
      }, {
        "id" : "LkOpG06GAqACHQo2",
        "name" : null,
        "description" : null,
        "type" : "Generalization",
        "propertyAssignments" : null,
        "general" : {
          "id" : "2gzRG06GAqACHQoN",
          "type" : "Class"
        },
        "specific" : {
          "id" : "UhipG06GAqACHQmp",
          "type" : "Class"
        }
      }, {
        "id" : "BFS5G06GAqACHQrQ",
        "name" : null,
        "description" : null,
        "type" : "Generalization",
        "propertyAssignments" : null,
        "general" : {
          "id" : "lJo5G06GAqACHQqk",
          "type" : "Class"
        },
        "specific" : {
          "id" : "Gqk5G06GAqACHQqy",
          "type" : "Class"
        }
      }, {
        "id" : "qhy5G06GAqACHQrf",
        "name" : null,
        "description" : null,
        "type" : "Generalization",
        "propertyAssignments" : null,
        "general" : {
          "id" : "lJo5G06GAqACHQqk",
          "type" : "Class"
        },
        "specific" : {
          "id" : "AAs5G06GAqACHQq.",
          "type" : "Class"
        }
      }, {
        "id" : "71TlG06GAqACHQyE",
        "name" : null,
        "description" : null,
        "type" : "Generalization",
        "propertyAssignments" : null,
        "general" : {
          "id" : "IgvFG06GAqACHQv1",
          "type" : "Class"
        },
        "specific" : {
          "id" : "MFwlG06GAqACHQwD",
          "type" : "Class"
        }
      }, {
        "id" : "jzzlG06GAqACHQyP",
        "name" : null,
        "description" : null,
        "type" : "Generalization",
        "propertyAssignments" : null,
        "general" : {
          "id" : "IgvFG06GAqACHQv1",
          "type" : "Class"
        },
        "specific" : {
          "id" : "_DYlG06GAqACHQwP",
          "type" : "Class"
        }
      }, {
        "id" : "CLvl._6AUB1CSi0E",
        "name" : null,
        "description" : null,
        "type" : "Generalization",
        "propertyAssignments" : null,
        "general" : {
          "id" : "s99qG06GAqACHR8D",
          "type" : "Class"
        },
        "specific" : {
          "id" : "UhipG06GAqACHQmp",
          "type" : "Class"
        }
      }, {
        "id" : "QlZV._6AUB1CSi28",
        "name" : null,
        "description" : null,
        "type" : "Generalization",
        "propertyAssignments" : null,
        "general" : {
          "id" : "2gzRG06GAqACHQoN",
          "type" : "Class"
        },
        "specific" : {
          "id" : "FZ0qG06GAqACHR6S",
          "type" : "Class"
        }
      }, {
        "id" : "Eo5V._6AUB1CSi3G",
        "name" : null,
        "description" : null,
        "type" : "Generalization",
        "propertyAssignments" : null,
        "general" : {
          "id" : "2gzRG06GAqACHQoN",
          "type" : "Class"
        },
        "specific" : {
          "id" : "6WUqG06GAqACHR6G",
          "type" : "Class"
        }
      }, {
        "id" : "3R5V._6AUB1CSi3Q",
        "name" : null,
        "description" : null,
        "type" : "Generalization",
        "propertyAssignments" : null,
        "general" : {
          "id" : "2gzRG06GAqACHQoN",
          "type" : "Class"
        },
        "specific" : {
          "id" : "63MqG06GAqACHR6e",
          "type" : "Class"
        }
      }, {
        "id" : "rHAJG06GAqACHQo4",
        "name" : "",
        "description" : null,
        "type" : "GeneralizationSet",
        "propertyAssignments" : null,
        "isDisjoint" : true,
        "isComplete" : true,
        "categorizer" : null,
        "generalizations" : [ {
          "id" : "E6kRG06GAqACHQnf",
          "type" : "Generalization"
        }, {
          "id" : "bmERG06GAqACHQnQ",
          "type" : "Generalization"
        }, {
          "id" : "CLvl._6AUB1CSi0E",
          "type" : "Generalization"
        }, {
          "id" : "nO4RG06GAqACHQnB",
          "type" : "Generalization"
        } ]
      }, {
        "id" : "eEa5G06GAqACHQrm",
        "name" : "",
        "description" : null,
        "type" : "GeneralizationSet",
        "propertyAssignments" : null,
        "isDisjoint" : true,
        "isComplete" : true,
        "categorizer" : null,
        "generalizations" : [ {
          "id" : "BFS5G06GAqACHQrQ",
          "type" : "Generalization"
        }, {
          "id" : "qhy5G06GAqACHQrf",
          "type" : "Generalization"
        } ]
      }, {
        "id" : "aeHlG06GAqACHQyY",
        "name" : "",
        "description" : null,
        "type" : "GeneralizationSet",
        "propertyAssignments" : null,
        "isDisjoint" : true,
        "isComplete" : true,
        "categorizer" : null,
        "generalizations" : [ {
          "id" : "jzzlG06GAqACHQyP",
          "type" : "Generalization"
        }, {
          "id" : "71TlG06GAqACHQyE",
          "type" : "Generalization"
        } ]
      }, {
        "id" : "UDDV._6AUB1CSi3Z",
        "name" : "",
        "description" : null,
        "type" : "GeneralizationSet",
        "propertyAssignments" : null,
        "isDisjoint" : true,
        "isComplete" : true,
        "categorizer" : null,
        "generalizations" : [ {
          "id" : "Eo5V._6AUB1CSi3G",
          "type" : "Generalization"
        }, {
          "id" : "QlZV._6AUB1CSi28",
          "type" : "Generalization"
        }, {
          "id" : "LkOpG06GAqACHQo2",
          "type" : "Generalization"
        }, {
          "id" : "3R5V._6AUB1CSi3Q",
          "type" : "Generalization"
        } ]
      }, {
        "id" : "AogZG06GAqACHQp4",
        "name" : null,
        "description" : null,
        "type" : "Relation",
        "propertyAssignments" : null,
        "stereotype" : "memberOf",
        "isAbstract" : false,
        "isDerived" : false,
        "properties" : [ {
          "id" : "EogZG06GAqACHQp6",
          "name" : null,
          "description" : null,
          "type" : "Property",
          "propertyAssignments" : null,
          "stereotype" : null,
          "isDerived" : false,
          "isReadOnly" : false,
          "isOrdered" : false,
          "cardinality" : "2",
          "propertyType" : {
            "id" : "2gzRG06GAqACHQoN",
            "type" : "Class"
          },
          "subsettedProperties" : null,
          "redefinedProperties" : null,
          "aggregationKind" : "NONE"
        }, {
          "id" : "UogZG06GAqACHQp9",
          "name" : null,
          "description" : null,
          "type" : "Property",
          "propertyAssignments" : null,
          "stereotype" : null,
          "isDerived" : false,
          "isReadOnly" : false,
          "isOrdered" : false,
          "cardinality" : "1..*",
          "propertyType" : {
            "id" : "s99qG06GAqACHR8D",
            "type" : "Class"
          },
          "subsettedProperties" : null,
          "redefinedProperties" : null,
          "aggregationKind" : "SHARED"
        } ]
      }, {
        "id" : "OQF5G06GAqACHQsc",
        "name" : "duality",
        "description" : null,
        "type" : "Relation",
        "propertyAssignments" : null,
        "stereotype" : "material",
        "isAbstract" : false,
        "isDerived" : true,
        "properties" : [ {
          "id" : "OQF5G06GAqACHQsd",
          "name" : null,
          "description" : null,
          "type" : "Property",
          "propertyAssignments" : null,
          "stereotype" : null,
          "isDerived" : false,
          "isReadOnly" : false,
          "isOrdered" : false,
          "cardinality" : "1..*",
          "propertyType" : {
            "id" : "Gqk5G06GAqACHQqy",
            "type" : "Class"
          },
          "subsettedProperties" : null,
          "redefinedProperties" : null,
          "aggregationKind" : "NONE"
        }, {
          "id" : "OQF5G06GAqACHQsf",
          "name" : null,
          "description" : null,
          "type" : "Property",
          "propertyAssignments" : null,
          "stereotype" : null,
          "isDerived" : false,
          "isReadOnly" : false,
          "isOrdered" : false,
          "cardinality" : "1..*",
          "propertyType" : {
            "id" : "AAs5G06GAqACHQq.",
            "type" : "Class"
          },
          "subsettedProperties" : null,
          "redefinedProperties" : null,
          "aggregationKind" : "NONE"
        } ]
      }, {
        "id" : "N2r5G06GAqACHQs8",
        "name" : "out-/inflow",
        "description" : null,
        "type" : "Relation",
        "propertyAssignments" : null,
        "stereotype" : "formal",
        "isAbstract" : false,
        "isDerived" : false,
        "properties" : [ {
          "id" : "N2r5G06GAqACHQs9",
          "name" : null,
          "description" : null,
          "type" : "Property",
          "propertyAssignments" : null,
          "stereotype" : null,
          "isDerived" : false,
          "isReadOnly" : false,
          "isOrdered" : false,
          "cardinality" : "1..*",
          "propertyType" : {
            "id" : "2gzRG06GAqACHQoN",
            "type" : "Class"
          },
          "subsettedProperties" : null,
          "redefinedProperties" : null,
          "aggregationKind" : "NONE"
        }, {
          "id" : "N2r5G06GAqACHQs_",
          "name" : null,
          "description" : null,
          "type" : "Property",
          "propertyAssignments" : null,
          "stereotype" : null,
          "isDerived" : false,
          "isReadOnly" : false,
          "isOrdered" : false,
          "cardinality" : "1",
          "propertyType" : {
            "id" : "AAs5G06GAqACHQq.",
            "type" : "Class"
          },
          "subsettedProperties" : null,
          "redefinedProperties" : null,
          "aggregationKind" : "NONE"
        } ]
      }, {
        "id" : "mvAFG06GAqACHQtT",
        "name" : "out-/inflow",
        "description" : null,
        "type" : "Relation",
        "propertyAssignments" : null,
        "stereotype" : "formal",
        "isAbstract" : false,
        "isDerived" : false,
        "properties" : [ {
          "id" : "mvAFG06GAqACHQtU",
          "name" : null,
          "description" : null,
          "type" : "Property",
          "propertyAssignments" : null,
          "stereotype" : null,
          "isDerived" : false,
          "isReadOnly" : false,
          "isOrdered" : false,
          "cardinality" : "1..*",
          "propertyType" : {
            "id" : "2gzRG06GAqACHQoN",
            "type" : "Class"
          },
          "subsettedProperties" : null,
          "redefinedProperties" : null,
          "aggregationKind" : "NONE"
        }, {
          "id" : "mvAFG06GAqACHQtW",
          "name" : null,
          "description" : null,
          "type" : "Property",
          "propertyAssignments" : null,
          "stereotype" : null,
          "isDerived" : false,
          "isReadOnly" : false,
          "isOrdered" : false,
          "cardinality" : "1",
          "propertyType" : {
            "id" : "Gqk5G06GAqACHQqy",
            "type" : "Class"
          },
          "subsettedProperties" : null,
          "redefinedProperties" : null,
          "aggregationKind" : "NONE"
        } ]
      }, {
        "id" : "7i5FG06GAqACHQuh",
        "name" : null,
        "description" : null,
        "type" : "Relation",
        "propertyAssignments" : null,
        "stereotype" : "mediation",
        "isAbstract" : false,
        "isDerived" : false,
        "properties" : [ {
          "id" : "7i5FG06GAqACHQui",
          "name" : null,
          "description" : null,
          "type" : "Property",
          "propertyAssignments" : null,
          "stereotype" : null,
          "isDerived" : false,
          "isReadOnly" : false,
          "isOrdered" : false,
          "cardinality" : "1",
          "propertyType" : {
            "id" : "iR0GG06GAqACHR8q",
            "type" : "Class"
          },
          "subsettedProperties" : null,
          "redefinedProperties" : null,
          "aggregationKind" : "NONE"
        }, {
          "id" : "7i5FG06GAqACHQuk",
          "name" : null,
          "description" : null,
          "type" : "Property",
          "propertyAssignments" : null,
          "stereotype" : null,
          "isDerived" : false,
          "isReadOnly" : true,
          "isOrdered" : false,
          "cardinality" : "1..*",
          "propertyType" : {
            "id" : "AAs5G06GAqACHQq.",
            "type" : "Class"
          },
          "subsettedProperties" : null,
          "redefinedProperties" : null,
          "aggregationKind" : "NONE"
        } ]
      }, {
        "id" : "MxVFG06GAqACHQu0",
        "name" : null,
        "description" : null,
        "type" : "Relation",
        "propertyAssignments" : null,
        "stereotype" : "mediation",
        "isAbstract" : false,
        "isDerived" : false,
        "properties" : [ {
          "id" : "MxVFG06GAqACHQu1",
          "name" : null,
          "description" : null,
          "type" : "Property",
          "propertyAssignments" : null,
          "stereotype" : null,
          "isDerived" : false,
          "isReadOnly" : false,
          "isOrdered" : false,
          "cardinality" : "1",
          "propertyType" : {
            "id" : "iR0GG06GAqACHR8q",
            "type" : "Class"
          },
          "subsettedProperties" : null,
          "redefinedProperties" : null,
          "aggregationKind" : "NONE"
        }, {
          "id" : "MxVFG06GAqACHQu3",
          "name" : null,
          "description" : null,
          "type" : "Property",
          "propertyAssignments" : null,
          "stereotype" : null,
          "isDerived" : false,
          "isReadOnly" : true,
          "isOrdered" : false,
          "cardinality" : "1..*",
          "propertyType" : {
            "id" : "Gqk5G06GAqACHQqy",
            "type" : "Class"
          },
          "subsettedProperties" : null,
          "redefinedProperties" : null,
          "aggregationKind" : "NONE"
        } ]
      }, {
        "id" : "uJplG06GAqACHQxf",
        "name" : "participation",
        "description" : null,
        "type" : "Relation",
        "propertyAssignments" : null,
        "stereotype" : "formal",
        "isAbstract" : false,
        "isDerived" : false,
        "properties" : [ {
          "id" : "uJplG06GAqACHQxg",
          "name" : null,
          "description" : null,
          "type" : "Property",
          "propertyAssignments" : null,
          "stereotype" : null,
          "isDerived" : false,
          "isReadOnly" : false,
          "isOrdered" : false,
          "cardinality" : "2..*",
          "propertyType" : {
            "id" : "KR2lG06GAqACHQxS",
            "type" : "Class"
          },
          "subsettedProperties" : null,
          "redefinedProperties" : null,
          "aggregationKind" : "NONE"
        }, {
          "id" : "uJplG06GAqACHQxi",
          "name" : null,
          "description" : null,
          "type" : "Property",
          "propertyAssignments" : null,
          "stereotype" : null,
          "isDerived" : false,
          "isReadOnly" : false,
          "isOrdered" : false,
          "cardinality" : "1",
          "propertyType" : {
            "id" : "lJo5G06GAqACHQqk",
            "type" : "Class"
          },
          "subsettedProperties" : null,
          "redefinedProperties" : null,
          "aggregationKind" : "NONE"
        } ]
      }, {
        "id" : "mlqVG06GAqACHQy_",
        "name" : "out-/inflow",
        "description" : null,
        "type" : "Relation",
        "propertyAssignments" : null,
        "stereotype" : "formal",
        "isAbstract" : false,
        "isDerived" : false,
        "properties" : [ {
          "id" : "mlqVG06GAqACHQzA",
          "name" : null,
          "description" : null,
          "type" : "Property",
          "propertyAssignments" : null,
          "stereotype" : null,
          "isDerived" : false,
          "isReadOnly" : false,
          "isOrdered" : false,
          "cardinality" : "1..*",
          "propertyType" : {
            "id" : "2gzRG06GAqACHQoN",
            "type" : "Class"
          },
          "subsettedProperties" : null,
          "redefinedProperties" : null,
          "aggregationKind" : "NONE"
        }, {
          "id" : "mlqVG06GAqACHQzC",
          "name" : null,
          "description" : null,
          "type" : "Property",
          "propertyAssignments" : null,
          "stereotype" : null,
          "isDerived" : false,
          "isReadOnly" : false,
          "isOrdered" : false,
          "cardinality" : "1",
          "propertyType" : {
            "id" : "_DYlG06GAqACHQwP",
            "type" : "Class"
          },
          "subsettedProperties" : null,
          "redefinedProperties" : null,
          "aggregationKind" : "NONE"
        } ]
      }, {
        "id" : "aomVG06GAqACHQzS",
        "name" : "out-/inflow",
        "description" : null,
        "type" : "Relation",
        "propertyAssignments" : null,
        "stereotype" : "formal",
        "isAbstract" : false,
        "isDerived" : false,
        "properties" : [ {
          "id" : "aomVG06GAqACHQzT",
          "name" : null,
          "description" : null,
          "type" : "Property",
          "propertyAssignments" : null,
          "stereotype" : null,
          "isDerived" : false,
          "isReadOnly" : false,
          "isOrdered" : false,
          "cardinality" : "0..*",
          "propertyType" : {
            "id" : "2gzRG06GAqACHQoN",
            "type" : "Class"
          },
          "subsettedProperties" : null,
          "redefinedProperties" : null,
          "aggregationKind" : "NONE"
        }, {
          "id" : "aomVG06GAqACHQzV",
          "name" : null,
          "description" : null,
          "type" : "Property",
          "propertyAssignments" : null,
          "stereotype" : null,
          "isDerived" : false,
          "isReadOnly" : false,
          "isOrdered" : false,
          "cardinality" : "1",
          "propertyType" : {
            "id" : "MFwlG06GAqACHQwD",
            "type" : "Class"
          },
          "subsettedProperties" : null,
          "redefinedProperties" : null,
          "aggregationKind" : "NONE"
        } ]
      }, {
        "id" : "nMV1G06GAqACHQ07",
        "name" : "reciprocity",
        "description" : null,
        "type" : "Relation",
        "propertyAssignments" : null,
        "stereotype" : "material",
        "isAbstract" : false,
        "isDerived" : true,
        "properties" : [ {
          "id" : "nMV1G06GAqACHQ08",
          "name" : null,
          "description" : null,
          "type" : "Property",
          "propertyAssignments" : null,
          "stereotype" : null,
          "isDerived" : false,
          "isReadOnly" : false,
          "isOrdered" : false,
          "cardinality" : "1..*",
          "propertyType" : {
            "id" : "_DYlG06GAqACHQwP",
            "type" : "Class"
          },
          "subsettedProperties" : null,
          "redefinedProperties" : null,
          "aggregationKind" : "NONE"
        }, {
          "id" : "nMV1G06GAqACHQ0.",
          "name" : null,
          "description" : null,
          "type" : "Property",
          "propertyAssignments" : null,
          "stereotype" : null,
          "isDerived" : false,
          "isReadOnly" : false,
          "isOrdered" : false,
          "cardinality" : "1..*",
          "propertyType" : {
            "id" : "MFwlG06GAqACHQwD",
            "type" : "Class"
          },
          "subsettedProperties" : null,
          "redefinedProperties" : null,
          "aggregationKind" : "NONE"
        } ]
      }, {
        "id" : "Rtv1G06GAqACHQ11",
        "name" : "stochastic fulfillment process",
        "description" : null,
        "type" : "Relation",
        "propertyAssignments" : null,
        "stereotype" : "formal",
        "isAbstract" : false,
        "isDerived" : false,
        "properties" : [ {
          "id" : "Rtv1G06GAqACHQ12",
          "name" : null,
          "description" : null,
          "type" : "Property",
          "propertyAssignments" : null,
          "stereotype" : null,
          "isDerived" : false,
          "isReadOnly" : false,
          "isOrdered" : false,
          "cardinality" : "1..*",
          "propertyType" : {
            "id" : "lJo5G06GAqACHQqk",
            "type" : "Class"
          },
          "subsettedProperties" : null,
          "redefinedProperties" : null,
          "aggregationKind" : "NONE"
        }, {
          "id" : "Rtv1G06GAqACHQ14",
          "name" : null,
          "description" : null,
          "type" : "Property",
          "propertyAssignments" : null,
          "stereotype" : null,
          "isDerived" : false,
          "isReadOnly" : false,
          "isOrdered" : false,
          "cardinality" : "0..1",
          "propertyType" : {
            "id" : "IgvFG06GAqACHQv1",
            "type" : "Class"
          },
          "subsettedProperties" : null,
          "redefinedProperties" : null,
          "aggregationKind" : "NONE"
        } ]
      }, {
        "id" : "8DCNG06GAqACHQ2c",
        "name" : "participation",
        "description" : null,
        "type" : "Relation",
        "propertyAssignments" : null,
        "stereotype" : "formal",
        "isAbstract" : false,
        "isDerived" : false,
        "properties" : [ {
          "id" : "8DCNG06GAqACHQ2d",
          "name" : null,
          "description" : null,
          "type" : "Property",
          "propertyAssignments" : null,
          "stereotype" : null,
          "isDerived" : false,
          "isReadOnly" : false,
          "isOrdered" : false,
          "cardinality" : "2..*",
          "propertyType" : {
            "id" : "KR2lG06GAqACHQxS",
            "type" : "Class"
          },
          "subsettedProperties" : null,
          "redefinedProperties" : null,
          "aggregationKind" : "NONE"
        }, {
          "id" : "8DCNG06GAqACHQ2f",
          "name" : null,
          "description" : null,
          "type" : "Property",
          "propertyAssignments" : null,
          "stereotype" : null,
          "isDerived" : false,
          "isReadOnly" : false,
          "isOrdered" : false,
          "cardinality" : "0..1",
          "propertyType" : {
            "id" : ".fE1G06GAqACHQ0u",
            "type" : "Class"
          },
          "subsettedProperties" : null,
          "redefinedProperties" : null,
          "aggregationKind" : "NONE"
        } ]
      }, {
        "id" : "GMeNG06GAqACHQ26",
        "name" : null,
        "description" : null,
        "type" : "Relation",
        "propertyAssignments" : null,
        "stereotype" : "mediation",
        "isAbstract" : false,
        "isDerived" : false,
        "properties" : [ {
          "id" : "GMeNG06GAqACHQ27",
          "name" : null,
          "description" : null,
          "type" : "Property",
          "propertyAssignments" : null,
          "stereotype" : null,
          "isDerived" : false,
          "isReadOnly" : false,
          "isOrdered" : false,
          "cardinality" : "1",
          "propertyType" : {
            "id" : ".fE1G06GAqACHQ0u",
            "type" : "Class"
          },
          "subsettedProperties" : null,
          "redefinedProperties" : null,
          "aggregationKind" : "NONE"
        }, {
          "id" : "GMeNG06GAqACHQ29",
          "name" : null,
          "description" : null,
          "type" : "Property",
          "propertyAssignments" : null,
          "stereotype" : null,
          "isDerived" : false,
          "isReadOnly" : true,
          "isOrdered" : false,
          "cardinality" : "1..*",
          "propertyType" : {
            "id" : "_DYlG06GAqACHQwP",
            "type" : "Class"
          },
          "subsettedProperties" : null,
          "redefinedProperties" : null,
          "aggregationKind" : "NONE"
        } ]
      }, {
        "id" : "4KxNG06GAqACHQ3Q",
        "name" : null,
        "description" : null,
        "type" : "Relation",
        "propertyAssignments" : null,
        "stereotype" : "mediation",
        "isAbstract" : false,
        "isDerived" : false,
        "properties" : [ {
          "id" : "4KxNG06GAqACHQ3R",
          "name" : null,
          "description" : null,
          "type" : "Property",
          "propertyAssignments" : null,
          "stereotype" : null,
          "isDerived" : false,
          "isReadOnly" : false,
          "isOrdered" : false,
          "cardinality" : "1",
          "propertyType" : {
            "id" : ".fE1G06GAqACHQ0u",
            "type" : "Class"
          },
          "subsettedProperties" : null,
          "redefinedProperties" : null,
          "aggregationKind" : "NONE"
        }, {
          "id" : "4KxNG06GAqACHQ3T",
          "name" : null,
          "description" : null,
          "type" : "Property",
          "propertyAssignments" : null,
          "stereotype" : null,
          "isDerived" : false,
          "isReadOnly" : true,
          "isOrdered" : false,
          "cardinality" : "1..*",
          "propertyType" : {
            "id" : "MFwlG06GAqACHQwD",
            "type" : "Class"
          },
          "subsettedProperties" : null,
          "redefinedProperties" : null,
          "aggregationKind" : "NONE"
        } ]
      }, {
        "id" : "auNt._6AUB1CSi_G",
        "name" : "Hybrid Contract",
        "description" : null,
        "type" : "Relation",
        "propertyAssignments" : null,
        "stereotype" : null,
        "isAbstract" : false,
        "isDerived" : false,
        "properties" : [ {
          "id" : "auNt._6AUB1CSi_H",
          "name" : null,
          "description" : null,
          "type" : "Property",
          "propertyAssignments" : null,
          "stereotype" : null,
          "isDerived" : false,
          "isReadOnly" : false,
          "isOrdered" : false,
          "cardinality" : "*",
          "propertyType" : {
            "id" : "iR0GG06GAqACHR8q",
            "type" : "Class"
          },
          "subsettedProperties" : null,
          "redefinedProperties" : null,
          "aggregationKind" : "NONE"
        }, {
          "id" : "auNt._6AUB1CSi_J",
          "name" : null,
          "description" : null,
          "type" : "Property",
          "propertyAssignments" : null,
          "stereotype" : null,
          "isDerived" : false,
          "isReadOnly" : false,
          "isOrdered" : false,
          "cardinality" : "*",
          "propertyType" : {
            "id" : ".fE1G06GAqACHQ0u",
            "type" : "Class"
          },
          "subsettedProperties" : null,
          "redefinedProperties" : null,
          "aggregationKind" : "NONE"
        } ]
      }, {
        "id" : "_SXz._6AUB1CSjDm",
        "name" : null,
        "description" : null,
        "type" : "Relation",
        "propertyAssignments" : null,
        "stereotype" : null,
        "isAbstract" : false,
        "isDerived" : false,
        "properties" : [ {
          "id" : "_SXz._6AUB1CSjDn",
          "name" : null,
          "description" : null,
          "type" : "Property",
          "propertyAssignments" : null,
          "stereotype" : null,
          "isDerived" : false,
          "isReadOnly" : false,
          "isOrdered" : false,
          "cardinality" : "1..*",
          "propertyType" : {
            "id" : "lJo5G06GAqACHQqk",
            "type" : "Class"
          },
          "subsettedProperties" : null,
          "redefinedProperties" : null,
          "aggregationKind" : "NONE"
        }, {
          "id" : "_SXz._6AUB1CSjDp",
          "name" : null,
          "description" : null,
          "type" : "Property",
          "propertyAssignments" : null,
          "stereotype" : null,
          "isDerived" : false,
          "isReadOnly" : false,
          "isOrdered" : false,
          "cardinality" : "1",
          "propertyType" : {
            "id" : "lJo5G06GAqACHQqk",
            "type" : "Class"
          },
          "subsettedProperties" : null,
          "redefinedProperties" : null,
          "aggregationKind" : "NONE"
        } ]
      }, {
        "id" : "wLVr._6AUB1CSjHo",
        "name" : "assigning plan events",
        "description" : null,
        "type" : "Relation",
        "propertyAssignments" : null,
        "stereotype" : "formal",
        "isAbstract" : false,
        "isDerived" : false,
        "properties" : [ {
          "id" : "wLVr._6AUB1CSjHp",
          "name" : null,
          "description" : null,
          "type" : "Property",
          "propertyAssignments" : null,
          "stereotype" : null,
          "isDerived" : false,
          "isReadOnly" : false,
          "isOrdered" : false,
          "cardinality" : "1",
          "propertyType" : {
            "id" : "hShL._6AUB1CSjGA",
            "type" : "Class"
          },
          "subsettedProperties" : null,
          "redefinedProperties" : null,
          "aggregationKind" : "NONE"
        }, {
          "id" : "wLVr._6AUB1CSjHr",
          "name" : null,
          "description" : null,
          "type" : "Property",
          "propertyAssignments" : null,
          "stereotype" : null,
          "isDerived" : false,
          "isReadOnly" : false,
          "isOrdered" : false,
          "cardinality" : "0..1",
          "propertyType" : {
            "id" : "ygRL._6AUB1CSjGS",
            "type" : "Class"
          },
          "subsettedProperties" : null,
          "redefinedProperties" : null,
          "aggregationKind" : "NONE"
        } ]
      }, {
        "id" : "rgNr._6AUB1CSjHy",
        "name" : "identifying future occurrences",
        "description" : null,
        "type" : "Relation",
        "propertyAssignments" : null,
        "stereotype" : "formal",
        "isAbstract" : false,
        "isDerived" : false,
        "properties" : [ {
          "id" : "rgNr._6AUB1CSjHz",
          "name" : null,
          "description" : null,
          "type" : "Property",
          "propertyAssignments" : null,
          "stereotype" : null,
          "isDerived" : false,
          "isReadOnly" : false,
          "isOrdered" : false,
          "cardinality" : "1",
          "propertyType" : {
            "id" : "IgvFG06GAqACHQv1",
            "type" : "Class"
          },
          "subsettedProperties" : null,
          "redefinedProperties" : null,
          "aggregationKind" : "NONE"
        }, {
          "id" : "rgNr._6AUB1CSjH1",
          "name" : null,
          "description" : null,
          "type" : "Property",
          "propertyAssignments" : null,
          "stereotype" : null,
          "isDerived" : false,
          "isReadOnly" : false,
          "isOrdered" : false,
          "cardinality" : "0..1",
          "propertyType" : {
            "id" : "hShL._6AUB1CSjGA",
            "type" : "Class"
          },
          "subsettedProperties" : null,
          "redefinedProperties" : null,
          "aggregationKind" : "NONE"
        } ]
      }, {
        "id" : "K8tr._6AUB1CSjH.",
        "name" : "setting commitments",
        "description" : null,
        "type" : "Relation",
        "propertyAssignments" : null,
        "stereotype" : "formal",
        "isAbstract" : false,
        "isDerived" : false,
        "properties" : [ {
          "id" : "K8tr._6AUB1CSjH_",
          "name" : null,
          "description" : null,
          "type" : "Property",
          "propertyAssignments" : null,
          "stereotype" : null,
          "isDerived" : false,
          "isReadOnly" : false,
          "isOrdered" : false,
          "cardinality" : "0..*",
          "propertyType" : {
            "id" : "CceL._6AUB1CSjF0",
            "type" : "Class"
          },
          "subsettedProperties" : null,
          "redefinedProperties" : null,
          "aggregationKind" : "NONE"
        }, {
          "id" : "K8tr._6AUB1CSjIB",
          "name" : null,
          "description" : null,
          "type" : "Property",
          "propertyAssignments" : null,
          "stereotype" : null,
          "isDerived" : false,
          "isReadOnly" : false,
          "isOrdered" : false,
          "cardinality" : "1",
          "propertyType" : {
            "id" : "IgvFG06GAqACHQv1",
            "type" : "Class"
          },
          "subsettedProperties" : null,
          "redefinedProperties" : null,
          "aggregationKind" : "NONE"
        } ]
      }, {
        "id" : "toRb._6AUB1CSjLg",
        "name" : null,
        "description" : null,
        "type" : "Relation",
        "propertyAssignments" : null,
        "stereotype" : null,
        "isAbstract" : false,
        "isDerived" : false,
        "properties" : [ {
          "id" : "toRb._6AUB1CSjLh",
          "name" : null,
          "description" : null,
          "type" : "Property",
          "propertyAssignments" : null,
          "stereotype" : null,
          "isDerived" : false,
          "isReadOnly" : false,
          "isOrdered" : false,
          "cardinality" : "0..*",
          "propertyType" : {
            "id" : "ygRL._6AUB1CSjGS",
            "type" : "Class"
          },
          "subsettedProperties" : null,
          "redefinedProperties" : null,
          "aggregationKind" : "NONE"
        }, {
          "id" : "toRb._6AUB1CSjLj",
          "name" : null,
          "description" : null,
          "type" : "Property",
          "propertyAssignments" : null,
          "stereotype" : null,
          "isDerived" : false,
          "isReadOnly" : false,
          "isOrdered" : false,
          "cardinality" : "0..*",
          "propertyType" : {
            "id" : "2gzRG06GAqACHQoN",
            "type" : "Class"
          },
          "subsettedProperties" : null,
          "redefinedProperties" : null,
          "aggregationKind" : "NONE"
        } ]
      }, {
        "id" : "oz.7._6AUB1CSjNk",
        "name" : null,
        "description" : null,
        "type" : "Relation",
        "propertyAssignments" : null,
        "stereotype" : null,
        "isAbstract" : false,
        "isDerived" : false,
        "properties" : [ {
          "id" : "oz.7._6AUB1CSjNl",
          "name" : null,
          "description" : null,
          "type" : "Property",
          "propertyAssignments" : null,
          "stereotype" : null,
          "isDerived" : false,
          "isReadOnly" : false,
          "isOrdered" : false,
          "cardinality" : "1..*",
          "propertyType" : {
            "id" : "IgvFG06GAqACHQv1",
            "type" : "Class"
          },
          "subsettedProperties" : null,
          "redefinedProperties" : null,
          "aggregationKind" : "NONE"
        }, {
          "id" : "oz.7._6AUB1CSjNn",
          "name" : null,
          "description" : null,
          "type" : "Property",
          "propertyAssignments" : null,
          "stereotype" : null,
          "isDerived" : false,
          "isReadOnly" : false,
          "isOrdered" : false,
          "cardinality" : "1",
          "propertyType" : {
            "id" : "IgvFG06GAqACHQv1",
            "type" : "Class"
          },
          "subsettedProperties" : null,
          "redefinedProperties" : null,
          "aggregationKind" : "NONE"
        } ]
      } ]
    }, {
      "id" : "FtQVG06GAqACHQyl",
      "name" : null,
      "description" : null,
      "type" : "Relation",
      "propertyAssignments" : null,
      "stereotype" : "derivation",
      "isAbstract" : false,
      "isDerived" : true,
      "properties" : [ {
        "id" : "e6272fce-27b4-4ecb-bcea-659fc44ff02c",
        "name" : null,
        "description" : null,
        "type" : "Property",
        "propertyAssignments" : null,
        "stereotype" : null,
        "isDerived" : false,
        "isReadOnly" : false,
        "isOrdered" : false,
        "cardinality" : "1",
        "propertyType" : {
          "id" : "OQF5G06GAqACHQsc",
          "type" : "Relation"
        },
        "subsettedProperties" : null,
        "redefinedProperties" : null,
        "aggregationKind" : null
      }, {
        "id" : "f6d3051e-fc93-46b2-bce5-45ffe21e5e50",
        "name" : null,
        "description" : null,
        "type" : "Property",
        "propertyAssignments" : null,
        "stereotype" : null,
        "isDerived" : false,
        "isReadOnly" : false,
        "isOrdered" : false,
        "cardinality" : "1",
        "propertyType" : {
          "id" : "iR0GG06GAqACHR8q",
          "type" : "Class"
        },
        "subsettedProperties" : null,
        "redefinedProperties" : null,
        "aggregationKind" : null
      } ]
    }, {
      "id" : "PGz1G06GAqACHQ1L",
      "name" : null,
      "description" : null,
      "type" : "Relation",
      "propertyAssignments" : null,
      "stereotype" : "derivation",
      "isAbstract" : false,
      "isDerived" : true,
      "properties" : [ {
        "id" : "356e54b7-cf08-4e7e-aed3-ea7dd9927031",
        "name" : null,
        "description" : null,
        "type" : "Property",
        "propertyAssignments" : null,
        "stereotype" : null,
        "isDerived" : false,
        "isReadOnly" : false,
        "isOrdered" : false,
        "cardinality" : "1",
        "propertyType" : {
          "id" : "nMV1G06GAqACHQ07",
          "type" : "Relation"
        },
        "subsettedProperties" : null,
        "redefinedProperties" : null,
        "aggregationKind" : null
      }, {
        "id" : "4b7c5fb3-2f47-41db-a0bf-2fdd7bfa66af",
        "name" : null,
        "description" : null,
        "type" : "Property",
        "propertyAssignments" : null,
        "stereotype" : null,
        "isDerived" : false,
        "isReadOnly" : false,
        "isOrdered" : false,
        "cardinality" : "1",
        "propertyType" : {
          "id" : ".fE1G06GAqACHQ0u",
          "type" : "Class"
        },
        "subsettedProperties" : null,
        "redefinedProperties" : null,
        "aggregationKind" : null
      } ]
    } ]
  },
  "diagrams" : [ {
    "id" : "P6QkG06GAqACHR5U",
    "name" : "OntoREA� Accounting and Finance Model",
    "description" : "",
    "type" : "Diagram",
    "owner" : {
      "id" : "6P9F._6AUB1CSixl",
      "type" : "Package"
    },
    "contents" : [ {
      "id" : "ztQVG06GAqACHQym",
      "type" : "RelationView",
      "modelElement" : {
        "id" : "FtQVG06GAqACHQyl",
        "type" : "Relation"
      },
      "shape" : {
        "id" : "ztQVG06GAqACHQym_path",
        "type" : "Path",
        "points" : [ {
          "x" : 726,
          "y" : 322
        }, {
          "x" : 726,
          "y" : 421
        } ]
      },
      "source" : {
        "id" : "xQF5G06GAqACHQsh",
        "type" : "RelationView"
      },
      "target" : {
        "id" : "iR0GG06GAqACHR8p",
        "type" : "ClassView"
      }
    }, {
      "id" : ".eHlG06GAqACHQya",
      "type" : "GeneralizationSetView",
      "modelElement" : {
        "id" : "aeHlG06GAqACHQyY",
        "type" : "GeneralizationSet"
      },
      "shape" : {
        "id" : ".eHlG06GAqACHQya_shape",
        "type" : "Text",
        "x" : 770,
        "y" : 741,
        "width" : 70,
        "height" : 42,
        "value" : ""
      }
    }, {
      "id" : "c6kRG06GAqACHQng",
      "type" : "GeneralizationView",
      "modelElement" : {
        "id" : "E6kRG06GAqACHQnf",
        "type" : "Generalization"
      },
      "shape" : {
        "id" : "c6kRG06GAqACHQng_path",
        "type" : "Path",
        "points" : [ {
          "x" : 130,
          "y" : 100
        }, {
          "x" : 97,
          "y" : 100
        }, {
          "x" : 97,
          "y" : 367
        }, {
          "x" : 144,
          "y" : 367
        } ]
      },
      "source" : {
        "id" : "s99qG06GAqACHR8C",
        "type" : "ClassView"
      },
      "target" : {
        "id" : "63MqG06GAqACHR6d",
        "type" : "ClassView"
      }
    }, {
      "id" : "8KxNG06GAqACHQ3V",
      "type" : "RelationView",
      "modelElement" : {
        "id" : "4KxNG06GAqACHQ3Q",
        "type" : "Relation"
      },
      "shape" : {
        "id" : "8KxNG06GAqACHQ3V_path",
        "type" : "Path",
        "points" : [ {
          "x" : 651,
          "y" : 590
        }, {
          "x" : 578,
          "y" : 590
        }, {
          "x" : 578,
          "y" : 683
        } ]
      },
      "source" : {
        "id" : ".fE1G06GAqACHQ0t",
        "type" : "ClassView"
      },
      "target" : {
        "id" : "MFwlG06GAqACHQwC",
        "type" : "ClassView"
      }
    }, {
      "id" : "iR0GG06GAqACHR8p",
      "type" : "ClassView",
      "modelElement" : {
        "id" : "iR0GG06GAqACHR8q",
        "type" : "Class"
      },
      "shape" : {
        "id" : "iR0GG06GAqACHR8p_shape",
        "type" : "Rectangle",
        "x" : 651,
        "y" : 421,
        "width" : 154,
        "height" : 63
      }
    }, {
      "id" : ".fE1G06GAqACHQ0t",
      "type" : "ClassView",
      "modelElement" : {
        "id" : ".fE1G06GAqACHQ0u",
        "type" : "Class"
      },
      "shape" : {
        "id" : ".fE1G06GAqACHQ0t_shape",
        "type" : "Rectangle",
        "x" : 651,
        "y" : 560,
        "width" : 154,
        "height" : 63
      }
    }, {
      "id" : ".MeNG06GAqACHQ2_",
      "type" : "RelationView",
      "modelElement" : {
        "id" : "GMeNG06GAqACHQ26",
        "type" : "Relation"
      },
      "shape" : {
        "id" : ".MeNG06GAqACHQ2__path",
        "type" : "Path",
        "points" : [ {
          "x" : 805,
          "y" : 603
        }, {
          "x" : 867,
          "y" : 603
        }, {
          "x" : 867,
          "y" : 683
        } ]
      },
      "source" : {
        "id" : ".fE1G06GAqACHQ0t",
        "type" : "ClassView"
      },
      "target" : {
        "id" : "_DYlG06GAqACHQwO",
        "type" : "ClassView"
      }
    }, {
      "id" : "ZFS5G06GAqACHQrR",
      "type" : "GeneralizationView",
      "modelElement" : {
        "id" : "BFS5G06GAqACHQrQ",
        "type" : "Generalization"
      },
      "shape" : {
        "id" : "ZFS5G06GAqACHQrR_path",
        "type" : "Path",
        "points" : [ {
          "x" : 727,
          "y" : 127
        }, {
          "x" : 727,
          "y" : 279
        }, {
          "x" : 633,
          "y" : 279
        } ]
      },
      "source" : {
        "id" : "lJo5G06GAqACHQqj",
        "type" : "ClassView"
      },
      "target" : {
        "id" : "Gqk5G06GAqACHQqx",
        "type" : "ClassView"
      }
    }, {
      "id" : "wQNr._6AUB1CSjH3",
      "type" : "RelationView",
      "modelElement" : {
        "id" : "rgNr._6AUB1CSjHy",
        "type" : "Relation"
      },
      "shape" : {
        "id" : "wQNr._6AUB1CSjH3_path",
        "type" : "Path",
        "points" : [ {
          "x" : 674,
          "y" : 872
        }, {
          "x" : 483,
          "y" : 872
        } ]
      },
      "source" : {
        "id" : "IgvFG06GAqACHQv0",
        "type" : "ClassView"
      },
      "target" : {
        "id" : "BShL._6AUB1CSjF_",
        "type" : "ClassView"
      }
    }, {
      "id" : "s99qG06GAqACHR8C",
      "type" : "ClassView",
      "modelElement" : {
        "id" : "s99qG06GAqACHR8D",
        "type" : "Class"
      },
      "shape" : {
        "id" : "s99qG06GAqACHR8C_shape",
        "type" : "Rectangle",
        "x" : 130,
        "y" : 71,
        "width" : 107,
        "height" : 63
      }
    }, {
      "id" : "BShL._6AUB1CSjF_",
      "type" : "ClassView",
      "modelElement" : {
        "id" : "hShL._6AUB1CSjGA",
        "type" : "Class"
      },
      "shape" : {
        "id" : "BShL._6AUB1CSjF__shape",
        "type" : "Rectangle",
        "x" : 374,
        "y" : 841,
        "width" : 107,
        "height" : 63
      }
    }, {
      "id" : "qDCNG06GAqACHQ2h",
      "type" : "RelationView",
      "modelElement" : {
        "id" : "8DCNG06GAqACHQ2c",
        "type" : "Relation"
      },
      "shape" : {
        "id" : "qDCNG06GAqACHQ2h_path",
        "type" : "Path",
        "points" : [ {
          "x" : 1042,
          "y" : 127
        }, {
          "x" : 1042,
          "y" : 576
        }, {
          "x" : 805,
          "y" : 576
        } ]
      },
      "source" : {
        "id" : "KR2lG06GAqACHQxR",
        "type" : "ClassView"
      },
      "target" : {
        "id" : ".fE1G06GAqACHQ0t",
        "type" : "ClassView"
      }
    }, {
      "id" : "8LVr._6AUB1CSjHt",
      "type" : "RelationView",
      "modelElement" : {
        "id" : "wLVr._6AUB1CSjHo",
        "type" : "Relation"
      },
      "shape" : {
        "id" : "8LVr._6AUB1CSjHt_path",
        "type" : "Path",
        "points" : [ {
          "x" : 374,
          "y" : 870
        }, {
          "x" : 224,
          "y" : 870
        } ]
      },
      "source" : {
        "id" : "BShL._6AUB1CSjF_",
        "type" : "ClassView"
      },
      "target" : {
        "id" : "ygRL._6AUB1CSjGR",
        "type" : "ClassView"
      }
    }, {
      "id" : "2gzRG06GAqACHQoM",
      "type" : "ClassView",
      "modelElement" : {
        "id" : "2gzRG06GAqACHQoN",
        "type" : "Class"
      },
      "shape" : {
        "id" : "2gzRG06GAqACHQoM_shape",
        "type" : "Rectangle",
        "x" : 364,
        "y" : 71,
        "width" : 184,
        "height" : 63
      }
    }, {
      "id" : "_i5FG06GAqACHQum",
      "type" : "RelationView",
      "modelElement" : {
        "id" : "7i5FG06GAqACHQuh",
        "type" : "Relation"
      },
      "shape" : {
        "id" : "_i5FG06GAqACHQum_path",
        "type" : "Path",
        "points" : [ {
          "x" : 806,
          "y" : 441
        }, {
          "x" : 869,
          "y" : 441
        }, {
          "x" : 869,
          "y" : 336
        } ]
      },
      "source" : {
        "id" : "iR0GG06GAqACHR8p",
        "type" : "ClassView"
      },
      "target" : {
        "id" : "AAs5G06GAqACHQq9",
        "type" : "ClassView"
      }
    }, {
      "id" : "pJplG06GAqACHQxk",
      "type" : "RelationView",
      "modelElement" : {
        "id" : "uJplG06GAqACHQxf",
        "type" : "Relation"
      },
      "shape" : {
        "id" : "pJplG06GAqACHQxk_path",
        "type" : "Path",
        "points" : [ {
          "x" : 992,
          "y" : 100
        }, {
          "x" : 777,
          "y" : 100
        } ]
      },
      "source" : {
        "id" : "KR2lG06GAqACHQxR",
        "type" : "ClassView"
      },
      "target" : {
        "id" : "lJo5G06GAqACHQqj",
        "type" : "ClassView"
      }
    }, {
      "id" : "KDDV._6AUB1CSi3b",
      "type" : "GeneralizationSetView",
      "modelElement" : {
        "id" : "UDDV._6AUB1CSi3Z",
        "type" : "GeneralizationSet"
      },
      "shape" : {
        "id" : "KDDV._6AUB1CSi3b_shape",
        "type" : "Text",
        "x" : 245,
        "y" : 147,
        "width" : 70,
        "height" : 42,
        "value" : ""
      }
    }, {
      "id" : "xQF5G06GAqACHQsh",
      "type" : "RelationView",
      "modelElement" : {
        "id" : "OQF5G06GAqACHQsc",
        "type" : "Relation"
      },
      "shape" : {
        "id" : "xQF5G06GAqACHQsh_path",
        "type" : "Path",
        "points" : [ {
          "x" : 633,
          "y" : 322
        }, {
          "x" : 823,
          "y" : 322
        } ]
      },
      "source" : {
        "id" : "Gqk5G06GAqACHQqx",
        "type" : "ClassView"
      },
      "target" : {
        "id" : "AAs5G06GAqACHQq9",
        "type" : "ClassView"
      }
    }, {
      "id" : "yz.7._6AUB1CSjNp",
      "type" : "RelationView",
      "modelElement" : {
        "id" : "oz.7._6AUB1CSjNk",
        "type" : "Relation"
      },
      "shape" : {
        "id" : "yz.7._6AUB1CSjNp_path",
        "type" : "Path",
        "points" : [ {
          "x" : 726,
          "y" : 841
        }, {
          "x" : 726,
          "y" : 820
        }, {
          "x" : 686,
          "y" : 820
        }, {
          "x" : 686,
          "y" : 841
        } ]
      },
      "source" : {
        "id" : "IgvFG06GAqACHQv0",
        "type" : "ClassView"
      },
      "target" : {
        "id" : "IgvFG06GAqACHQv0",
        "type" : "ClassView"
      }
    }, {
      "id" : "T2r5G06GAqACHQtB",
      "type" : "RelationView",
      "modelElement" : {
        "id" : "N2r5G06GAqACHQs8",
        "type" : "Relation"
      },
      "shape" : {
        "id" : "T2r5G06GAqACHQtB_path",
        "type" : "Path",
        "points" : [ {
          "x" : 527,
          "y" : 134
        }, {
          "x" : 527,
          "y" : 192
        }, {
          "x" : 894,
          "y" : 192
        }, {
          "x" : 894,
          "y" : 272
        } ]
      },
      "source" : {
        "id" : "2gzRG06GAqACHQoM",
        "type" : "ClassView"
      },
      "target" : {
        "id" : "AAs5G06GAqACHQq9",
        "type" : "ClassView"
      }
    }, {
      "id" : "8o5V._6AUB1CSi3H",
      "type" : "GeneralizationView",
      "modelElement" : {
        "id" : "Eo5V._6AUB1CSi3G",
        "type" : "Generalization"
      },
      "shape" : {
        "id" : "8o5V._6AUB1CSi3H_path",
        "type" : "Path",
        "points" : [ {
          "x" : 364,
          "y" : 112
        }, {
          "x" : 331,
          "y" : 112
        }, {
          "x" : 331,
          "y" : 194
        }, {
          "x" : 224,
          "y" : 194
        } ]
      },
      "source" : {
        "id" : "2gzRG06GAqACHQoM",
        "type" : "ClassView"
      },
      "target" : {
        "id" : "6WUqG06GAqACHR6F",
        "type" : "ClassView"
      }
    }, {
      "id" : "FZ0qG06GAqACHR6R",
      "type" : "ClassView",
      "modelElement" : {
        "id" : "FZ0qG06GAqACHR6S",
        "type" : "Class"
      },
      "shape" : {
        "id" : "FZ0qG06GAqACHR6R_shape",
        "type" : "Rectangle",
        "x" : 144,
        "y" : 232,
        "width" : 80,
        "height" : 46
      }
    }, {
      "id" : "hlqVG06GAqACHQzE",
      "type" : "RelationView",
      "modelElement" : {
        "id" : "mlqVG06GAqACHQy_",
        "type" : "Relation"
      },
      "shape" : {
        "id" : "hlqVG06GAqACHQzE_path",
        "type" : "Path",
        "points" : [ {
          "x" : 405,
          "y" : 134
        }, {
          "x" : 405,
          "y" : 792
        }, {
          "x" : 911,
          "y" : 792
        }, {
          "x" : 911,
          "y" : 731
        } ]
      },
      "source" : {
        "id" : "2gzRG06GAqACHQoM",
        "type" : "ClassView"
      },
      "target" : {
        "id" : "_DYlG06GAqACHQwO",
        "type" : "ClassView"
      }
    }, {
      "id" : "MFwlG06GAqACHQwC",
      "type" : "ClassView",
      "modelElement" : {
        "id" : "MFwlG06GAqACHQwD",
        "type" : "Class"
      },
      "shape" : {
        "id" : "MFwlG06GAqACHQwC_shape",
        "type" : "Rectangle",
        "x" : 527,
        "y" : 683,
        "width" : 117,
        "height" : 46
      }
    }, {
      "id" : "ZEa5G06GAqACHQro",
      "type" : "GeneralizationSetView",
      "modelElement" : {
        "id" : "eEa5G06GAqACHQrm",
        "type" : "GeneralizationSet"
      },
      "shape" : {
        "id" : "ZEa5G06GAqACHQro_shape",
        "type" : "Text",
        "x" : 740,
        "y" : 227,
        "width" : 70,
        "height" : 42,
        "value" : ""
      }
    }, {
      "id" : "UhipG06GAqACHQmo",
      "type" : "ClassView",
      "modelElement" : {
        "id" : "UhipG06GAqACHQmp",
        "type" : "Class"
      },
      "shape" : {
        "id" : "UhipG06GAqACHQmo_shape",
        "type" : "Rectangle",
        "x" : 144,
        "y" : 290,
        "width" : 80,
        "height" : 46
      }
    }, {
      "id" : "euNt._6AUB1CSi_L",
      "type" : "RelationView",
      "modelElement" : {
        "id" : "auNt._6AUB1CSi_G",
        "type" : "Relation"
      },
      "shape" : {
        "id" : "euNt._6AUB1CSi_L_path",
        "type" : "Path",
        "points" : [ {
          "x" : 727,
          "y" : 484
        }, {
          "x" : 727,
          "y" : 560
        } ]
      },
      "source" : {
        "id" : "iR0GG06GAqACHR8p",
        "type" : "ClassView"
      },
      "target" : {
        "id" : ".fE1G06GAqACHQ0t",
        "type" : "ClassView"
      }
    }, {
      "id" : "Gqk5G06GAqACHQqx",
      "type" : "ClassView",
      "modelElement" : {
        "id" : "Gqk5G06GAqACHQqy",
        "type" : "Class"
      },
      "shape" : {
        "id" : "Gqk5G06GAqACHQqx_shape",
        "type" : "Rectangle",
        "x" : 542,
        "y" : 272,
        "width" : 91,
        "height" : 63
      }
    }, {
      "id" : "voRb._6AUB1CSjLl",
      "type" : "RelationView",
      "modelElement" : {
        "id" : "toRb._6AUB1CSjLg",
        "type" : "Relation"
      },
      "shape" : {
        "id" : "voRb._6AUB1CSjLl_path",
        "type" : "Path",
        "points" : [ {
          "x" : 167,
          "y" : 841
        }, {
          "x" : 167,
          "y" : 590
        }, {
          "x" : 369,
          "y" : 590
        }, {
          "x" : 369,
          "y" : 134
        } ]
      },
      "source" : {
        "id" : "ygRL._6AUB1CSjGR",
        "type" : "ClassView"
      },
      "target" : {
        "id" : "2gzRG06GAqACHQoM",
        "type" : "ClassView"
      }
    }, {
      "id" : "5tv1G06GAqACHQ16",
      "type" : "RelationView",
      "modelElement" : {
        "id" : "Rtv1G06GAqACHQ11",
        "type" : "Relation"
      },
      "shape" : {
        "id" : "5tv1G06GAqACHQ16_path",
        "type" : "Path",
        "points" : [ {
          "x" : 727,
          "y" : 80
        }, {
          "x" : 727,
          "y" : 17
        }, {
          "x" : 1157,
          "y" : 17
        }, {
          "x" : 1157,
          "y" : 961
        }, {
          "x" : 726,
          "y" : 961
        }, {
          "x" : 726,
          "y" : 904
        } ]
      },
      "source" : {
        "id" : "lJo5G06GAqACHQqj",
        "type" : "ClassView"
      },
      "target" : {
        "id" : "IgvFG06GAqACHQv0",
        "type" : "ClassView"
      }
    }, {
      "id" : "lJo5G06GAqACHQqj",
      "type" : "ClassView",
      "modelElement" : {
        "id" : "lJo5G06GAqACHQqk",
        "type" : "Class"
      },
      "shape" : {
        "id" : "lJo5G06GAqACHQqj_shape",
        "type" : "Rectangle",
        "x" : 677,
        "y" : 80,
        "width" : 98,
        "height" : 46
      }
    }, {
      "id" : "UlZV._6AUB1CSi29",
      "type" : "GeneralizationView",
      "modelElement" : {
        "id" : "QlZV._6AUB1CSi28",
        "type" : "Generalization"
      },
      "shape" : {
        "id" : "UlZV._6AUB1CSi29_path",
        "type" : "Path",
        "points" : [ {
          "x" : 364,
          "y" : 112
        }, {
          "x" : 331,
          "y" : 112
        }, {
          "x" : 331,
          "y" : 252
        }, {
          "x" : 224,
          "y" : 252
        } ]
      },
      "source" : {
        "id" : "2gzRG06GAqACHQoM",
        "type" : "ClassView"
      },
      "target" : {
        "id" : "FZ0qG06GAqACHR6R",
        "type" : "ClassView"
      }
    }, {
      "id" : "OvAFG06GAqACHQtY",
      "type" : "RelationView",
      "modelElement" : {
        "id" : "mvAFG06GAqACHQtT",
        "type" : "Relation"
      },
      "shape" : {
        "id" : "OvAFG06GAqACHQtY_path",
        "type" : "Path",
        "points" : [ {
          "x" : 482,
          "y" : 134
        }, {
          "x" : 482,
          "y" : 292
        }, {
          "x" : 542,
          "y" : 292
        } ]
      },
      "source" : {
        "id" : "2gzRG06GAqACHQoM",
        "type" : "ClassView"
      },
      "target" : {
        "id" : "Gqk5G06GAqACHQqx",
        "type" : "ClassView"
      }
    }, {
      "id" : "3mERG06GAqACHQnR",
      "type" : "GeneralizationView",
      "modelElement" : {
        "id" : "bmERG06GAqACHQnQ",
        "type" : "Generalization"
      },
      "shape" : {
        "id" : "3mERG06GAqACHQnR_path",
        "type" : "Path",
        "points" : [ {
          "x" : 130,
          "y" : 100
        }, {
          "x" : 97,
          "y" : 100
        }, {
          "x" : 97,
          "y" : 255
        }, {
          "x" : 144,
          "y" : 255
        } ]
      },
      "source" : {
        "id" : "s99qG06GAqACHR8C",
        "type" : "ClassView"
      },
      "target" : {
        "id" : "FZ0qG06GAqACHR6R",
        "type" : "ClassView"
      }
    }, {
      "id" : "6yXz._6AUB1CSjDr",
      "type" : "RelationView",
      "modelElement" : {
        "id" : "_SXz._6AUB1CSjDm",
        "type" : "Relation"
      },
      "shape" : {
        "id" : "6yXz._6AUB1CSjDr_path",
        "type" : "Path",
        "points" : [ {
          "x" : 688,
          "y" : 79
        }, {
          "x" : 688,
          "y" : 53
        }, {
          "x" : 633,
          "y" : 53
        }, {
          "x" : 633,
          "y" : 99
        }, {
          "x" : 678,
          "y" : 99
        } ]
      },
      "source" : {
        "id" : "lJo5G06GAqACHQqj",
        "type" : "ClassView"
      },
      "target" : {
        "id" : "lJo5G06GAqACHQqj",
        "type" : "ClassView"
      }
    }, {
      "id" : "P1TlG06GAqACHQyF",
      "type" : "GeneralizationView",
      "modelElement" : {
        "id" : "71TlG06GAqACHQyE",
        "type" : "Generalization"
      },
      "shape" : {
        "id" : "P1TlG06GAqACHQyF_path",
        "type" : "Path",
        "points" : [ {
          "x" : 748,
          "y" : 841
        }, {
          "x" : 748,
          "y" : 762
        }, {
          "x" : 578,
          "y" : 762
        }, {
          "x" : 578,
          "y" : 731
        } ]
      },
      "source" : {
        "id" : "IgvFG06GAqACHQv0",
        "type" : "ClassView"
      },
      "target" : {
        "id" : "MFwlG06GAqACHQwC",
        "type" : "ClassView"
      }
    }, {
      "id" : "AAs5G06GAqACHQq9",
      "type" : "ClassView",
      "modelElement" : {
        "id" : "AAs5G06GAqACHQq.",
        "type" : "Class"
      },
      "shape" : {
        "id" : "AAs5G06GAqACHQq9_shape",
        "type" : "Rectangle",
        "x" : 823,
        "y" : 272,
        "width" : 91,
        "height" : 63
      }
    }, {
      "id" : "HkOpG06GAqACHQo3",
      "type" : "GeneralizationView",
      "modelElement" : {
        "id" : "LkOpG06GAqACHQo2",
        "type" : "Generalization"
      },
      "shape" : {
        "id" : "HkOpG06GAqACHQo3_path",
        "type" : "Path",
        "points" : [ {
          "x" : 364,
          "y" : 112
        }, {
          "x" : 331,
          "y" : 112
        }, {
          "x" : 331,
          "y" : 309
        }, {
          "x" : 224,
          "y" : 309
        } ]
      },
      "source" : {
        "id" : "2gzRG06GAqACHQoM",
        "type" : "ClassView"
      },
      "target" : {
        "id" : "UhipG06GAqACHQmo",
        "type" : "ClassView"
      }
    }, {
      "id" : "KR2lG06GAqACHQxR",
      "type" : "ClassView",
      "modelElement" : {
        "id" : "KR2lG06GAqACHQxS",
        "type" : "Class"
      },
      "shape" : {
        "id" : "KR2lG06GAqACHQxR_shape",
        "type" : "Rectangle",
        "x" : 992,
        "y" : 80,
        "width" : 101,
        "height" : 46
      }
    }, {
      "id" : "Qx5V._6AUB1CSi3R",
      "type" : "GeneralizationView",
      "modelElement" : {
        "id" : "3R5V._6AUB1CSi3Q",
        "type" : "Generalization"
      },
      "shape" : {
        "id" : "Qx5V._6AUB1CSi3R_path",
        "type" : "Path",
        "points" : [ {
          "x" : 364,
          "y" : 112
        }, {
          "x" : 331,
          "y" : 112
        }, {
          "x" : 331,
          "y" : 367
        }, {
          "x" : 224,
          "y" : 367
        } ]
      },
      "source" : {
        "id" : "2gzRG06GAqACHQoM",
        "type" : "ClassView"
      },
      "target" : {
        "id" : "63MqG06GAqACHR6d",
        "type" : "ClassView"
      }
    }, {
      "id" : "CceL._6AUB1CSjFz",
      "type" : "ClassView",
      "modelElement" : {
        "id" : "CceL._6AUB1CSjF0",
        "type" : "Class"
      },
      "shape" : {
        "id" : "CceL._6AUB1CSjFz_shape",
        "type" : "Rectangle",
        "x" : 943,
        "y" : 841,
        "width" : 107,
        "height" : 63
      }
    }, {
      "id" : "ixVFG06GAqACHQu5",
      "type" : "RelationView",
      "modelElement" : {
        "id" : "MxVFG06GAqACHQu0",
        "type" : "Relation"
      },
      "shape" : {
        "id" : "ixVFG06GAqACHQu5_path",
        "type" : "Path",
        "points" : [ {
          "x" : 651,
          "y" : 441
        }, {
          "x" : 588,
          "y" : 441
        }, {
          "x" : 588,
          "y" : 336
        } ]
      },
      "source" : {
        "id" : "iR0GG06GAqACHR8p",
        "type" : "ClassView"
      },
      "target" : {
        "id" : "Gqk5G06GAqACHQqx",
        "type" : "ClassView"
      }
    }, {
      "id" : "IgvFG06GAqACHQv0",
      "type" : "ClassView",
      "modelElement" : {
        "id" : "IgvFG06GAqACHQv1",
        "type" : "Class"
      },
      "shape" : {
        "id" : "IgvFG06GAqACHQv0_shape",
        "type" : "Rectangle",
        "x" : 674,
        "y" : 841,
        "width" : 107,
        "height" : 63
      }
    }, {
      "id" : "HzzlG06GAqACHQyQ",
      "type" : "GeneralizationView",
      "modelElement" : {
        "id" : "jzzlG06GAqACHQyP",
        "type" : "Generalization"
      },
      "shape" : {
        "id" : "HzzlG06GAqACHQyQ_path",
        "type" : "Path",
        "points" : [ {
          "x" : 748,
          "y" : 841
        }, {
          "x" : 748,
          "y" : 762
        }, {
          "x" : 864,
          "y" : 762
        }, {
          "x" : 864,
          "y" : 731
        } ]
      },
      "source" : {
        "id" : "IgvFG06GAqACHQv0",
        "type" : "ClassView"
      },
      "target" : {
        "id" : "_DYlG06GAqACHQwO",
        "type" : "ClassView"
      }
    }, {
      "id" : "Qmz1G06GAqACHQ1M",
      "type" : "RelationView",
      "modelElement" : {
        "id" : "PGz1G06GAqACHQ1L",
        "type" : "Relation"
      },
      "shape" : {
        "id" : "Qmz1G06GAqACHQ1M_path",
        "type" : "Path",
        "points" : [ {
          "x" : 726,
          "y" : 703
        }, {
          "x" : 726,
          "y" : 623
        } ]
      },
      "source" : {
        "id" : "_MV1G06GAqACHQ1A",
        "type" : "RelationView"
      },
      "target" : {
        "id" : ".fE1G06GAqACHQ0t",
        "type" : "ClassView"
      }
    }, {
      "id" : "OomVG06GAqACHQzX",
      "type" : "RelationView",
      "modelElement" : {
        "id" : "aomVG06GAqACHQzS",
        "type" : "Relation"
      },
      "shape" : {
        "id" : "OomVG06GAqACHQzX_path",
        "type" : "Path",
        "points" : [ {
          "x" : 444,
          "y" : 134
        }, {
          "x" : 444,
          "y" : 703
        }, {
          "x" : 528,
          "y" : 703
        } ]
      },
      "source" : {
        "id" : "2gzRG06GAqACHQoM",
        "type" : "ClassView"
      },
      "target" : {
        "id" : "MFwlG06GAqACHQwC",
        "type" : "ClassView"
      }
    }, {
      "id" : "Why5G06GAqACHQrg",
      "type" : "GeneralizationView",
      "modelElement" : {
        "id" : "qhy5G06GAqACHQrf",
        "type" : "Generalization"
      },
      "shape" : {
        "id" : "Why5G06GAqACHQrg_path",
        "type" : "Path",
        "points" : [ {
          "x" : 727,
          "y" : 127
        }, {
          "x" : 727,
          "y" : 279
        }, {
          "x" : 823,
          "y" : 279
        } ]
      },
      "source" : {
        "id" : "lJo5G06GAqACHQqj",
        "type" : "ClassView"
      },
      "target" : {
        "id" : "AAs5G06GAqACHQq9",
        "type" : "ClassView"
      }
    }, {
      "id" : "Eu4RG06GAqACHQnC",
      "type" : "GeneralizationView",
      "modelElement" : {
        "id" : "nO4RG06GAqACHQnB",
        "type" : "Generalization"
      },
      "shape" : {
        "id" : "Eu4RG06GAqACHQnC_path",
        "type" : "Path",
        "points" : [ {
          "x" : 130,
          "y" : 100
        }, {
          "x" : 97,
          "y" : 100
        }, {
          "x" : 97,
          "y" : 194
        }, {
          "x" : 144,
          "y" : 194
        } ]
      },
      "source" : {
        "id" : "s99qG06GAqACHR8C",
        "type" : "ClassView"
      },
      "target" : {
        "id" : "6WUqG06GAqACHR6F",
        "type" : "ClassView"
      }
    }, {
      "id" : "knAJG06GAqACHQo6",
      "type" : "GeneralizationSetView",
      "modelElement" : {
        "id" : "rHAJG06GAqACHQo4",
        "type" : "GeneralizationSet"
      },
      "shape" : {
        "id" : "knAJG06GAqACHQo6_shape",
        "type" : "Text",
        "x" : 4,
        "y" : 121,
        "width" : 70,
        "height" : 42,
        "value" : ""
      }
    }, {
      "id" : "GogZG06GAqACHQp_",
      "type" : "RelationView",
      "modelElement" : {
        "id" : "AogZG06GAqACHQp4",
        "type" : "Relation"
      },
      "shape" : {
        "id" : "GogZG06GAqACHQp__path",
        "type" : "Path",
        "points" : [ {
          "x" : 364,
          "y" : 81
        }, {
          "x" : 238,
          "y" : 81
        } ]
      },
      "source" : {
        "id" : "2gzRG06GAqACHQoM",
        "type" : "ClassView"
      },
      "target" : {
        "id" : "s99qG06GAqACHR8C",
        "type" : "ClassView"
      }
    }, {
      "id" : "_DYlG06GAqACHQwO",
      "type" : "ClassView",
      "modelElement" : {
        "id" : "_DYlG06GAqACHQwP",
        "type" : "Class"
      },
      "shape" : {
        "id" : "_DYlG06GAqACHQwO_shape",
        "type" : "Rectangle",
        "x" : 806,
        "y" : 683,
        "width" : 122,
        "height" : 46
      }
    }, {
      "id" : "qLvl._6AUB1CSi0F",
      "type" : "GeneralizationView",
      "modelElement" : {
        "id" : "CLvl._6AUB1CSi0E",
        "type" : "Generalization"
      },
      "shape" : {
        "id" : "qLvl._6AUB1CSi0F_path",
        "type" : "Path",
        "points" : [ {
          "x" : 130,
          "y" : 100
        }, {
          "x" : 97,
          "y" : 100
        }, {
          "x" : 97,
          "y" : 310
        }, {
          "x" : 144,
          "y" : 310
        } ]
      },
      "source" : {
        "id" : "s99qG06GAqACHR8C",
        "type" : "ClassView"
      },
      "target" : {
        "id" : "UhipG06GAqACHQmo",
        "type" : "ClassView"
      }
    }, {
      "id" : "_MV1G06GAqACHQ1A",
      "type" : "RelationView",
      "modelElement" : {
        "id" : "nMV1G06GAqACHQ07",
        "type" : "Relation"
      },
      "shape" : {
        "id" : "_MV1G06GAqACHQ1A_path",
        "type" : "Path",
        "points" : [ {
          "x" : 807,
          "y" : 703
        }, {
          "x" : 646,
          "y" : 703
        } ]
      },
      "source" : {
        "id" : "_DYlG06GAqACHQwO",
        "type" : "ClassView"
      },
      "target" : {
        "id" : "MFwlG06GAqACHQwC",
        "type" : "ClassView"
      }
    }, {
      "id" : "63MqG06GAqACHR6d",
      "type" : "ClassView",
      "modelElement" : {
        "id" : "63MqG06GAqACHR6e",
        "type" : "Class"
      },
      "shape" : {
        "id" : "63MqG06GAqACHR6d_shape",
        "type" : "Rectangle",
        "x" : 144,
        "y" : 346,
        "width" : 80,
        "height" : 47
      }
    }, {
      "id" : "6WUqG06GAqACHR6F",
      "type" : "ClassView",
      "modelElement" : {
        "id" : "6WUqG06GAqACHR6G",
        "type" : "Class"
      },
      "shape" : {
        "id" : "6WUqG06GAqACHR6F_shape",
        "type" : "Rectangle",
        "x" : 144,
        "y" : 174,
        "width" : 80,
        "height" : 46
      }
    }, {
      "id" : "ygRL._6AUB1CSjGR",
      "type" : "ClassView",
      "modelElement" : {
        "id" : "ygRL._6AUB1CSjGS",
        "type" : "Class"
      },
      "shape" : {
        "id" : "ygRL._6AUB1CSjGR_shape",
        "type" : "Rectangle",
        "x" : 115,
        "y" : 841,
        "width" : 107,
        "height" : 63
      }
    }, {
      "id" : "e8tr._6AUB1CSjID",
      "type" : "RelationView",
      "modelElement" : {
        "id" : "K8tr._6AUB1CSjH.",
        "type" : "Relation"
      },
      "shape" : {
        "id" : "e8tr._6AUB1CSjID_path",
        "type" : "Path",
        "points" : [ {
          "x" : 943,
          "y" : 872
        }, {
          "x" : 783,
          "y" : 872
        } ]
      },
      "source" : {
        "id" : "CceL._6AUB1CSjFz",
        "type" : "ClassView"
      },
      "target" : {
        "id" : "IgvFG06GAqACHQv0",
        "type" : "ClassView"
      }
    } ]
  } ]
}