{
  "id" : "2x6vQn6GAqACBAWp",
  "name" : "franco2018ontology",
  "description" : null,
  "type" : "Project",
  "model" : {
    "id" : "2x6vQn6GAqACBAWp_root",
    "name" : "franco2018ontology",
    "description" : null,
    "type" : "Package",
    "propertyAssignments" : null,
    "contents" : [ {
      "id" : "zhRgwn6GAqACBAmV",
      "name" : "Game",
      "description" : null,
      "type" : "Class",
      "propertyAssignments" : null,
      "stereotype" : "kind",
      "isAbstract" : false,
      "isDerived" : false,
      "properties" : null,
      "isExtensional" : null,
      "isPowertype" : null,
      "order" : null,
      "literals" : null,
      "restrictedTo" : [ "functional-complex" ]
    }, {
      "id" : "JYZgwn6GAqACBAmj",
      "name" : "Planning",
      "description" : null,
      "type" : "Class",
      "propertyAssignments" : null,
      "stereotype" : "category",
      "isAbstract" : false,
      "isDerived" : false,
      "properties" : null,
      "isExtensional" : false,
      "isPowertype" : null,
      "order" : null,
      "literals" : null,
      "restrictedTo" : [ "functional-complex" ]
    }, {
      "id" : "5IXgwn6GAqACBAnd",
      "name" : "Event",
      "description" : null,
      "type" : "Class",
      "propertyAssignments" : null,
      "stereotype" : "UFO-B",
      "isAbstract" : false,
      "isDerived" : false,
      "properties" : null,
      "isExtensional" : null,
      "isPowertype" : null,
      "order" : null,
      "literals" : null,
      "restrictedTo" : null
    }, {
      "id" : "HysQwn6GAqACBAnv",
      "name" : "Action",
      "description" : null,
      "type" : "Class",
      "propertyAssignments" : null,
      "stereotype" : "UFO-C",
      "isAbstract" : false,
      "isDerived" : false,
      "properties" : null,
      "isExtensional" : null,
      "isPowertype" : null,
      "order" : null,
      "literals" : null,
      "restrictedTo" : null
    }, {
      "id" : "1P_Qwn6GAqACBApA",
      "name" : "State",
      "description" : null,
      "type" : "Class",
      "propertyAssignments" : null,
      "stereotype" : "mode",
      "isAbstract" : false,
      "isDerived" : false,
      "properties" : null,
      "isExtensional" : null,
      "isPowertype" : null,
      "order" : null,
      "literals" : null,
      "restrictedTo" : [ "intrinsic-mode" ]
    }, {
      "id" : "C5Wwwn6GAqACBAqa",
      "name" : "Entity",
      "description" : null,
      "type" : "Class",
      "propertyAssignments" : null,
      "stereotype" : "category",
      "isAbstract" : false,
      "isDerived" : false,
      "properties" : null,
      "isExtensional" : false,
      "isPowertype" : null,
      "order" : null,
      "literals" : null,
      "restrictedTo" : [ "functional-complex" ]
    }, {
      "id" : "Uh1wwn6GAqACBArU",
      "name" : "Object",
      "description" : null,
      "type" : "Class",
      "propertyAssignments" : null,
      "stereotype" : "category",
      "isAbstract" : false,
      "isDerived" : false,
      "properties" : null,
      "isExtensional" : false,
      "isPowertype" : null,
      "order" : null,
      "literals" : null,
      "restrictedTo" : [ "functional-complex" ]
    }, {
      "id" : "2eUIwn6GAqACBArv",
      "name" : "Player",
      "description" : null,
      "type" : "Class",
      "propertyAssignments" : null,
      "stereotype" : "role",
      "isAbstract" : false,
      "isDerived" : false,
      "properties" : null,
      "isExtensional" : false,
      "isPowertype" : null,
      "order" : null,
      "literals" : null,
      "restrictedTo" : [ "functional-complex" ]
    }, {
      "id" : "UsDIwn6GAqACBAto",
      "name" : "Etc",
      "description" : null,
      "type" : "Class",
      "propertyAssignments" : null,
      "stereotype" : "kind",
      "isAbstract" : false,
      "isDerived" : false,
      "properties" : null,
      "isExtensional" : null,
      "isPowertype" : null,
      "order" : null,
      "literals" : null,
      "restrictedTo" : [ "functional-complex" ]
    }, {
      "id" : "2bzIwn6GAqACBAt8",
      "name" : "Consumable",
      "description" : null,
      "type" : "Class",
      "propertyAssignments" : null,
      "stereotype" : "kind",
      "isAbstract" : false,
      "isDerived" : false,
      "properties" : null,
      "isExtensional" : null,
      "isPowertype" : null,
      "order" : null,
      "literals" : null,
      "restrictedTo" : [ "functional-complex" ]
    }, {
      "id" : "_GHIwn6GAqACBAuU",
      "name" : "Equipment",
      "description" : null,
      "type" : "Class",
      "propertyAssignments" : null,
      "stereotype" : "kind",
      "isAbstract" : false,
      "isDerived" : false,
      "properties" : null,
      "isExtensional" : null,
      "isPowertype" : null,
      "order" : null,
      "literals" : null,
      "restrictedTo" : [ "functional-complex" ]
    }, {
      "id" : "Amhown6GAqACBAv7",
      "name" : "Character",
      "description" : null,
      "type" : "Class",
      "propertyAssignments" : null,
      "stereotype" : "kind",
      "isAbstract" : false,
      "isDerived" : false,
      "properties" : null,
      "isExtensional" : null,
      "isPowertype" : null,
      "order" : null,
      "literals" : null,
      "restrictedTo" : [ "functional-complex" ]
    }, {
      "id" : "Wj1own6GAqACBAwR",
      "name" : "Encounter",
      "description" : null,
      "type" : "Class",
      "propertyAssignments" : null,
      "stereotype" : "relator",
      "isAbstract" : false,
      "isDerived" : false,
      "properties" : null,
      "isExtensional" : null,
      "isPowertype" : null,
      "order" : null,
      "literals" : null,
      "restrictedTo" : [ "relator" ]
    }, {
      "id" : "j3Xown6GAqACBAxM",
      "name" : "NonPlayerCharacter",
      "description" : null,
      "type" : "Class",
      "propertyAssignments" : null,
      "stereotype" : "kind",
      "isAbstract" : false,
      "isDerived" : false,
      "properties" : null,
      "isExtensional" : null,
      "isPowertype" : null,
      "order" : null,
      "literals" : null,
      "restrictedTo" : [ "functional-complex" ]
    }, {
      "id" : "q1EYwn6GAqACBAxy",
      "name" : "Mission",
      "description" : null,
      "type" : "Class",
      "propertyAssignments" : null,
      "stereotype" : "collective",
      "isAbstract" : false,
      "isDerived" : false,
      "properties" : null,
      "isExtensional" : false,
      "isPowertype" : null,
      "order" : null,
      "literals" : null,
      "restrictedTo" : [ "collective" ]
    }, {
      "id" : "adWYwn6GAqACBAyo",
      "name" : "Goal",
      "description" : null,
      "type" : "Class",
      "propertyAssignments" : null,
      "stereotype" : "UFO-C",
      "isAbstract" : false,
      "isDerived" : false,
      "properties" : null,
      "isExtensional" : null,
      "isPowertype" : null,
      "order" : null,
      "literals" : null,
      "restrictedTo" : null
    }, {
      "id" : "L8FMwn6GAqACBA0Q",
      "name" : "Location",
      "description" : null,
      "type" : "Class",
      "propertyAssignments" : null,
      "stereotype" : "kind",
      "isAbstract" : false,
      "isDerived" : false,
      "properties" : null,
      "isExtensional" : null,
      "isPowertype" : null,
      "order" : null,
      "literals" : null,
      "restrictedTo" : [ "functional-complex" ]
    }, {
      "id" : "gwfMwn6GAqACBA1B",
      "name" : "Adventure",
      "description" : null,
      "type" : "Class",
      "propertyAssignments" : null,
      "stereotype" : "mode",
      "isAbstract" : false,
      "isDerived" : false,
      "properties" : null,
      "isExtensional" : null,
      "isPowertype" : null,
      "order" : null,
      "literals" : null,
      "restrictedTo" : [ "intrinsic-mode" ]
    }, {
      "id" : "QMwiwn6GAqACBA3I",
      "name" : "Campaign",
      "description" : null,
      "type" : "Class",
      "propertyAssignments" : null,
      "stereotype" : "mode",
      "isAbstract" : false,
      "isDerived" : false,
      "properties" : null,
      "isExtensional" : null,
      "isPowertype" : null,
      "order" : null,
      "literals" : null,
      "restrictedTo" : [ "intrinsic-mode" ]
    }, {
      "id" : "piWiwn6GAqACBA4Z",
      "name" : "Match",
      "description" : null,
      "type" : "Class",
      "propertyAssignments" : null,
      "stereotype" : "category",
      "isAbstract" : false,
      "isDerived" : false,
      "properties" : null,
      "isExtensional" : false,
      "isPowertype" : null,
      "order" : null,
      "literals" : null,
      "restrictedTo" : [ "functional-complex" ]
    }, {
      "id" : "wzWSwn6GAqACBA53",
      "name" : "Scenario",
      "description" : null,
      "type" : "Class",
      "propertyAssignments" : null,
      "stereotype" : "subkind",
      "isAbstract" : false,
      "isDerived" : false,
      "properties" : null,
      "isExtensional" : false,
      "isPowertype" : null,
      "order" : null,
      "literals" : null,
      "restrictedTo" : [ "functional-complex" ]
    }, {
      "id" : "U0LSwn6GAqACBA7F",
      "name" : "DigitalGame",
      "description" : null,
      "type" : "Class",
      "propertyAssignments" : null,
      "stereotype" : "kind",
      "isAbstract" : false,
      "isDerived" : false,
      "properties" : null,
      "isExtensional" : null,
      "isPowertype" : null,
      "order" : null,
      "literals" : null,
      "restrictedTo" : [ "functional-complex" ]
    }, {
      "id" : "zmPSwn6GAqACBA7d",
      "name" : "Session",
      "description" : null,
      "type" : "Class",
      "propertyAssignments" : null,
      "stereotype" : "collective",
      "isAbstract" : false,
      "isDerived" : false,
      "properties" : null,
      "isExtensional" : false,
      "isPowertype" : null,
      "order" : null,
      "literals" : null,
      "restrictedTo" : [ "collective" ]
    }, {
      "id" : "FRfQwn6GAqACBAo7",
      "name" : null,
      "description" : null,
      "type" : "Generalization",
      "propertyAssignments" : null,
      "general" : {
        "id" : "5IXgwn6GAqACBAnd",
        "type" : "Class"
      },
      "specific" : {
        "id" : "HysQwn6GAqACBAnv",
        "type" : "Class"
      }
    }, {
      "id" : "YafIwn6GAqACBAuq",
      "name" : null,
      "description" : null,
      "type" : "Generalization",
      "propertyAssignments" : null,
      "general" : {
        "id" : "Uh1wwn6GAqACBArU",
        "type" : "Class"
      },
      "specific" : {
        "id" : "2bzIwn6GAqACBAt8",
        "type" : "Class"
      }
    }, {
      "id" : "H7_Iwn6GAqACBAuu",
      "name" : null,
      "description" : null,
      "type" : "Generalization",
      "propertyAssignments" : null,
      "general" : {
        "id" : "Uh1wwn6GAqACBArU",
        "type" : "Class"
      },
      "specific" : {
        "id" : "UsDIwn6GAqACBAto",
        "type" : "Class"
      }
    }, {
      "id" : "O_gown6GAqACBAu0",
      "name" : null,
      "description" : null,
      "type" : "Generalization",
      "propertyAssignments" : null,
      "general" : {
        "id" : "Uh1wwn6GAqACBArU",
        "type" : "Class"
      },
      "specific" : {
        "id" : "_GHIwn6GAqACBAuU",
        "type" : "Class"
      }
    }, {
      "id" : "ep2own6GAqACBAvy",
      "name" : null,
      "description" : null,
      "type" : "Generalization",
      "propertyAssignments" : null,
      "general" : {
        "id" : "C5Wwwn6GAqACBAqa",
        "type" : "Class"
      },
      "specific" : {
        "id" : "Uh1wwn6GAqACBArU",
        "type" : "Class"
      }
    }, {
      "id" : "u_5own6GAqACBAwM",
      "name" : null,
      "description" : null,
      "type" : "Generalization",
      "propertyAssignments" : null,
      "general" : {
        "id" : "Amhown6GAqACBAv7",
        "type" : "Class"
      },
      "specific" : {
        "id" : "2eUIwn6GAqACBArv",
        "type" : "Class"
      }
    }, {
      "id" : "NMLMwn6GAqACBA0w",
      "name" : "",
      "description" : null,
      "type" : "Generalization",
      "propertyAssignments" : null,
      "general" : {
        "id" : "C5Wwwn6GAqACBAqa",
        "type" : "Class"
      },
      "specific" : {
        "id" : "j3Xown6GAqACBAxM",
        "type" : "Class"
      }
    }, {
      "id" : "xqhSwn6GAqACBA6a",
      "name" : null,
      "description" : null,
      "type" : "Generalization",
      "propertyAssignments" : null,
      "general" : {
        "id" : "L8FMwn6GAqACBA0Q",
        "type" : "Class"
      },
      "specific" : {
        "id" : "wzWSwn6GAqACBA53",
        "type" : "Class"
      }
    }, {
      "id" : "NsHSwn6GAqACBA7U",
      "name" : null,
      "description" : null,
      "type" : "Generalization",
      "propertyAssignments" : null,
      "general" : {
        "id" : "piWiwn6GAqACBA4Z",
        "type" : "Class"
      },
      "specific" : {
        "id" : "U0LSwn6GAqACBA7F",
        "type" : "Class"
      }
    }, {
      "id" : "mukown6GAqACBAvA",
      "name" : "{disjoint, complete}",
      "description" : null,
      "type" : "GeneralizationSet",
      "propertyAssignments" : null,
      "isDisjoint" : true,
      "isComplete" : true,
      "categorizer" : null,
      "generalizations" : [ {
        "id" : "O_gown6GAqACBAu0",
        "type" : "Generalization"
      }, {
        "id" : "H7_Iwn6GAqACBAuu",
        "type" : "Generalization"
      }, {
        "id" : "YafIwn6GAqACBAuq",
        "type" : "Generalization"
      } ]
    }, {
      "id" : "vTJjQGGGAqAAEQsd",
      "name" : "",
      "description" : null,
      "type" : "GeneralizationSet",
      "propertyAssignments" : null,
      "isDisjoint" : true,
      "isComplete" : true,
      "categorizer" : null,
      "generalizations" : [ {
        "id" : "NMLMwn6GAqACBA0w",
        "type" : "Generalization"
      } ]
    }, {
      "id" : "lWtgwn6GAqACBAm4",
      "name" : "{essential}",
      "description" : null,
      "type" : "Relation",
      "propertyAssignments" : null,
      "stereotype" : "componentOf",
      "isAbstract" : false,
      "isDerived" : false,
      "properties" : [ {
        "id" : "DWtgwn6GAqACBAm6",
        "name" : null,
        "description" : null,
        "type" : "Property",
        "propertyAssignments" : null,
        "stereotype" : null,
        "isDerived" : false,
        "isReadOnly" : false,
        "isOrdered" : false,
        "cardinality" : "2..*",
        "propertyType" : {
          "id" : "JYZgwn6GAqACBAmj",
          "type" : "Class"
        },
        "subsettedProperties" : null,
        "redefinedProperties" : null,
        "aggregationKind" : "NONE"
      }, {
        "id" : "zWtgwn6GAqACBAm9",
        "name" : null,
        "description" : null,
        "type" : "Property",
        "propertyAssignments" : null,
        "stereotype" : null,
        "isDerived" : false,
        "isReadOnly" : false,
        "isOrdered" : false,
        "cardinality" : "1",
        "propertyType" : {
          "id" : "zhRgwn6GAqACBAmV",
          "type" : "Class"
        },
        "subsettedProperties" : null,
        "redefinedProperties" : null,
        "aggregationKind" : "COMPOSITE"
      } ]
    }, {
      "id" : ".2zQwn6GAqACBAod",
      "name" : null,
      "description" : null,
      "type" : "Relation",
      "propertyAssignments" : null,
      "stereotype" : null,
      "isAbstract" : false,
      "isDerived" : false,
      "properties" : [ {
        "id" : ".2zQwn6GAqACBAoe",
        "name" : null,
        "description" : null,
        "type" : "Property",
        "propertyAssignments" : null,
        "stereotype" : null,
        "isDerived" : false,
        "isReadOnly" : false,
        "isOrdered" : false,
        "cardinality" : "1",
        "propertyType" : {
          "id" : "JYZgwn6GAqACBAmj",
          "type" : "Class"
        },
        "subsettedProperties" : null,
        "redefinedProperties" : null,
        "aggregationKind" : "COMPOSITE"
      }, {
        "id" : ".2zQwn6GAqACBAog",
        "name" : null,
        "description" : null,
        "type" : "Property",
        "propertyAssignments" : null,
        "stereotype" : null,
        "isDerived" : false,
        "isReadOnly" : false,
        "isOrdered" : false,
        "cardinality" : "1..*",
        "propertyType" : {
          "id" : "5IXgwn6GAqACBAnd",
          "type" : "Class"
        },
        "subsettedProperties" : null,
        "redefinedProperties" : null,
        "aggregationKind" : "NONE"
      } ]
    }, {
      "id" : "AmEwwn6GAqACBApa",
      "name" : "has",
      "description" : null,
      "type" : "Relation",
      "propertyAssignments" : null,
      "stereotype" : "characterization",
      "isAbstract" : false,
      "isDerived" : false,
      "properties" : [ {
        "id" : "AmEwwn6GAqACBApb",
        "name" : null,
        "description" : null,
        "type" : "Property",
        "propertyAssignments" : null,
        "stereotype" : null,
        "isDerived" : false,
        "isReadOnly" : false,
        "isOrdered" : false,
        "cardinality" : "1",
        "propertyType" : {
          "id" : "HysQwn6GAqACBAnv",
          "type" : "Class"
        },
        "subsettedProperties" : null,
        "redefinedProperties" : null,
        "aggregationKind" : "NONE"
      }, {
        "id" : "AmEwwn6GAqACBApd",
        "name" : null,
        "description" : null,
        "type" : "Property",
        "propertyAssignments" : null,
        "stereotype" : null,
        "isDerived" : false,
        "isReadOnly" : true,
        "isOrdered" : false,
        "cardinality" : "1",
        "propertyType" : {
          "id" : "1P_Qwn6GAqACBApA",
          "type" : "Class"
        },
        "subsettedProperties" : null,
        "redefinedProperties" : null,
        "aggregationKind" : "NONE"
      } ]
    }, {
      "id" : "F4Swwn6GAqACBAp3",
      "name" : null,
      "description" : null,
      "type" : "Relation",
      "propertyAssignments" : null,
      "stereotype" : null,
      "isAbstract" : false,
      "isDerived" : false,
      "properties" : [ {
        "id" : "F4Swwn6GAqACBAp4",
        "name" : null,
        "description" : null,
        "type" : "Property",
        "propertyAssignments" : null,
        "stereotype" : null,
        "isDerived" : false,
        "isReadOnly" : false,
        "isOrdered" : false,
        "cardinality" : "1",
        "propertyType" : {
          "id" : "5IXgwn6GAqACBAnd",
          "type" : "Class"
        },
        "subsettedProperties" : null,
        "redefinedProperties" : null,
        "aggregationKind" : "NONE"
      }, {
        "id" : "F4Swwn6GAqACBAp6",
        "name" : null,
        "description" : null,
        "type" : "Property",
        "propertyAssignments" : null,
        "stereotype" : null,
        "isDerived" : false,
        "isReadOnly" : false,
        "isOrdered" : false,
        "cardinality" : "1",
        "propertyType" : {
          "id" : "1P_Qwn6GAqACBApA",
          "type" : "Class"
        },
        "subsettedProperties" : null,
        "redefinedProperties" : null,
        "aggregationKind" : "NONE"
      } ]
    }, {
      "id" : "pT.wwn6GAqACBAqu",
      "name" : "{essential}",
      "description" : null,
      "type" : "Relation",
      "propertyAssignments" : null,
      "stereotype" : "componentOf",
      "isAbstract" : false,
      "isDerived" : false,
      "properties" : [ {
        "id" : "pT.wwn6GAqACBAqv",
        "name" : null,
        "description" : null,
        "type" : "Property",
        "propertyAssignments" : null,
        "stereotype" : null,
        "isDerived" : false,
        "isReadOnly" : false,
        "isOrdered" : false,
        "cardinality" : "2..*",
        "propertyType" : {
          "id" : "C5Wwwn6GAqACBAqa",
          "type" : "Class"
        },
        "subsettedProperties" : null,
        "redefinedProperties" : null,
        "aggregationKind" : "NONE"
      }, {
        "id" : "pT.wwn6GAqACBAqx",
        "name" : null,
        "description" : null,
        "type" : "Property",
        "propertyAssignments" : null,
        "stereotype" : null,
        "isDerived" : false,
        "isReadOnly" : false,
        "isOrdered" : false,
        "cardinality" : "1",
        "propertyType" : {
          "id" : "zhRgwn6GAqACBAmV",
          "type" : "Class"
        },
        "subsettedProperties" : null,
        "redefinedProperties" : null,
        "aggregationKind" : "COMPOSITE"
      } ]
    }, {
      "id" : "rUCIwn6GAqACBAsP",
      "name" : "carringBy",
      "description" : null,
      "type" : "Relation",
      "propertyAssignments" : null,
      "stereotype" : null,
      "isAbstract" : false,
      "isDerived" : false,
      "properties" : [ {
        "id" : "rUCIwn6GAqACBAsQ",
        "name" : null,
        "description" : null,
        "type" : "Property",
        "propertyAssignments" : null,
        "stereotype" : null,
        "isDerived" : false,
        "isReadOnly" : false,
        "isOrdered" : false,
        "cardinality" : "1..*",
        "propertyType" : {
          "id" : "Uh1wwn6GAqACBArU",
          "type" : "Class"
        },
        "subsettedProperties" : null,
        "redefinedProperties" : null,
        "aggregationKind" : "NONE"
      }, {
        "id" : "rUCIwn6GAqACBAsS",
        "name" : null,
        "description" : null,
        "type" : "Property",
        "propertyAssignments" : null,
        "stereotype" : null,
        "isDerived" : false,
        "isReadOnly" : false,
        "isOrdered" : false,
        "cardinality" : "1",
        "propertyType" : {
          "id" : "2eUIwn6GAqACBArv",
          "type" : "Class"
        },
        "subsettedProperties" : null,
        "redefinedProperties" : null,
        "aggregationKind" : "NONE"
      } ]
    }, {
      "id" : "5T5Iwn6GAqACBAtD",
      "name" : "use",
      "description" : null,
      "type" : "Relation",
      "propertyAssignments" : null,
      "stereotype" : null,
      "isAbstract" : false,
      "isDerived" : false,
      "properties" : [ {
        "id" : "5T5Iwn6GAqACBAtE",
        "name" : null,
        "description" : null,
        "type" : "Property",
        "propertyAssignments" : null,
        "stereotype" : null,
        "isDerived" : false,
        "isReadOnly" : false,
        "isOrdered" : false,
        "cardinality" : "1",
        "propertyType" : {
          "id" : "2eUIwn6GAqACBArv",
          "type" : "Class"
        },
        "subsettedProperties" : null,
        "redefinedProperties" : null,
        "aggregationKind" : "NONE"
      }, {
        "id" : "FT5Iwn6GAqACBAtG",
        "name" : null,
        "description" : null,
        "type" : "Property",
        "propertyAssignments" : null,
        "stereotype" : null,
        "isDerived" : false,
        "isReadOnly" : false,
        "isOrdered" : false,
        "cardinality" : "1",
        "propertyType" : {
          "id" : "Uh1wwn6GAqACBArU",
          "type" : "Class"
        },
        "subsettedProperties" : null,
        "redefinedProperties" : null,
        "aggregationKind" : "NONE"
      } ]
    }, {
      "id" : "eeLown6GAqACBAww",
      "name" : null,
      "description" : null,
      "type" : "Relation",
      "propertyAssignments" : null,
      "stereotype" : "mediation",
      "isAbstract" : false,
      "isDerived" : false,
      "properties" : [ {
        "id" : "eeLown6GAqACBAwx",
        "name" : null,
        "description" : null,
        "type" : "Property",
        "propertyAssignments" : null,
        "stereotype" : null,
        "isDerived" : false,
        "isReadOnly" : false,
        "isOrdered" : false,
        "cardinality" : "1",
        "propertyType" : {
          "id" : "Wj1own6GAqACBAwR",
          "type" : "Class"
        },
        "subsettedProperties" : null,
        "redefinedProperties" : null,
        "aggregationKind" : "NONE"
      }, {
        "id" : "eeLown6GAqACBAwz",
        "name" : null,
        "description" : null,
        "type" : "Property",
        "propertyAssignments" : null,
        "stereotype" : null,
        "isDerived" : false,
        "isReadOnly" : true,
        "isOrdered" : false,
        "cardinality" : "1",
        "propertyType" : {
          "id" : "2eUIwn6GAqACBArv",
          "type" : "Class"
        },
        "subsettedProperties" : null,
        "redefinedProperties" : null,
        "aggregationKind" : "NONE"
      } ]
    }, {
      "id" : "gQgYwn6GAqACBAxd",
      "name" : null,
      "description" : null,
      "type" : "Relation",
      "propertyAssignments" : null,
      "stereotype" : "mediation",
      "isAbstract" : false,
      "isDerived" : false,
      "properties" : [ {
        "id" : "gQgYwn6GAqACBAxe",
        "name" : null,
        "description" : null,
        "type" : "Property",
        "propertyAssignments" : null,
        "stereotype" : null,
        "isDerived" : false,
        "isReadOnly" : false,
        "isOrdered" : false,
        "cardinality" : "1",
        "propertyType" : {
          "id" : "Wj1own6GAqACBAwR",
          "type" : "Class"
        },
        "subsettedProperties" : null,
        "redefinedProperties" : null,
        "aggregationKind" : "NONE"
      }, {
        "id" : "gQgYwn6GAqACBAxg",
        "name" : null,
        "description" : null,
        "type" : "Property",
        "propertyAssignments" : null,
        "stereotype" : null,
        "isDerived" : false,
        "isReadOnly" : true,
        "isOrdered" : false,
        "cardinality" : "1",
        "propertyType" : {
          "id" : "j3Xown6GAqACBAxM",
          "type" : "Class"
        },
        "subsettedProperties" : null,
        "redefinedProperties" : null,
        "aggregationKind" : "NONE"
      } ]
    }, {
      "id" : "VfSYwn6GAqACBAyK",
      "name" : null,
      "description" : null,
      "type" : "Relation",
      "propertyAssignments" : null,
      "stereotype" : "memberOf",
      "isAbstract" : false,
      "isDerived" : false,
      "properties" : [ {
        "id" : "VfSYwn6GAqACBAyL",
        "name" : null,
        "description" : null,
        "type" : "Property",
        "propertyAssignments" : null,
        "stereotype" : null,
        "isDerived" : false,
        "isReadOnly" : false,
        "isOrdered" : false,
        "cardinality" : "1",
        "propertyType" : {
          "id" : "Wj1own6GAqACBAwR",
          "type" : "Class"
        },
        "subsettedProperties" : null,
        "redefinedProperties" : null,
        "aggregationKind" : "NONE"
      }, {
        "id" : "VfSYwn6GAqACBAyN",
        "name" : null,
        "description" : null,
        "type" : "Property",
        "propertyAssignments" : null,
        "stereotype" : null,
        "isDerived" : false,
        "isReadOnly" : false,
        "isOrdered" : false,
        "cardinality" : "1",
        "propertyType" : {
          "id" : "q1EYwn6GAqACBAxy",
          "type" : "Class"
        },
        "subsettedProperties" : null,
        "redefinedProperties" : null,
        "aggregationKind" : "COMPOSITE"
      } ]
    }, {
      "id" : "zq5Ywn6GAqACBAzB",
      "name" : "has",
      "description" : null,
      "type" : "Relation",
      "propertyAssignments" : null,
      "stereotype" : null,
      "isAbstract" : false,
      "isDerived" : false,
      "properties" : [ {
        "id" : "zq5Ywn6GAqACBAzC",
        "name" : null,
        "description" : null,
        "type" : "Property",
        "propertyAssignments" : null,
        "stereotype" : null,
        "isDerived" : false,
        "isReadOnly" : false,
        "isOrdered" : false,
        "cardinality" : "*",
        "propertyType" : {
          "id" : "q1EYwn6GAqACBAxy",
          "type" : "Class"
        },
        "subsettedProperties" : null,
        "redefinedProperties" : null,
        "aggregationKind" : "NONE"
      }, {
        "id" : "zq5Ywn6GAqACBAzE",
        "name" : null,
        "description" : null,
        "type" : "Property",
        "propertyAssignments" : null,
        "stereotype" : null,
        "isDerived" : false,
        "isReadOnly" : false,
        "isOrdered" : false,
        "cardinality" : "1",
        "propertyType" : {
          "id" : "adWYwn6GAqACBAyo",
          "type" : "Class"
        },
        "subsettedProperties" : null,
        "redefinedProperties" : null,
        "aggregationKind" : "NONE"
      } ]
    }, {
      "id" : "XvVYwn6GAqACBAzP",
      "name" : "has",
      "description" : null,
      "type" : "Relation",
      "propertyAssignments" : null,
      "stereotype" : null,
      "isAbstract" : false,
      "isDerived" : false,
      "properties" : [ {
        "id" : "XvVYwn6GAqACBAzQ",
        "name" : null,
        "description" : null,
        "type" : "Property",
        "propertyAssignments" : null,
        "stereotype" : null,
        "isDerived" : false,
        "isReadOnly" : false,
        "isOrdered" : false,
        "cardinality" : "1",
        "propertyType" : {
          "id" : "Wj1own6GAqACBAwR",
          "type" : "Class"
        },
        "subsettedProperties" : null,
        "redefinedProperties" : null,
        "aggregationKind" : "NONE"
      }, {
        "id" : "XvVYwn6GAqACBAzS",
        "name" : null,
        "description" : null,
        "type" : "Property",
        "propertyAssignments" : null,
        "stereotype" : null,
        "isDerived" : false,
        "isReadOnly" : false,
        "isOrdered" : false,
        "cardinality" : "1",
        "propertyType" : {
          "id" : "adWYwn6GAqACBAyo",
          "type" : "Class"
        },
        "subsettedProperties" : null,
        "redefinedProperties" : null,
        "aggregationKind" : "NONE"
      } ]
    }, {
      "id" : "W67Mwn6GAqACBA02",
      "name" : null,
      "description" : null,
      "type" : "Relation",
      "propertyAssignments" : null,
      "stereotype" : null,
      "isAbstract" : false,
      "isDerived" : false,
      "properties" : [ {
        "id" : "W67Mwn6GAqACBA03",
        "name" : null,
        "description" : null,
        "type" : "Property",
        "propertyAssignments" : null,
        "stereotype" : null,
        "isDerived" : false,
        "isReadOnly" : false,
        "isOrdered" : false,
        "cardinality" : "*",
        "propertyType" : {
          "id" : "Amhown6GAqACBAv7",
          "type" : "Class"
        },
        "subsettedProperties" : null,
        "redefinedProperties" : null,
        "aggregationKind" : "NONE"
      }, {
        "id" : "W67Mwn6GAqACBA05",
        "name" : null,
        "description" : null,
        "type" : "Property",
        "propertyAssignments" : null,
        "stereotype" : null,
        "isDerived" : false,
        "isReadOnly" : false,
        "isOrdered" : false,
        "cardinality" : "*",
        "propertyType" : {
          "id" : "L8FMwn6GAqACBA0Q",
          "type" : "Class"
        },
        "subsettedProperties" : null,
        "redefinedProperties" : null,
        "aggregationKind" : "NONE"
      } ]
    }, {
      "id" : ".MYswn6GAqACBA1Y",
      "name" : "has",
      "description" : null,
      "type" : "Relation",
      "propertyAssignments" : null,
      "stereotype" : "characterization",
      "isAbstract" : false,
      "isDerived" : false,
      "properties" : [ {
        "id" : ".MYswn6GAqACBA1Z",
        "name" : null,
        "description" : null,
        "type" : "Property",
        "propertyAssignments" : null,
        "stereotype" : null,
        "isDerived" : false,
        "isReadOnly" : false,
        "isOrdered" : false,
        "cardinality" : "1",
        "propertyType" : {
          "id" : "gwfMwn6GAqACBA1B",
          "type" : "Class"
        },
        "subsettedProperties" : null,
        "redefinedProperties" : null,
        "aggregationKind" : "NONE"
      }, {
        "id" : ".MYswn6GAqACBA1b",
        "name" : null,
        "description" : null,
        "type" : "Property",
        "propertyAssignments" : null,
        "stereotype" : null,
        "isDerived" : false,
        "isReadOnly" : true,
        "isOrdered" : false,
        "cardinality" : "1..*",
        "propertyType" : {
          "id" : "q1EYwn6GAqACBAxy",
          "type" : "Class"
        },
        "subsettedProperties" : null,
        "redefinedProperties" : null,
        "aggregationKind" : "NONE"
      } ]
    }, {
      "id" : "jLeswn6GAqACBA2d",
      "name" : "has",
      "description" : null,
      "type" : "Relation",
      "propertyAssignments" : null,
      "stereotype" : null,
      "isAbstract" : false,
      "isDerived" : false,
      "properties" : [ {
        "id" : "jLeswn6GAqACBA2e",
        "name" : null,
        "description" : null,
        "type" : "Property",
        "propertyAssignments" : null,
        "stereotype" : null,
        "isDerived" : false,
        "isReadOnly" : false,
        "isOrdered" : false,
        "cardinality" : "1",
        "propertyType" : {
          "id" : "gwfMwn6GAqACBA1B",
          "type" : "Class"
        },
        "subsettedProperties" : null,
        "redefinedProperties" : null,
        "aggregationKind" : "NONE"
      }, {
        "id" : "jLeswn6GAqACBA2g",
        "name" : null,
        "description" : null,
        "type" : "Property",
        "propertyAssignments" : null,
        "stereotype" : null,
        "isDerived" : false,
        "isReadOnly" : false,
        "isOrdered" : false,
        "cardinality" : "1",
        "propertyType" : {
          "id" : "adWYwn6GAqACBAyo",
          "type" : "Class"
        },
        "subsettedProperties" : null,
        "redefinedProperties" : null,
        "aggregationKind" : "NONE"
      } ]
    }, {
      "id" : "r8siwn6GAqACBA3x",
      "name" : null,
      "description" : null,
      "type" : "Relation",
      "propertyAssignments" : null,
      "stereotype" : null,
      "isAbstract" : false,
      "isDerived" : false,
      "properties" : [ {
        "id" : "r8siwn6GAqACBA3y",
        "name" : null,
        "description" : null,
        "type" : "Property",
        "propertyAssignments" : null,
        "stereotype" : null,
        "isDerived" : false,
        "isReadOnly" : false,
        "isOrdered" : false,
        "cardinality" : "1",
        "propertyType" : {
          "id" : "QMwiwn6GAqACBA3I",
          "type" : "Class"
        },
        "subsettedProperties" : null,
        "redefinedProperties" : null,
        "aggregationKind" : "COMPOSITE"
      }, {
        "id" : "r8siwn6GAqACBA30",
        "name" : null,
        "description" : null,
        "type" : "Property",
        "propertyAssignments" : null,
        "stereotype" : null,
        "isDerived" : false,
        "isReadOnly" : false,
        "isOrdered" : false,
        "cardinality" : "2..*",
        "propertyType" : {
          "id" : "gwfMwn6GAqACBA1B",
          "type" : "Class"
        },
        "subsettedProperties" : null,
        "redefinedProperties" : null,
        "aggregationKind" : "NONE"
      } ]
    }, {
      "id" : "F9Ziwn6GAqACBA4r",
      "name" : "execute",
      "description" : null,
      "type" : "Relation",
      "propertyAssignments" : null,
      "stereotype" : null,
      "isAbstract" : false,
      "isDerived" : false,
      "properties" : [ {
        "id" : "F9Ziwn6GAqACBA4s",
        "name" : null,
        "description" : null,
        "type" : "Property",
        "propertyAssignments" : null,
        "stereotype" : null,
        "isDerived" : false,
        "isReadOnly" : false,
        "isOrdered" : false,
        "cardinality" : "1",
        "propertyType" : {
          "id" : "C5Wwwn6GAqACBAqa",
          "type" : "Class"
        },
        "subsettedProperties" : null,
        "redefinedProperties" : null,
        "aggregationKind" : "NONE"
      }, {
        "id" : "F9Ziwn6GAqACBA4u",
        "name" : null,
        "description" : null,
        "type" : "Property",
        "propertyAssignments" : null,
        "stereotype" : null,
        "isDerived" : false,
        "isReadOnly" : false,
        "isOrdered" : false,
        "cardinality" : "1",
        "propertyType" : {
          "id" : "HysQwn6GAqACBAnv",
          "type" : "Class"
        },
        "subsettedProperties" : null,
        "redefinedProperties" : null,
        "aggregationKind" : "NONE"
      } ]
    }, {
      "id" : "TRniwn6GAqACBA5H",
      "name" : "estarEm {essential}",
      "description" : null,
      "type" : "Relation",
      "propertyAssignments" : null,
      "stereotype" : "componentOf",
      "isAbstract" : false,
      "isDerived" : false,
      "properties" : [ {
        "id" : "TRniwn6GAqACBA5I",
        "name" : null,
        "description" : null,
        "type" : "Property",
        "propertyAssignments" : null,
        "stereotype" : null,
        "isDerived" : false,
        "isReadOnly" : false,
        "isOrdered" : false,
        "cardinality" : "1..*",
        "propertyType" : {
          "id" : "C5Wwwn6GAqACBAqa",
          "type" : "Class"
        },
        "subsettedProperties" : null,
        "redefinedProperties" : null,
        "aggregationKind" : "NONE"
      }, {
        "id" : "TRniwn6GAqACBA5K",
        "name" : null,
        "description" : null,
        "type" : "Property",
        "propertyAssignments" : null,
        "stereotype" : null,
        "isDerived" : false,
        "isReadOnly" : false,
        "isOrdered" : false,
        "cardinality" : "1",
        "propertyType" : {
          "id" : "piWiwn6GAqACBA4Z",
          "type" : "Class"
        },
        "subsettedProperties" : null,
        "redefinedProperties" : null,
        "aggregationKind" : "COMPOSITE"
      } ]
    }, {
      "id" : ".DFSwn6GAqACBA6g",
      "name" : null,
      "description" : null,
      "type" : "Relation",
      "propertyAssignments" : null,
      "stereotype" : "characterization",
      "isAbstract" : false,
      "isDerived" : false,
      "properties" : [ {
        "id" : "BDFSwn6GAqACBA6h",
        "name" : null,
        "description" : null,
        "type" : "Property",
        "propertyAssignments" : null,
        "stereotype" : null,
        "isDerived" : false,
        "isReadOnly" : false,
        "isOrdered" : false,
        "cardinality" : "1",
        "propertyType" : {
          "id" : "gwfMwn6GAqACBA1B",
          "type" : "Class"
        },
        "subsettedProperties" : null,
        "redefinedProperties" : null,
        "aggregationKind" : "NONE"
      }, {
        "id" : "BDFSwn6GAqACBA6j",
        "name" : null,
        "description" : null,
        "type" : "Property",
        "propertyAssignments" : null,
        "stereotype" : null,
        "isDerived" : false,
        "isReadOnly" : true,
        "isOrdered" : false,
        "cardinality" : "1",
        "propertyType" : {
          "id" : "piWiwn6GAqACBA4Z",
          "type" : "Class"
        },
        "subsettedProperties" : null,
        "redefinedProperties" : null,
        "aggregationKind" : "NONE"
      } ]
    }, {
      "id" : "nKVSwn6GAqACBA6o",
      "name" : null,
      "description" : null,
      "type" : "Relation",
      "propertyAssignments" : null,
      "stereotype" : "characterization",
      "isAbstract" : false,
      "isDerived" : false,
      "properties" : [ {
        "id" : "XKVSwn6GAqACBA6p",
        "name" : null,
        "description" : null,
        "type" : "Property",
        "propertyAssignments" : null,
        "stereotype" : null,
        "isDerived" : false,
        "isReadOnly" : false,
        "isOrdered" : false,
        "cardinality" : "1",
        "propertyType" : {
          "id" : "QMwiwn6GAqACBA3I",
          "type" : "Class"
        },
        "subsettedProperties" : null,
        "redefinedProperties" : null,
        "aggregationKind" : "NONE"
      }, {
        "id" : "XKVSwn6GAqACBA6r",
        "name" : null,
        "description" : null,
        "type" : "Property",
        "propertyAssignments" : null,
        "stereotype" : null,
        "isDerived" : false,
        "isReadOnly" : true,
        "isOrdered" : false,
        "cardinality" : "1",
        "propertyType" : {
          "id" : "piWiwn6GAqACBA4Z",
          "type" : "Class"
        },
        "subsettedProperties" : null,
        "redefinedProperties" : null,
        "aggregationKind" : "NONE"
      } ]
    }, {
      "id" : "LKMywn6GAqACBA7.",
      "name" : null,
      "description" : null,
      "type" : "Relation",
      "propertyAssignments" : null,
      "stereotype" : "componentOf",
      "isAbstract" : false,
      "isDerived" : false,
      "properties" : [ {
        "id" : "LKMywn6GAqACBA7_",
        "name" : null,
        "description" : null,
        "type" : "Property",
        "propertyAssignments" : null,
        "stereotype" : null,
        "isDerived" : false,
        "isReadOnly" : false,
        "isOrdered" : false,
        "cardinality" : "2..*",
        "propertyType" : {
          "id" : "zmPSwn6GAqACBA7d",
          "type" : "Class"
        },
        "subsettedProperties" : null,
        "redefinedProperties" : null,
        "aggregationKind" : "NONE"
      }, {
        "id" : "LKMywn6GAqACBA8B",
        "name" : null,
        "description" : null,
        "type" : "Property",
        "propertyAssignments" : null,
        "stereotype" : null,
        "isDerived" : false,
        "isReadOnly" : false,
        "isOrdered" : false,
        "cardinality" : "1",
        "propertyType" : {
          "id" : "gwfMwn6GAqACBA1B",
          "type" : "Class"
        },
        "subsettedProperties" : null,
        "redefinedProperties" : null,
        "aggregationKind" : "COMPOSITE"
      } ]
    }, {
      "id" : "kRcywn6GAqACBA8G",
      "name" : null,
      "description" : null,
      "type" : "Relation",
      "propertyAssignments" : null,
      "stereotype" : "componentOf",
      "isAbstract" : false,
      "isDerived" : false,
      "properties" : [ {
        "id" : "kRcywn6GAqACBA8H",
        "name" : null,
        "description" : null,
        "type" : "Property",
        "propertyAssignments" : null,
        "stereotype" : null,
        "isDerived" : false,
        "isReadOnly" : false,
        "isOrdered" : false,
        "cardinality" : "2..*",
        "propertyType" : {
          "id" : "zmPSwn6GAqACBA7d",
          "type" : "Class"
        },
        "subsettedProperties" : null,
        "redefinedProperties" : null,
        "aggregationKind" : "NONE"
      }, {
        "id" : "kRcywn6GAqACBA8J",
        "name" : null,
        "description" : null,
        "type" : "Property",
        "propertyAssignments" : null,
        "stereotype" : null,
        "isDerived" : false,
        "isReadOnly" : false,
        "isOrdered" : false,
        "cardinality" : "1",
        "propertyType" : {
          "id" : "QMwiwn6GAqACBA3I",
          "type" : "Class"
        },
        "subsettedProperties" : null,
        "redefinedProperties" : null,
        "aggregationKind" : "COMPOSITE"
      } ]
    }, {
      "id" : "eWhywn6GAqACBA9F",
      "name" : "has",
      "description" : null,
      "type" : "Relation",
      "propertyAssignments" : null,
      "stereotype" : null,
      "isAbstract" : false,
      "isDerived" : false,
      "properties" : [ {
        "id" : "eWhywn6GAqACBA9G",
        "name" : null,
        "description" : null,
        "type" : "Property",
        "propertyAssignments" : null,
        "stereotype" : null,
        "isDerived" : false,
        "isReadOnly" : false,
        "isOrdered" : false,
        "cardinality" : "1",
        "propertyType" : {
          "id" : "QMwiwn6GAqACBA3I",
          "type" : "Class"
        },
        "subsettedProperties" : null,
        "redefinedProperties" : null,
        "aggregationKind" : "NONE"
      }, {
        "id" : ".Whywn6GAqACBA9I",
        "name" : null,
        "description" : null,
        "type" : "Property",
        "propertyAssignments" : null,
        "stereotype" : null,
        "isDerived" : false,
        "isReadOnly" : false,
        "isOrdered" : false,
        "cardinality" : "1",
        "propertyType" : {
          "id" : "adWYwn6GAqACBAyo",
          "type" : "Class"
        },
        "subsettedProperties" : null,
        "redefinedProperties" : null,
        "aggregationKind" : "NONE"
      } ]
    }, {
      "id" : "KIpKwn6GAqACBA.y",
      "name" : "{essential}",
      "description" : null,
      "type" : "Relation",
      "propertyAssignments" : null,
      "stereotype" : null,
      "isAbstract" : false,
      "isDerived" : false,
      "properties" : [ {
        "id" : "KIpKwn6GAqACBA.z",
        "name" : null,
        "description" : null,
        "type" : "Property",
        "propertyAssignments" : null,
        "stereotype" : null,
        "isDerived" : false,
        "isReadOnly" : false,
        "isOrdered" : false,
        "cardinality" : "1",
        "propertyType" : {
          "id" : "piWiwn6GAqACBA4Z",
          "type" : "Class"
        },
        "subsettedProperties" : null,
        "redefinedProperties" : null,
        "aggregationKind" : "COMPOSITE"
      }, {
        "id" : "KIpKwn6GAqACBA.1",
        "name" : null,
        "description" : null,
        "type" : "Property",
        "propertyAssignments" : null,
        "stereotype" : null,
        "isDerived" : false,
        "isReadOnly" : false,
        "isOrdered" : false,
        "cardinality" : "2..*",
        "propertyType" : {
          "id" : "zhRgwn6GAqACBAmV",
          "type" : "Class"
        },
        "subsettedProperties" : null,
        "redefinedProperties" : null,
        "aggregationKind" : "NONE"
      } ]
    } ]
  },
  "diagrams" : [ {
    "id" : "Pd2vQn6GAqACBAmE",
    "name" : "diagram1",
    "description" : null,
    "type" : "Diagram",
    "owner" : {
      "id" : "2x6vQn6GAqACBAWp_root",
      "type" : "Package"
    },
    "contents" : [ {
      "id" : "7Leswn6GAqACBA2i",
      "type" : "RelationView",
      "modelElement" : {
        "id" : "jLeswn6GAqACBA2d",
        "type" : "Relation"
      },
      "shape" : {
        "id" : "7Leswn6GAqACBA2i_path",
        "type" : "Path",
        "points" : [ {
          "x" : 1105,
          "y" : 556
        }, {
          "x" : 1105,
          "y" : 810
        }, {
          "x" : 1311,
          "y" : 810
        } ]
      },
      "source" : {
        "id" : "gwfMwn6GAqACBA1A",
        "type" : "ClassView"
      },
      "target" : {
        "id" : "qdWYwn6GAqACBAyn",
        "type" : "ClassView"
      }
    }, {
      "id" : "qdWYwn6GAqACBAyn",
      "type" : "ClassView",
      "modelElement" : {
        "id" : "adWYwn6GAqACBAyo",
        "type" : "Class"
      },
      "shape" : {
        "id" : "qdWYwn6GAqACBAyn_shape",
        "type" : "Rectangle",
        "x" : 1311,
        "y" : 765,
        "width" : 131,
        "height" : 92
      }
    }, {
      "id" : "NT5Iwn6GAqACBAtI",
      "type" : "RelationView",
      "modelElement" : {
        "id" : "5T5Iwn6GAqACBAtD",
        "type" : "Relation"
      },
      "shape" : {
        "id" : "NT5Iwn6GAqACBAtI_path",
        "type" : "Path",
        "points" : [ {
          "x" : 405,
          "y" : 440
        }, {
          "x" : 272,
          "y" : 440
        }, {
          "x" : 272,
          "y" : 285
        } ]
      },
      "source" : {
        "id" : "meUIwn6GAqACBAru",
        "type" : "ClassView"
      },
      "target" : {
        "id" : "Uh1wwn6GAqACBArT",
        "type" : "ClassView"
      }
    }, {
      "id" : "j3Xown6GAqACBAxL",
      "type" : "ClassView",
      "modelElement" : {
        "id" : "j3Xown6GAqACBAxM",
        "type" : "Class"
      },
      "shape" : {
        "id" : "j3Xown6GAqACBAxL_shape",
        "type" : "Rectangle",
        "x" : 755,
        "y" : 497,
        "width" : 137,
        "height" : 40
      }
    }, {
      "id" : "J2zQwn6GAqACBAoi",
      "type" : "RelationView",
      "modelElement" : {
        "id" : ".2zQwn6GAqACBAod",
        "type" : "Relation"
      },
      "shape" : {
        "id" : "J2zQwn6GAqACBAoi_path",
        "type" : "Path",
        "points" : [ {
          "x" : 1370,
          "y" : 107
        }, {
          "x" : 1370,
          "y" : 131
        }, {
          "x" : 1496,
          "y" : 131
        }, {
          "x" : 1496,
          "y" : 158
        } ]
      },
      "source" : {
        "id" : "JYZgwn6GAqACBAmi",
        "type" : "ClassView"
      },
      "target" : {
        "id" : "5IXgwn6GAqACBAnc",
        "type" : "ClassView"
      }
    }, {
      "id" : "jMLMwn6GAqACBA0x",
      "type" : "GeneralizationView",
      "modelElement" : {
        "id" : "NMLMwn6GAqACBA0w",
        "type" : "Generalization"
      },
      "shape" : {
        "id" : "jMLMwn6GAqACBA0x_path",
        "type" : "Path",
        "points" : [ {
          "x" : 828,
          "y" : 285
        }, {
          "x" : 828,
          "y" : 498
        } ]
      },
      "source" : {
        "id" : "C5Wwwn6GAqACBAqZ",
        "type" : "ClassView"
      },
      "target" : {
        "id" : "j3Xown6GAqACBAxL",
        "type" : "ClassView"
      }
    }, {
      "id" : "h67Mwn6GAqACBA07",
      "type" : "RelationView",
      "modelElement" : {
        "id" : "W67Mwn6GAqACBA02",
        "type" : "Relation"
      },
      "shape" : {
        "id" : "h67Mwn6GAqACBA07_path",
        "type" : "Path",
        "points" : [ {
          "x" : 652,
          "y" : 497
        }, {
          "x" : 652,
          "y" : 411
        }, {
          "x" : 868,
          "y" : 411
        } ]
      },
      "source" : {
        "id" : "_Ghown6GAqACBAv6",
        "type" : "ClassView"
      },
      "target" : {
        "id" : "L8FMwn6GAqACBA0P",
        "type" : "ClassView"
      }
    }, {
      "id" : "55Rwwn6GAqACBAq9",
      "type" : "RelationView",
      "modelElement" : {
        "id" : "pT.wwn6GAqACBAqu",
        "type" : "Relation"
      },
      "shape" : {
        "id" : "55Rwwn6GAqACBAq9_path",
        "type" : "Path",
        "points" : [ {
          "x" : 822,
          "y" : 222
        }, {
          "x" : 822,
          "y" : 105
        } ]
      },
      "source" : {
        "id" : "C5Wwwn6GAqACBAqZ",
        "type" : "ClassView"
      },
      "target" : {
        "id" : "1hRgwn6GAqACBAmU",
        "type" : "ClassView"
      }
    }, {
      "id" : "P7_Iwn6GAqACBAuv",
      "type" : "GeneralizationView",
      "modelElement" : {
        "id" : "H7_Iwn6GAqACBAuu",
        "type" : "Generalization"
      },
      "shape" : {
        "id" : "P7_Iwn6GAqACBAuv_path",
        "type" : "Path",
        "points" : [ {
          "x" : 235,
          "y" : 284
        }, {
          "x" : 235,
          "y" : 455
        }, {
          "x" : 93,
          "y" : 455
        }, {
          "x" : 93,
          "y" : 498
        } ]
      },
      "source" : {
        "id" : "Uh1wwn6GAqACBArT",
        "type" : "ClassView"
      },
      "target" : {
        "id" : "UsDIwn6GAqACBAtn",
        "type" : "ClassView"
      }
    }, {
      "id" : "99Ziwn6GAqACBA4w",
      "type" : "RelationView",
      "modelElement" : {
        "id" : "F9Ziwn6GAqACBA4r",
        "type" : "Relation"
      },
      "shape" : {
        "id" : "99Ziwn6GAqACBA4w_path",
        "type" : "Path",
        "points" : [ {
          "x" : 868,
          "y" : 237
        }, {
          "x" : 1476,
          "y" : 237
        } ]
      },
      "source" : {
        "id" : "C5Wwwn6GAqACBAqZ",
        "type" : "ClassView"
      },
      "target" : {
        "id" : "HysQwn6GAqACBAnu",
        "type" : "ClassView"
      }
    }, {
      "id" : "QzWSwn6GAqACBA52",
      "type" : "ClassView",
      "modelElement" : {
        "id" : "wzWSwn6GAqACBA53",
        "type" : "Class"
      },
      "shape" : {
        "id" : "QzWSwn6GAqACBA52_shape",
        "type" : "Rectangle",
        "x" : 1062,
        "y" : 311,
        "width" : 87,
        "height" : 40
      }
    }, {
      "id" : "UafIwn6GAqACBAur",
      "type" : "GeneralizationView",
      "modelElement" : {
        "id" : "YafIwn6GAqACBAuq",
        "type" : "Generalization"
      },
      "shape" : {
        "id" : "UafIwn6GAqACBAur_path",
        "type" : "Path",
        "points" : [ {
          "x" : 235,
          "y" : 284
        }, {
          "x" : 235,
          "y" : 455
        }, {
          "x" : 236,
          "y" : 498
        } ]
      },
      "source" : {
        "id" : "Uh1wwn6GAqACBArT",
        "type" : "ClassView"
      },
      "target" : {
        "id" : "WbzIwn6GAqACBAt7",
        "type" : "ClassView"
      }
    }, {
      "id" : "zmPSwn6GAqACBA7c",
      "type" : "ClassView",
      "modelElement" : {
        "id" : "zmPSwn6GAqACBA7d",
        "type" : "Class"
      },
      "shape" : {
        "id" : "zmPSwn6GAqACBA7c_shape",
        "type" : "Rectangle",
        "x" : 1322,
        "y" : 710,
        "width" : 95,
        "height" : 40
      }
    }, {
      "id" : "nq5Ywn6GAqACBAzG",
      "type" : "RelationView",
      "modelElement" : {
        "id" : "zq5Ywn6GAqACBAzB",
        "type" : "Relation"
      },
      "shape" : {
        "id" : "nq5Ywn6GAqACBAzG_path",
        "type" : "Path",
        "points" : [ {
          "x" : 923,
          "y" : 823
        }, {
          "x" : 923,
          "y" : 930
        }, {
          "x" : 1418,
          "y" : 930
        }, {
          "x" : 1418,
          "y" : 857
        } ]
      },
      "source" : {
        "id" : "q1EYwn6GAqACBAxx",
        "type" : "ClassView"
      },
      "target" : {
        "id" : "qdWYwn6GAqACBAyn",
        "type" : "ClassView"
      }
    }, {
      "id" : "JiWiwn6GAqACBA4Y",
      "type" : "ClassView",
      "modelElement" : {
        "id" : "piWiwn6GAqACBA4Z",
        "type" : "Class"
      },
      "shape" : {
        "id" : "JiWiwn6GAqACBA4Y_shape",
        "type" : "Rectangle",
        "x" : 1317,
        "y" : 351,
        "width" : 91,
        "height" : 40
      }
    }, {
      "id" : "JYZgwn6GAqACBAmi",
      "type" : "ClassView",
      "modelElement" : {
        "id" : "JYZgwn6GAqACBAmj",
        "type" : "Class"
      },
      "shape" : {
        "id" : "JYZgwn6GAqACBAmi_shape",
        "type" : "Rectangle",
        "x" : 1311,
        "y" : 67,
        "width" : 91,
        "height" : 40
      }
    }, {
      "id" : "v8siwn6GAqACBA32",
      "type" : "RelationView",
      "modelElement" : {
        "id" : "r8siwn6GAqACBA3x",
        "type" : "Relation"
      },
      "shape" : {
        "id" : "v8siwn6GAqACBA32_path",
        "type" : "Path",
        "points" : [ {
          "x" : 1546,
          "y" : 514
        }, {
          "x" : 1198,
          "y" : 514
        } ]
      },
      "source" : {
        "id" : "gMwiwn6GAqACBA3H",
        "type" : "ClassView"
      },
      "target" : {
        "id" : "gwfMwn6GAqACBA1A",
        "type" : "ClassView"
      }
    }, {
      "id" : "UsDIwn6GAqACBAtn",
      "type" : "ClassView",
      "modelElement" : {
        "id" : "UsDIwn6GAqACBAto",
        "type" : "Class"
      },
      "shape" : {
        "id" : "UsDIwn6GAqACBAtn_shape",
        "type" : "Rectangle",
        "x" : 67,
        "y" : 497,
        "width" : 80,
        "height" : 40
      }
    }, {
      "id" : "q1EYwn6GAqACBAxx",
      "type" : "ClassView",
      "modelElement" : {
        "id" : "q1EYwn6GAqACBAxy",
        "type" : "Class"
      },
      "shape" : {
        "id" : "q1EYwn6GAqACBAxx_shape",
        "type" : "Rectangle",
        "x" : 872,
        "y" : 782,
        "width" : 95,
        "height" : 40
      }
    }, {
      "id" : "EJbown6GAqACBAw.",
      "type" : "RelationView",
      "modelElement" : {
        "id" : "eeLown6GAqACBAww",
        "type" : "Relation"
      },
      "shape" : {
        "id" : "EJbown6GAqACBAw._path",
        "type" : "Path",
        "points" : [ {
          "x" : 530,
          "y" : 712
        }, {
          "x" : 452,
          "y" : 712
        }, {
          "x" : 452,
          "y" : 460
        } ]
      },
      "source" : {
        "id" : "Wj1own6GAqACBAwQ",
        "type" : "ClassView"
      },
      "target" : {
        "id" : "meUIwn6GAqACBAru",
        "type" : "ClassView"
      }
    }, {
      "id" : "k0LSwn6GAqACBA7E",
      "type" : "ClassView",
      "modelElement" : {
        "id" : "U0LSwn6GAqACBA7F",
        "type" : "Class"
      },
      "shape" : {
        "id" : "k0LSwn6GAqACBA7E_shape",
        "type" : "Rectangle",
        "x" : 1322,
        "y" : 585,
        "width" : 80,
        "height" : 40
      }
    }, {
      "id" : "meUIwn6GAqACBAru",
      "type" : "ClassView",
      "modelElement" : {
        "id" : "2eUIwn6GAqACBArv",
        "type" : "Class"
      },
      "shape" : {
        "id" : "meUIwn6GAqACBAru_shape",
        "type" : "Rectangle",
        "x" : 405,
        "y" : 420,
        "width" : 80,
        "height" : 40
      }
    }, {
      "id" : "VP_Qwn6GAqACBAo_",
      "type" : "ClassView",
      "modelElement" : {
        "id" : "1P_Qwn6GAqACBApA",
        "type" : "Class"
      },
      "shape" : {
        "id" : "VP_Qwn6GAqACBAo__shape",
        "type" : "Rectangle",
        "x" : 1657,
        "y" : 215,
        "width" : 80,
        "height" : 40
      }
    }, {
      "id" : "_GHIwn6GAqACBAuT",
      "type" : "ClassView",
      "modelElement" : {
        "id" : "_GHIwn6GAqACBAuU",
        "type" : "Class"
      },
      "shape" : {
        "id" : "_GHIwn6GAqACBAuT_shape",
        "type" : "Rectangle",
        "x" : 317,
        "y" : 497,
        "width" : 80,
        "height" : 40
      }
    }, {
      "id" : "WbzIwn6GAqACBAt7",
      "type" : "ClassView",
      "modelElement" : {
        "id" : "2bzIwn6GAqACBAt8",
        "type" : "Class"
      },
      "shape" : {
        "id" : "WbzIwn6GAqACBAt7_shape",
        "type" : "Rectangle",
        "x" : 185,
        "y" : 497,
        "width" : 80,
        "height" : 40
      }
    }, {
      "id" : "DRfQwn6GAqACBAo8",
      "type" : "GeneralizationView",
      "modelElement" : {
        "id" : "FRfQwn6GAqACBAo7",
        "type" : "Generalization"
      },
      "shape" : {
        "id" : "DRfQwn6GAqACBAo8_path",
        "type" : "Path",
        "points" : [ {
          "x" : 1509,
          "y" : 199
        }, {
          "x" : 1510,
          "y" : 225
        } ]
      },
      "source" : {
        "id" : "5IXgwn6GAqACBAnc",
        "type" : "ClassView"
      },
      "target" : {
        "id" : "HysQwn6GAqACBAnu",
        "type" : "ClassView"
      }
    }, {
      "id" : "mIpKwn6GAqACBA.3",
      "type" : "RelationView",
      "modelElement" : {
        "id" : "KIpKwn6GAqACBA.y",
        "type" : "Relation"
      },
      "shape" : {
        "id" : "mIpKwn6GAqACBA.3_path",
        "type" : "Path",
        "points" : [ {
          "x" : 1380,
          "y" : 351
        }, {
          "x" : 1380,
          "y" : 173
        }, {
          "x" : 846,
          "y" : 173
        }, {
          "x" : 846,
          "y" : 105
        } ]
      },
      "source" : {
        "id" : "JiWiwn6GAqACBA4Y",
        "type" : "ClassView"
      },
      "target" : {
        "id" : "1hRgwn6GAqACBAmU",
        "type" : "ClassView"
      }
    }, {
      "id" : "nUCIwn6GAqACBAsU",
      "type" : "RelationView",
      "modelElement" : {
        "id" : "rUCIwn6GAqACBAsP",
        "type" : "Relation"
      },
      "shape" : {
        "id" : "nUCIwn6GAqACBAsU_path",
        "type" : "Path",
        "points" : [ {
          "x" : 297,
          "y" : 265
        }, {
          "x" : 347,
          "y" : 265
        }, {
          "x" : 439,
          "y" : 265
        }, {
          "x" : 439,
          "y" : 420
        } ]
      },
      "source" : {
        "id" : "Uh1wwn6GAqACBArT",
        "type" : "ClassView"
      },
      "target" : {
        "id" : "meUIwn6GAqACBAru",
        "type" : "ClassView"
      }
    }, {
      "id" : "C5Wwwn6GAqACBAqZ",
      "type" : "ClassView",
      "modelElement" : {
        "id" : "C5Wwwn6GAqACBAqa",
        "type" : "Class"
      },
      "shape" : {
        "id" : "C5Wwwn6GAqACBAqZ_shape",
        "type" : "Rectangle",
        "x" : 777,
        "y" : 222,
        "width" : 91,
        "height" : 62
      }
    }, {
      "id" : "gnXiwn6GAqACBA5U",
      "type" : "RelationView",
      "modelElement" : {
        "id" : "TRniwn6GAqACBA5H",
        "type" : "Relation"
      },
      "shape" : {
        "id" : "gnXiwn6GAqACBA5U_path",
        "type" : "Path",
        "points" : [ {
          "x" : 868,
          "y" : 265
        }, {
          "x" : 1346,
          "y" : 265
        }, {
          "x" : 1346,
          "y" : 351
        } ]
      },
      "source" : {
        "id" : "C5Wwwn6GAqACBAqZ",
        "type" : "ClassView"
      },
      "target" : {
        "id" : "JiWiwn6GAqACBA4Y",
        "type" : "ClassView"
      }
    }, {
      "id" : "zYiywn6GAqACBA8T",
      "type" : "RelationView",
      "modelElement" : {
        "id" : "LKMywn6GAqACBA7.",
        "type" : "Relation"
      },
      "shape" : {
        "id" : "zYiywn6GAqACBA8T_path",
        "type" : "Path",
        "points" : [ {
          "x" : 1322,
          "y" : 726
        }, {
          "x" : 1276,
          "y" : 726
        }, {
          "x" : 1276,
          "y" : 603
        }, {
          "x" : 1165,
          "y" : 603
        }, {
          "x" : 1165,
          "y" : 556
        } ]
      },
      "source" : {
        "id" : "zmPSwn6GAqACBA7c",
        "type" : "ClassView"
      },
      "target" : {
        "id" : "gwfMwn6GAqACBA1A",
        "type" : "ClassView"
      }
    }, {
      "id" : "ORGywn6GAqACBA8t",
      "type" : "RelationView",
      "modelElement" : {
        "id" : "kRcywn6GAqACBA8G",
        "type" : "Relation"
      },
      "shape" : {
        "id" : "ORGywn6GAqACBA8t_path",
        "type" : "Path",
        "points" : [ {
          "x" : 1418,
          "y" : 730
        }, {
          "x" : 1452,
          "y" : 730
        }, {
          "x" : 1452,
          "y" : 603
        }, {
          "x" : 1568,
          "y" : 603
        }, {
          "x" : 1568,
          "y" : 558
        } ]
      },
      "source" : {
        "id" : "zmPSwn6GAqACBA7c",
        "type" : "ClassView"
      },
      "target" : {
        "id" : "gMwiwn6GAqACBA3H",
        "type" : "ClassView"
      }
    }, {
      "id" : "gwfMwn6GAqACBA1A",
      "type" : "ClassView",
      "modelElement" : {
        "id" : "gwfMwn6GAqACBA1B",
        "type" : "Class"
      },
      "shape" : {
        "id" : "gwfMwn6GAqACBA1A_shape",
        "type" : "Rectangle",
        "x" : 1081,
        "y" : 497,
        "width" : 116,
        "height" : 58
      }
    }, {
      "id" : "R_5own6GAqACBAwN",
      "type" : "GeneralizationView",
      "modelElement" : {
        "id" : "u_5own6GAqACBAwM",
        "type" : "Generalization"
      },
      "shape" : {
        "id" : "R_5own6GAqACBAwN_path",
        "type" : "Path",
        "points" : [ {
          "x" : 625,
          "y" : 498
        }, {
          "x" : 625,
          "y" : 445
        }, {
          "x" : 485,
          "y" : 445
        } ]
      },
      "source" : {
        "id" : "_Ghown6GAqACBAv6",
        "type" : "ClassView"
      },
      "target" : {
        "id" : "meUIwn6GAqACBAru",
        "type" : "ClassView"
      }
    }, {
      "id" : "5ukown6GAqACBAvC",
      "type" : "GeneralizationSetView",
      "modelElement" : {
        "id" : "mukown6GAqACBAvA",
        "type" : "GeneralizationSet"
      },
      "shape" : {
        "id" : "5ukown6GAqACBAvC_shape",
        "type" : "Text",
        "x" : 128,
        "y" : 457,
        "width" : 115,
        "height" : 15,
        "value" : ""
      }
    }, {
      "id" : "0LJjQGGGAqAAEQsf",
      "type" : "GeneralizationSetView",
      "modelElement" : {
        "id" : "vTJjQGGGAqAAEQsd",
        "type" : "GeneralizationSet"
      },
      "shape" : {
        "id" : "0LJjQGGGAqAAEQsf_shape",
        "type" : "Text",
        "x" : 766,
        "y" : 318,
        "width" : 65,
        "height" : 45,
        "value" : ""
      }
    }, {
      "id" : "ffqYwn6GAqACBAyX",
      "type" : "RelationView",
      "modelElement" : {
        "id" : "VfSYwn6GAqACBAyK",
        "type" : "Relation"
      },
      "shape" : {
        "id" : "ffqYwn6GAqACBAyX_path",
        "type" : "Path",
        "points" : [ {
          "x" : 588,
          "y" : 733
        }, {
          "x" : 588,
          "y" : 790
        }, {
          "x" : 873,
          "y" : 790
        } ]
      },
      "source" : {
        "id" : "Wj1own6GAqACBAwQ",
        "type" : "ClassView"
      },
      "target" : {
        "id" : "q1EYwn6GAqACBAxx",
        "type" : "ClassView"
      }
    }, {
      "id" : "5DFSwn6GAqACBA6l",
      "type" : "RelationView",
      "modelElement" : {
        "id" : ".DFSwn6GAqACBA6g",
        "type" : "Relation"
      },
      "shape" : {
        "id" : "5DFSwn6GAqACBA6l_path",
        "type" : "Path",
        "points" : [ {
          "x" : 1174,
          "y" : 498
        }, {
          "x" : 1174,
          "y" : 378
        }, {
          "x" : 1318,
          "y" : 378
        } ]
      },
      "source" : {
        "id" : "gwfMwn6GAqACBA1A",
        "type" : "ClassView"
      },
      "target" : {
        "id" : "JiWiwn6GAqACBA4Y",
        "type" : "ClassView"
      }
    }, {
      "id" : "Wj1own6GAqACBAwQ",
      "type" : "ClassView",
      "modelElement" : {
        "id" : "Wj1own6GAqACBAwR",
        "type" : "Class"
      },
      "shape" : {
        "id" : "Wj1own6GAqACBAwQ_shape",
        "type" : "Rectangle",
        "x" : 530,
        "y" : 692,
        "width" : 81,
        "height" : 40
      }
    }, {
      "id" : "Jp2own6GAqACBAvz",
      "type" : "GeneralizationView",
      "modelElement" : {
        "id" : "ep2own6GAqACBAvy",
        "type" : "Generalization"
      },
      "shape" : {
        "id" : "Jp2own6GAqACBAvz_path",
        "type" : "Path",
        "points" : [ {
          "x" : 777,
          "y" : 235
        }, {
          "x" : 296,
          "y" : 235
        } ]
      },
      "source" : {
        "id" : "C5Wwwn6GAqACBAqZ",
        "type" : "ClassView"
      },
      "target" : {
        "id" : "Uh1wwn6GAqACBArT",
        "type" : "ClassView"
      }
    }, {
      "id" : "pWhywn6GAqACBA9K",
      "type" : "RelationView",
      "modelElement" : {
        "id" : "eWhywn6GAqACBA9F",
        "type" : "Relation"
      },
      "shape" : {
        "id" : "pWhywn6GAqACBA9K_path",
        "type" : "Path",
        "points" : [ {
          "x" : 1633,
          "y" : 558
        }, {
          "x" : 1633,
          "y" : 830
        }, {
          "x" : 1443,
          "y" : 830
        } ]
      },
      "source" : {
        "id" : "gMwiwn6GAqACBA3H",
        "type" : "ClassView"
      },
      "target" : {
        "id" : "qdWYwn6GAqACBAyn",
        "type" : "ClassView"
      }
    }, {
      "id" : "1hRgwn6GAqACBAmU",
      "type" : "ClassView",
      "modelElement" : {
        "id" : "zhRgwn6GAqACBAmV",
        "type" : "Class"
      },
      "shape" : {
        "id" : "1hRgwn6GAqACBAmU_shape",
        "type" : "Rectangle",
        "x" : 755,
        "y" : 40,
        "width" : 107,
        "height" : 65
      }
    }, {
      "id" : "omEwwn6GAqACBApf",
      "type" : "RelationView",
      "modelElement" : {
        "id" : "AmEwwn6GAqACBApa",
        "type" : "Relation"
      },
      "shape" : {
        "id" : "omEwwn6GAqACBApf_path",
        "type" : "Path",
        "points" : [ {
          "x" : 1533,
          "y" : 265
        }, {
          "x" : 1533,
          "y" : 321
        }, {
          "x" : 1697,
          "y" : 321
        }, {
          "x" : 1697,
          "y" : 255
        } ]
      },
      "source" : {
        "id" : "HysQwn6GAqACBAnu",
        "type" : "ClassView"
      },
      "target" : {
        "id" : "VP_Qwn6GAqACBAo_",
        "type" : "ClassView"
      }
    }, {
      "id" : "YQgYwn6GAqACBAxi",
      "type" : "RelationView",
      "modelElement" : {
        "id" : "gQgYwn6GAqACBAxd",
        "type" : "Relation"
      },
      "shape" : {
        "id" : "YQgYwn6GAqACBAxi_path",
        "type" : "Path",
        "points" : [ {
          "x" : 611,
          "y" : 706
        }, {
          "x" : 826,
          "y" : 706
        }, {
          "x" : 826,
          "y" : 538
        } ]
      },
      "source" : {
        "id" : "Wj1own6GAqACBAwQ",
        "type" : "ClassView"
      },
      "target" : {
        "id" : "j3Xown6GAqACBAxL",
        "type" : "ClassView"
      }
    }, {
      "id" : "_KVSwn6GAqACBA6t",
      "type" : "RelationView",
      "modelElement" : {
        "id" : "nKVSwn6GAqACBA6o",
        "type" : "Relation"
      },
      "shape" : {
        "id" : "_KVSwn6GAqACBA6t_path",
        "type" : "Path",
        "points" : [ {
          "x" : 1579,
          "y" : 498
        }, {
          "x" : 1579,
          "y" : 374
        }, {
          "x" : 1409,
          "y" : 374
        } ]
      },
      "source" : {
        "id" : "gMwiwn6GAqACBA3H",
        "type" : "ClassView"
      },
      "target" : {
        "id" : "JiWiwn6GAqACBA4Y",
        "type" : "ClassView"
      }
    }, {
      "id" : "HysQwn6GAqACBAnu",
      "type" : "ClassView",
      "modelElement" : {
        "id" : "HysQwn6GAqACBAnv",
        "type" : "Class"
      },
      "shape" : {
        "id" : "HysQwn6GAqACBAnu_shape",
        "type" : "Rectangle",
        "x" : 1476,
        "y" : 225,
        "width" : 81,
        "height" : 40
      }
    }, {
      "id" : "lqhSwn6GAqACBA6b",
      "type" : "GeneralizationView",
      "modelElement" : {
        "id" : "xqhSwn6GAqACBA6a",
        "type" : "Generalization"
      },
      "shape" : {
        "id" : "lqhSwn6GAqACBA6b_path",
        "type" : "Path",
        "points" : [ {
          "x" : 903,
          "y" : 391
        }, {
          "x" : 903,
          "y" : 331
        }, {
          "x" : 1062,
          "y" : 331
        } ]
      },
      "source" : {
        "id" : "L8FMwn6GAqACBA0P",
        "type" : "ClassView"
      },
      "target" : {
        "id" : "QzWSwn6GAqACBA52",
        "type" : "ClassView"
      }
    }, {
      "id" : "Uh1wwn6GAqACBArT",
      "type" : "ClassView",
      "modelElement" : {
        "id" : "Uh1wwn6GAqACBArU",
        "type" : "Class"
      },
      "shape" : {
        "id" : "Uh1wwn6GAqACBArT_shape",
        "type" : "Rectangle",
        "x" : 205,
        "y" : 222,
        "width" : 91,
        "height" : 61
      }
    }, {
      "id" : "4q9gwn6GAqACBAnH",
      "type" : "RelationView",
      "modelElement" : {
        "id" : "lWtgwn6GAqACBAm4",
        "type" : "Relation"
      },
      "shape" : {
        "id" : "4q9gwn6GAqACBAnH_path",
        "type" : "Path",
        "points" : [ {
          "x" : 1311,
          "y" : 85
        }, {
          "x" : 862,
          "y" : 85
        } ]
      },
      "source" : {
        "id" : "JYZgwn6GAqACBAmi",
        "type" : "ClassView"
      },
      "target" : {
        "id" : "1hRgwn6GAqACBAmU",
        "type" : "ClassView"
      }
    }, {
      "id" : "L8FMwn6GAqACBA0P",
      "type" : "ClassView",
      "modelElement" : {
        "id" : "L8FMwn6GAqACBA0Q",
        "type" : "Class"
      },
      "shape" : {
        "id" : "L8FMwn6GAqACBA0P_shape",
        "type" : "Rectangle",
        "x" : 867,
        "y" : 391,
        "width" : 80,
        "height" : 40
      }
    }, {
      "id" : "e_gown6GAqACBAu1",
      "type" : "GeneralizationView",
      "modelElement" : {
        "id" : "O_gown6GAqACBAu0",
        "type" : "Generalization"
      },
      "shape" : {
        "id" : "e_gown6GAqACBAu1_path",
        "type" : "Path",
        "points" : [ {
          "x" : 235,
          "y" : 284
        }, {
          "x" : 235,
          "y" : 455
        }, {
          "x" : 347,
          "y" : 455
        }, {
          "x" : 347,
          "y" : 497
        } ]
      },
      "source" : {
        "id" : "Uh1wwn6GAqACBArT",
        "type" : "ClassView"
      },
      "target" : {
        "id" : "_GHIwn6GAqACBAuT",
        "type" : "ClassView"
      }
    }, {
      "id" : "5IXgwn6GAqACBAnc",
      "type" : "ClassView",
      "modelElement" : {
        "id" : "5IXgwn6GAqACBAnd",
        "type" : "Class"
      },
      "shape" : {
        "id" : "5IXgwn6GAqACBAnc_shape",
        "type" : "Rectangle",
        "x" : 1467,
        "y" : 157,
        "width" : 80,
        "height" : 40
      }
    }, {
      "id" : "14Swwn6GAqACBAp8",
      "type" : "RelationView",
      "modelElement" : {
        "id" : "F4Swwn6GAqACBAp3",
        "type" : "Relation"
      },
      "shape" : {
        "id" : "14Swwn6GAqACBAp8_path",
        "type" : "Path",
        "points" : [ {
          "x" : 1547,
          "y" : 176
        }, {
          "x" : 1697,
          "y" : 176
        }, {
          "x" : 1697,
          "y" : 215
        } ]
      },
      "source" : {
        "id" : "5IXgwn6GAqACBAnc",
        "type" : "ClassView"
      },
      "target" : {
        "id" : "VP_Qwn6GAqACBAo_",
        "type" : "ClassView"
      }
    }, {
      "id" : "gMwiwn6GAqACBA3H",
      "type" : "ClassView",
      "modelElement" : {
        "id" : "QMwiwn6GAqACBA3I",
        "type" : "Class"
      },
      "shape" : {
        "id" : "gMwiwn6GAqACBA3H_shape",
        "type" : "Rectangle",
        "x" : 1546,
        "y" : 497,
        "width" : 120,
        "height" : 60
      }
    }, {
      "id" : "_Ghown6GAqACBAv6",
      "type" : "ClassView",
      "modelElement" : {
        "id" : "Amhown6GAqACBAv7",
        "type" : "Class"
      },
      "shape" : {
        "id" : "_Ghown6GAqACBAv6_shape",
        "type" : "Rectangle",
        "x" : 597,
        "y" : 497,
        "width" : 80,
        "height" : 40
      }
    }, {
      "id" : "DsHSwn6GAqACBA7V",
      "type" : "GeneralizationView",
      "modelElement" : {
        "id" : "NsHSwn6GAqACBA7U",
        "type" : "Generalization"
      },
      "shape" : {
        "id" : "DsHSwn6GAqACBA7V_path",
        "type" : "Path",
        "points" : [ {
          "x" : 1356,
          "y" : 391
        }, {
          "x" : 1356,
          "y" : 585
        } ]
      },
      "source" : {
        "id" : "JiWiwn6GAqACBA4Y",
        "type" : "ClassView"
      },
      "target" : {
        "id" : "k0LSwn6GAqACBA7E",
        "type" : "ClassView"
      }
    }, {
      "id" : "AfVYwn6GAqACBAzU",
      "type" : "RelationView",
      "modelElement" : {
        "id" : "XvVYwn6GAqACBAzP",
        "type" : "Relation"
      },
      "shape" : {
        "id" : "AfVYwn6GAqACBAzU_path",
        "type" : "Path",
        "points" : [ {
          "x" : 543,
          "y" : 733
        }, {
          "x" : 543,
          "y" : 897
        }, {
          "x" : 1355,
          "y" : 897
        }, {
          "x" : 1355,
          "y" : 857
        } ]
      },
      "source" : {
        "id" : "Wj1own6GAqACBAwQ",
        "type" : "ClassView"
      },
      "target" : {
        "id" : "qdWYwn6GAqACBAyn",
        "type" : "ClassView"
      }
    }, {
      "id" : "pMYswn6GAqACBA1d",
      "type" : "RelationView",
      "modelElement" : {
        "id" : ".MYswn6GAqACBA1Y",
        "type" : "Relation"
      },
      "shape" : {
        "id" : "pMYswn6GAqACBA1d_path",
        "type" : "Path",
        "points" : [ {
          "x" : 1081,
          "y" : 524
        }, {
          "x" : 948,
          "y" : 524
        }, {
          "x" : 948,
          "y" : 783
        } ]
      },
      "source" : {
        "id" : "gwfMwn6GAqACBA1A",
        "type" : "ClassView"
      },
      "target" : {
        "id" : "q1EYwn6GAqACBAxx",
        "type" : "ClassView"
      }
    } ]
  } ]
}