{
  "id" : "XIF35i6GAqACCw15",
  "name" : "DKE Example",
  "description" : null,
  "type" : "Project",
  "model" : {
    "id" : "XIF35i6GAqACCw15_root",
    "name" : "DKE Example",
    "description" : null,
    "type" : "Package",
    "propertyAssignments" : null,
    "contents" : [ {
      "id" : "hGz35i6GAqACCxEC",
      "name" : "Person",
      "description" : null,
      "type" : "Class",
      "propertyAssignments" : null,
      "stereotype" : "kind",
      "isAbstract" : false,
      "isDerived" : false,
      "properties" : null,
      "isExtensional" : null,
      "isPowertype" : null,
      "order" : null,
      "literals" : null,
      "restrictedTo" : [ "functional-complex" ]
    }, {
      "id" : "sSL35i6GAqACCxEO",
      "name" : "Detective",
      "description" : null,
      "type" : "Class",
      "propertyAssignments" : null,
      "stereotype" : "role",
      "isAbstract" : false,
      "isDerived" : false,
      "properties" : null,
      "isExtensional" : false,
      "isPowertype" : null,
      "order" : null,
      "literals" : null,
      "restrictedTo" : [ "functional-complex" ]
    }, {
      "id" : "Ctr35i6GAqACCxEa",
      "name" : "Interrogation",
      "description" : null,
      "type" : "Class",
      "propertyAssignments" : null,
      "stereotype" : "relator",
      "isAbstract" : false,
      "isDerived" : false,
      "properties" : null,
      "isExtensional" : null,
      "isPowertype" : null,
      "order" : null,
      "literals" : null,
      "restrictedTo" : [ "relator" ]
    }, {
      "id" : "4c735i6GAqACCxEs",
      "name" : "Witness",
      "description" : null,
      "type" : "Class",
      "propertyAssignments" : null,
      "stereotype" : "role",
      "isAbstract" : false,
      "isDerived" : false,
      "properties" : null,
      "isExtensional" : false,
      "isPowertype" : null,
      "order" : null,
      "literals" : null,
      "restrictedTo" : [ "functional-complex" ]
    }, {
      "id" : "kAP35i6GAqACCxFA",
      "name" : "Suspect",
      "description" : null,
      "type" : "Class",
      "propertyAssignments" : null,
      "stereotype" : "role",
      "isAbstract" : false,
      "isDerived" : false,
      "properties" : null,
      "isExtensional" : false,
      "isPowertype" : null,
      "order" : null,
      "literals" : null,
      "restrictedTo" : [ "functional-complex" ]
    }, {
      "id" : "Fwf35i6GAqACCxFY",
      "name" : "Criminal Investigation",
      "description" : null,
      "type" : "Class",
      "propertyAssignments" : null,
      "stereotype" : "relator",
      "isAbstract" : false,
      "isDerived" : false,
      "properties" : null,
      "isExtensional" : null,
      "isPowertype" : null,
      "order" : null,
      "literals" : null,
      "restrictedTo" : [ "relator" ]
    }, {
      "id" : "LX_35i6GAqACCxFk",
      "name" : "Lead Detective",
      "description" : null,
      "type" : "Class",
      "propertyAssignments" : null,
      "stereotype" : "role",
      "isAbstract" : false,
      "isDerived" : false,
      "properties" : null,
      "isExtensional" : false,
      "isPowertype" : null,
      "order" : null,
      "literals" : null,
      "restrictedTo" : [ "functional-complex" ]
    }, {
      "id" : "brgP5i6GAqACCxFw",
      "name" : "Senior Detective",
      "description" : null,
      "type" : "Class",
      "propertyAssignments" : null,
      "stereotype" : "role",
      "isAbstract" : false,
      "isDerived" : false,
      "properties" : null,
      "isExtensional" : false,
      "isPowertype" : null,
      "order" : null,
      "literals" : null,
      "restrictedTo" : [ "functional-complex" ]
    }, {
      "id" : "JnQP5i6GAqACCxF8",
      "name" : "Junior Detective",
      "description" : null,
      "type" : "Class",
      "propertyAssignments" : null,
      "stereotype" : "role",
      "isAbstract" : false,
      "isDerived" : false,
      "properties" : null,
      "isExtensional" : false,
      "isPowertype" : null,
      "order" : null,
      "literals" : null,
      "restrictedTo" : [ "functional-complex" ]
    }, {
      "id" : "_cNyUx6GAqACAwii",
      "name" : "Superintendent",
      "description" : null,
      "type" : "Class",
      "propertyAssignments" : null,
      "stereotype" : "role",
      "isAbstract" : false,
      "isDerived" : false,
      "properties" : null,
      "isExtensional" : false,
      "isPowertype" : null,
      "order" : null,
      "literals" : null,
      "restrictedTo" : [ "functional-complex" ]
    }, {
      "id" : "nO9P5i6GAqACCxHK",
      "name" : null,
      "description" : null,
      "type" : "Generalization",
      "propertyAssignments" : null,
      "general" : {
        "id" : "sSL35i6GAqACCxEO",
        "type" : "Class"
      },
      "specific" : {
        "id" : "brgP5i6GAqACCxFw",
        "type" : "Class"
      }
    }, {
      "id" : "g39P5i6GAqACCxHb",
      "name" : null,
      "description" : null,
      "type" : "Generalization",
      "propertyAssignments" : null,
      "general" : {
        "id" : "sSL35i6GAqACCxEO",
        "type" : "Class"
      },
      "specific" : {
        "id" : "JnQP5i6GAqACCxF8",
        "type" : "Class"
      }
    }, {
      "id" : "GRDP5i6GAqACCxHs",
      "name" : null,
      "description" : null,
      "type" : "Generalization",
      "propertyAssignments" : null,
      "general" : {
        "id" : "hGz35i6GAqACCxEC",
        "type" : "Class"
      },
      "specific" : {
        "id" : "sSL35i6GAqACCxEO",
        "type" : "Class"
      }
    }, {
      "id" : "VIjP5i6GAqACCxH9",
      "name" : null,
      "description" : null,
      "type" : "Generalization",
      "propertyAssignments" : null,
      "general" : {
        "id" : "hGz35i6GAqACCxEC",
        "type" : "Class"
      },
      "specific" : {
        "id" : "4c735i6GAqACCxEs",
        "type" : "Class"
      }
    }, {
      "id" : "TtjP5i6GAqACCxIQ",
      "name" : null,
      "description" : null,
      "type" : "Generalization",
      "propertyAssignments" : null,
      "general" : {
        "id" : "hGz35i6GAqACCxEC",
        "type" : "Class"
      },
      "specific" : {
        "id" : "kAP35i6GAqACCxFA",
        "type" : "Class"
      }
    }, {
      "id" : "4gzP5i6GAqACCxIs",
      "name" : null,
      "description" : null,
      "type" : "Generalization",
      "propertyAssignments" : null,
      "general" : {
        "id" : "sSL35i6GAqACCxEO",
        "type" : "Class"
      },
      "specific" : {
        "id" : "LX_35i6GAqACCxFk",
        "type" : "Class"
      }
    }, {
      "id" : "ZZHyUx6GAqACAwjR",
      "name" : null,
      "description" : null,
      "type" : "Generalization",
      "propertyAssignments" : null,
      "general" : {
        "id" : "brgP5i6GAqACCxFw",
        "type" : "Class"
      },
      "specific" : {
        "id" : "_cNyUx6GAqACAwii",
        "type" : "Class"
      }
    }, {
      "id" : "jHnyUx6GAqACAwjV",
      "name" : null,
      "description" : null,
      "type" : "Generalization",
      "propertyAssignments" : null,
      "general" : {
        "id" : "LX_35i6GAqACCxFk",
        "type" : "Class"
      },
      "specific" : {
        "id" : "_cNyUx6GAqACAwii",
        "type" : "Class"
      }
    }, {
      "id" : "br5v5i6GAqACCxNa",
      "name" : "Seniority",
      "description" : null,
      "type" : "GeneralizationSet",
      "propertyAssignments" : null,
      "isDisjoint" : true,
      "isComplete" : true,
      "categorizer" : null,
      "generalizations" : [ {
        "id" : "g39P5i6GAqACCxHb",
        "type" : "Generalization"
      }, {
        "id" : "nO9P5i6GAqACCxHK",
        "type" : "Generalization"
      } ]
    }, {
      "id" : "nhdHvh6D.AAAARUX",
      "name" : "PersonRole",
      "description" : null,
      "type" : "GeneralizationSet",
      "propertyAssignments" : null,
      "isDisjoint" : false,
      "isComplete" : false,
      "categorizer" : null,
      "generalizations" : [ {
        "id" : "VIjP5i6GAqACCxH9",
        "type" : "Generalization"
      }, {
        "id" : "GRDP5i6GAqACCxHs",
        "type" : "Generalization"
      }, {
        "id" : "TtjP5i6GAqACCxIQ",
        "type" : "Generalization"
      } ]
    }, {
      "id" : "_Vwv5i6GAqACCxJf",
      "name" : "contributes to",
      "description" : null,
      "type" : "Relation",
      "propertyAssignments" : null,
      "stereotype" : "mediation",
      "isAbstract" : false,
      "isDerived" : false,
      "properties" : [ {
        "id" : "_Vwv5i6GAqACCxJg",
        "name" : null,
        "description" : null,
        "type" : "Property",
        "propertyAssignments" : null,
        "stereotype" : null,
        "isDerived" : false,
        "isReadOnly" : false,
        "isOrdered" : false,
        "cardinality" : "*",
        "propertyType" : {
          "id" : "Ctr35i6GAqACCxEa",
          "type" : "Class"
        },
        "subsettedProperties" : null,
        "redefinedProperties" : null,
        "aggregationKind" : "NONE"
      }, {
        "id" : "_Vwv5i6GAqACCxJi",
        "name" : null,
        "description" : null,
        "type" : "Property",
        "propertyAssignments" : null,
        "stereotype" : null,
        "isDerived" : false,
        "isReadOnly" : true,
        "isOrdered" : false,
        "cardinality" : "1",
        "propertyType" : {
          "id" : "Fwf35i6GAqACCxFY",
          "type" : "Class"
        },
        "subsettedProperties" : null,
        "redefinedProperties" : null,
        "aggregationKind" : "NONE"
      } ]
    }, {
      "id" : "lQkv5i6GAqACCxKT",
      "name" : "involves suspect",
      "description" : null,
      "type" : "Relation",
      "propertyAssignments" : null,
      "stereotype" : "mediation",
      "isAbstract" : false,
      "isDerived" : false,
      "properties" : [ {
        "id" : "lQkv5i6GAqACCxKU",
        "name" : null,
        "description" : null,
        "type" : "Property",
        "propertyAssignments" : null,
        "stereotype" : null,
        "isDerived" : false,
        "isReadOnly" : false,
        "isOrdered" : false,
        "cardinality" : "1..*",
        "propertyType" : {
          "id" : "Fwf35i6GAqACCxFY",
          "type" : "Class"
        },
        "subsettedProperties" : null,
        "redefinedProperties" : null,
        "aggregationKind" : "NONE"
      }, {
        "id" : "VQkv5i6GAqACCxKW",
        "name" : null,
        "description" : null,
        "type" : "Property",
        "propertyAssignments" : null,
        "stereotype" : null,
        "isDerived" : false,
        "isReadOnly" : true,
        "isOrdered" : false,
        "cardinality" : "1..*",
        "propertyType" : {
          "id" : "kAP35i6GAqACCxFA",
          "type" : "Class"
        },
        "subsettedProperties" : null,
        "redefinedProperties" : null,
        "aggregationKind" : "NONE"
      } ]
    }, {
      "id" : "V0Cv5i6GAqACCxLN",
      "name" : "is led by",
      "description" : null,
      "type" : "Relation",
      "propertyAssignments" : null,
      "stereotype" : "mediation",
      "isAbstract" : false,
      "isDerived" : false,
      "properties" : [ {
        "id" : "V0Cv5i6GAqACCxLO",
        "name" : null,
        "description" : null,
        "type" : "Property",
        "propertyAssignments" : null,
        "stereotype" : null,
        "isDerived" : false,
        "isReadOnly" : false,
        "isOrdered" : false,
        "cardinality" : "1",
        "propertyType" : {
          "id" : "Fwf35i6GAqACCxFY",
          "type" : "Class"
        },
        "subsettedProperties" : null,
        "redefinedProperties" : null,
        "aggregationKind" : "NONE"
      }, {
        "id" : "V0Cv5i6GAqACCxLQ",
        "name" : null,
        "description" : null,
        "type" : "Property",
        "propertyAssignments" : null,
        "stereotype" : null,
        "isDerived" : false,
        "isReadOnly" : true,
        "isOrdered" : false,
        "cardinality" : "1",
        "propertyType" : {
          "id" : "LX_35i6GAqACCxFk",
          "type" : "Class"
        },
        "subsettedProperties" : null,
        "redefinedProperties" : null,
        "aggregationKind" : "NONE"
      } ]
    }, {
      "id" : ".FOv5i6GAqACCxMy",
      "name" : "involves detective",
      "description" : null,
      "type" : "Relation",
      "propertyAssignments" : null,
      "stereotype" : "mediation",
      "isAbstract" : false,
      "isDerived" : false,
      "properties" : [ {
        "id" : ".FOv5i6GAqACCxMz",
        "name" : null,
        "description" : null,
        "type" : "Property",
        "propertyAssignments" : null,
        "stereotype" : null,
        "isDerived" : false,
        "isReadOnly" : false,
        "isOrdered" : false,
        "cardinality" : "1..*",
        "propertyType" : {
          "id" : "Fwf35i6GAqACCxFY",
          "type" : "Class"
        },
        "subsettedProperties" : null,
        "redefinedProperties" : null,
        "aggregationKind" : "NONE"
      }, {
        "id" : ".FOv5i6GAqACCxM1",
        "name" : null,
        "description" : null,
        "type" : "Property",
        "propertyAssignments" : null,
        "stereotype" : null,
        "isDerived" : false,
        "isReadOnly" : true,
        "isOrdered" : false,
        "cardinality" : "1..*",
        "propertyType" : {
          "id" : "sSL35i6GAqACCxEO",
          "type" : "Class"
        },
        "subsettedProperties" : null,
        "redefinedProperties" : null,
        "aggregationKind" : "NONE"
      } ]
    }, {
      "id" : "hIgf5i6GAqACCxP0",
      "name" : "conducted by",
      "description" : null,
      "type" : "Relation",
      "propertyAssignments" : null,
      "stereotype" : "mediation",
      "isAbstract" : false,
      "isDerived" : false,
      "properties" : [ {
        "id" : "hIgf5i6GAqACCxP1",
        "name" : null,
        "description" : null,
        "type" : "Property",
        "propertyAssignments" : null,
        "stereotype" : null,
        "isDerived" : false,
        "isReadOnly" : false,
        "isOrdered" : false,
        "cardinality" : "*",
        "propertyType" : {
          "id" : "Ctr35i6GAqACCxEa",
          "type" : "Class"
        },
        "subsettedProperties" : null,
        "redefinedProperties" : null,
        "aggregationKind" : "NONE"
      }, {
        "id" : "hIgf5i6GAqACCxP3",
        "name" : null,
        "description" : null,
        "type" : "Property",
        "propertyAssignments" : null,
        "stereotype" : null,
        "isDerived" : false,
        "isReadOnly" : true,
        "isOrdered" : false,
        "cardinality" : "1",
        "propertyType" : {
          "id" : "sSL35i6GAqACCxEO",
          "type" : "Class"
        },
        "subsettedProperties" : null,
        "redefinedProperties" : null,
        "aggregationKind" : "NONE"
      } ]
    }, {
      "id" : "DYJf5i6GAqACCxR1",
      "name" : "questions",
      "description" : null,
      "type" : "Relation",
      "propertyAssignments" : null,
      "stereotype" : "mediation",
      "isAbstract" : false,
      "isDerived" : false,
      "properties" : [ {
        "id" : "DYJf5i6GAqACCxR2",
        "name" : null,
        "description" : null,
        "type" : "Property",
        "propertyAssignments" : null,
        "stereotype" : null,
        "isDerived" : false,
        "isReadOnly" : false,
        "isOrdered" : false,
        "cardinality" : "1..*",
        "propertyType" : {
          "id" : "Ctr35i6GAqACCxEa",
          "type" : "Class"
        },
        "subsettedProperties" : null,
        "redefinedProperties" : null,
        "aggregationKind" : "NONE"
      }, {
        "id" : "jYJf5i6GAqACCxR4",
        "name" : null,
        "description" : null,
        "type" : "Property",
        "propertyAssignments" : null,
        "stereotype" : null,
        "isDerived" : false,
        "isReadOnly" : true,
        "isOrdered" : false,
        "cardinality" : "1",
        "propertyType" : {
          "id" : "4c735i6GAqACCxEs",
          "type" : "Class"
        },
        "subsettedProperties" : null,
        "redefinedProperties" : null,
        "aggregationKind" : "NONE"
      } ]
    }, {
      "id" : "mGrf5i6GAqACCxT6",
      "name" : "involves witness",
      "description" : null,
      "type" : "Relation",
      "propertyAssignments" : null,
      "stereotype" : "mediation",
      "isAbstract" : false,
      "isDerived" : false,
      "properties" : [ {
        "id" : "mGrf5i6GAqACCxT7",
        "name" : null,
        "description" : null,
        "type" : "Property",
        "propertyAssignments" : null,
        "stereotype" : null,
        "isDerived" : false,
        "isReadOnly" : false,
        "isOrdered" : false,
        "cardinality" : "1..*",
        "propertyType" : {
          "id" : "Fwf35i6GAqACCxFY",
          "type" : "Class"
        },
        "subsettedProperties" : null,
        "redefinedProperties" : null,
        "aggregationKind" : "NONE"
      }, {
        "id" : "mGrf5i6GAqACCxT9",
        "name" : null,
        "description" : null,
        "type" : "Property",
        "propertyAssignments" : null,
        "stereotype" : null,
        "isDerived" : false,
        "isReadOnly" : true,
        "isOrdered" : false,
        "cardinality" : "*",
        "propertyType" : {
          "id" : "4c735i6GAqACCxEs",
          "type" : "Class"
        },
        "subsettedProperties" : null,
        "redefinedProperties" : null,
        "aggregationKind" : "NONE"
      } ]
    }, {
      "id" : "gvUOUx6GAqACAwl0",
      "name" : "manages",
      "description" : null,
      "type" : "Relation",
      "propertyAssignments" : null,
      "stereotype" : "material",
      "isAbstract" : false,
      "isDerived" : true,
      "properties" : [ {
        "id" : "gvUOUx6GAqACAwl1",
        "name" : "",
        "description" : null,
        "type" : "Property",
        "propertyAssignments" : null,
        "stereotype" : null,
        "isDerived" : false,
        "isReadOnly" : false,
        "isOrdered" : false,
        "cardinality" : "1..*",
        "propertyType" : {
          "id" : "brgP5i6GAqACCxFw",
          "type" : "Class"
        },
        "subsettedProperties" : null,
        "redefinedProperties" : null,
        "aggregationKind" : "NONE"
      }, {
        "id" : "gvUOUx6GAqACAwl3",
        "name" : "",
        "description" : null,
        "type" : "Property",
        "propertyAssignments" : null,
        "stereotype" : null,
        "isDerived" : false,
        "isReadOnly" : false,
        "isOrdered" : false,
        "cardinality" : "2..*",
        "propertyType" : {
          "id" : "JnQP5i6GAqACCxF8",
          "type" : "Class"
        },
        "subsettedProperties" : null,
        "redefinedProperties" : null,
        "aggregationKind" : "NONE"
      } ]
    }, {
      "id" : "krcOUx6GAqACAwl.",
      "name" : "teams up",
      "description" : null,
      "type" : "Relation",
      "propertyAssignments" : null,
      "stereotype" : "material",
      "isAbstract" : false,
      "isDerived" : true,
      "properties" : [ {
        "id" : "krcOUx6GAqACAwl_",
        "name" : "",
        "description" : null,
        "type" : "Property",
        "propertyAssignments" : null,
        "stereotype" : null,
        "isDerived" : false,
        "isReadOnly" : false,
        "isOrdered" : false,
        "cardinality" : "1..*",
        "propertyType" : {
          "id" : "JnQP5i6GAqACCxF8",
          "type" : "Class"
        },
        "subsettedProperties" : null,
        "redefinedProperties" : null,
        "aggregationKind" : "NONE"
      }, {
        "id" : "krcOUx6GAqACAwmB",
        "name" : "",
        "description" : null,
        "type" : "Property",
        "propertyAssignments" : null,
        "stereotype" : null,
        "isDerived" : false,
        "isReadOnly" : false,
        "isOrdered" : false,
        "cardinality" : "1..*",
        "propertyType" : {
          "id" : "JnQP5i6GAqACCxF8",
          "type" : "Class"
        },
        "subsettedProperties" : null,
        "redefinedProperties" : null,
        "aggregationKind" : "NONE"
      } ]
    } ]
  },
  "diagrams" : [ {
    "id" : "GTT35i6GAqACCxD3",
    "name" : "criminal investigation",
    "description" : null,
    "type" : "Diagram",
    "owner" : {
      "id" : "XIF35i6GAqACCw15_root",
      "type" : "Package"
    },
    "contents" : [ {
      "id" : ".Grf5i6GAqACCxT_",
      "type" : "RelationView",
      "modelElement" : {
        "id" : "mGrf5i6GAqACCxT6",
        "type" : "Relation"
      },
      "shape" : {
        "id" : ".Grf5i6GAqACCxT__path",
        "type" : "Path",
        "points" : [ {
          "x" : 563,
          "y" : 307
        }, {
          "x" : 722,
          "y" : 307
        }, {
          "x" : 722,
          "y" : 205
        } ]
      },
      "source" : {
        "id" : "Fwf35i6GAqACCxFX",
        "type" : "ClassView"
      },
      "target" : {
        "id" : "4c735i6GAqACCxEr",
        "type" : "ClassView"
      }
    }, {
      "id" : "dIjP5i6GAqACCxH.",
      "type" : "GeneralizationView",
      "modelElement" : {
        "id" : "VIjP5i6GAqACCxH9",
        "type" : "Generalization"
      },
      "shape" : {
        "id" : "dIjP5i6GAqACCxH._path",
        "type" : "Path",
        "points" : [ {
          "x" : 357,
          "y" : 91
        }, {
          "x" : 357,
          "y" : 119
        }, {
          "x" : 711,
          "y" : 119
        }, {
          "x" : 711,
          "y" : 163
        } ]
      },
      "source" : {
        "id" : "BGz35i6GAqACCxEB",
        "type" : "ClassView"
      },
      "target" : {
        "id" : "4c735i6GAqACCxEr",
        "type" : "ClassView"
      }
    }, {
      "id" : "EAP35i6GAqACCxE_",
      "type" : "ClassView",
      "modelElement" : {
        "id" : "kAP35i6GAqACCxFA",
        "type" : "Class"
      },
      "shape" : {
        "id" : "EAP35i6GAqACCxE__shape",
        "type" : "Rectangle",
        "x" : 725,
        "y" : 369,
        "width" : 80,
        "height" : 40
      }
    }, {
      "id" : "4vUOUx6GAqACAwl5",
      "type" : "RelationView",
      "modelElement" : {
        "id" : "gvUOUx6GAqACAwl0",
        "type" : "Relation"
      },
      "shape" : {
        "id" : "4vUOUx6GAqACAwl5_path",
        "type" : "Path",
        "points" : [ {
          "x" : 117,
          "y" : 302
        }, {
          "x" : 117,
          "y" : 245
        } ]
      },
      "source" : {
        "id" : "brgP5i6GAqACCxFv",
        "type" : "ClassView"
      },
      "target" : {
        "id" : "xnQP5i6GAqACCxF7",
        "type" : "ClassView"
      }
    }, {
      "id" : "MgzP5i6GAqACCxIt",
      "type" : "GeneralizationView",
      "modelElement" : {
        "id" : "4gzP5i6GAqACCxIs",
        "type" : "Generalization"
      },
      "shape" : {
        "id" : "MgzP5i6GAqACCxIt_path",
        "type" : "Path",
        "points" : [ {
          "x" : 273,
          "y" : 205
        }, {
          "x" : 273,
          "y" : 368
        } ]
      },
      "source" : {
        "id" : "sSL35i6GAqACCxEN",
        "type" : "ClassView"
      },
      "target" : {
        "id" : "LX_35i6GAqACCxFj",
        "type" : "ClassView"
      }
    }, {
      "id" : "DQkv5i6GAqACCxKY",
      "type" : "RelationView",
      "modelElement" : {
        "id" : "lQkv5i6GAqACCxKT",
        "type" : "Relation"
      },
      "shape" : {
        "id" : "DQkv5i6GAqACCxKY_path",
        "type" : "Path",
        "points" : [ {
          "x" : 563,
          "y" : 389
        }, {
          "x" : 724,
          "y" : 389
        } ]
      },
      "source" : {
        "id" : "Fwf35i6GAqACCxFX",
        "type" : "ClassView"
      },
      "target" : {
        "id" : "EAP35i6GAqACCxE_",
        "type" : "ClassView"
      }
    }, {
      "id" : "Fwf35i6GAqACCxFX",
      "type" : "ClassView",
      "modelElement" : {
        "id" : "Fwf35i6GAqACCxFY",
        "type" : "Class"
      },
      "shape" : {
        "id" : "Fwf35i6GAqACCxFX_shape",
        "type" : "Rectangle",
        "x" : 460,
        "y" : 289,
        "width" : 102,
        "height" : 120
      }
    }, {
      "id" : "Y39P5i6GAqACCxHc",
      "type" : "GeneralizationView",
      "modelElement" : {
        "id" : "g39P5i6GAqACCxHb",
        "type" : "Generalization"
      },
      "shape" : {
        "id" : "Y39P5i6GAqACCxHc_path",
        "type" : "Path",
        "points" : [ {
          "x" : 234,
          "y" : 205
        }, {
          "x" : 234,
          "y" : 224
        }, {
          "x" : 173,
          "y" : 224
        } ]
      },
      "source" : {
        "id" : "sSL35i6GAqACCxEN",
        "type" : "ClassView"
      },
      "target" : {
        "id" : "xnQP5i6GAqACCxF7",
        "type" : "ClassView"
      }
    }, {
      "id" : "btjP5i6GAqACCxIR",
      "type" : "GeneralizationView",
      "modelElement" : {
        "id" : "TtjP5i6GAqACCxIQ",
        "type" : "Generalization"
      },
      "shape" : {
        "id" : "btjP5i6GAqACCxIR_path",
        "type" : "Path",
        "points" : [ {
          "x" : 357,
          "y" : 91
        }, {
          "x" : 357,
          "y" : 119
        }, {
          "x" : 765,
          "y" : 119
        }, {
          "x" : 765,
          "y" : 368
        } ]
      },
      "source" : {
        "id" : "BGz35i6GAqACCxEB",
        "type" : "ClassView"
      },
      "target" : {
        "id" : "EAP35i6GAqACCxE_",
        "type" : "ClassView"
      }
    }, {
      "id" : "sSL35i6GAqACCxEN",
      "type" : "ClassView",
      "modelElement" : {
        "id" : "sSL35i6GAqACCxEO",
        "type" : "Class"
      },
      "shape" : {
        "id" : "sSL35i6GAqACCxEN_shape",
        "type" : "Rectangle",
        "x" : 222,
        "y" : 164,
        "width" : 102,
        "height" : 40
      }
    }, {
      "id" : "fO9P5i6GAqACCxHL",
      "type" : "GeneralizationView",
      "modelElement" : {
        "id" : "nO9P5i6GAqACCxHK",
        "type" : "Generalization"
      },
      "shape" : {
        "id" : "fO9P5i6GAqACCxHL_path",
        "type" : "Path",
        "points" : [ {
          "x" : 234,
          "y" : 205
        }, {
          "x" : 234,
          "y" : 323
        }, {
          "x" : 174,
          "y" : 323
        } ]
      },
      "source" : {
        "id" : "sSL35i6GAqACCxEN",
        "type" : "ClassView"
      },
      "target" : {
        "id" : "brgP5i6GAqACCxFv",
        "type" : "ClassView"
      }
    }, {
      "id" : "D0Cv5i6GAqACCxLS",
      "type" : "RelationView",
      "modelElement" : {
        "id" : "V0Cv5i6GAqACCxLN",
        "type" : "Relation"
      },
      "shape" : {
        "id" : "D0Cv5i6GAqACCxLS_path",
        "type" : "Path",
        "points" : [ {
          "x" : 459,
          "y" : 389
        }, {
          "x" : 325,
          "y" : 389
        } ]
      },
      "source" : {
        "id" : "Fwf35i6GAqACCxFX",
        "type" : "ClassView"
      },
      "target" : {
        "id" : "LX_35i6GAqACCxFj",
        "type" : "ClassView"
      }
    }, {
      "id" : "ircOUx6GAqACAwmD",
      "type" : "RelationView",
      "modelElement" : {
        "id" : "krcOUx6GAqACAwl.",
        "type" : "Relation"
      },
      "shape" : {
        "id" : "ircOUx6GAqACAwmD_path",
        "type" : "Path",
        "points" : [ {
          "x" : 121,
          "y" : 203
        }, {
          "x" : 121,
          "y" : 163
        }, {
          "x" : 189,
          "y" : 163
        }, {
          "x" : 189,
          "y" : 215
        }, {
          "x" : 173,
          "y" : 215
        } ]
      },
      "source" : {
        "id" : "xnQP5i6GAqACCxF7",
        "type" : "ClassView"
      },
      "target" : {
        "id" : "xnQP5i6GAqACCxF7",
        "type" : "ClassView"
      }
    }, {
      "id" : "ORDP5i6GAqACCxHt",
      "type" : "GeneralizationView",
      "modelElement" : {
        "id" : "GRDP5i6GAqACCxHs",
        "type" : "Generalization"
      },
      "shape" : {
        "id" : "ORDP5i6GAqACCxHt_path",
        "type" : "Path",
        "points" : [ {
          "x" : 357,
          "y" : 91
        }, {
          "x" : 357,
          "y" : 119
        }, {
          "x" : 273,
          "y" : 119
        }, {
          "x" : 273,
          "y" : 163
        } ]
      },
      "source" : {
        "id" : "BGz35i6GAqACCxEB",
        "type" : "ClassView"
      },
      "target" : {
        "id" : "sSL35i6GAqACCxEN",
        "type" : "ClassView"
      }
    }, {
      "id" : "HHnyUx6GAqACAwjW",
      "type" : "GeneralizationView",
      "modelElement" : {
        "id" : "jHnyUx6GAqACAwjV",
        "type" : "Generalization"
      },
      "shape" : {
        "id" : "HHnyUx6GAqACAwjW_path",
        "type" : "Path",
        "points" : [ {
          "x" : 221,
          "y" : 393
        }, {
          "x" : 168,
          "y" : 393
        } ]
      },
      "source" : {
        "id" : "LX_35i6GAqACCxFj",
        "type" : "ClassView"
      },
      "target" : {
        "id" : "fcNyUx6GAqACAwih",
        "type" : "ClassView"
      }
    }, {
      "id" : "BGz35i6GAqACCxEB",
      "type" : "ClassView",
      "modelElement" : {
        "id" : "hGz35i6GAqACCxEC",
        "type" : "Class"
      },
      "shape" : {
        "id" : "BGz35i6GAqACCxEB_shape",
        "type" : "Rectangle",
        "x" : 317,
        "y" : 50,
        "width" : 80,
        "height" : 40
      }
    }, {
      "id" : "Ctr35i6GAqACCxEZ",
      "type" : "ClassView",
      "modelElement" : {
        "id" : "Ctr35i6GAqACCxEa",
        "type" : "Class"
      },
      "shape" : {
        "id" : "Ctr35i6GAqACCxEZ_shape",
        "type" : "Rectangle",
        "x" : 460,
        "y" : 164,
        "width" : 102,
        "height" : 40
      }
    }, {
      "id" : "brgP5i6GAqACCxFv",
      "type" : "ClassView",
      "modelElement" : {
        "id" : "brgP5i6GAqACCxFw",
        "type" : "Class"
      },
      "shape" : {
        "id" : "brgP5i6GAqACCxFv_shape",
        "type" : "Rectangle",
        "x" : 70,
        "y" : 303,
        "width" : 103,
        "height" : 40
      }
    }, {
      "id" : "xnQP5i6GAqACCxF7",
      "type" : "ClassView",
      "modelElement" : {
        "id" : "JnQP5i6GAqACCxF8",
        "type" : "Class"
      },
      "shape" : {
        "id" : "xnQP5i6GAqACCxF7_shape",
        "type" : "Rectangle",
        "x" : 70,
        "y" : 204,
        "width" : 102,
        "height" : 40
      }
    }, {
      "id" : "lIgf5i6GAqACCxP5",
      "type" : "RelationView",
      "modelElement" : {
        "id" : "hIgf5i6GAqACCxP0",
        "type" : "Relation"
      },
      "shape" : {
        "id" : "lIgf5i6GAqACCxP5_path",
        "type" : "Path",
        "points" : [ {
          "x" : 459,
          "y" : 184
        }, {
          "x" : 325,
          "y" : 184
        } ]
      },
      "source" : {
        "id" : "Ctr35i6GAqACCxEZ",
        "type" : "ClassView"
      },
      "target" : {
        "id" : "sSL35i6GAqACCxEN",
        "type" : "ClassView"
      }
    }, {
      "id" : "LX_35i6GAqACCxFj",
      "type" : "ClassView",
      "modelElement" : {
        "id" : "LX_35i6GAqACCxFk",
        "type" : "Class"
      },
      "shape" : {
        "id" : "LX_35i6GAqACCxFj_shape",
        "type" : "Rectangle",
        "x" : 222,
        "y" : 369,
        "width" : 102,
        "height" : 40
      }
    }, {
      "id" : "fcNyUx6GAqACAwih",
      "type" : "ClassView",
      "modelElement" : {
        "id" : "_cNyUx6GAqACAwii",
        "type" : "Class"
      },
      "shape" : {
        "id" : "fcNyUx6GAqACAwih_shape",
        "type" : "Rectangle",
        "x" : 70,
        "y" : 369,
        "width" : 97,
        "height" : 40
      }
    }, {
      "id" : "Ib5v5i6GAqACCxNc",
      "type" : "GeneralizationSetView",
      "modelElement" : {
        "id" : "br5v5i6GAqACCxNa",
        "type" : "GeneralizationSet"
      },
      "shape" : {
        "id" : "Ib5v5i6GAqACCxNc_shape",
        "type" : "Text",
        "x" : 214,
        "y" : 264,
        "width" : 20,
        "height" : 20,
        "value" : ""
      }
    }, {
      "id" : "4c735i6GAqACCxEr",
      "type" : "ClassView",
      "modelElement" : {
        "id" : "4c735i6GAqACCxEs",
        "type" : "Class"
      },
      "shape" : {
        "id" : "4c735i6GAqACCxEr_shape",
        "type" : "Rectangle",
        "x" : 671,
        "y" : 164,
        "width" : 80,
        "height" : 40
      }
    }, {
      "id" : "JFOv5i6GAqACCxM3",
      "type" : "RelationView",
      "modelElement" : {
        "id" : ".FOv5i6GAqACCxMy",
        "type" : "Relation"
      },
      "shape" : {
        "id" : "JFOv5i6GAqACCxM3_path",
        "type" : "Path",
        "points" : [ {
          "x" : 459,
          "y" : 307
        }, {
          "x" : 308,
          "y" : 307
        }, {
          "x" : 308,
          "y" : 205
        } ]
      },
      "source" : {
        "id" : "Fwf35i6GAqACCxFX",
        "type" : "ClassView"
      },
      "target" : {
        "id" : "sSL35i6GAqACCxEN",
        "type" : "ClassView"
      }
    }, {
      "id" : "G1wv5i6GAqACCxJk",
      "type" : "RelationView",
      "modelElement" : {
        "id" : "_Vwv5i6GAqACCxJf",
        "type" : "Relation"
      },
      "shape" : {
        "id" : "G1wv5i6GAqACCxJk_path",
        "type" : "Path",
        "points" : [ {
          "x" : 511,
          "y" : 205
        }, {
          "x" : 511,
          "y" : 288
        } ]
      },
      "source" : {
        "id" : "Ctr35i6GAqACCxEZ",
        "type" : "ClassView"
      },
      "target" : {
        "id" : "Fwf35i6GAqACCxFX",
        "type" : "ClassView"
      }
    }, {
      "id" : "1ZHyUx6GAqACAwjS",
      "type" : "GeneralizationView",
      "modelElement" : {
        "id" : "ZZHyUx6GAqACAwjR",
        "type" : "Generalization"
      },
      "shape" : {
        "id" : "1ZHyUx6GAqACAwjS_path",
        "type" : "Path",
        "points" : [ {
          "x" : 117,
          "y" : 344
        }, {
          "x" : 117,
          "y" : 368
        } ]
      },
      "source" : {
        "id" : "brgP5i6GAqACCxFv",
        "type" : "ClassView"
      },
      "target" : {
        "id" : "fcNyUx6GAqACAwih",
        "type" : "ClassView"
      }
    }, {
      "id" : "aRdHvh6D.AAAARUg",
      "type" : "GeneralizationSetView",
      "modelElement" : {
        "id" : "nhdHvh6D.AAAARUX",
        "type" : "GeneralizationSet"
      },
      "shape" : {
        "id" : "aRdHvh6D.AAAARUg_shape",
        "type" : "Text",
        "x" : 401,
        "y" : 63,
        "width" : 80,
        "height" : 46,
        "value" : ""
      }
    }, {
      "id" : "nYJf5i6GAqACCxR6",
      "type" : "RelationView",
      "modelElement" : {
        "id" : "DYJf5i6GAqACCxR1",
        "type" : "Relation"
      },
      "shape" : {
        "id" : "nYJf5i6GAqACCxR6_path",
        "type" : "Path",
        "points" : [ {
          "x" : 563,
          "y" : 184
        }, {
          "x" : 670,
          "y" : 184
        } ]
      },
      "source" : {
        "id" : "Ctr35i6GAqACCxEZ",
        "type" : "ClassView"
      },
      "target" : {
        "id" : "4c735i6GAqACCxEr",
        "type" : "ClassView"
      }
    } ]
  } ]
}