{
  "id" : "FOHDSf6GAqAAbwBO",
  "name" : "ontology",
  "description" : null,
  "type" : "Project",
  "model" : {
    "id" : "FOHDSf6GAqAAbwBO_root",
    "name" : "ontology",
    "description" : null,
    "type" : "Package",
    "propertyAssignments" : null,
    "contents" : [ {
      "id" : "8XPDSf6GAqAAbwWt",
      "name" : "Transport Processing Function",
      "description" : null,
      "type" : "Class",
      "propertyAssignments" : null,
      "stereotype" : "category",
      "isAbstract" : true,
      "isDerived" : false,
      "properties" : null,
      "isExtensional" : false,
      "isPowertype" : null,
      "order" : null,
      "literals" : null,
      "restrictedTo" : [ "functional-complex" ]
    }, {
      "id" : "WQ_DSf6GAqAAbwW4",
      "name" : "Adaptation Function",
      "description" : null,
      "type" : "Class",
      "propertyAssignments" : null,
      "stereotype" : "kind",
      "isAbstract" : false,
      "isDerived" : false,
      "properties" : null,
      "isExtensional" : null,
      "isPowertype" : null,
      "order" : null,
      "literals" : null,
      "restrictedTo" : [ "functional-complex" ]
    }, {
      "id" : "ZWAjSf6GAqAAbwXD",
      "name" : "Flow Termination Function",
      "description" : null,
      "type" : "Class",
      "propertyAssignments" : null,
      "stereotype" : "kind",
      "isAbstract" : false,
      "isDerived" : false,
      "properties" : null,
      "isExtensional" : null,
      "isPowertype" : null,
      "order" : null,
      "literals" : null,
      "restrictedTo" : [ "functional-complex" ]
    }, {
      "id" : "Zc4jSf6GAqAAbwXr",
      "name" : "Adaptation Source",
      "description" : null,
      "type" : "Class",
      "propertyAssignments" : null,
      "stereotype" : "subkind",
      "isAbstract" : false,
      "isDerived" : false,
      "properties" : null,
      "isExtensional" : false,
      "isPowertype" : null,
      "order" : null,
      "literals" : null,
      "restrictedTo" : [ "functional-complex" ]
    }, {
      "id" : "MYkjSf6GAqAAbwX2",
      "name" : "Adaptation Sink",
      "description" : null,
      "type" : "Class",
      "propertyAssignments" : null,
      "stereotype" : "subkind",
      "isAbstract" : false,
      "isDerived" : false,
      "properties" : null,
      "isExtensional" : false,
      "isPowertype" : null,
      "order" : null,
      "literals" : null,
      "restrictedTo" : [ "functional-complex" ]
    }, {
      "id" : "fRUjSf6GAqAAbwYB",
      "name" : "Flow Termination Sink",
      "description" : null,
      "type" : "Class",
      "propertyAssignments" : null,
      "stereotype" : "subkind",
      "isAbstract" : false,
      "isDerived" : false,
      "properties" : null,
      "isExtensional" : false,
      "isPowertype" : null,
      "order" : null,
      "literals" : null,
      "restrictedTo" : [ "functional-complex" ]
    }, {
      "id" : "COMjSf6GAqAAbwYM",
      "name" : "Flow Termination Source",
      "description" : null,
      "type" : "Class",
      "propertyAssignments" : null,
      "stereotype" : "subkind",
      "isAbstract" : false,
      "isDerived" : false,
      "properties" : null,
      "isExtensional" : false,
      "isPowertype" : null,
      "order" : null,
      "literals" : null,
      "restrictedTo" : [ "functional-complex" ]
    }, {
      "id" : "cVKjSf6GAqAAbwYo",
      "name" : "Adaptation Source Output",
      "description" : null,
      "type" : "Class",
      "propertyAssignments" : null,
      "stereotype" : "kind",
      "isAbstract" : false,
      "isDerived" : false,
      "properties" : null,
      "isExtensional" : null,
      "isPowertype" : null,
      "order" : null,
      "literals" : null,
      "restrictedTo" : [ "functional-complex" ]
    }, {
      "id" : "rY6jSf6GAqAAbwYz",
      "name" : "Adaptation Source Input",
      "description" : null,
      "type" : "Class",
      "propertyAssignments" : null,
      "stereotype" : "kind",
      "isAbstract" : false,
      "isDerived" : false,
      "properties" : null,
      "isExtensional" : null,
      "isPowertype" : null,
      "order" : null,
      "literals" : null,
      "restrictedTo" : [ "functional-complex" ]
    }, {
      "id" : "loWjSf6GAqAAbwY.",
      "name" : "Adaptation Sink Input",
      "description" : null,
      "type" : "Class",
      "propertyAssignments" : null,
      "stereotype" : "kind",
      "isAbstract" : false,
      "isDerived" : false,
      "properties" : null,
      "isExtensional" : null,
      "isPowertype" : null,
      "order" : null,
      "literals" : null,
      "restrictedTo" : [ "functional-complex" ]
    }, {
      "id" : ".fOjSf6GAqAAbwZJ",
      "name" : "Adaptation Sink Output",
      "description" : null,
      "type" : "Class",
      "propertyAssignments" : null,
      "stereotype" : "kind",
      "isAbstract" : false,
      "isDerived" : false,
      "properties" : null,
      "isExtensional" : null,
      "isPowertype" : null,
      "order" : null,
      "literals" : null,
      "restrictedTo" : [ "functional-complex" ]
    }, {
      "id" : "IM.jSf6GAqAAbwZU",
      "name" : "Flow Termination Sink Output",
      "description" : null,
      "type" : "Class",
      "propertyAssignments" : null,
      "stereotype" : "kind",
      "isAbstract" : false,
      "isDerived" : false,
      "properties" : null,
      "isExtensional" : null,
      "isPowertype" : null,
      "order" : null,
      "literals" : null,
      "restrictedTo" : [ "functional-complex" ]
    }, {
      "id" : "opRjSf6GAqAAbwZl",
      "name" : "Flow Termination Sink Input",
      "description" : null,
      "type" : "Class",
      "propertyAssignments" : null,
      "stereotype" : "kind",
      "isAbstract" : false,
      "isDerived" : false,
      "properties" : null,
      "isExtensional" : null,
      "isPowertype" : null,
      "order" : null,
      "literals" : null,
      "restrictedTo" : [ "functional-complex" ]
    }, {
      "id" : "aZpjSf6GAqAAbwZw",
      "name" : "Flow Termination Source Output",
      "description" : null,
      "type" : "Class",
      "propertyAssignments" : null,
      "stereotype" : "kind",
      "isAbstract" : false,
      "isDerived" : false,
      "properties" : null,
      "isExtensional" : null,
      "isPowertype" : null,
      "order" : null,
      "literals" : null,
      "restrictedTo" : [ "functional-complex" ]
    }, {
      "id" : "bZ5jSf6GAqAAbwZ7",
      "name" : "Flow Termination Source Input",
      "description" : null,
      "type" : "Class",
      "propertyAssignments" : null,
      "stereotype" : "kind",
      "isAbstract" : false,
      "isDerived" : false,
      "properties" : null,
      "isExtensional" : null,
      "isPowertype" : null,
      "order" : null,
      "literals" : null,
      "restrictedTo" : [ "functional-complex" ]
    }, {
      "id" : "cI9jSf6GAqAAbwaP",
      "name" : "A Sk Input - Sk AP Binded",
      "description" : null,
      "type" : "Class",
      "propertyAssignments" : null,
      "stereotype" : "role",
      "isAbstract" : false,
      "isDerived" : false,
      "properties" : null,
      "isExtensional" : false,
      "isPowertype" : null,
      "order" : null,
      "literals" : null,
      "restrictedTo" : [ "functional-complex" ]
    }, {
      "id" : "yUzjSf6GAqAAbwaa",
      "name" : "FT Sk Output - Sk AP Binded",
      "description" : null,
      "type" : "Class",
      "propertyAssignments" : null,
      "stereotype" : "role",
      "isAbstract" : false,
      "isDerived" : false,
      "properties" : null,
      "isExtensional" : false,
      "isPowertype" : null,
      "order" : null,
      "literals" : null,
      "restrictedTo" : [ "functional-complex" ]
    }, {
      "id" : "TCbjSf6GAqAAbwal",
      "name" : "Sink AP Binding",
      "description" : null,
      "type" : "Class",
      "propertyAssignments" : null,
      "stereotype" : "relator",
      "isAbstract" : false,
      "isDerived" : false,
      "properties" : null,
      "isExtensional" : null,
      "isPowertype" : null,
      "order" : null,
      "literals" : null,
      "restrictedTo" : [ "relator" ]
    }, {
      "id" : "Xi3jSf6GAqAAbwa0",
      "name" : "AP",
      "description" : null,
      "type" : "Class",
      "propertyAssignments" : null,
      "stereotype" : "kind",
      "isAbstract" : false,
      "isDerived" : false,
      "properties" : null,
      "isExtensional" : null,
      "isPowertype" : null,
      "order" : null,
      "literals" : null,
      "restrictedTo" : [ "functional-complex" ]
    }, {
      "id" : "ecPjSf6GAqAAbwa_",
      "name" : "Sink AP",
      "description" : null,
      "type" : "Class",
      "propertyAssignments" : null,
      "stereotype" : "role",
      "isAbstract" : false,
      "isDerived" : false,
      "properties" : null,
      "isExtensional" : false,
      "isPowertype" : null,
      "order" : null,
      "literals" : null,
      "restrictedTo" : [ "functional-complex" ]
    }, {
      "id" : "RKvjSf6GAqAAbwbK",
      "name" : "Source AP",
      "description" : null,
      "type" : "Class",
      "propertyAssignments" : null,
      "stereotype" : "role",
      "isAbstract" : false,
      "isDerived" : false,
      "properties" : null,
      "isExtensional" : false,
      "isPowertype" : null,
      "order" : null,
      "literals" : null,
      "restrictedTo" : [ "functional-complex" ]
    }, {
      "id" : "mV_jSf6GAqAAbwbV",
      "name" : "Source AP Binding",
      "description" : null,
      "type" : "Class",
      "propertyAssignments" : null,
      "stereotype" : "relator",
      "isAbstract" : false,
      "isDerived" : false,
      "properties" : null,
      "isExtensional" : null,
      "isPowertype" : null,
      "order" : null,
      "literals" : null,
      "restrictedTo" : [ "relator" ]
    }, {
      "id" : "fHgTSf6GAqAAbwbg",
      "name" : "FT So Input - So AP Binded",
      "description" : null,
      "type" : "Class",
      "propertyAssignments" : null,
      "stereotype" : "role",
      "isAbstract" : false,
      "isDerived" : false,
      "properties" : null,
      "isExtensional" : false,
      "isPowertype" : null,
      "order" : null,
      "literals" : null,
      "restrictedTo" : [ "functional-complex" ]
    }, {
      "id" : "vYoTSf6GAqAAbwbr",
      "name" : "A So Output - So AP Binding",
      "description" : null,
      "type" : "Class",
      "propertyAssignments" : null,
      "stereotype" : "role",
      "isAbstract" : false,
      "isDerived" : false,
      "properties" : null,
      "isExtensional" : false,
      "isPowertype" : null,
      "order" : null,
      "literals" : null,
      "restrictedTo" : [ "functional-complex" ]
    }, {
      "id" : "la2TSf6GAqAAbwdL",
      "name" : null,
      "description" : null,
      "type" : "Generalization",
      "propertyAssignments" : null,
      "general" : {
        "id" : "8XPDSf6GAqAAbwWt",
        "type" : "Class"
      },
      "specific" : {
        "id" : "WQ_DSf6GAqAAbwW4",
        "type" : "Class"
      }
    }, {
      "id" : "eN2TSf6GAqAAbwdR",
      "name" : null,
      "description" : null,
      "type" : "Generalization",
      "propertyAssignments" : null,
      "general" : {
        "id" : "8XPDSf6GAqAAbwWt",
        "type" : "Class"
      },
      "specific" : {
        "id" : "ZWAjSf6GAqAAbwXD",
        "type" : "Class"
      }
    }, {
      "id" : "JkJTSf6GAqAAbwd0",
      "name" : null,
      "description" : null,
      "type" : "Generalization",
      "propertyAssignments" : null,
      "general" : {
        "id" : "WQ_DSf6GAqAAbwW4",
        "type" : "Class"
      },
      "specific" : {
        "id" : "Zc4jSf6GAqAAbwXr",
        "type" : "Class"
      }
    }, {
      "id" : "XWJTSf6GAqAAbwd6",
      "name" : null,
      "description" : null,
      "type" : "Generalization",
      "propertyAssignments" : null,
      "general" : {
        "id" : "WQ_DSf6GAqAAbwW4",
        "type" : "Class"
      },
      "specific" : {
        "id" : "MYkjSf6GAqAAbwX2",
        "type" : "Class"
      }
    }, {
      "id" : "VUVTSf6GAqAAbwea",
      "name" : null,
      "description" : null,
      "type" : "Generalization",
      "propertyAssignments" : null,
      "general" : {
        "id" : "ZWAjSf6GAqAAbwXD",
        "type" : "Class"
      },
      "specific" : {
        "id" : "fRUjSf6GAqAAbwYB",
        "type" : "Class"
      }
    }, {
      "id" : "TOVTSf6GAqAAbweg",
      "name" : null,
      "description" : null,
      "type" : "Generalization",
      "propertyAssignments" : null,
      "general" : {
        "id" : "ZWAjSf6GAqAAbwXD",
        "type" : "Class"
      },
      "specific" : {
        "id" : "COMjSf6GAqAAbwYM",
        "type" : "Class"
      }
    }, {
      "id" : "YHBzSf6GAqAAbwlJ",
      "name" : null,
      "description" : null,
      "type" : "Generalization",
      "propertyAssignments" : null,
      "general" : {
        "id" : "loWjSf6GAqAAbwY.",
        "type" : "Class"
      },
      "specific" : {
        "id" : "cI9jSf6GAqAAbwaP",
        "type" : "Class"
      }
    }, {
      "id" : "xshzSf6GAqAAbwlP",
      "name" : null,
      "description" : null,
      "type" : "Generalization",
      "propertyAssignments" : null,
      "general" : {
        "id" : "IM.jSf6GAqAAbwZU",
        "type" : "Class"
      },
      "specific" : {
        "id" : "yUzjSf6GAqAAbwaa",
        "type" : "Class"
      }
    }, {
      "id" : "8qRzSf6GAqAAbwlV",
      "name" : null,
      "description" : null,
      "type" : "Generalization",
      "propertyAssignments" : null,
      "general" : {
        "id" : "cVKjSf6GAqAAbwYo",
        "type" : "Class"
      },
      "specific" : {
        "id" : "vYoTSf6GAqAAbwbr",
        "type" : "Class"
      }
    }, {
      "id" : "NbRzSf6GAqAAbwlb",
      "name" : null,
      "description" : null,
      "type" : "Generalization",
      "propertyAssignments" : null,
      "general" : {
        "id" : "bZ5jSf6GAqAAbwZ7",
        "type" : "Class"
      },
      "specific" : {
        "id" : "fHgTSf6GAqAAbwbg",
        "type" : "Class"
      }
    }, {
      "id" : "3cgLSf6GAqAAbwnx",
      "name" : null,
      "description" : null,
      "type" : "Generalization",
      "propertyAssignments" : null,
      "general" : {
        "id" : "Xi3jSf6GAqAAbwa0",
        "type" : "Class"
      },
      "specific" : {
        "id" : "RKvjSf6GAqAAbwbK",
        "type" : "Class"
      }
    }, {
      "id" : "fJgLSf6GAqAAbwn3",
      "name" : null,
      "description" : null,
      "type" : "Generalization",
      "propertyAssignments" : null,
      "general" : {
        "id" : "Xi3jSf6GAqAAbwa0",
        "type" : "Class"
      },
      "specific" : {
        "id" : "ecPjSf6GAqAAbwa_",
        "type" : "Class"
      }
    }, {
      "id" : "OUBTSf6GAqAAbwdd",
      "name" : "",
      "description" : null,
      "type" : "GeneralizationSet",
      "propertyAssignments" : null,
      "isDisjoint" : true,
      "isComplete" : true,
      "categorizer" : null,
      "generalizations" : [ {
        "id" : "la2TSf6GAqAAbwdL",
        "type" : "Generalization"
      }, {
        "id" : "eN2TSf6GAqAAbwdR",
        "type" : "Generalization"
      } ]
    }, {
      "id" : "gbZTSf6GAqAAbweB",
      "name" : "",
      "description" : null,
      "type" : "GeneralizationSet",
      "propertyAssignments" : null,
      "isDisjoint" : true,
      "isComplete" : true,
      "categorizer" : null,
      "generalizations" : [ {
        "id" : "JkJTSf6GAqAAbwd0",
        "type" : "Generalization"
      }, {
        "id" : "XWJTSf6GAqAAbwd6",
        "type" : "Generalization"
      } ]
    }, {
      "id" : "jFtTSf6GAqAAbwen",
      "name" : "",
      "description" : null,
      "type" : "GeneralizationSet",
      "propertyAssignments" : null,
      "isDisjoint" : true,
      "isComplete" : true,
      "categorizer" : null,
      "generalizations" : [ {
        "id" : "TOVTSf6GAqAAbweg",
        "type" : "Generalization"
      }, {
        "id" : "VUVTSf6GAqAAbwea",
        "type" : "Generalization"
      } ]
    }, {
      "id" : "RzILSf6GAqAAbwoA",
      "name" : "",
      "description" : null,
      "type" : "GeneralizationSet",
      "propertyAssignments" : null,
      "isDisjoint" : true,
      "isComplete" : true,
      "categorizer" : null,
      "generalizations" : [ {
        "id" : "fJgLSf6GAqAAbwn3",
        "type" : "Generalization"
      }, {
        "id" : "3cgLSf6GAqAAbwnx",
        "type" : "Generalization"
      } ]
    }, {
      "id" : "_AAzSf6GAqAAbwf6",
      "name" : "",
      "description" : null,
      "type" : "Relation",
      "propertyAssignments" : null,
      "stereotype" : "componentOf",
      "isAbstract" : false,
      "isDerived" : false,
      "properties" : [ {
        "id" : "QgAzSf6GAqAAbwf8",
        "name" : null,
        "description" : null,
        "type" : "Property",
        "propertyAssignments" : null,
        "stereotype" : null,
        "isDerived" : false,
        "isReadOnly" : true,
        "isOrdered" : false,
        "cardinality" : "1",
        "propertyType" : {
          "id" : "cVKjSf6GAqAAbwYo",
          "type" : "Class"
        },
        "subsettedProperties" : null,
        "redefinedProperties" : null,
        "aggregationKind" : "NONE"
      }, {
        "id" : "wgAzSf6GAqAAbwf_",
        "name" : null,
        "description" : null,
        "type" : "Property",
        "propertyAssignments" : null,
        "stereotype" : null,
        "isDerived" : false,
        "isReadOnly" : true,
        "isOrdered" : false,
        "cardinality" : "1",
        "propertyType" : {
          "id" : "Zc4jSf6GAqAAbwXr",
          "type" : "Class"
        },
        "subsettedProperties" : null,
        "redefinedProperties" : null,
        "aggregationKind" : "COMPOSITE"
      } ]
    }, {
      "id" : "UtAzSf6GAqAAbwgG",
      "name" : "",
      "description" : null,
      "type" : "Relation",
      "propertyAssignments" : null,
      "stereotype" : "componentOf",
      "isAbstract" : false,
      "isDerived" : false,
      "properties" : [ {
        "id" : "UtAzSf6GAqAAbwgH",
        "name" : null,
        "description" : null,
        "type" : "Property",
        "propertyAssignments" : null,
        "stereotype" : null,
        "isDerived" : false,
        "isReadOnly" : true,
        "isOrdered" : false,
        "cardinality" : "1",
        "propertyType" : {
          "id" : "rY6jSf6GAqAAbwYz",
          "type" : "Class"
        },
        "subsettedProperties" : null,
        "redefinedProperties" : null,
        "aggregationKind" : "NONE"
      }, {
        "id" : "UtAzSf6GAqAAbwgJ",
        "name" : null,
        "description" : null,
        "type" : "Property",
        "propertyAssignments" : null,
        "stereotype" : null,
        "isDerived" : false,
        "isReadOnly" : true,
        "isOrdered" : false,
        "cardinality" : "1",
        "propertyType" : {
          "id" : "Zc4jSf6GAqAAbwXr",
          "type" : "Class"
        },
        "subsettedProperties" : null,
        "redefinedProperties" : null,
        "aggregationKind" : "COMPOSITE"
      } ]
    }, {
      "id" : "2cgzSf6GAqAAbwgQ",
      "name" : "",
      "description" : null,
      "type" : "Relation",
      "propertyAssignments" : null,
      "stereotype" : "componentOf",
      "isAbstract" : false,
      "isDerived" : false,
      "properties" : [ {
        "id" : "2cgzSf6GAqAAbwgR",
        "name" : null,
        "description" : null,
        "type" : "Property",
        "propertyAssignments" : null,
        "stereotype" : null,
        "isDerived" : false,
        "isReadOnly" : true,
        "isOrdered" : false,
        "cardinality" : "1",
        "propertyType" : {
          "id" : "loWjSf6GAqAAbwY.",
          "type" : "Class"
        },
        "subsettedProperties" : null,
        "redefinedProperties" : null,
        "aggregationKind" : "NONE"
      }, {
        "id" : "2cgzSf6GAqAAbwgT",
        "name" : null,
        "description" : null,
        "type" : "Property",
        "propertyAssignments" : null,
        "stereotype" : null,
        "isDerived" : false,
        "isReadOnly" : true,
        "isOrdered" : false,
        "cardinality" : "1",
        "propertyType" : {
          "id" : "MYkjSf6GAqAAbwX2",
          "type" : "Class"
        },
        "subsettedProperties" : null,
        "redefinedProperties" : null,
        "aggregationKind" : "COMPOSITE"
      } ]
    }, {
      "id" : "zRgzSf6GAqAAbwga",
      "name" : "",
      "description" : null,
      "type" : "Relation",
      "propertyAssignments" : null,
      "stereotype" : "componentOf",
      "isAbstract" : false,
      "isDerived" : false,
      "properties" : [ {
        "id" : "zRgzSf6GAqAAbwgb",
        "name" : null,
        "description" : null,
        "type" : "Property",
        "propertyAssignments" : null,
        "stereotype" : null,
        "isDerived" : false,
        "isReadOnly" : true,
        "isOrdered" : false,
        "cardinality" : "1",
        "propertyType" : {
          "id" : ".fOjSf6GAqAAbwZJ",
          "type" : "Class"
        },
        "subsettedProperties" : null,
        "redefinedProperties" : null,
        "aggregationKind" : "NONE"
      }, {
        "id" : "zRgzSf6GAqAAbwgd",
        "name" : null,
        "description" : null,
        "type" : "Property",
        "propertyAssignments" : null,
        "stereotype" : null,
        "isDerived" : false,
        "isReadOnly" : true,
        "isOrdered" : false,
        "cardinality" : "1",
        "propertyType" : {
          "id" : "MYkjSf6GAqAAbwX2",
          "type" : "Class"
        },
        "subsettedProperties" : null,
        "redefinedProperties" : null,
        "aggregationKind" : "COMPOSITE"
      } ]
    }, {
      "id" : "QIQzSf6GAqAAbwgk",
      "name" : "",
      "description" : null,
      "type" : "Relation",
      "propertyAssignments" : null,
      "stereotype" : "componentOf",
      "isAbstract" : false,
      "isDerived" : false,
      "properties" : [ {
        "id" : "QIQzSf6GAqAAbwgl",
        "name" : null,
        "description" : null,
        "type" : "Property",
        "propertyAssignments" : null,
        "stereotype" : null,
        "isDerived" : false,
        "isReadOnly" : true,
        "isOrdered" : false,
        "cardinality" : "1",
        "propertyType" : {
          "id" : "IM.jSf6GAqAAbwZU",
          "type" : "Class"
        },
        "subsettedProperties" : null,
        "redefinedProperties" : null,
        "aggregationKind" : "NONE"
      }, {
        "id" : "QIQzSf6GAqAAbwgn",
        "name" : null,
        "description" : null,
        "type" : "Property",
        "propertyAssignments" : null,
        "stereotype" : null,
        "isDerived" : false,
        "isReadOnly" : true,
        "isOrdered" : false,
        "cardinality" : "1",
        "propertyType" : {
          "id" : "fRUjSf6GAqAAbwYB",
          "type" : "Class"
        },
        "subsettedProperties" : null,
        "redefinedProperties" : null,
        "aggregationKind" : "COMPOSITE"
      } ]
    }, {
      "id" : "JGQzSf6GAqAAbwgu",
      "name" : "",
      "description" : null,
      "type" : "Relation",
      "propertyAssignments" : null,
      "stereotype" : "componentOf",
      "isAbstract" : false,
      "isDerived" : false,
      "properties" : [ {
        "id" : "JGQzSf6GAqAAbwgv",
        "name" : null,
        "description" : null,
        "type" : "Property",
        "propertyAssignments" : null,
        "stereotype" : null,
        "isDerived" : false,
        "isReadOnly" : true,
        "isOrdered" : false,
        "cardinality" : "1",
        "propertyType" : {
          "id" : "opRjSf6GAqAAbwZl",
          "type" : "Class"
        },
        "subsettedProperties" : null,
        "redefinedProperties" : null,
        "aggregationKind" : "NONE"
      }, {
        "id" : "JGQzSf6GAqAAbwgx",
        "name" : null,
        "description" : null,
        "type" : "Property",
        "propertyAssignments" : null,
        "stereotype" : null,
        "isDerived" : false,
        "isReadOnly" : true,
        "isOrdered" : false,
        "cardinality" : "1",
        "propertyType" : {
          "id" : "fRUjSf6GAqAAbwYB",
          "type" : "Class"
        },
        "subsettedProperties" : null,
        "redefinedProperties" : null,
        "aggregationKind" : "COMPOSITE"
      } ]
    }, {
      "id" : "F1wzSf6GAqAAbwg4",
      "name" : "",
      "description" : null,
      "type" : "Relation",
      "propertyAssignments" : null,
      "stereotype" : "componentOf",
      "isAbstract" : false,
      "isDerived" : false,
      "properties" : [ {
        "id" : "F1wzSf6GAqAAbwg5",
        "name" : null,
        "description" : null,
        "type" : "Property",
        "propertyAssignments" : null,
        "stereotype" : null,
        "isDerived" : false,
        "isReadOnly" : true,
        "isOrdered" : false,
        "cardinality" : "1",
        "propertyType" : {
          "id" : "aZpjSf6GAqAAbwZw",
          "type" : "Class"
        },
        "subsettedProperties" : null,
        "redefinedProperties" : null,
        "aggregationKind" : "NONE"
      }, {
        "id" : "F1wzSf6GAqAAbwg7",
        "name" : null,
        "description" : null,
        "type" : "Property",
        "propertyAssignments" : null,
        "stereotype" : null,
        "isDerived" : false,
        "isReadOnly" : true,
        "isOrdered" : false,
        "cardinality" : "1",
        "propertyType" : {
          "id" : "COMjSf6GAqAAbwYM",
          "type" : "Class"
        },
        "subsettedProperties" : null,
        "redefinedProperties" : null,
        "aggregationKind" : "COMPOSITE"
      } ]
    }, {
      "id" : "PvwzSf6GAqAAbwhC",
      "name" : "",
      "description" : null,
      "type" : "Relation",
      "propertyAssignments" : null,
      "stereotype" : "componentOf",
      "isAbstract" : false,
      "isDerived" : false,
      "properties" : [ {
        "id" : "PvwzSf6GAqAAbwhD",
        "name" : null,
        "description" : null,
        "type" : "Property",
        "propertyAssignments" : null,
        "stereotype" : null,
        "isDerived" : false,
        "isReadOnly" : true,
        "isOrdered" : false,
        "cardinality" : "1",
        "propertyType" : {
          "id" : "bZ5jSf6GAqAAbwZ7",
          "type" : "Class"
        },
        "subsettedProperties" : null,
        "redefinedProperties" : null,
        "aggregationKind" : "NONE"
      }, {
        "id" : "PvwzSf6GAqAAbwhF",
        "name" : null,
        "description" : null,
        "type" : "Property",
        "propertyAssignments" : null,
        "stereotype" : null,
        "isDerived" : false,
        "isReadOnly" : true,
        "isOrdered" : false,
        "cardinality" : "1",
        "propertyType" : {
          "id" : "COMjSf6GAqAAbwYM",
          "type" : "Class"
        },
        "subsettedProperties" : null,
        "redefinedProperties" : null,
        "aggregationKind" : "COMPOSITE"
      } ]
    }, {
      "id" : "zSFzSf6GAqAAbwl_",
      "name" : "So AP binds",
      "description" : null,
      "type" : "Relation",
      "propertyAssignments" : null,
      "stereotype" : "material",
      "isAbstract" : false,
      "isDerived" : false,
      "properties" : [ {
        "id" : "zSFzSf6GAqAAbwmA",
        "name" : null,
        "description" : null,
        "type" : "Property",
        "propertyAssignments" : null,
        "stereotype" : null,
        "isDerived" : false,
        "isReadOnly" : false,
        "isOrdered" : false,
        "cardinality" : "1",
        "propertyType" : {
          "id" : "vYoTSf6GAqAAbwbr",
          "type" : "Class"
        },
        "subsettedProperties" : null,
        "redefinedProperties" : null,
        "aggregationKind" : "NONE"
      }, {
        "id" : "zSFzSf6GAqAAbwmC",
        "name" : null,
        "description" : null,
        "type" : "Property",
        "propertyAssignments" : null,
        "stereotype" : null,
        "isDerived" : false,
        "isReadOnly" : false,
        "isOrdered" : false,
        "cardinality" : "1",
        "propertyType" : {
          "id" : "fHgTSf6GAqAAbwbg",
          "type" : "Class"
        },
        "subsettedProperties" : null,
        "redefinedProperties" : null,
        "aggregationKind" : "NONE"
      } ]
    }, {
      "id" : "9MDzSf6GAqAAbwmm",
      "name" : "SO AP Binding FT SO",
      "description" : null,
      "type" : "Relation",
      "propertyAssignments" : null,
      "stereotype" : "mediation",
      "isAbstract" : false,
      "isDerived" : false,
      "properties" : [ {
        "id" : "9MDzSf6GAqAAbwmn",
        "name" : null,
        "description" : null,
        "type" : "Property",
        "propertyAssignments" : null,
        "stereotype" : null,
        "isDerived" : false,
        "isReadOnly" : false,
        "isOrdered" : false,
        "cardinality" : "1",
        "propertyType" : {
          "id" : "mV_jSf6GAqAAbwbV",
          "type" : "Class"
        },
        "subsettedProperties" : null,
        "redefinedProperties" : null,
        "aggregationKind" : "NONE"
      }, {
        "id" : "9MDzSf6GAqAAbwmp",
        "name" : null,
        "description" : null,
        "type" : "Property",
        "propertyAssignments" : null,
        "stereotype" : null,
        "isDerived" : false,
        "isReadOnly" : true,
        "isOrdered" : false,
        "cardinality" : "1",
        "propertyType" : {
          "id" : "fHgTSf6GAqAAbwbg",
          "type" : "Class"
        },
        "subsettedProperties" : null,
        "redefinedProperties" : null,
        "aggregationKind" : "NONE"
      } ]
    }, {
      "id" : "c1DzSf6GAqAAbwmw",
      "name" : "A SO SO AP",
      "description" : null,
      "type" : "Relation",
      "propertyAssignments" : null,
      "stereotype" : "mediation",
      "isAbstract" : false,
      "isDerived" : false,
      "properties" : [ {
        "id" : "c1DzSf6GAqAAbwmx",
        "name" : null,
        "description" : null,
        "type" : "Property",
        "propertyAssignments" : null,
        "stereotype" : null,
        "isDerived" : false,
        "isReadOnly" : false,
        "isOrdered" : false,
        "cardinality" : "1",
        "propertyType" : {
          "id" : "mV_jSf6GAqAAbwbV",
          "type" : "Class"
        },
        "subsettedProperties" : null,
        "redefinedProperties" : null,
        "aggregationKind" : "NONE"
      }, {
        "id" : "81DzSf6GAqAAbwmz",
        "name" : null,
        "description" : null,
        "type" : "Property",
        "propertyAssignments" : null,
        "stereotype" : null,
        "isDerived" : false,
        "isReadOnly" : true,
        "isOrdered" : false,
        "cardinality" : "1",
        "propertyType" : {
          "id" : "vYoTSf6GAqAAbwbr",
          "type" : "Class"
        },
        "subsettedProperties" : null,
        "redefinedProperties" : null,
        "aggregationKind" : "NONE"
      } ]
    }, {
      "id" : "VEkLSf6GAqAAbwof",
      "name" : null,
      "description" : null,
      "type" : "Relation",
      "propertyAssignments" : null,
      "stereotype" : "mediation",
      "isAbstract" : false,
      "isDerived" : false,
      "properties" : [ {
        "id" : "VEkLSf6GAqAAbwog",
        "name" : null,
        "description" : null,
        "type" : "Property",
        "propertyAssignments" : null,
        "stereotype" : null,
        "isDerived" : false,
        "isReadOnly" : false,
        "isOrdered" : false,
        "cardinality" : "1",
        "propertyType" : {
          "id" : "mV_jSf6GAqAAbwbV",
          "type" : "Class"
        },
        "subsettedProperties" : null,
        "redefinedProperties" : null,
        "aggregationKind" : "NONE"
      }, {
        "id" : "VEkLSf6GAqAAbwoi",
        "name" : null,
        "description" : null,
        "type" : "Property",
        "propertyAssignments" : null,
        "stereotype" : null,
        "isDerived" : false,
        "isReadOnly" : true,
        "isOrdered" : false,
        "cardinality" : "1",
        "propertyType" : {
          "id" : "RKvjSf6GAqAAbwbK",
          "type" : "Class"
        },
        "subsettedProperties" : null,
        "redefinedProperties" : null,
        "aggregationKind" : "NONE"
      } ]
    }, {
      "id" : "q3cLSf6GAqAAbwpA",
      "name" : "SK AP Binding SK AP",
      "description" : null,
      "type" : "Relation",
      "propertyAssignments" : null,
      "stereotype" : "mediation",
      "isAbstract" : false,
      "isDerived" : false,
      "properties" : [ {
        "id" : "q3cLSf6GAqAAbwpB",
        "name" : "sink AP",
        "description" : null,
        "type" : "Property",
        "propertyAssignments" : null,
        "stereotype" : null,
        "isDerived" : false,
        "isReadOnly" : true,
        "isOrdered" : false,
        "cardinality" : "1",
        "propertyType" : {
          "id" : "ecPjSf6GAqAAbwa_",
          "type" : "Class"
        },
        "subsettedProperties" : null,
        "redefinedProperties" : null,
        "aggregationKind" : "NONE"
      }, {
        "id" : "q3cLSf6GAqAAbwpD",
        "name" : null,
        "description" : null,
        "type" : "Property",
        "propertyAssignments" : null,
        "stereotype" : null,
        "isDerived" : false,
        "isReadOnly" : true,
        "isOrdered" : false,
        "cardinality" : "1",
        "propertyType" : {
          "id" : "TCbjSf6GAqAAbwal",
          "type" : "Class"
        },
        "subsettedProperties" : null,
        "redefinedProperties" : null,
        "aggregationKind" : "NONE"
      } ]
    }, {
      "id" : "jFqLSf6GAqAAbwpb",
      "name" : "Sink AP Binding A SK",
      "description" : null,
      "type" : "Relation",
      "propertyAssignments" : null,
      "stereotype" : "mediation",
      "isAbstract" : false,
      "isDerived" : false,
      "properties" : [ {
        "id" : "jFqLSf6GAqAAbwpc",
        "name" : null,
        "description" : null,
        "type" : "Property",
        "propertyAssignments" : null,
        "stereotype" : null,
        "isDerived" : false,
        "isReadOnly" : false,
        "isOrdered" : false,
        "cardinality" : "1",
        "propertyType" : {
          "id" : "TCbjSf6GAqAAbwal",
          "type" : "Class"
        },
        "subsettedProperties" : null,
        "redefinedProperties" : null,
        "aggregationKind" : "NONE"
      }, {
        "id" : "jFqLSf6GAqAAbwpe",
        "name" : null,
        "description" : null,
        "type" : "Property",
        "propertyAssignments" : null,
        "stereotype" : null,
        "isDerived" : false,
        "isReadOnly" : true,
        "isOrdered" : false,
        "cardinality" : "1",
        "propertyType" : {
          "id" : "cI9jSf6GAqAAbwaP",
          "type" : "Class"
        },
        "subsettedProperties" : null,
        "redefinedProperties" : null,
        "aggregationKind" : "NONE"
      } ]
    }, {
      "id" : "iXqLSf6GAqAAbwpl",
      "name" : "Sink AP Binding FT SK",
      "description" : null,
      "type" : "Relation",
      "propertyAssignments" : null,
      "stereotype" : "mediation",
      "isAbstract" : false,
      "isDerived" : false,
      "properties" : [ {
        "id" : "iXqLSf6GAqAAbwpm",
        "name" : null,
        "description" : null,
        "type" : "Property",
        "propertyAssignments" : null,
        "stereotype" : null,
        "isDerived" : false,
        "isReadOnly" : false,
        "isOrdered" : false,
        "cardinality" : "1",
        "propertyType" : {
          "id" : "TCbjSf6GAqAAbwal",
          "type" : "Class"
        },
        "subsettedProperties" : null,
        "redefinedProperties" : null,
        "aggregationKind" : "NONE"
      }, {
        "id" : "iXqLSf6GAqAAbwpo",
        "name" : null,
        "description" : null,
        "type" : "Property",
        "propertyAssignments" : null,
        "stereotype" : null,
        "isDerived" : false,
        "isReadOnly" : true,
        "isOrdered" : false,
        "cardinality" : "1",
        "propertyType" : {
          "id" : "yUzjSf6GAqAAbwaa",
          "type" : "Class"
        },
        "subsettedProperties" : null,
        "redefinedProperties" : null,
        "aggregationKind" : "NONE"
      } ]
    }, {
      "id" : "_zhLSf6GAqAAbwqZ",
      "name" : "Sk AP binds",
      "description" : null,
      "type" : "Relation",
      "propertyAssignments" : null,
      "stereotype" : "material",
      "isAbstract" : false,
      "isDerived" : false,
      "properties" : [ {
        "id" : "_zhLSf6GAqAAbwqa",
        "name" : null,
        "description" : null,
        "type" : "Property",
        "propertyAssignments" : null,
        "stereotype" : null,
        "isDerived" : false,
        "isReadOnly" : false,
        "isOrdered" : false,
        "cardinality" : "1",
        "propertyType" : {
          "id" : "cI9jSf6GAqAAbwaP",
          "type" : "Class"
        },
        "subsettedProperties" : null,
        "redefinedProperties" : null,
        "aggregationKind" : "NONE"
      }, {
        "id" : "_zhLSf6GAqAAbwqc",
        "name" : null,
        "description" : null,
        "type" : "Property",
        "propertyAssignments" : null,
        "stereotype" : null,
        "isDerived" : false,
        "isReadOnly" : false,
        "isOrdered" : false,
        "cardinality" : "1",
        "propertyType" : {
          "id" : "yUzjSf6GAqAAbwaa",
          "type" : "Class"
        },
        "subsettedProperties" : null,
        "redefinedProperties" : null,
        "aggregationKind" : "NONE"
      } ]
    }, {
      "id" : "fexLLf6AUB0C9G9v",
      "name" : null,
      "description" : null,
      "type" : "Relation",
      "propertyAssignments" : null,
      "stereotype" : "derivation",
      "isAbstract" : false,
      "isDerived" : true,
      "properties" : [ {
        "id" : "29afd25a-b534-49e0-b7cf-59b386798a1c",
        "name" : null,
        "description" : null,
        "type" : "Property",
        "propertyAssignments" : null,
        "stereotype" : null,
        "isDerived" : false,
        "isReadOnly" : false,
        "isOrdered" : false,
        "cardinality" : "1",
        "propertyType" : {
          "id" : "_zhLSf6GAqAAbwqZ",
          "type" : "Relation"
        },
        "subsettedProperties" : null,
        "redefinedProperties" : null,
        "aggregationKind" : null
      }, {
        "id" : "e25f723c-89d0-42f5-9f69-105c3f6dfac9",
        "name" : null,
        "description" : null,
        "type" : "Property",
        "propertyAssignments" : null,
        "stereotype" : null,
        "isDerived" : false,
        "isReadOnly" : false,
        "isOrdered" : false,
        "cardinality" : "1",
        "propertyType" : {
          "id" : "TCbjSf6GAqAAbwal",
          "type" : "Class"
        },
        "subsettedProperties" : null,
        "redefinedProperties" : null,
        "aggregationKind" : null
      } ]
    }, {
      "id" : "3a9LLf6AUB0C9G.K",
      "name" : null,
      "description" : null,
      "type" : "Relation",
      "propertyAssignments" : null,
      "stereotype" : "derivation",
      "isAbstract" : false,
      "isDerived" : true,
      "properties" : [ {
        "id" : "23b24ec0-9b29-4a3b-b5c8-f68bdce319b2",
        "name" : null,
        "description" : null,
        "type" : "Property",
        "propertyAssignments" : null,
        "stereotype" : null,
        "isDerived" : false,
        "isReadOnly" : false,
        "isOrdered" : false,
        "cardinality" : "1",
        "propertyType" : {
          "id" : "zSFzSf6GAqAAbwl_",
          "type" : "Relation"
        },
        "subsettedProperties" : null,
        "redefinedProperties" : null,
        "aggregationKind" : null
      }, {
        "id" : "30406f50-e08a-4921-b83d-d4056addb54b",
        "name" : null,
        "description" : null,
        "type" : "Property",
        "propertyAssignments" : null,
        "stereotype" : null,
        "isDerived" : false,
        "isReadOnly" : false,
        "isOrdered" : false,
        "cardinality" : "1",
        "propertyType" : {
          "id" : "mV_jSf6GAqAAbwbV",
          "type" : "Class"
        },
        "subsettedProperties" : null,
        "redefinedProperties" : null,
        "aggregationKind" : null
      } ]
    } ]
  },
  "diagrams" : [ {
    "id" : "6b3DSf6GAqAAbwWf",
    "name" : "diagram1",
    "description" : "",
    "type" : "Diagram",
    "owner" : {
      "id" : "FOHDSf6GAqAAbwBO_root",
      "type" : "Package"
    },
    "contents" : [ {
      "id" : "XRgzSf6GAqAAbwgf",
      "type" : "RelationView",
      "modelElement" : {
        "id" : "zRgzSf6GAqAAbwga",
        "type" : "Relation"
      },
      "shape" : {
        "id" : "XRgzSf6GAqAAbwgf_path",
        "type" : "Path",
        "points" : [ {
          "x" : 700,
          "y" : 446
        }, {
          "x" : 700,
          "y" : 320
        }, {
          "x" : 629,
          "y" : 320
        } ]
      },
      "source" : {
        "id" : ".fOjSf6GAqAAbwZI",
        "type" : "ClassView"
      },
      "target" : {
        "id" : "0YkjSf6GAqAAbwX1",
        "type" : "ClassView"
      }
    }, {
      "id" : "9UVTSf6GAqAAbweb",
      "type" : "GeneralizationView",
      "modelElement" : {
        "id" : "VUVTSf6GAqAAbwea",
        "type" : "Generalization"
      },
      "shape" : {
        "id" : "9UVTSf6GAqAAbweb_path",
        "type" : "Path",
        "points" : [ {
          "x" : 1192,
          "y" : 250
        }, {
          "x" : 1192,
          "y" : 278
        }, {
          "x" : 1005,
          "y" : 278
        }, {
          "x" : 1005,
          "y" : 308
        } ]
      },
      "source" : {
        "id" : "ZWAjSf6GAqAAbwXC",
        "type" : "ClassView"
      },
      "target" : {
        "id" : "fRUjSf6GAqAAbwYA",
        "type" : "ClassView"
      }
    }, {
      "id" : "wpgLSf6GAqAAbwn4",
      "type" : "GeneralizationView",
      "modelElement" : {
        "id" : "fJgLSf6GAqAAbwn3",
        "type" : "Generalization"
      },
      "shape" : {
        "id" : "wpgLSf6GAqAAbwn4_path",
        "type" : "Path",
        "points" : [ {
          "x" : 868,
          "y" : 730
        }, {
          "x" : 868,
          "y" : 753
        }, {
          "x" : 727,
          "y" : 753
        }, {
          "x" : 727,
          "y" : 762
        } ]
      },
      "source" : {
        "id" : "Xi3jSf6GAqAAbwaz",
        "type" : "ClassView"
      },
      "target" : {
        "id" : "ucPjSf6GAqAAbwa.",
        "type" : "ClassView"
      }
    }, {
      "id" : "rY6jSf6GAqAAbwYy",
      "type" : "ClassView",
      "modelElement" : {
        "id" : "rY6jSf6GAqAAbwYz",
        "type" : "Class"
      },
      "shape" : {
        "id" : "rY6jSf6GAqAAbwYy_shape",
        "type" : "Rectangle",
        "x" : 333,
        "y" : 446,
        "width" : 148,
        "height" : 40
      }
    }, {
      "id" : "fRUjSf6GAqAAbwYA",
      "type" : "ClassView",
      "modelElement" : {
        "id" : "fRUjSf6GAqAAbwYB",
        "type" : "Class"
      },
      "shape" : {
        "id" : "fRUjSf6GAqAAbwYA_shape",
        "type" : "Rectangle",
        "x" : 948,
        "y" : 309,
        "width" : 137,
        "height" : 40
      }
    }, {
      "id" : "m3cLSf6GAqAAbwpF",
      "type" : "RelationView",
      "modelElement" : {
        "id" : "q3cLSf6GAqAAbwpA",
        "type" : "Relation"
      },
      "shape" : {
        "id" : "m3cLSf6GAqAAbwpF_path",
        "type" : "Path",
        "points" : [ {
          "x" : 685,
          "y" : 762
        }, {
          "x" : 685,
          "y" : 647
        } ]
      },
      "source" : {
        "id" : "ucPjSf6GAqAAbwa.",
        "type" : "ClassView"
      },
      "target" : {
        "id" : "TCbjSf6GAqAAbwak",
        "type" : "ClassView"
      }
    }, {
      "id" : "XFtTSf6GAqAAbwep",
      "type" : "GeneralizationSetView",
      "modelElement" : {
        "id" : "jFtTSf6GAqAAbwen",
        "type" : "GeneralizationSet"
      },
      "shape" : {
        "id" : "XFtTSf6GAqAAbwep_shape",
        "type" : "Text",
        "x" : 1034,
        "y" : 234,
        "width" : 110,
        "height" : 42,
        "value" : ""
      }
    }, {
      "id" : "ZUBTSf6GAqAAbwdf",
      "type" : "GeneralizationSetView",
      "modelElement" : {
        "id" : "OUBTSf6GAqAAbwdd",
        "type" : "GeneralizationSet"
      },
      "shape" : {
        "id" : "ZUBTSf6GAqAAbwdf_shape",
        "type" : "Text",
        "x" : 638,
        "y" : 154,
        "width" : 110,
        "height" : 42,
        "value" : ""
      }
    }, {
      "id" : "A2JTSf6GAqAAbwd7",
      "type" : "GeneralizationView",
      "modelElement" : {
        "id" : "XWJTSf6GAqAAbwd6",
        "type" : "Generalization"
      },
      "shape" : {
        "id" : "A2JTSf6GAqAAbwd7_path",
        "type" : "Path",
        "points" : [ {
          "x" : 474,
          "y" : 250
        }, {
          "x" : 474,
          "y" : 278
        }, {
          "x" : 573,
          "y" : 278
        }, {
          "x" : 573,
          "y" : 299
        } ]
      },
      "source" : {
        "id" : "WQ_DSf6GAqAAbwW3",
        "type" : "ClassView"
      },
      "target" : {
        "id" : "0YkjSf6GAqAAbwX1",
        "type" : "ClassView"
      }
    }, {
      "id" : "IM.jSf6GAqAAbwZT",
      "type" : "ClassView",
      "modelElement" : {
        "id" : "IM.jSf6GAqAAbwZU",
        "type" : "Class"
      },
      "shape" : {
        "id" : "IM.jSf6GAqAAbwZT_shape",
        "type" : "Rectangle",
        "x" : 817,
        "y" : 447,
        "width" : 181,
        "height" : 40
      }
    }, {
      "id" : "5shzSf6GAqAAbwlQ",
      "type" : "GeneralizationView",
      "modelElement" : {
        "id" : "xshzSf6GAqAAbwlP",
        "type" : "Generalization"
      },
      "shape" : {
        "id" : "5shzSf6GAqAAbwlQ_path",
        "type" : "Path",
        "points" : [ {
          "x" : 893,
          "y" : 488
        }, {
          "x" : 893,
          "y" : 538
        } ]
      },
      "source" : {
        "id" : "IM.jSf6GAqAAbwZT",
        "type" : "ClassView"
      },
      "target" : {
        "id" : "yUzjSf6GAqAAbwaZ",
        "type" : "ClassView"
      }
    }, {
      "id" : "9a2TSf6GAqAAbwdM",
      "type" : "GeneralizationView",
      "modelElement" : {
        "id" : "la2TSf6GAqAAbwdL",
        "type" : "Generalization"
      },
      "shape" : {
        "id" : "9a2TSf6GAqAAbwdM_path",
        "type" : "Path",
        "points" : [ {
          "x" : 842,
          "y" : 171
        }, {
          "x" : 842,
          "y" : 193
        }, {
          "x" : 474,
          "y" : 193
        }, {
          "x" : 474,
          "y" : 208
        } ]
      },
      "source" : {
        "id" : "sXPDSf6GAqAAbwWs",
        "type" : "ClassView"
      },
      "target" : {
        "id" : "WQ_DSf6GAqAAbwW3",
        "type" : "ClassView"
      }
    }, {
      "id" : "COMjSf6GAqAAbwYL",
      "type" : "ClassView",
      "modelElement" : {
        "id" : "COMjSf6GAqAAbwYM",
        "type" : "Class"
      },
      "shape" : {
        "id" : "COMjSf6GAqAAbwYL_shape",
        "type" : "Rectangle",
        "x" : 1328,
        "y" : 309,
        "width" : 151,
        "height" : 40
      }
    }, {
      "id" : "xN2TSf6GAqAAbwdS",
      "type" : "GeneralizationView",
      "modelElement" : {
        "id" : "eN2TSf6GAqAAbwdR",
        "type" : "Generalization"
      },
      "shape" : {
        "id" : "xN2TSf6GAqAAbwdS_path",
        "type" : "Path",
        "points" : [ {
          "x" : 842,
          "y" : 171
        }, {
          "x" : 842,
          "y" : 193
        }, {
          "x" : 1192,
          "y" : 193
        }, {
          "x" : 1192,
          "y" : 208
        } ]
      },
      "source" : {
        "id" : "sXPDSf6GAqAAbwWs",
        "type" : "ClassView"
      },
      "target" : {
        "id" : "ZWAjSf6GAqAAbwXC",
        "type" : "ClassView"
      }
    }, {
      "id" : "i1DzSf6GAqAAbwm1",
      "type" : "RelationView",
      "modelElement" : {
        "id" : "c1DzSf6GAqAAbwmw",
        "type" : "Relation"
      },
      "shape" : {
        "id" : "i1DzSf6GAqAAbwm1_path",
        "type" : "Path",
        "points" : [ {
          "x" : 713,
          "y" : 859
        }, {
          "x" : 288,
          "y" : 859
        }, {
          "x" : 288,
          "y" : 914
        } ]
      },
      "source" : {
        "id" : "mV_jSf6GAqAAbwbU",
        "type" : "ClassView"
      },
      "target" : {
        "id" : "vYoTSf6GAqAAbwbq",
        "type" : "ClassView"
      }
    }, {
      "id" : "g69LLf6AUB0C9G.L",
      "type" : "RelationView",
      "modelElement" : {
        "id" : "3a9LLf6AUB0C9G.K",
        "type" : "Relation"
      },
      "shape" : {
        "id" : "g69LLf6AUB0C9G.L_path",
        "type" : "Path",
        "points" : [ {
          "x" : 771,
          "y" : 931
        }, {
          "x" : 771,
          "y" : 880
        } ]
      },
      "source" : {
        "id" : "bSFzSf6GAqAAbwmE",
        "type" : "RelationView"
      },
      "target" : {
        "id" : "mV_jSf6GAqAAbwbU",
        "type" : "ClassView"
      }
    }, {
      "id" : "kHBzSf6GAqAAbwlK",
      "type" : "GeneralizationView",
      "modelElement" : {
        "id" : "YHBzSf6GAqAAbwlJ",
        "type" : "Generalization"
      },
      "shape" : {
        "id" : "kHBzSf6GAqAAbwlK_path",
        "type" : "Path",
        "points" : [ {
          "x" : 536,
          "y" : 488
        }, {
          "x" : 536,
          "y" : 538
        } ]
      },
      "source" : {
        "id" : "loWjSf6GAqAAbwY9",
        "type" : "ClassView"
      },
      "target" : {
        "id" : "cI9jSf6GAqAAbwaO",
        "type" : "ClassView"
      }
    }, {
      "id" : "vYoTSf6GAqAAbwbq",
      "type" : "ClassView",
      "modelElement" : {
        "id" : "vYoTSf6GAqAAbwbr",
        "type" : "Class"
      },
      "shape" : {
        "id" : "vYoTSf6GAqAAbwbq_shape",
        "type" : "Rectangle",
        "x" : 165,
        "y" : 915,
        "width" : 172,
        "height" : 40
      }
    }, {
      "id" : "V1wzSf6GAqAAbwg9",
      "type" : "RelationView",
      "modelElement" : {
        "id" : "F1wzSf6GAqAAbwg4",
        "type" : "Relation"
      },
      "shape" : {
        "id" : "V1wzSf6GAqAAbwg9_path",
        "type" : "Path",
        "points" : [ {
          "x" : 1274,
          "y" : 446
        }, {
          "x" : 1274,
          "y" : 329
        }, {
          "x" : 1327,
          "y" : 329
        } ]
      },
      "source" : {
        "id" : "qZpjSf6GAqAAbwZv",
        "type" : "ClassView"
      },
      "target" : {
        "id" : "COMjSf6GAqAAbwYL",
        "type" : "ClassView"
      }
    }, {
      "id" : "EgAzSf6GAqAAbwgB",
      "type" : "RelationView",
      "modelElement" : {
        "id" : "_AAzSf6GAqAAbwf6",
        "type" : "Relation"
      },
      "shape" : {
        "id" : "EgAzSf6GAqAAbwgB_path",
        "type" : "Path",
        "points" : [ {
          "x" : 220,
          "y" : 445
        }, {
          "x" : 220,
          "y" : 319
        }, {
          "x" : 314,
          "y" : 319
        } ]
      },
      "source" : {
        "id" : "cVKjSf6GAqAAbwYn",
        "type" : "ClassView"
      },
      "target" : {
        "id" : "Zc4jSf6GAqAAbwXq",
        "type" : "ClassView"
      }
    }, {
      "id" : "9EkLSf6GAqAAbwok",
      "type" : "RelationView",
      "modelElement" : {
        "id" : "VEkLSf6GAqAAbwof",
        "type" : "Relation"
      },
      "shape" : {
        "id" : "9EkLSf6GAqAAbwok_path",
        "type" : "Path",
        "points" : [ {
          "x" : 809,
          "y" : 838
        }, {
          "x" : 809,
          "y" : 783
        }, {
          "x" : 975,
          "y" : 783
        } ]
      },
      "source" : {
        "id" : "mV_jSf6GAqAAbwbU",
        "type" : "ClassView"
      },
      "target" : {
        "id" : "RKvjSf6GAqAAbwbJ",
        "type" : "ClassView"
      }
    }, {
      "id" : "cVKjSf6GAqAAbwYn",
      "type" : "ClassView",
      "modelElement" : {
        "id" : "cVKjSf6GAqAAbwYo",
        "type" : "Class"
      },
      "shape" : {
        "id" : "cVKjSf6GAqAAbwYn_shape",
        "type" : "Rectangle",
        "x" : 165,
        "y" : 446,
        "width" : 158,
        "height" : 40
      }
    }, {
      "id" : "cI9jSf6GAqAAbwaO",
      "type" : "ClassView",
      "modelElement" : {
        "id" : "cI9jSf6GAqAAbwaP",
        "type" : "Class"
      },
      "shape" : {
        "id" : "cI9jSf6GAqAAbwaO_shape",
        "type" : "Rectangle",
        "x" : 429,
        "y" : 539,
        "width" : 157,
        "height" : 40
      }
    }, {
      "id" : "itAzSf6GAqAAbwgL",
      "type" : "RelationView",
      "modelElement" : {
        "id" : "UtAzSf6GAqAAbwgG",
        "type" : "Relation"
      },
      "shape" : {
        "id" : "itAzSf6GAqAAbwgL_path",
        "type" : "Path",
        "points" : [ {
          "x" : 393,
          "y" : 445
        }, {
          "x" : 393,
          "y" : 340
        } ]
      },
      "source" : {
        "id" : "rY6jSf6GAqAAbwYy",
        "type" : "ClassView"
      },
      "target" : {
        "id" : "Zc4jSf6GAqAAbwXq",
        "type" : "ClassView"
      }
    }, {
      "id" : "loWjSf6GAqAAbwY9",
      "type" : "ClassView",
      "modelElement" : {
        "id" : "loWjSf6GAqAAbwY.",
        "type" : "Class"
      },
      "shape" : {
        "id" : "loWjSf6GAqAAbwY9_shape",
        "type" : "Rectangle",
        "x" : 496,
        "y" : 447,
        "width" : 134,
        "height" : 40
      }
    }, {
      "id" : "rZ5jSf6GAqAAbwZ6",
      "type" : "ClassView",
      "modelElement" : {
        "id" : "bZ5jSf6GAqAAbwZ7",
        "type" : "Class"
      },
      "shape" : {
        "id" : "rZ5jSf6GAqAAbwZ6_shape",
        "type" : "Rectangle",
        "x" : 1408,
        "y" : 447,
        "width" : 185,
        "height" : 40
      }
    }, {
      "id" : "rOVTSf6GAqAAbweh",
      "type" : "GeneralizationView",
      "modelElement" : {
        "id" : "TOVTSf6GAqAAbweg",
        "type" : "Generalization"
      },
      "shape" : {
        "id" : "rOVTSf6GAqAAbweh_path",
        "type" : "Path",
        "points" : [ {
          "x" : 1192,
          "y" : 250
        }, {
          "x" : 1192,
          "y" : 278
        }, {
          "x" : 1388,
          "y" : 278
        }, {
          "x" : 1388,
          "y" : 308
        } ]
      },
      "source" : {
        "id" : "ZWAjSf6GAqAAbwXC",
        "type" : "ClassView"
      },
      "target" : {
        "id" : "COMjSf6GAqAAbwYL",
        "type" : "ClassView"
      }
    }, {
      "id" : "qZpjSf6GAqAAbwZv",
      "type" : "ClassView",
      "modelElement" : {
        "id" : "aZpjSf6GAqAAbwZw",
        "type" : "Class"
      },
      "shape" : {
        "id" : "qZpjSf6GAqAAbwZv_shape",
        "type" : "Rectangle",
        "x" : 1197,
        "y" : 447,
        "width" : 195,
        "height" : 40
      }
    }, {
      "id" : "sXPDSf6GAqAAbwWs",
      "type" : "ClassView",
      "modelElement" : {
        "id" : "8XPDSf6GAqAAbwWt",
        "type" : "Class"
      },
      "shape" : {
        "id" : "sXPDSf6GAqAAbwWs_shape",
        "type" : "Rectangle",
        "x" : 750,
        "y" : 130,
        "width" : 184,
        "height" : 40
      }
    }, {
      "id" : "opRjSf6GAqAAbwZk",
      "type" : "ClassView",
      "modelElement" : {
        "id" : "opRjSf6GAqAAbwZl",
        "type" : "Class"
      },
      "shape" : {
        "id" : "opRjSf6GAqAAbwZk_shape",
        "type" : "Rectangle",
        "x" : 1010,
        "y" : 447,
        "width" : 171,
        "height" : 40
      }
    }, {
      "id" : ".fOjSf6GAqAAbwZI",
      "type" : "ClassView",
      "modelElement" : {
        "id" : ".fOjSf6GAqAAbwZJ",
        "type" : "Class"
      },
      "shape" : {
        "id" : ".fOjSf6GAqAAbwZI_shape",
        "type" : "Rectangle",
        "x" : 645,
        "y" : 447,
        "width" : 144,
        "height" : 40
      }
    }, {
      "id" : "tzILSf6GAqAAbwoC",
      "type" : "GeneralizationSetView",
      "modelElement" : {
        "id" : "RzILSf6GAqAAbwoA",
        "type" : "GeneralizationSet"
      },
      "shape" : {
        "id" : "tzILSf6GAqAAbwoC_shape",
        "type" : "Text",
        "x" : 896,
        "y" : 709,
        "width" : 110,
        "height" : 42,
        "value" : ""
      }
    }, {
      "id" : "mV_jSf6GAqAAbwbU",
      "type" : "ClassView",
      "modelElement" : {
        "id" : "mV_jSf6GAqAAbwbV",
        "type" : "Class"
      },
      "shape" : {
        "id" : "mV_jSf6GAqAAbwbU_shape",
        "type" : "Rectangle",
        "x" : 714,
        "y" : 839,
        "width" : 114,
        "height" : 40
      }
    }, {
      "id" : "ZkJTSf6GAqAAbwd1",
      "type" : "GeneralizationView",
      "modelElement" : {
        "id" : "JkJTSf6GAqAAbwd0",
        "type" : "Generalization"
      },
      "shape" : {
        "id" : "ZkJTSf6GAqAAbwd1_path",
        "type" : "Path",
        "points" : [ {
          "x" : 474,
          "y" : 250
        }, {
          "x" : 474,
          "y" : 278
        }, {
          "x" : 368,
          "y" : 278
        }, {
          "x" : 368,
          "y" : 298
        } ]
      },
      "source" : {
        "id" : "WQ_DSf6GAqAAbwW3",
        "type" : "ClassView"
      },
      "target" : {
        "id" : "Zc4jSf6GAqAAbwXq",
        "type" : "ClassView"
      }
    }, {
      "id" : "TbRzSf6GAqAAbwlc",
      "type" : "GeneralizationView",
      "modelElement" : {
        "id" : "NbRzSf6GAqAAbwlb",
        "type" : "Generalization"
      },
      "shape" : {
        "id" : "TbRzSf6GAqAAbwlc_path",
        "type" : "Path",
        "points" : [ {
          "x" : 1485,
          "y" : 488
        }, {
          "x" : 1485,
          "y" : 914
        } ]
      },
      "source" : {
        "id" : "rZ5jSf6GAqAAbwZ6",
        "type" : "ClassView"
      },
      "target" : {
        "id" : "fHgTSf6GAqAAbwbf",
        "type" : "ClassView"
      }
    }, {
      "id" : "Zc4jSf6GAqAAbwXq",
      "type" : "ClassView",
      "modelElement" : {
        "id" : "Zc4jSf6GAqAAbwXr",
        "type" : "Class"
      },
      "shape" : {
        "id" : "Zc4jSf6GAqAAbwXq_shape",
        "type" : "Rectangle",
        "x" : 315,
        "y" : 299,
        "width" : 114,
        "height" : 40
      }
    }, {
      "id" : "rMDzSf6GAqAAbwmr",
      "type" : "RelationView",
      "modelElement" : {
        "id" : "9MDzSf6GAqAAbwmm",
        "type" : "Relation"
      },
      "shape" : {
        "id" : "rMDzSf6GAqAAbwmr_path",
        "type" : "Path",
        "points" : [ {
          "x" : 829,
          "y" : 859
        }, {
          "x" : 1429,
          "y" : 859
        }, {
          "x" : 1429,
          "y" : 914
        } ]
      },
      "source" : {
        "id" : "mV_jSf6GAqAAbwbU",
        "type" : "ClassView"
      },
      "target" : {
        "id" : "fHgTSf6GAqAAbwbf",
        "type" : "ClassView"
      }
    }, {
      "id" : "YIQzSf6GAqAAbwgp",
      "type" : "RelationView",
      "modelElement" : {
        "id" : "QIQzSf6GAqAAbwgk",
        "type" : "Relation"
      },
      "shape" : {
        "id" : "YIQzSf6GAqAAbwgp_path",
        "type" : "Path",
        "points" : [ {
          "x" : 893,
          "y" : 446
        }, {
          "x" : 893,
          "y" : 329
        }, {
          "x" : 947,
          "y" : 329
        } ]
      },
      "source" : {
        "id" : "IM.jSf6GAqAAbwZT",
        "type" : "ClassView"
      },
      "target" : {
        "id" : "fRUjSf6GAqAAbwYA",
        "type" : "ClassView"
      }
    }, {
      "id" : "KqRzSf6GAqAAbwlW",
      "type" : "GeneralizationView",
      "modelElement" : {
        "id" : "8qRzSf6GAqAAbwlV",
        "type" : "Generalization"
      },
      "shape" : {
        "id" : "KqRzSf6GAqAAbwlW_path",
        "type" : "Path",
        "points" : [ {
          "x" : 206,
          "y" : 487
        }, {
          "x" : 206,
          "y" : 914
        } ]
      },
      "source" : {
        "id" : "cVKjSf6GAqAAbwYn",
        "type" : "ClassView"
      },
      "target" : {
        "id" : "vYoTSf6GAqAAbwbq",
        "type" : "ClassView"
      }
    }, {
      "id" : "WQ_DSf6GAqAAbwW3",
      "type" : "ClassView",
      "modelElement" : {
        "id" : "WQ_DSf6GAqAAbwW4",
        "type" : "Class"
      },
      "shape" : {
        "id" : "WQ_DSf6GAqAAbwW3_shape",
        "type" : "Rectangle",
        "x" : 430,
        "y" : 209,
        "width" : 125,
        "height" : 40
      }
    }, {
      "id" : "yXqLSf6GAqAAbwpq",
      "type" : "RelationView",
      "modelElement" : {
        "id" : "iXqLSf6GAqAAbwpl",
        "type" : "Relation"
      },
      "shape" : {
        "id" : "yXqLSf6GAqAAbwpq_path",
        "type" : "Path",
        "points" : [ {
          "x" : 735,
          "y" : 626
        }, {
          "x" : 877,
          "y" : 626
        }, {
          "x" : 877,
          "y" : 580
        } ]
      },
      "source" : {
        "id" : "TCbjSf6GAqAAbwak",
        "type" : "ClassView"
      },
      "target" : {
        "id" : "yUzjSf6GAqAAbwaZ",
        "type" : "ClassView"
      }
    }, {
      "id" : "TCbjSf6GAqAAbwak",
      "type" : "ClassView",
      "modelElement" : {
        "id" : "TCbjSf6GAqAAbwal",
        "type" : "Class"
      },
      "shape" : {
        "id" : "TCbjSf6GAqAAbwak_shape",
        "type" : "Rectangle",
        "x" : 634,
        "y" : 606,
        "width" : 100,
        "height" : 40
      }
    }, {
      "id" : "w.xLLf6AUB0C9G9w",
      "type" : "RelationView",
      "modelElement" : {
        "id" : "fexLLf6AUB0C9G9v",
        "type" : "Relation"
      },
      "shape" : {
        "id" : "w.xLLf6AUB0C9G9w_path",
        "type" : "Path",
        "points" : [ {
          "x" : 683,
          "y" : 559
        }, {
          "x" : 683,
          "y" : 605
        } ]
      },
      "source" : {
        "id" : "sLhLSf6GAqAAbwqe",
        "type" : "RelationView"
      },
      "target" : {
        "id" : "TCbjSf6GAqAAbwak",
        "type" : "ClassView"
      }
    }, {
      "id" : "RcgzSf6GAqAAbwgV",
      "type" : "RelationView",
      "modelElement" : {
        "id" : "2cgzSf6GAqAAbwgQ",
        "type" : "Relation"
      },
      "shape" : {
        "id" : "RcgzSf6GAqAAbwgV_path",
        "type" : "Path",
        "points" : [ {
          "x" : 567,
          "y" : 446
        }, {
          "x" : 567,
          "y" : 341
        } ]
      },
      "source" : {
        "id" : "loWjSf6GAqAAbwY9",
        "type" : "ClassView"
      },
      "target" : {
        "id" : "0YkjSf6GAqAAbwX1",
        "type" : "ClassView"
      }
    }, {
      "id" : "ZGQzSf6GAqAAbwgz",
      "type" : "RelationView",
      "modelElement" : {
        "id" : "JGQzSf6GAqAAbwgu",
        "type" : "Relation"
      },
      "shape" : {
        "id" : "ZGQzSf6GAqAAbwgz_path",
        "type" : "Path",
        "points" : [ {
          "x" : 1059,
          "y" : 446
        }, {
          "x" : 1059,
          "y" : 350
        } ]
      },
      "source" : {
        "id" : "opRjSf6GAqAAbwZk",
        "type" : "ClassView"
      },
      "target" : {
        "id" : "fRUjSf6GAqAAbwYA",
        "type" : "ClassView"
      }
    }, {
      "id" : "sLhLSf6GAqAAbwqe",
      "type" : "RelationView",
      "modelElement" : {
        "id" : "_zhLSf6GAqAAbwqZ",
        "type" : "Relation"
      },
      "shape" : {
        "id" : "sLhLSf6GAqAAbwqe_path",
        "type" : "Path",
        "points" : [ {
          "x" : 587,
          "y" : 559
        }, {
          "x" : 820,
          "y" : 559
        } ]
      },
      "source" : {
        "id" : "cI9jSf6GAqAAbwaO",
        "type" : "ClassView"
      },
      "target" : {
        "id" : "yUzjSf6GAqAAbwaZ",
        "type" : "ClassView"
      }
    }, {
      "id" : "RKvjSf6GAqAAbwbJ",
      "type" : "ClassView",
      "modelElement" : {
        "id" : "RKvjSf6GAqAAbwbK",
        "type" : "Class"
      },
      "shape" : {
        "id" : "RKvjSf6GAqAAbwbJ_shape",
        "type" : "Rectangle",
        "x" : 976,
        "y" : 763,
        "width" : 80,
        "height" : 40
      }
    }, {
      "id" : "ZWAjSf6GAqAAbwXC",
      "type" : "ClassView",
      "modelElement" : {
        "id" : "ZWAjSf6GAqAAbwXD",
        "type" : "Class"
      },
      "shape" : {
        "id" : "ZWAjSf6GAqAAbwXC_shape",
        "type" : "Rectangle",
        "x" : 1133,
        "y" : 209,
        "width" : 162,
        "height" : 40
      }
    }, {
      "id" : "bSFzSf6GAqAAbwmE",
      "type" : "RelationView",
      "modelElement" : {
        "id" : "zSFzSf6GAqAAbwl_",
        "type" : "Relation"
      },
      "shape" : {
        "id" : "bSFzSf6GAqAAbwmE_path",
        "type" : "Path",
        "points" : [ {
          "x" : 338,
          "y" : 928
        }, {
          "x" : 1407,
          "y" : 928
        } ]
      },
      "source" : {
        "id" : "vYoTSf6GAqAAbwbq",
        "type" : "ClassView"
      },
      "target" : {
        "id" : "fHgTSf6GAqAAbwbf",
        "type" : "ClassView"
      }
    }, {
      "id" : "ucPjSf6GAqAAbwa.",
      "type" : "ClassView",
      "modelElement" : {
        "id" : "ecPjSf6GAqAAbwa_",
        "type" : "Class"
      },
      "shape" : {
        "id" : "ucPjSf6GAqAAbwa._shape",
        "type" : "Rectangle",
        "x" : 670,
        "y" : 763,
        "width" : 80,
        "height" : 40
      }
    }, {
      "id" : "4bZTSf6GAqAAbweD",
      "type" : "GeneralizationSetView",
      "modelElement" : {
        "id" : "gbZTSf6GAqAAbweB",
        "type" : "GeneralizationSet"
      },
      "shape" : {
        "id" : "4bZTSf6GAqAAbweD_shape",
        "type" : "Text",
        "x" : 364,
        "y" : 247,
        "width" : 70,
        "height" : 28,
        "value" : ""
      }
    }, {
      "id" : "Xi3jSf6GAqAAbwaz",
      "type" : "ClassView",
      "modelElement" : {
        "id" : "Xi3jSf6GAqAAbwa0",
        "type" : "Class"
      },
      "shape" : {
        "id" : "Xi3jSf6GAqAAbwaz_shape",
        "type" : "Rectangle",
        "x" : 828,
        "y" : 689,
        "width" : 80,
        "height" : 40
      }
    }, {
      "id" : "g8gLSf6GAqAAbwny",
      "type" : "GeneralizationView",
      "modelElement" : {
        "id" : "3cgLSf6GAqAAbwnx",
        "type" : "Generalization"
      },
      "shape" : {
        "id" : "g8gLSf6GAqAAbwny_path",
        "type" : "Path",
        "points" : [ {
          "x" : 868,
          "y" : 730
        }, {
          "x" : 868,
          "y" : 753
        }, {
          "x" : 1016,
          "y" : 753
        }, {
          "x" : 1016,
          "y" : 762
        } ]
      },
      "source" : {
        "id" : "Xi3jSf6GAqAAbwaz",
        "type" : "ClassView"
      },
      "target" : {
        "id" : "RKvjSf6GAqAAbwbJ",
        "type" : "ClassView"
      }
    }, {
      "id" : "LFqLSf6GAqAAbwpg",
      "type" : "RelationView",
      "modelElement" : {
        "id" : "jFqLSf6GAqAAbwpb",
        "type" : "Relation"
      },
      "shape" : {
        "id" : "LFqLSf6GAqAAbwpg_path",
        "type" : "Path",
        "points" : [ {
          "x" : 633,
          "y" : 626
        }, {
          "x" : 494,
          "y" : 626
        }, {
          "x" : 494,
          "y" : 580
        } ]
      },
      "source" : {
        "id" : "TCbjSf6GAqAAbwak",
        "type" : "ClassView"
      },
      "target" : {
        "id" : "cI9jSf6GAqAAbwaO",
        "type" : "ClassView"
      }
    }, {
      "id" : "0YkjSf6GAqAAbwX1",
      "type" : "ClassView",
      "modelElement" : {
        "id" : "MYkjSf6GAqAAbwX2",
        "type" : "Class"
      },
      "shape" : {
        "id" : "0YkjSf6GAqAAbwX1_shape",
        "type" : "Rectangle",
        "x" : 527,
        "y" : 300,
        "width" : 101,
        "height" : 40
      }
    }, {
      "id" : "gfwzSf6GAqAAbwhH",
      "type" : "RelationView",
      "modelElement" : {
        "id" : "PvwzSf6GAqAAbwhC",
        "type" : "Relation"
      },
      "shape" : {
        "id" : "gfwzSf6GAqAAbwhH_path",
        "type" : "Path",
        "points" : [ {
          "x" : 1538,
          "y" : 446
        }, {
          "x" : 1538,
          "y" : 329
        }, {
          "x" : 1480,
          "y" : 329
        } ]
      },
      "source" : {
        "id" : "rZ5jSf6GAqAAbwZ6",
        "type" : "ClassView"
      },
      "target" : {
        "id" : "COMjSf6GAqAAbwYL",
        "type" : "ClassView"
      }
    }, {
      "id" : "fHgTSf6GAqAAbwbf",
      "type" : "ClassView",
      "modelElement" : {
        "id" : "fHgTSf6GAqAAbwbg",
        "type" : "Class"
      },
      "shape" : {
        "id" : "fHgTSf6GAqAAbwbf_shape",
        "type" : "Rectangle",
        "x" : 1408,
        "y" : 915,
        "width" : 163,
        "height" : 40
      }
    }, {
      "id" : "yUzjSf6GAqAAbwaZ",
      "type" : "ClassView",
      "modelElement" : {
        "id" : "yUzjSf6GAqAAbwaa",
        "type" : "Class"
      },
      "shape" : {
        "id" : "yUzjSf6GAqAAbwaZ_shape",
        "type" : "Rectangle",
        "x" : 821,
        "y" : 539,
        "width" : 173,
        "height" : 40
      }
    } ]
  } ]
}