{
  "id" : "DM4I8n6AUCQIEQBO",
  "name" : "Value Ontology",
  "description" : null,
  "type" : "Project",
  "model" : {
    "id" : "DM4I8n6AUCQIEQBO_root",
    "name" : "Value Ontology",
    "description" : null,
    "type" : "Package",
    "propertyAssignments" : null,
    "contents" : [ {
      "id" : "Jn3I8n6AUCQIEQWv",
      "name" : "Core Value Ontology",
      "description" : null,
      "type" : "Package",
      "propertyAssignments" : null,
      "contents" : [ {
        "id" : "RpYo8n6AUCQIEQXQ",
        "name" : "Recipient",
        "description" : null,
        "type" : "Class",
        "propertyAssignments" : null,
        "stereotype" : "Agent",
        "isAbstract" : false,
        "isDerived" : false,
        "properties" : null,
        "isExtensional" : null,
        "isPowertype" : null,
        "order" : null,
        "literals" : null,
        "restrictedTo" : null
      }, {
        "id" : "R34o8n6AUCQIEQXb",
        "name" : "Value Proposition",
        "description" : null,
        "type" : "Class",
        "propertyAssignments" : null,
        "stereotype" : "relator",
        "isAbstract" : false,
        "isDerived" : false,
        "properties" : null,
        "isExtensional" : null,
        "isPowertype" : null,
        "order" : null,
        "literals" : null,
        "restrictedTo" : [ "relator" ]
      }, {
        "id" : "Cpko8n6AUCQIEQXm",
        "name" : "Provider",
        "description" : null,
        "type" : "Class",
        "propertyAssignments" : null,
        "stereotype" : "Agent",
        "isAbstract" : false,
        "isDerived" : false,
        "properties" : null,
        "isExtensional" : null,
        "isPowertype" : null,
        "order" : null,
        "literals" : null,
        "restrictedTo" : null
      }, {
        "id" : "42Uo8n6AUCQIEQXx",
        "name" : "Control",
        "description" : null,
        "type" : "Class",
        "propertyAssignments" : null,
        "stereotype" : "relator",
        "isAbstract" : false,
        "isDerived" : false,
        "properties" : null,
        "isExtensional" : null,
        "isPowertype" : null,
        "order" : null,
        "literals" : null,
        "restrictedTo" : [ "relator" ]
      }, {
        "id" : "EwMo8n6AUCQIEQX8",
        "name" : "Resource",
        "description" : null,
        "type" : "Class",
        "propertyAssignments" : null,
        "stereotype" : "object",
        "isAbstract" : false,
        "isDerived" : false,
        "properties" : null,
        "isExtensional" : null,
        "isPowertype" : null,
        "order" : null,
        "literals" : null,
        "restrictedTo" : null
      }, {
        "id" : "BXMo8n6AUCQIEQYH",
        "name" : "Capability",
        "description" : null,
        "type" : "Class",
        "propertyAssignments" : null,
        "stereotype" : "disposition",
        "isAbstract" : false,
        "isDerived" : false,
        "properties" : null,
        "isExtensional" : null,
        "isPowertype" : null,
        "order" : null,
        "literals" : null,
        "restrictedTo" : null
      }, {
        "id" : ".wco8n6AUCQIEQYS",
        "name" : "Action",
        "description" : null,
        "type" : "Class",
        "propertyAssignments" : null,
        "stereotype" : "event",
        "isAbstract" : false,
        "isDerived" : false,
        "properties" : null,
        "isExtensional" : null,
        "isPowertype" : null,
        "order" : null,
        "literals" : null,
        "restrictedTo" : [ "event" ]
      }, {
        "id" : "Vs8o8n6AUCQIEQYd",
        "name" : "Caused State",
        "description" : null,
        "type" : "Class",
        "propertyAssignments" : null,
        "stereotype" : "situation",
        "isAbstract" : false,
        "isDerived" : false,
        "properties" : null,
        "isExtensional" : null,
        "isPowertype" : null,
        "order" : null,
        "literals" : null,
        "restrictedTo" : [ "situation" ]
      }, {
        "id" : "_gio8n6AUCQIEQYo",
        "name" : "Problem Solution",
        "description" : null,
        "type" : "Class",
        "propertyAssignments" : null,
        "stereotype" : "goal",
        "isAbstract" : false,
        "isDerived" : false,
        "properties" : null,
        "isExtensional" : null,
        "isPowertype" : null,
        "order" : null,
        "literals" : null,
        "restrictedTo" : null
      }, {
        "id" : "GySo8n6AUCQIEQYz",
        "name" : "Intention",
        "description" : null,
        "type" : "Class",
        "propertyAssignments" : null,
        "stereotype" : "intention",
        "isAbstract" : false,
        "isDerived" : false,
        "properties" : null,
        "isExtensional" : null,
        "isPowertype" : null,
        "order" : null,
        "literals" : null,
        "restrictedTo" : null
      }, {
        "id" : "FCyo8n6AUCQIEQY.",
        "name" : "Satisfaction Level",
        "description" : null,
        "type" : "Class",
        "propertyAssignments" : null,
        "stereotype" : "belief",
        "isAbstract" : false,
        "isDerived" : false,
        "properties" : null,
        "isExtensional" : null,
        "isPowertype" : null,
        "order" : null,
        "literals" : null,
        "restrictedTo" : null
      }, {
        "id" : "_4qo8n6AUCQIEQZJ",
        "name" : "Value",
        "description" : null,
        "type" : "Class",
        "propertyAssignments" : null,
        "stereotype" : "proposition",
        "isAbstract" : false,
        "isDerived" : false,
        "properties" : null,
        "isExtensional" : null,
        "isPowertype" : null,
        "order" : null,
        "literals" : null,
        "restrictedTo" : null
      }, {
        "id" : "IdiY8n6AUCQIEQdK",
        "name" : "receives",
        "description" : null,
        "type" : "Relation",
        "propertyAssignments" : null,
        "stereotype" : null,
        "isAbstract" : false,
        "isDerived" : false,
        "properties" : [ {
          "id" : "MdiY8n6AUCQIEQdM",
          "name" : null,
          "description" : null,
          "type" : "Property",
          "propertyAssignments" : null,
          "stereotype" : null,
          "isDerived" : false,
          "isReadOnly" : false,
          "isOrdered" : false,
          "cardinality" : "*",
          "propertyType" : {
            "id" : "RpYo8n6AUCQIEQXQ",
            "type" : "Class"
          },
          "subsettedProperties" : null,
          "redefinedProperties" : null,
          "aggregationKind" : "NONE"
        }, {
          "id" : "8diY8n6AUCQIEQdP",
          "name" : null,
          "description" : null,
          "type" : "Property",
          "propertyAssignments" : null,
          "stereotype" : null,
          "isDerived" : false,
          "isReadOnly" : false,
          "isOrdered" : false,
          "cardinality" : "*",
          "propertyType" : {
            "id" : "R34o8n6AUCQIEQXb",
            "type" : "Class"
          },
          "subsettedProperties" : null,
          "redefinedProperties" : null,
          "aggregationKind" : "NONE"
        } ]
      }, {
        "id" : "JxKY8n6AUCQIEQdf",
        "name" : "providesbb",
        "description" : null,
        "type" : "Relation",
        "propertyAssignments" : null,
        "stereotype" : null,
        "isAbstract" : false,
        "isDerived" : false,
        "properties" : [ {
          "id" : "JxKY8n6AUCQIEQdg",
          "name" : null,
          "description" : null,
          "type" : "Property",
          "propertyAssignments" : null,
          "stereotype" : null,
          "isDerived" : false,
          "isReadOnly" : false,
          "isOrdered" : false,
          "cardinality" : "*",
          "propertyType" : {
            "id" : "Cpko8n6AUCQIEQXm",
            "type" : "Class"
          },
          "subsettedProperties" : null,
          "redefinedProperties" : null,
          "aggregationKind" : "NONE"
        }, {
          "id" : "JxKY8n6AUCQIEQdi",
          "name" : null,
          "description" : null,
          "type" : "Property",
          "propertyAssignments" : null,
          "stereotype" : null,
          "isDerived" : false,
          "isReadOnly" : false,
          "isOrdered" : false,
          "cardinality" : "*",
          "propertyType" : {
            "id" : "R34o8n6AUCQIEQXb",
            "type" : "Class"
          },
          "subsettedProperties" : null,
          "redefinedProperties" : null,
          "aggregationKind" : "NONE"
        } ]
      }, {
        "id" : "XvaY8n6AUCQIEQdt",
        "name" : "mediates",
        "description" : null,
        "type" : "Relation",
        "propertyAssignments" : null,
        "stereotype" : null,
        "isAbstract" : false,
        "isDerived" : false,
        "properties" : [ {
          "id" : "XvaY8n6AUCQIEQdu",
          "name" : null,
          "description" : null,
          "type" : "Property",
          "propertyAssignments" : null,
          "stereotype" : null,
          "isDerived" : false,
          "isReadOnly" : false,
          "isOrdered" : false,
          "cardinality" : "*",
          "propertyType" : {
            "id" : "42Uo8n6AUCQIEQXx",
            "type" : "Class"
          },
          "subsettedProperties" : null,
          "redefinedProperties" : null,
          "aggregationKind" : "NONE"
        }, {
          "id" : "XvaY8n6AUCQIEQdw",
          "name" : null,
          "description" : null,
          "type" : "Property",
          "propertyAssignments" : null,
          "stereotype" : null,
          "isDerived" : false,
          "isReadOnly" : false,
          "isOrdered" : false,
          "cardinality" : "*",
          "propertyType" : {
            "id" : "Cpko8n6AUCQIEQXm",
            "type" : "Class"
          },
          "subsettedProperties" : null,
          "redefinedProperties" : null,
          "aggregationKind" : "NONE"
        } ]
      }, {
        "id" : "IzGY8n6AUCQIEQd3",
        "name" : "mediates",
        "description" : null,
        "type" : "Relation",
        "propertyAssignments" : null,
        "stereotype" : null,
        "isAbstract" : false,
        "isDerived" : false,
        "properties" : [ {
          "id" : "IzGY8n6AUCQIEQd4",
          "name" : null,
          "description" : null,
          "type" : "Property",
          "propertyAssignments" : null,
          "stereotype" : null,
          "isDerived" : false,
          "isReadOnly" : false,
          "isOrdered" : false,
          "cardinality" : "*",
          "propertyType" : {
            "id" : "42Uo8n6AUCQIEQXx",
            "type" : "Class"
          },
          "subsettedProperties" : null,
          "redefinedProperties" : null,
          "aggregationKind" : "NONE"
        }, {
          "id" : "IzGY8n6AUCQIEQd6",
          "name" : null,
          "description" : null,
          "type" : "Property",
          "propertyAssignments" : null,
          "stereotype" : null,
          "isDerived" : false,
          "isReadOnly" : false,
          "isOrdered" : false,
          "cardinality" : "*",
          "propertyType" : {
            "id" : "EwMo8n6AUCQIEQX8",
            "type" : "Class"
          },
          "subsettedProperties" : null,
          "redefinedProperties" : null,
          "aggregationKind" : "NONE"
        } ]
      }, {
        "id" : "r6WY8n6AUCQIEQeB",
        "name" : "inheres in",
        "description" : null,
        "type" : "Relation",
        "propertyAssignments" : null,
        "stereotype" : null,
        "isAbstract" : false,
        "isDerived" : false,
        "properties" : [ {
          "id" : "r6WY8n6AUCQIEQeC",
          "name" : null,
          "description" : null,
          "type" : "Property",
          "propertyAssignments" : null,
          "stereotype" : null,
          "isDerived" : false,
          "isReadOnly" : false,
          "isOrdered" : false,
          "cardinality" : "*",
          "propertyType" : {
            "id" : "BXMo8n6AUCQIEQYH",
            "type" : "Class"
          },
          "subsettedProperties" : null,
          "redefinedProperties" : null,
          "aggregationKind" : "NONE"
        }, {
          "id" : "r6WY8n6AUCQIEQeE",
          "name" : null,
          "description" : null,
          "type" : "Property",
          "propertyAssignments" : null,
          "stereotype" : null,
          "isDerived" : false,
          "isReadOnly" : false,
          "isOrdered" : false,
          "cardinality" : "*",
          "propertyType" : {
            "id" : "EwMo8n6AUCQIEQX8",
            "type" : "Class"
          },
          "subsettedProperties" : null,
          "redefinedProperties" : null,
          "aggregationKind" : "NONE"
        } ]
      }, {
        "id" : "myuY8n6AUCQIEQeL",
        "name" : "manifested by",
        "description" : null,
        "type" : "Relation",
        "propertyAssignments" : null,
        "stereotype" : null,
        "isAbstract" : false,
        "isDerived" : false,
        "properties" : [ {
          "id" : "myuY8n6AUCQIEQeM",
          "name" : null,
          "description" : null,
          "type" : "Property",
          "propertyAssignments" : null,
          "stereotype" : null,
          "isDerived" : false,
          "isReadOnly" : false,
          "isOrdered" : false,
          "cardinality" : "*",
          "propertyType" : {
            "id" : ".wco8n6AUCQIEQYS",
            "type" : "Class"
          },
          "subsettedProperties" : null,
          "redefinedProperties" : null,
          "aggregationKind" : "NONE"
        }, {
          "id" : "myuY8n6AUCQIEQeO",
          "name" : null,
          "description" : null,
          "type" : "Property",
          "propertyAssignments" : null,
          "stereotype" : null,
          "isDerived" : false,
          "isReadOnly" : false,
          "isOrdered" : false,
          "cardinality" : "*",
          "propertyType" : {
            "id" : "BXMo8n6AUCQIEQYH",
            "type" : "Class"
          },
          "subsettedProperties" : null,
          "redefinedProperties" : null,
          "aggregationKind" : "NONE"
        } ]
      }, {
        "id" : "rl.Y8n6AUCQIEQeZ",
        "name" : "is post state",
        "description" : null,
        "type" : "Relation",
        "propertyAssignments" : null,
        "stereotype" : null,
        "isAbstract" : false,
        "isDerived" : false,
        "properties" : [ {
          "id" : "rl.Y8n6AUCQIEQea",
          "name" : null,
          "description" : null,
          "type" : "Property",
          "propertyAssignments" : null,
          "stereotype" : null,
          "isDerived" : false,
          "isReadOnly" : false,
          "isOrdered" : false,
          "cardinality" : "*",
          "propertyType" : {
            "id" : "Vs8o8n6AUCQIEQYd",
            "type" : "Class"
          },
          "subsettedProperties" : null,
          "redefinedProperties" : null,
          "aggregationKind" : "NONE"
        }, {
          "id" : "rl.Y8n6AUCQIEQec",
          "name" : null,
          "description" : null,
          "type" : "Property",
          "propertyAssignments" : null,
          "stereotype" : null,
          "isDerived" : false,
          "isReadOnly" : false,
          "isOrdered" : false,
          "cardinality" : "*",
          "propertyType" : {
            "id" : ".wco8n6AUCQIEQYS",
            "type" : "Class"
          },
          "subsettedProperties" : null,
          "redefinedProperties" : null,
          "aggregationKind" : "NONE"
        } ]
      }, {
        "id" : "e9dY8n6AUCQIEQfj",
        "name" : "refers to",
        "description" : null,
        "type" : "Relation",
        "propertyAssignments" : null,
        "stereotype" : null,
        "isAbstract" : false,
        "isDerived" : false,
        "properties" : [ {
          "id" : "e9dY8n6AUCQIEQfk",
          "name" : null,
          "description" : null,
          "type" : "Property",
          "propertyAssignments" : null,
          "stereotype" : null,
          "isDerived" : false,
          "isReadOnly" : false,
          "isOrdered" : false,
          "cardinality" : "*",
          "propertyType" : {
            "id" : "_4qo8n6AUCQIEQZJ",
            "type" : "Class"
          },
          "subsettedProperties" : null,
          "redefinedProperties" : null,
          "aggregationKind" : "NONE"
        }, {
          "id" : "e9dY8n6AUCQIEQfm",
          "name" : null,
          "description" : null,
          "type" : "Property",
          "propertyAssignments" : null,
          "stereotype" : null,
          "isDerived" : false,
          "isReadOnly" : false,
          "isOrdered" : false,
          "cardinality" : "*",
          "propertyType" : {
            "id" : "Vs8o8n6AUCQIEQYd",
            "type" : "Class"
          },
          "subsettedProperties" : null,
          "redefinedProperties" : null,
          "aggregationKind" : "NONE"
        } ]
      }, {
        "id" : "uszY8n6AUCQIEQf9",
        "name" : "refers to",
        "description" : null,
        "type" : "Relation",
        "propertyAssignments" : null,
        "stereotype" : null,
        "isAbstract" : false,
        "isDerived" : false,
        "properties" : [ {
          "id" : "uszY8n6AUCQIEQf.",
          "name" : null,
          "description" : null,
          "type" : "Property",
          "propertyAssignments" : null,
          "stereotype" : null,
          "isDerived" : false,
          "isReadOnly" : false,
          "isOrdered" : false,
          "cardinality" : "*",
          "propertyType" : {
            "id" : "_4qo8n6AUCQIEQZJ",
            "type" : "Class"
          },
          "subsettedProperties" : null,
          "redefinedProperties" : null,
          "aggregationKind" : "NONE"
        }, {
          "id" : "uszY8n6AUCQIEQgA",
          "name" : null,
          "description" : null,
          "type" : "Property",
          "propertyAssignments" : null,
          "stereotype" : null,
          "isDerived" : false,
          "isReadOnly" : false,
          "isOrdered" : false,
          "cardinality" : "*",
          "propertyType" : {
            "id" : "_gio8n6AUCQIEQYo",
            "type" : "Class"
          },
          "subsettedProperties" : null,
          "redefinedProperties" : null,
          "aggregationKind" : "NONE"
        } ]
      }, {
        "id" : "ePLY8n6AUCQIEQgH",
        "name" : "satisfied by",
        "description" : null,
        "type" : "Relation",
        "propertyAssignments" : null,
        "stereotype" : null,
        "isAbstract" : false,
        "isDerived" : false,
        "properties" : [ {
          "id" : "ePLY8n6AUCQIEQgI",
          "name" : null,
          "description" : null,
          "type" : "Property",
          "propertyAssignments" : null,
          "stereotype" : null,
          "isDerived" : false,
          "isReadOnly" : false,
          "isOrdered" : false,
          "cardinality" : "*",
          "propertyType" : {
            "id" : "_gio8n6AUCQIEQYo",
            "type" : "Class"
          },
          "subsettedProperties" : null,
          "redefinedProperties" : null,
          "aggregationKind" : "NONE"
        }, {
          "id" : "ePLY8n6AUCQIEQgK",
          "name" : null,
          "description" : null,
          "type" : "Property",
          "propertyAssignments" : null,
          "stereotype" : null,
          "isDerived" : false,
          "isReadOnly" : false,
          "isOrdered" : false,
          "cardinality" : "*",
          "propertyType" : {
            "id" : "Vs8o8n6AUCQIEQYd",
            "type" : "Class"
          },
          "subsettedProperties" : null,
          "redefinedProperties" : null,
          "aggregationKind" : "NONE"
        } ]
      }, {
        "id" : "WMHY8n6AUCQIEQgf",
        "name" : "propositional content of",
        "description" : null,
        "type" : "Relation",
        "propertyAssignments" : null,
        "stereotype" : null,
        "isAbstract" : false,
        "isDerived" : false,
        "properties" : [ {
          "id" : "WMHY8n6AUCQIEQgg",
          "name" : null,
          "description" : null,
          "type" : "Property",
          "propertyAssignments" : null,
          "stereotype" : null,
          "isDerived" : false,
          "isReadOnly" : false,
          "isOrdered" : false,
          "cardinality" : "*",
          "propertyType" : {
            "id" : "_gio8n6AUCQIEQYo",
            "type" : "Class"
          },
          "subsettedProperties" : null,
          "redefinedProperties" : null,
          "aggregationKind" : "NONE"
        }, {
          "id" : "WMHY8n6AUCQIEQgi",
          "name" : null,
          "description" : null,
          "type" : "Property",
          "propertyAssignments" : null,
          "stereotype" : null,
          "isDerived" : false,
          "isReadOnly" : false,
          "isOrdered" : false,
          "cardinality" : "*",
          "propertyType" : {
            "id" : "GySo8n6AUCQIEQYz",
            "type" : "Class"
          },
          "subsettedProperties" : null,
          "redefinedProperties" : null,
          "aggregationKind" : "NONE"
        } ]
      }, {
        "id" : "GBfY8n6AUCQIEQg7",
        "name" : "bears",
        "description" : null,
        "type" : "Relation",
        "propertyAssignments" : null,
        "stereotype" : null,
        "isAbstract" : false,
        "isDerived" : false,
        "properties" : [ {
          "id" : "GBfY8n6AUCQIEQg8",
          "name" : null,
          "description" : null,
          "type" : "Property",
          "propertyAssignments" : null,
          "stereotype" : null,
          "isDerived" : false,
          "isReadOnly" : false,
          "isOrdered" : false,
          "cardinality" : "*",
          "propertyType" : {
            "id" : "RpYo8n6AUCQIEQXQ",
            "type" : "Class"
          },
          "subsettedProperties" : null,
          "redefinedProperties" : null,
          "aggregationKind" : "NONE"
        }, {
          "id" : "GBfY8n6AUCQIEQg.",
          "name" : null,
          "description" : null,
          "type" : "Property",
          "propertyAssignments" : null,
          "stereotype" : null,
          "isDerived" : false,
          "isReadOnly" : false,
          "isOrdered" : false,
          "cardinality" : "*",
          "propertyType" : {
            "id" : "GySo8n6AUCQIEQYz",
            "type" : "Class"
          },
          "subsettedProperties" : null,
          "redefinedProperties" : null,
          "aggregationKind" : "NONE"
        } ]
      }, {
        "id" : "Tj_Y8n6AUCQIEQhF",
        "name" : "bears",
        "description" : null,
        "type" : "Relation",
        "propertyAssignments" : null,
        "stereotype" : null,
        "isAbstract" : false,
        "isDerived" : false,
        "properties" : [ {
          "id" : "Tj_Y8n6AUCQIEQhG",
          "name" : null,
          "description" : null,
          "type" : "Property",
          "propertyAssignments" : null,
          "stereotype" : null,
          "isDerived" : false,
          "isReadOnly" : false,
          "isOrdered" : false,
          "cardinality" : "*",
          "propertyType" : {
            "id" : "RpYo8n6AUCQIEQXQ",
            "type" : "Class"
          },
          "subsettedProperties" : null,
          "redefinedProperties" : null,
          "aggregationKind" : "NONE"
        }, {
          "id" : "Tj_Y8n6AUCQIEQhI",
          "name" : null,
          "description" : null,
          "type" : "Property",
          "propertyAssignments" : null,
          "stereotype" : null,
          "isDerived" : false,
          "isReadOnly" : false,
          "isOrdered" : false,
          "cardinality" : "*",
          "propertyType" : {
            "id" : "FCyo8n6AUCQIEQY.",
            "type" : "Class"
          },
          "subsettedProperties" : null,
          "redefinedProperties" : null,
          "aggregationKind" : "NONE"
        } ]
      }, {
        "id" : "aqg48n6AUCQIEQhP",
        "name" : "mediates",
        "description" : null,
        "type" : "Relation",
        "propertyAssignments" : null,
        "stereotype" : null,
        "isAbstract" : false,
        "isDerived" : false,
        "properties" : [ {
          "id" : "aqg48n6AUCQIEQhQ",
          "name" : null,
          "description" : null,
          "type" : "Property",
          "propertyAssignments" : null,
          "stereotype" : null,
          "isDerived" : false,
          "isReadOnly" : false,
          "isOrdered" : false,
          "cardinality" : "*",
          "propertyType" : {
            "id" : "42Uo8n6AUCQIEQXx",
            "type" : "Class"
          },
          "subsettedProperties" : null,
          "redefinedProperties" : null,
          "aggregationKind" : "NONE"
        }, {
          "id" : "aqg48n6AUCQIEQhS",
          "name" : null,
          "description" : null,
          "type" : "Property",
          "propertyAssignments" : null,
          "stereotype" : null,
          "isDerived" : false,
          "isReadOnly" : false,
          "isOrdered" : false,
          "cardinality" : "*",
          "propertyType" : {
            "id" : "RpYo8n6AUCQIEQXQ",
            "type" : "Class"
          },
          "subsettedProperties" : null,
          "redefinedProperties" : null,
          "aggregationKind" : "NONE"
        } ]
      }, {
        "id" : "MyI48n6AUCQIEQhf",
        "name" : "propositional content of",
        "description" : null,
        "type" : "Relation",
        "propertyAssignments" : null,
        "stereotype" : null,
        "isAbstract" : false,
        "isDerived" : false,
        "properties" : [ {
          "id" : "MyI48n6AUCQIEQhg",
          "name" : null,
          "description" : null,
          "type" : "Property",
          "propertyAssignments" : null,
          "stereotype" : null,
          "isDerived" : false,
          "isReadOnly" : false,
          "isOrdered" : false,
          "cardinality" : "*",
          "propertyType" : {
            "id" : "_4qo8n6AUCQIEQZJ",
            "type" : "Class"
          },
          "subsettedProperties" : null,
          "redefinedProperties" : null,
          "aggregationKind" : "NONE"
        }, {
          "id" : "MyI48n6AUCQIEQhi",
          "name" : null,
          "description" : null,
          "type" : "Property",
          "propertyAssignments" : null,
          "stereotype" : null,
          "isDerived" : false,
          "isReadOnly" : false,
          "isOrdered" : false,
          "cardinality" : "*",
          "propertyType" : {
            "id" : "FCyo8n6AUCQIEQY.",
            "type" : "Class"
          },
          "subsettedProperties" : null,
          "redefinedProperties" : null,
          "aggregationKind" : "NONE"
        } ]
      } ]
    } ]
  },
  "diagrams" : [ {
    "id" : "kpIo8n6AUCQIEQW8",
    "name" : "Core Value Ontology",
    "description" : null,
    "type" : "Diagram",
    "owner" : {
      "id" : "Jn3I8n6AUCQIEQWv",
      "type" : "Package"
    },
    "contents" : [ {
      "id" : "YfaY8n6AUCQIEQdy",
      "type" : "RelationView",
      "modelElement" : {
        "id" : "XvaY8n6AUCQIEQdt",
        "type" : "Relation"
      },
      "shape" : {
        "id" : "YfaY8n6AUCQIEQdy_path",
        "type" : "Path",
        "points" : [ {
          "x" : 702,
          "y" : 235
        }, {
          "x" : 702,
          "y" : 122
        } ]
      },
      "source" : {
        "id" : "42Uo8n6AUCQIEQXw",
        "type" : "ClassView"
      },
      "target" : {
        "id" : "Cpko8n6AUCQIEQXl",
        "type" : "ClassView"
      }
    }, {
      "id" : "RPLY8n6AUCQIEQgM",
      "type" : "RelationView",
      "modelElement" : {
        "id" : "ePLY8n6AUCQIEQgH",
        "type" : "Relation"
      },
      "shape" : {
        "id" : "RPLY8n6AUCQIEQgM_path",
        "type" : "Path",
        "points" : [ {
          "x" : 240,
          "y" : 716
        }, {
          "x" : 652,
          "y" : 716
        } ]
      },
      "source" : {
        "id" : "_gio8n6AUCQIEQYn",
        "type" : "ClassView"
      },
      "target" : {
        "id" : "Vs8o8n6AUCQIEQYc",
        "type" : "ClassView"
      }
    }, {
      "id" : "2yI48n6AUCQIEQhk",
      "type" : "RelationView",
      "modelElement" : {
        "id" : "MyI48n6AUCQIEQhf",
        "type" : "Relation"
      },
      "shape" : {
        "id" : "2yI48n6AUCQIEQhk_path",
        "type" : "Path",
        "points" : [ {
          "x" : 454,
          "y" : 573
        }, {
          "x" : 454,
          "y" : 395
        } ]
      },
      "source" : {
        "id" : "_4qo8n6AUCQIEQZI",
        "type" : "ClassView"
      },
      "target" : {
        "id" : "5Cyo8n6AUCQIEQY9",
        "type" : "ClassView"
      }
    }, {
      "id" : "BXMo8n6AUCQIEQYG",
      "type" : "ClassView",
      "modelElement" : {
        "id" : "BXMo8n6AUCQIEQYH",
        "type" : "Class"
      },
      "shape" : {
        "id" : "BXMo8n6AUCQIEQYG_shape",
        "type" : "Rectangle",
        "x" : 685,
        "y" : 479,
        "width" : 105,
        "height" : 40
      }
    }, {
      "id" : "Tj_Y8n6AUCQIEQhK",
      "type" : "RelationView",
      "modelElement" : {
        "id" : "Tj_Y8n6AUCQIEQhF",
        "type" : "Relation"
      },
      "shape" : {
        "id" : "Tj_Y8n6AUCQIEQhK_path",
        "type" : "Path",
        "points" : [ {
          "x" : 247,
          "y" : 122
        }, {
          "x" : 396,
          "y" : 353
        } ]
      },
      "source" : {
        "id" : "2pYo8n6AUCQIEQXP",
        "type" : "ClassView"
      },
      "target" : {
        "id" : "5Cyo8n6AUCQIEQY9",
        "type" : "ClassView"
      }
    }, {
      "id" : "Vs8o8n6AUCQIEQYc",
      "type" : "ClassView",
      "modelElement" : {
        "id" : "Vs8o8n6AUCQIEQYd",
        "type" : "Class"
      },
      "shape" : {
        "id" : "Vs8o8n6AUCQIEQYc_shape",
        "type" : "Rectangle",
        "x" : 653,
        "y" : 701,
        "width" : 92,
        "height" : 40
      }
    }, {
      "id" : "Wqg48n6AUCQIEQhU",
      "type" : "RelationView",
      "modelElement" : {
        "id" : "aqg48n6AUCQIEQhP",
        "type" : "Relation"
      },
      "shape" : {
        "id" : "Wqg48n6AUCQIEQhU_path",
        "type" : "Path",
        "points" : [ {
          "x" : 666,
          "y" : 236
        }, {
          "x" : 247,
          "y" : 121
        } ]
      },
      "source" : {
        "id" : "42Uo8n6AUCQIEQXw",
        "type" : "ClassView"
      },
      "target" : {
        "id" : "2pYo8n6AUCQIEQXP",
        "type" : "ClassView"
      }
    }, {
      "id" : "4wMo8n6AUCQIEQX7",
      "type" : "ClassView",
      "modelElement" : {
        "id" : "EwMo8n6AUCQIEQX8",
        "type" : "Class"
      },
      "shape" : {
        "id" : "4wMo8n6AUCQIEQX7_shape",
        "type" : "Rectangle",
        "x" : 822,
        "y" : 377,
        "width" : 80,
        "height" : 40
      }
    }, {
      "id" : "R34o8n6AUCQIEQXa",
      "type" : "ClassView",
      "modelElement" : {
        "id" : "R34o8n6AUCQIEQXb",
        "type" : "Class"
      },
      "shape" : {
        "id" : "R34o8n6AUCQIEQXa_shape",
        "type" : "Rectangle",
        "x" : 397,
        "y" : 81,
        "width" : 104,
        "height" : 40
      }
    }, {
      "id" : ".diY8n6AUCQIEQdR",
      "type" : "RelationView",
      "modelElement" : {
        "id" : "IdiY8n6AUCQIEQdK",
        "type" : "Relation"
      },
      "shape" : {
        "id" : ".diY8n6AUCQIEQdR_path",
        "type" : "Path",
        "points" : [ {
          "x" : 247,
          "y" : 101
        }, {
          "x" : 396,
          "y" : 101
        } ]
      },
      "source" : {
        "id" : "2pYo8n6AUCQIEQXP",
        "type" : "ClassView"
      },
      "target" : {
        "id" : "R34o8n6AUCQIEQXa",
        "type" : "ClassView"
      }
    }, {
      "id" : "2pYo8n6AUCQIEQXP",
      "type" : "ClassView",
      "modelElement" : {
        "id" : "RpYo8n6AUCQIEQXQ",
        "type" : "Class"
      },
      "shape" : {
        "id" : "2pYo8n6AUCQIEQXP_shape",
        "type" : "Rectangle",
        "x" : 142,
        "y" : 81,
        "width" : 104,
        "height" : 40
      }
    }, {
      "id" : "VxKY8n6AUCQIEQdk",
      "type" : "RelationView",
      "modelElement" : {
        "id" : "JxKY8n6AUCQIEQdf",
        "type" : "Relation"
      },
      "shape" : {
        "id" : "VxKY8n6AUCQIEQdk_path",
        "type" : "Path",
        "points" : [ {
          "x" : 660,
          "y" : 99
        }, {
          "x" : 502,
          "y" : 99
        } ]
      },
      "source" : {
        "id" : "Cpko8n6AUCQIEQXl",
        "type" : "ClassView"
      },
      "target" : {
        "id" : "R34o8n6AUCQIEQXa",
        "type" : "ClassView"
      }
    }, {
      "id" : "hMHY8n6AUCQIEQgk",
      "type" : "RelationView",
      "modelElement" : {
        "id" : "WMHY8n6AUCQIEQgf",
        "type" : "Relation"
      },
      "shape" : {
        "id" : "hMHY8n6AUCQIEQgk_path",
        "type" : "Path",
        "points" : [ {
          "x" : 187,
          "y" : 700
        }, {
          "x" : 187,
          "y" : 458
        } ]
      },
      "source" : {
        "id" : "_gio8n6AUCQIEQYn",
        "type" : "ClassView"
      },
      "target" : {
        "id" : "6ySo8n6AUCQIEQYy",
        "type" : "ClassView"
      }
    }, {
      "id" : "_4qo8n6AUCQIEQZI",
      "type" : "ClassView",
      "modelElement" : {
        "id" : "_4qo8n6AUCQIEQZJ",
        "type" : "Class"
      },
      "shape" : {
        "id" : "_4qo8n6AUCQIEQZI_shape",
        "type" : "Rectangle",
        "x" : 417,
        "y" : 574,
        "width" : 107,
        "height" : 40
      }
    }, {
      "id" : "x9dY8n6AUCQIEQfo",
      "type" : "RelationView",
      "modelElement" : {
        "id" : "e9dY8n6AUCQIEQfj",
        "type" : "Relation"
      },
      "shape" : {
        "id" : "x9dY8n6AUCQIEQfo_path",
        "type" : "Path",
        "points" : [ {
          "x" : 525,
          "y" : 615
        }, {
          "x" : 652,
          "y" : 700
        } ]
      },
      "source" : {
        "id" : "_4qo8n6AUCQIEQZI",
        "type" : "ClassView"
      },
      "target" : {
        "id" : "Vs8o8n6AUCQIEQYc",
        "type" : "ClassView"
      }
    }, {
      "id" : "n6WY8n6AUCQIEQeG",
      "type" : "RelationView",
      "modelElement" : {
        "id" : "r6WY8n6AUCQIEQeB",
        "type" : "Relation"
      },
      "shape" : {
        "id" : "n6WY8n6AUCQIEQeG_path",
        "type" : "Path",
        "points" : [ {
          "x" : 790,
          "y" : 478
        }, {
          "x" : 822,
          "y" : 418
        } ]
      },
      "source" : {
        "id" : "BXMo8n6AUCQIEQYG",
        "type" : "ClassView"
      },
      "target" : {
        "id" : "4wMo8n6AUCQIEQX7",
        "type" : "ClassView"
      }
    }, {
      "id" : "nl.Y8n6AUCQIEQee",
      "type" : "RelationView",
      "modelElement" : {
        "id" : "rl.Y8n6AUCQIEQeZ",
        "type" : "Relation"
      },
      "shape" : {
        "id" : "nl.Y8n6AUCQIEQee_path",
        "type" : "Path",
        "points" : [ {
          "x" : 746,
          "y" : 700
        }, {
          "x" : 821,
          "y" : 631
        } ]
      },
      "source" : {
        "id" : "Vs8o8n6AUCQIEQYc",
        "type" : "ClassView"
      },
      "target" : {
        "id" : ".wco8n6AUCQIEQYR",
        "type" : "ClassView"
      }
    }, {
      "id" : "sKuY8n6AUCQIEQeQ",
      "type" : "RelationView",
      "modelElement" : {
        "id" : "myuY8n6AUCQIEQeL",
        "type" : "Relation"
      },
      "shape" : {
        "id" : "sKuY8n6AUCQIEQeQ_path",
        "type" : "Path",
        "points" : [ {
          "x" : 822,
          "y" : 589
        }, {
          "x" : 790,
          "y" : 520
        } ]
      },
      "source" : {
        "id" : ".wco8n6AUCQIEQYR",
        "type" : "ClassView"
      },
      "target" : {
        "id" : "BXMo8n6AUCQIEQYG",
        "type" : "ClassView"
      }
    }, {
      "id" : "_gio8n6AUCQIEQYn",
      "type" : "ClassView",
      "modelElement" : {
        "id" : "_gio8n6AUCQIEQYo",
        "type" : "Class"
      },
      "shape" : {
        "id" : "_gio8n6AUCQIEQYn_shape",
        "type" : "Rectangle",
        "x" : 137,
        "y" : 701,
        "width" : 102,
        "height" : 40
      }
    }, {
      "id" : "Cpko8n6AUCQIEQXl",
      "type" : "ClassView",
      "modelElement" : {
        "id" : "Cpko8n6AUCQIEQXm",
        "type" : "Class"
      },
      "shape" : {
        "id" : "Cpko8n6AUCQIEQXl_shape",
        "type" : "Rectangle",
        "x" : 661,
        "y" : 81,
        "width" : 104,
        "height" : 40
      }
    }, {
      "id" : "42Uo8n6AUCQIEQXw",
      "type" : "ClassView",
      "modelElement" : {
        "id" : "42Uo8n6AUCQIEQXx",
        "type" : "Class"
      },
      "shape" : {
        "id" : "42Uo8n6AUCQIEQXw_shape",
        "type" : "Rectangle",
        "x" : 667,
        "y" : 236,
        "width" : 80,
        "height" : 40
      }
    }, {
      "id" : "6ySo8n6AUCQIEQYy",
      "type" : "ClassView",
      "modelElement" : {
        "id" : "GySo8n6AUCQIEQYz",
        "type" : "Class"
      },
      "shape" : {
        "id" : "6ySo8n6AUCQIEQYy_shape",
        "type" : "Rectangle",
        "x" : 148,
        "y" : 417,
        "width" : 93,
        "height" : 40
      }
    }, {
      "id" : "5Cyo8n6AUCQIEQY9",
      "type" : "ClassView",
      "modelElement" : {
        "id" : "FCyo8n6AUCQIEQY.",
        "type" : "Class"
      },
      "shape" : {
        "id" : "5Cyo8n6AUCQIEQY9_shape",
        "type" : "Rectangle",
        "x" : 397,
        "y" : 354,
        "width" : 110,
        "height" : 40
      }
    }, {
      "id" : ".wco8n6AUCQIEQYR",
      "type" : "ClassView",
      "modelElement" : {
        "id" : ".wco8n6AUCQIEQYS",
        "type" : "Class"
      },
      "shape" : {
        "id" : ".wco8n6AUCQIEQYR_shape",
        "type" : "Rectangle",
        "x" : 822,
        "y" : 590,
        "width" : 80,
        "height" : 40
      }
    }, {
      "id" : "hszY8n6AUCQIEQgC",
      "type" : "RelationView",
      "modelElement" : {
        "id" : "uszY8n6AUCQIEQf9",
        "type" : "Relation"
      },
      "shape" : {
        "id" : "hszY8n6AUCQIEQgC_path",
        "type" : "Path",
        "points" : [ {
          "x" : 416,
          "y" : 614
        }, {
          "x" : 240,
          "y" : 701
        } ]
      },
      "source" : {
        "id" : "_4qo8n6AUCQIEQZI",
        "type" : "ClassView"
      },
      "target" : {
        "id" : "_gio8n6AUCQIEQYn",
        "type" : "ClassView"
      }
    }, {
      "id" : "5BfY8n6AUCQIEQhA",
      "type" : "RelationView",
      "modelElement" : {
        "id" : "GBfY8n6AUCQIEQg7",
        "type" : "Relation"
      },
      "shape" : {
        "id" : "5BfY8n6AUCQIEQhA_path",
        "type" : "Path",
        "points" : [ {
          "x" : 185,
          "y" : 122
        }, {
          "x" : 185,
          "y" : 416
        } ]
      },
      "source" : {
        "id" : "2pYo8n6AUCQIEQXP",
        "type" : "ClassView"
      },
      "target" : {
        "id" : "6ySo8n6AUCQIEQYy",
        "type" : "ClassView"
      }
    }, {
      "id" : "kzGY8n6AUCQIEQd8",
      "type" : "RelationView",
      "modelElement" : {
        "id" : "IzGY8n6AUCQIEQd3",
        "type" : "Relation"
      },
      "shape" : {
        "id" : "kzGY8n6AUCQIEQd8_path",
        "type" : "Path",
        "points" : [ {
          "x" : 748,
          "y" : 277
        }, {
          "x" : 821,
          "y" : 376
        } ]
      },
      "source" : {
        "id" : "42Uo8n6AUCQIEQXw",
        "type" : "ClassView"
      },
      "target" : {
        "id" : "4wMo8n6AUCQIEQX7",
        "type" : "ClassView"
      }
    } ]
  } ]
}