{
  "id" : "jF5Jn8GGAqACSCCX",
  "name" : "Short version ER Model Class Diagram",
  "description" : null,
  "type" : "Project",
  "model" : {
    "id" : "jF5Jn8GGAqACSCCX_root",
    "name" : "Short version ER Model Class Diagram",
    "description" : null,
    "type" : "Package",
    "propertyAssignments" : null,
    "contents" : [ {
      "id" : "Cc4bQGGGAqAAEQsP",
      "name" : "UFO",
      "description" : null,
      "type" : "Package",
      "propertyAssignments" : null,
      "contents" : [ {
        "id" : "ajB86D6GAqACRRJz",
        "name" : "Social Object",
        "description" : null,
        "type" : "Class",
        "propertyAssignments" : null,
        "stereotype" : "category",
        "isAbstract" : false,
        "isDerived" : false,
        "properties" : null,
        "isExtensional" : false,
        "isPowertype" : null,
        "order" : null,
        "literals" : null,
        "restrictedTo" : [ "functional-complex" ]
      }, {
        "id" : "MaO86D6GAqACRRJq",
        "name" : "Physical Object",
        "description" : null,
        "type" : "Class",
        "propertyAssignments" : null,
        "stereotype" : "category",
        "isAbstract" : false,
        "isDerived" : false,
        "properties" : null,
        "isExtensional" : false,
        "isPowertype" : null,
        "order" : null,
        "literals" : null,
        "restrictedTo" : [ "functional-complex" ]
      }, {
        "id" : "Cmd5SJ6AUtQ8ZQ7Y",
        "name" : "Object",
        "description" : null,
        "type" : "Class",
        "propertyAssignments" : null,
        "stereotype" : "category",
        "isAbstract" : false,
        "isDerived" : false,
        "properties" : null,
        "isExtensional" : false,
        "isPowertype" : null,
        "order" : null,
        "literals" : null,
        "restrictedTo" : [ "functional-complex" ]
      }, {
        "id" : "1urXad6AUtQ8rDpP",
        "name" : null,
        "description" : null,
        "type" : "Generalization",
        "propertyAssignments" : null,
        "general" : {
          "id" : "Cmd5SJ6AUtQ8ZQ7Y",
          "type" : "Class"
        },
        "specific" : {
          "id" : "OHGlyJ6AUtQ8ZRjL",
          "type" : "Class"
        }
      }, {
        "id" : "BxWXad6AUtQ8rDZq",
        "name" : null,
        "description" : null,
        "type" : "Generalization",
        "propertyAssignments" : null,
        "general" : {
          "id" : "Cmd5SJ6AUtQ8ZQ7Y",
          "type" : "Class"
        },
        "specific" : {
          "id" : "nTclyJ6AUtQ8ZRiw",
          "type" : "Class"
        }
      }, {
        "id" : "HyQ3ad6AUtQ8rDp1",
        "name" : null,
        "description" : null,
        "type" : "Generalization",
        "propertyAssignments" : null,
        "general" : {
          "id" : "Cmd5SJ6AUtQ8ZQ7Y",
          "type" : "Class"
        },
        "specific" : {
          "id" : "s8KlyJ6AUtQ8ZRi_",
          "type" : "Class"
        }
      }, {
        "id" : "bnF86D6GAqACRRKC",
        "name" : null,
        "description" : null,
        "type" : "Generalization",
        "propertyAssignments" : null,
        "general" : {
          "id" : "Cmd5SJ6AUtQ8ZQ7Y",
          "type" : "Class"
        },
        "specific" : {
          "id" : "MaO86D6GAqACRRJq",
          "type" : "Class"
        }
      }, {
        "id" : "w_l86D6GAqACRRKG",
        "name" : null,
        "description" : null,
        "type" : "Generalization",
        "propertyAssignments" : null,
        "general" : {
          "id" : "Cmd5SJ6AUtQ8ZQ7Y",
          "type" : "Class"
        },
        "specific" : {
          "id" : "ajB86D6GAqACRRJz",
          "type" : "Class"
        }
      }, {
        "id" : "s05y6D6GAqACRRN7",
        "name" : null,
        "description" : null,
        "type" : "Generalization",
        "propertyAssignments" : null,
        "general" : {
          "id" : "ajB86D6GAqACRRJz",
          "type" : "Class"
        },
        "specific" : {
          "id" : "nTclyJ6AUtQ8ZRiw",
          "type" : "Class"
        }
      }, {
        "id" : "h6ujDt6GAqACRQxe",
        "name" : null,
        "description" : null,
        "type" : "Generalization",
        "propertyAssignments" : null,
        "general" : {
          "id" : "Cmd5SJ6AUtQ8ZQ7Y",
          "type" : "Class"
        },
        "specific" : {
          "id" : "BnfnyJ6AUtQ8ZRlu",
          "type" : "Class"
        }
      }, {
        "id" : "thhG1oGGAqCs87YC",
        "name" : null,
        "description" : null,
        "type" : "Relation",
        "propertyAssignments" : null,
        "stereotype" : null,
        "isAbstract" : false,
        "isDerived" : false,
        "properties" : [ {
          "id" : "thhG1oGGAqCs87YD",
          "name" : null,
          "description" : null,
          "type" : "Property",
          "propertyAssignments" : null,
          "stereotype" : null,
          "isDerived" : false,
          "isReadOnly" : false,
          "isOrdered" : false,
          "cardinality" : null,
          "propertyType" : {
            "id" : "Cmd5SJ6AUtQ8ZQ7Y",
            "type" : "Class"
          },
          "subsettedProperties" : null,
          "redefinedProperties" : null,
          "aggregationKind" : "SHARED"
        }, {
          "id" : "thhG1oGGAqCs87YF",
          "name" : null,
          "description" : null,
          "type" : "Property",
          "propertyAssignments" : null,
          "stereotype" : null,
          "isDerived" : false,
          "isReadOnly" : false,
          "isOrdered" : false,
          "cardinality" : null,
          "propertyType" : {
            "id" : "BnfnyJ6AUtQ8ZRlu",
            "type" : "Class"
          },
          "subsettedProperties" : null,
          "redefinedProperties" : null,
          "aggregationKind" : "NONE"
        } ]
      } ]
    }, {
      "id" : "rosbQGGGAqAAEQsX",
      "name" : "TDO",
      "description" : null,
      "type" : "Package",
      "propertyAssignments" : null,
      "contents" : [ {
        "id" : "r11n9h6AUtQ8ZS4b",
        "name" : "Digital Technology",
        "description" : null,
        "type" : "Class",
        "propertyAssignments" : null,
        "stereotype" : "collective",
        "isAbstract" : false,
        "isDerived" : false,
        "properties" : null,
        "isExtensional" : false,
        "isPowertype" : null,
        "order" : null,
        "literals" : null,
        "restrictedTo" : [ "collective" ]
      }, {
        "id" : "J75n9h6AUtQ8ZS4R",
        "name" : "Technology",
        "description" : null,
        "type" : "Class",
        "propertyAssignments" : null,
        "stereotype" : "collective",
        "isAbstract" : false,
        "isDerived" : false,
        "properties" : null,
        "isExtensional" : false,
        "isPowertype" : null,
        "order" : null,
        "literals" : null,
        "restrictedTo" : [ "collective" ]
      }, {
        "id" : "mLsjDt6GAqACRQwt",
        "name" : "Technological Object",
        "description" : null,
        "type" : "Class",
        "propertyAssignments" : null,
        "stereotype" : "category",
        "isAbstract" : false,
        "isDerived" : false,
        "properties" : null,
        "isExtensional" : false,
        "isPowertype" : null,
        "order" : null,
        "literals" : null,
        "restrictedTo" : [ "functional-complex" ]
      }, {
        "id" : "oURUzt6GAqACRQ_i",
        "name" : "Object Structure",
        "description" : null,
        "type" : "Class",
        "propertyAssignments" : null,
        "stereotype" : "category",
        "isAbstract" : false,
        "isDerived" : false,
        "properties" : null,
        "isExtensional" : false,
        "isPowertype" : null,
        "order" : null,
        "literals" : null,
        "restrictedTo" : [ "functional-complex" ]
      }, {
        "id" : "PbqdSJ6AUtQ8ZRHX",
        "name" : "Community",
        "description" : null,
        "type" : "Class",
        "propertyAssignments" : null,
        "stereotype" : "collective",
        "isAbstract" : false,
        "isDerived" : false,
        "properties" : null,
        "isExtensional" : false,
        "isPowertype" : null,
        "order" : null,
        "literals" : null,
        "restrictedTo" : [ "collective" ]
      }, {
        "id" : "vJ2_et6AUtQ8rA8Y",
        "name" : "Object Function",
        "description" : null,
        "type" : "Class",
        "propertyAssignments" : null,
        "stereotype" : "category",
        "isAbstract" : false,
        "isDerived" : false,
        "properties" : null,
        "isExtensional" : false,
        "isPowertype" : null,
        "order" : null,
        "literals" : null,
        "restrictedTo" : [ "functional-complex" ]
      }, {
        "id" : "qmE_et6AUtQ8rA8D",
        "name" : "Technical Identity of Object",
        "description" : null,
        "type" : "Class",
        "propertyAssignments" : null,
        "stereotype" : "relator",
        "isAbstract" : false,
        "isDerived" : false,
        "properties" : null,
        "isExtensional" : null,
        "isPowertype" : null,
        "order" : null,
        "literals" : null,
        "restrictedTo" : [ "relator" ]
      }, {
        "id" : "24fJmJ6AUtQ8ZRxd",
        "name" : "Digital Object",
        "description" : null,
        "type" : "Class",
        "propertyAssignments" : null,
        "stereotype" : "category",
        "isAbstract" : false,
        "isDerived" : false,
        "properties" : null,
        "isExtensional" : false,
        "isPowertype" : null,
        "order" : null,
        "literals" : null,
        "restrictedTo" : [ "functional-complex" ]
      }, {
        "id" : "BnfnyJ6AUtQ8ZRlu",
        "name" : "Component Part",
        "description" : null,
        "type" : "Class",
        "propertyAssignments" : null,
        "stereotype" : "category",
        "isAbstract" : false,
        "isDerived" : false,
        "properties" : null,
        "isExtensional" : false,
        "isPowertype" : null,
        "order" : null,
        "literals" : null,
        "restrictedTo" : [ "functional-complex" ]
      }, {
        "id" : "ssRp6D6GAqACRRrE",
        "name" : "Data File",
        "description" : null,
        "type" : "Class",
        "propertyAssignments" : null,
        "stereotype" : "category",
        "isAbstract" : false,
        "isDerived" : false,
        "properties" : null,
        "isExtensional" : false,
        "isPowertype" : null,
        "order" : null,
        "literals" : null,
        "restrictedTo" : [ "functional-complex" ]
      }, {
        "id" : "yCep6D6GAqACRRq5",
        "name" : "Program File",
        "description" : null,
        "type" : "Class",
        "propertyAssignments" : null,
        "stereotype" : "category",
        "isAbstract" : false,
        "isDerived" : false,
        "properties" : null,
        "isExtensional" : false,
        "isPowertype" : null,
        "order" : null,
        "literals" : null,
        "restrictedTo" : [ "functional-complex" ]
      }, {
        "id" : "t_KRmJ6AUtQ8ZRw7",
        "name" : "Bitstring",
        "description" : null,
        "type" : "Class",
        "propertyAssignments" : null,
        "stereotype" : "category",
        "isAbstract" : false,
        "isDerived" : false,
        "properties" : null,
        "isExtensional" : false,
        "isPowertype" : null,
        "order" : null,
        "literals" : null,
        "restrictedTo" : [ "functional-complex" ]
      }, {
        "id" : "KZ2OmJ6AUtQ8ZRwD",
        "name" : "Syntactic Object",
        "description" : null,
        "type" : "Class",
        "propertyAssignments" : null,
        "stereotype" : "category",
        "isAbstract" : false,
        "isDerived" : false,
        "properties" : null,
        "isExtensional" : false,
        "isPowertype" : null,
        "order" : null,
        "literals" : null,
        "restrictedTo" : [ "functional-complex" ]
      }, {
        "id" : "OHGlyJ6AUtQ8ZRjL",
        "name" : "Hybrid",
        "description" : null,
        "type" : "Class",
        "propertyAssignments" : null,
        "stereotype" : "category",
        "isAbstract" : false,
        "isDerived" : false,
        "properties" : null,
        "isExtensional" : false,
        "isPowertype" : null,
        "order" : null,
        "literals" : null,
        "restrictedTo" : [ "functional-complex" ]
      }, {
        "id" : "s8KlyJ6AUtQ8ZRi_",
        "name" : "Material",
        "description" : null,
        "type" : "Class",
        "propertyAssignments" : null,
        "stereotype" : "category",
        "isAbstract" : false,
        "isDerived" : false,
        "properties" : null,
        "isExtensional" : false,
        "isPowertype" : null,
        "order" : null,
        "literals" : null,
        "restrictedTo" : [ "functional-complex" ]
      }, {
        "id" : "nTclyJ6AUtQ8ZRiw",
        "name" : "Nonmaterial",
        "description" : null,
        "type" : "Class",
        "propertyAssignments" : null,
        "stereotype" : "category",
        "isAbstract" : false,
        "isDerived" : false,
        "properties" : null,
        "isExtensional" : false,
        "isPowertype" : null,
        "order" : null,
        "literals" : null,
        "restrictedTo" : [ "functional-complex" ]
      }, {
        "id" : "kPNOmJ6AUtQ8ZRwm",
        "name" : null,
        "description" : null,
        "type" : "Generalization",
        "propertyAssignments" : null,
        "general" : {
          "id" : "nTclyJ6AUtQ8ZRiw",
          "type" : "Class"
        },
        "specific" : {
          "id" : "KZ2OmJ6AUtQ8ZRwD",
          "type" : "Class"
        }
      }, {
        "id" : "fKuRmJ6AUtQ8ZRxS",
        "name" : null,
        "description" : null,
        "type" : "Generalization",
        "propertyAssignments" : null,
        "general" : {
          "id" : "KZ2OmJ6AUtQ8ZRwD",
          "type" : "Class"
        },
        "specific" : {
          "id" : "t_KRmJ6AUtQ8ZRw7",
          "type" : "Class"
        }
      }, {
        "id" : "XXHp6D6GAqACRRsH",
        "name" : null,
        "description" : null,
        "type" : "Generalization",
        "propertyAssignments" : null,
        "general" : {
          "id" : "t_KRmJ6AUtQ8ZRw7",
          "type" : "Class"
        },
        "specific" : {
          "id" : "yCep6D6GAqACRRq5",
          "type" : "Class"
        }
      }, {
        "id" : "rHnp6D6GAqACRRsL",
        "name" : null,
        "description" : null,
        "type" : "Generalization",
        "propertyAssignments" : null,
        "general" : {
          "id" : "t_KRmJ6AUtQ8ZRw7",
          "type" : "Class"
        },
        "specific" : {
          "id" : "ssRp6D6GAqACRRrE",
          "type" : "Class"
        }
      }, {
        "id" : "fu7ezt6GAqACRRL1",
        "name" : null,
        "description" : null,
        "type" : "Generalization",
        "propertyAssignments" : null,
        "general" : {
          "id" : "J75n9h6AUtQ8ZS4R",
          "type" : "Class"
        },
        "specific" : {
          "id" : "r11n9h6AUtQ8ZS4b",
          "type" : "Class"
        }
      }, {
        "id" : "31bBzt6GAqACRRNy",
        "name" : null,
        "description" : null,
        "type" : "Generalization",
        "propertyAssignments" : null,
        "general" : {
          "id" : "mLsjDt6GAqACRQwt",
          "type" : "Class"
        },
        "specific" : {
          "id" : "24fJmJ6AUtQ8ZRxd",
          "type" : "Class"
        }
      }, {
        "id" : "mdQTDt6GAqACRQx2",
        "name" : "bearer of",
        "description" : null,
        "type" : "Relation",
        "propertyAssignments" : null,
        "stereotype" : null,
        "isAbstract" : false,
        "isDerived" : false,
        "properties" : [ {
          "id" : "mdQTDt6GAqACRQx3",
          "name" : "",
          "description" : null,
          "type" : "Property",
          "propertyAssignments" : null,
          "stereotype" : null,
          "isDerived" : false,
          "isReadOnly" : false,
          "isOrdered" : false,
          "cardinality" : "1..*",
          "propertyType" : {
            "id" : "s8KlyJ6AUtQ8ZRi_",
            "type" : "Class"
          },
          "subsettedProperties" : null,
          "redefinedProperties" : null,
          "aggregationKind" : "NONE"
        }, {
          "id" : "mdQTDt6GAqACRQx5",
          "name" : null,
          "description" : null,
          "type" : "Property",
          "propertyAssignments" : null,
          "stereotype" : null,
          "isDerived" : false,
          "isReadOnly" : false,
          "isOrdered" : false,
          "cardinality" : "0..1",
          "propertyType" : {
            "id" : "nTclyJ6AUtQ8ZRiw",
            "type" : "Class"
          },
          "subsettedProperties" : null,
          "redefinedProperties" : null,
          "aggregationKind" : "NONE"
        } ]
      }, {
        "id" : "1zaI6d6AUtQ8rDzZ",
        "name" : "comprises component",
        "description" : null,
        "type" : "Relation",
        "propertyAssignments" : null,
        "stereotype" : null,
        "isAbstract" : false,
        "isDerived" : false,
        "properties" : [ {
          "id" : "1zaI6d6AUtQ8rDza",
          "name" : "",
          "description" : null,
          "type" : "Property",
          "propertyAssignments" : null,
          "stereotype" : null,
          "isDerived" : false,
          "isReadOnly" : false,
          "isOrdered" : false,
          "cardinality" : "1",
          "propertyType" : {
            "id" : "OHGlyJ6AUtQ8ZRjL",
            "type" : "Class"
          },
          "subsettedProperties" : null,
          "redefinedProperties" : null,
          "aggregationKind" : "NONE"
        }, {
          "id" : "1zaI6d6AUtQ8rDzc",
          "name" : "",
          "description" : null,
          "type" : "Property",
          "propertyAssignments" : null,
          "stereotype" : null,
          "isDerived" : false,
          "isReadOnly" : false,
          "isOrdered" : false,
          "cardinality" : "1..*",
          "propertyType" : {
            "id" : "s8KlyJ6AUtQ8ZRi_",
            "type" : "Class"
          },
          "subsettedProperties" : null,
          "redefinedProperties" : null,
          "aggregationKind" : "NONE"
        } ]
      }, {
        "id" : "A07I6d6AUtQ8rD0G",
        "name" : "comprises component",
        "description" : null,
        "type" : "Relation",
        "propertyAssignments" : null,
        "stereotype" : null,
        "isAbstract" : false,
        "isDerived" : false,
        "properties" : [ {
          "id" : "A07I6d6AUtQ8rD0H",
          "name" : "",
          "description" : null,
          "type" : "Property",
          "propertyAssignments" : null,
          "stereotype" : null,
          "isDerived" : false,
          "isReadOnly" : false,
          "isOrdered" : false,
          "cardinality" : "1",
          "propertyType" : {
            "id" : "OHGlyJ6AUtQ8ZRjL",
            "type" : "Class"
          },
          "subsettedProperties" : null,
          "redefinedProperties" : null,
          "aggregationKind" : "NONE"
        }, {
          "id" : "A07I6d6AUtQ8rD0J",
          "name" : "",
          "description" : null,
          "type" : "Property",
          "propertyAssignments" : null,
          "stereotype" : null,
          "isDerived" : false,
          "isReadOnly" : false,
          "isOrdered" : false,
          "cardinality" : "1..*",
          "propertyType" : {
            "id" : "nTclyJ6AUtQ8ZRiw",
            "type" : "Class"
          },
          "subsettedProperties" : null,
          "redefinedProperties" : null,
          "aggregationKind" : "NONE"
        } ]
      }, {
        "id" : "x1MWNT6GAqACRRCG",
        "name" : "bearer of",
        "description" : null,
        "type" : "Relation",
        "propertyAssignments" : null,
        "stereotype" : null,
        "isAbstract" : false,
        "isDerived" : false,
        "properties" : [ {
          "id" : "x1MWNT6GAqACRRCH",
          "name" : null,
          "description" : null,
          "type" : "Property",
          "propertyAssignments" : null,
          "stereotype" : null,
          "isDerived" : false,
          "isReadOnly" : false,
          "isOrdered" : false,
          "cardinality" : "0..1",
          "propertyType" : {
            "id" : "nTclyJ6AUtQ8ZRiw",
            "type" : "Class"
          },
          "subsettedProperties" : null,
          "redefinedProperties" : null,
          "aggregationKind" : "NONE"
        }, {
          "id" : "x1MWNT6GAqACRRCJ",
          "name" : null,
          "description" : null,
          "type" : "Property",
          "propertyAssignments" : null,
          "stereotype" : null,
          "isDerived" : false,
          "isReadOnly" : false,
          "isOrdered" : false,
          "cardinality" : "1..*",
          "propertyType" : {
            "id" : "nTclyJ6AUtQ8ZRiw",
            "type" : "Class"
          },
          "subsettedProperties" : null,
          "redefinedProperties" : null,
          "aggregationKind" : "NONE"
        } ]
      }, {
        "id" : "oXeBp_6GAqACSBJ.",
        "name" : "are synonymous",
        "description" : null,
        "type" : "Relation",
        "propertyAssignments" : null,
        "stereotype" : null,
        "isAbstract" : false,
        "isDerived" : false,
        "properties" : [ {
          "id" : "oXeBp_6GAqACSBJ_",
          "name" : null,
          "description" : null,
          "type" : "Property",
          "propertyAssignments" : null,
          "stereotype" : null,
          "isDerived" : false,
          "isReadOnly" : false,
          "isOrdered" : false,
          "cardinality" : null,
          "propertyType" : {
            "id" : "s8KlyJ6AUtQ8ZRi_",
            "type" : "Class"
          },
          "subsettedProperties" : null,
          "redefinedProperties" : null,
          "aggregationKind" : "NONE"
        }, {
          "id" : "oXeBp_6GAqACSBKB",
          "name" : null,
          "description" : null,
          "type" : "Property",
          "propertyAssignments" : null,
          "stereotype" : null,
          "isDerived" : false,
          "isReadOnly" : false,
          "isOrdered" : false,
          "cardinality" : null,
          "propertyType" : {
            "id" : "MaO86D6GAqACRRJq",
            "type" : "Class"
          },
          "subsettedProperties" : null,
          "redefinedProperties" : null,
          "aggregationKind" : "NONE"
        } ]
      }, {
        "id" : "JX3DDt6GAqACRQv8",
        "name" : null,
        "description" : null,
        "type" : "Relation",
        "propertyAssignments" : null,
        "stereotype" : null,
        "isAbstract" : false,
        "isDerived" : false,
        "properties" : [ {
          "id" : "JX3DDt6GAqACRQv9",
          "name" : null,
          "description" : null,
          "type" : "Property",
          "propertyAssignments" : null,
          "stereotype" : null,
          "isDerived" : false,
          "isReadOnly" : false,
          "isOrdered" : false,
          "cardinality" : "0..1",
          "propertyType" : {
            "id" : "BnfnyJ6AUtQ8ZRlu",
            "type" : "Class"
          },
          "subsettedProperties" : null,
          "redefinedProperties" : null,
          "aggregationKind" : "NONE"
        }, {
          "id" : "JX3DDt6GAqACRQv_",
          "name" : null,
          "description" : null,
          "type" : "Property",
          "propertyAssignments" : null,
          "stereotype" : null,
          "isDerived" : false,
          "isReadOnly" : false,
          "isOrdered" : false,
          "cardinality" : "1..*",
          "propertyType" : {
            "id" : "BnfnyJ6AUtQ8ZRlu",
            "type" : "Class"
          },
          "subsettedProperties" : null,
          "redefinedProperties" : null,
          "aggregationKind" : "NONE"
        } ]
      }, {
        "id" : "oHqpmJ6AUtQ8ZRx3",
        "name" : null,
        "description" : null,
        "type" : "Relation",
        "propertyAssignments" : null,
        "stereotype" : "characterization",
        "isAbstract" : false,
        "isDerived" : false,
        "properties" : [ {
          "id" : "oHqpmJ6AUtQ8ZRx4",
          "name" : null,
          "description" : null,
          "type" : "Property",
          "propertyAssignments" : null,
          "stereotype" : null,
          "isDerived" : false,
          "isReadOnly" : false,
          "isOrdered" : false,
          "cardinality" : "1..*",
          "propertyType" : {
            "id" : "24fJmJ6AUtQ8ZRxd",
            "type" : "Class"
          },
          "subsettedProperties" : null,
          "redefinedProperties" : null,
          "aggregationKind" : "NONE"
        }, {
          "id" : "4HqpmJ6AUtQ8ZRx6",
          "name" : null,
          "description" : null,
          "type" : "Property",
          "propertyAssignments" : null,
          "stereotype" : null,
          "isDerived" : false,
          "isReadOnly" : true,
          "isOrdered" : false,
          "cardinality" : "1..*",
          "propertyType" : {
            "id" : "t_KRmJ6AUtQ8ZRw7",
            "type" : "Class"
          },
          "subsettedProperties" : null,
          "redefinedProperties" : null,
          "aggregationKind" : "NONE"
        } ]
      }, {
        "id" : "UF6uzt6GAqACRRJz",
        "name" : null,
        "description" : null,
        "type" : "Relation",
        "propertyAssignments" : null,
        "stereotype" : null,
        "isAbstract" : false,
        "isDerived" : false,
        "properties" : [ {
          "id" : "UF6uzt6GAqACRRJ0",
          "name" : "",
          "description" : null,
          "type" : "Property",
          "propertyAssignments" : null,
          "stereotype" : null,
          "isDerived" : false,
          "isReadOnly" : false,
          "isOrdered" : false,
          "cardinality" : "0..1",
          "propertyType" : {
            "id" : "24fJmJ6AUtQ8ZRxd",
            "type" : "Class"
          },
          "subsettedProperties" : null,
          "redefinedProperties" : null,
          "aggregationKind" : "NONE"
        }, {
          "id" : "0F6uzt6GAqACRRJ2",
          "name" : "",
          "description" : null,
          "type" : "Property",
          "propertyAssignments" : null,
          "stereotype" : null,
          "isDerived" : false,
          "isReadOnly" : false,
          "isOrdered" : false,
          "cardinality" : "1..*",
          "propertyType" : {
            "id" : "24fJmJ6AUtQ8ZRxd",
            "type" : "Class"
          },
          "subsettedProperties" : null,
          "redefinedProperties" : null,
          "aggregationKind" : "NONE"
        } ]
      }, {
        "id" : "S0T_et6AUtQ8rA8u",
        "name" : "social function",
        "description" : null,
        "type" : "Relation",
        "propertyAssignments" : null,
        "stereotype" : "mediation",
        "isAbstract" : false,
        "isDerived" : false,
        "properties" : [ {
          "id" : "S0T_et6AUtQ8rA8v",
          "name" : null,
          "description" : null,
          "type" : "Property",
          "propertyAssignments" : null,
          "stereotype" : null,
          "isDerived" : false,
          "isReadOnly" : false,
          "isOrdered" : false,
          "cardinality" : "*",
          "propertyType" : {
            "id" : "qmE_et6AUtQ8rA8D",
            "type" : "Class"
          },
          "subsettedProperties" : null,
          "redefinedProperties" : null,
          "aggregationKind" : "NONE"
        }, {
          "id" : "S0T_et6AUtQ8rA8x",
          "name" : "technical Identity of Objects",
          "description" : null,
          "type" : "Property",
          "propertyAssignments" : null,
          "stereotype" : null,
          "isDerived" : false,
          "isReadOnly" : true,
          "isOrdered" : false,
          "cardinality" : "*",
          "propertyType" : {
            "id" : "vJ2_et6AUtQ8rA8Y",
            "type" : "Class"
          },
          "subsettedProperties" : null,
          "redefinedProperties" : null,
          "aggregationKind" : "NONE"
        } ]
      }, {
        "id" : "sItmzt6GAqACRRFV",
        "name" : "nested",
        "description" : null,
        "type" : "Relation",
        "propertyAssignments" : null,
        "stereotype" : null,
        "isAbstract" : false,
        "isDerived" : false,
        "properties" : [ {
          "id" : "sItmzt6GAqACRRFW",
          "name" : "",
          "description" : null,
          "type" : "Property",
          "propertyAssignments" : null,
          "stereotype" : null,
          "isDerived" : false,
          "isReadOnly" : false,
          "isOrdered" : false,
          "cardinality" : "0..1",
          "propertyType" : {
            "id" : "qmE_et6AUtQ8rA8D",
            "type" : "Class"
          },
          "subsettedProperties" : null,
          "redefinedProperties" : null,
          "aggregationKind" : "NONE"
        }, {
          "id" : "cItmzt6GAqACRRFY",
          "name" : "",
          "description" : null,
          "type" : "Property",
          "propertyAssignments" : null,
          "stereotype" : null,
          "isDerived" : false,
          "isReadOnly" : false,
          "isOrdered" : false,
          "cardinality" : "1..*",
          "propertyType" : {
            "id" : "qmE_et6AUtQ8rA8D",
            "type" : "Class"
          },
          "subsettedProperties" : null,
          "redefinedProperties" : null,
          "aggregationKind" : "NONE"
        } ]
      }, {
        "id" : "vnBLad6AUtQ8rDE7",
        "name" : "is structured in",
        "description" : null,
        "type" : "Relation",
        "propertyAssignments" : null,
        "stereotype" : null,
        "isAbstract" : false,
        "isDerived" : false,
        "properties" : [ {
          "id" : "vnBLad6AUtQ8rDE8",
          "name" : "",
          "description" : null,
          "type" : "Property",
          "propertyAssignments" : null,
          "stereotype" : null,
          "isDerived" : false,
          "isReadOnly" : false,
          "isOrdered" : false,
          "cardinality" : "1..*",
          "propertyType" : {
            "id" : "BnfnyJ6AUtQ8ZRlu",
            "type" : "Class"
          },
          "subsettedProperties" : null,
          "redefinedProperties" : null,
          "aggregationKind" : "NONE"
        }, {
          "id" : "vnBLad6AUtQ8rDE.",
          "name" : "",
          "description" : null,
          "type" : "Property",
          "propertyAssignments" : null,
          "stereotype" : null,
          "isDerived" : false,
          "isReadOnly" : false,
          "isOrdered" : false,
          "cardinality" : "0..*",
          "propertyType" : {
            "id" : "oURUzt6GAqACRQ_i",
            "type" : "Class"
          },
          "subsettedProperties" : null,
          "redefinedProperties" : null,
          "aggregationKind" : "NONE"
        } ]
      }, {
        "id" : "D8Rfad6AUtQ8rDuG",
        "name" : "physical form",
        "description" : null,
        "type" : "Relation",
        "propertyAssignments" : null,
        "stereotype" : "mediation",
        "isAbstract" : false,
        "isDerived" : false,
        "properties" : [ {
          "id" : "D8Rfad6AUtQ8rDuH",
          "name" : null,
          "description" : null,
          "type" : "Property",
          "propertyAssignments" : null,
          "stereotype" : null,
          "isDerived" : false,
          "isReadOnly" : false,
          "isOrdered" : false,
          "cardinality" : "*",
          "propertyType" : {
            "id" : "qmE_et6AUtQ8rA8D",
            "type" : "Class"
          },
          "subsettedProperties" : null,
          "redefinedProperties" : null,
          "aggregationKind" : "NONE"
        }, {
          "id" : "D8Rfad6AUtQ8rDuJ",
          "name" : "technical Identity of Objects",
          "description" : null,
          "type" : "Property",
          "propertyAssignments" : null,
          "stereotype" : null,
          "isDerived" : false,
          "isReadOnly" : true,
          "isOrdered" : false,
          "cardinality" : "*",
          "propertyType" : {
            "id" : "oURUzt6GAqACRQ_i",
            "type" : "Class"
          },
          "subsettedProperties" : null,
          "redefinedProperties" : null,
          "aggregationKind" : "NONE"
        } ]
      }, {
        "id" : "WX6iLT6GAqACRRFQ",
        "name" : "mediates",
        "description" : null,
        "type" : "Relation",
        "propertyAssignments" : null,
        "stereotype" : null,
        "isAbstract" : false,
        "isDerived" : false,
        "properties" : [ {
          "id" : "2X6iLT6GAqACRRFR",
          "name" : "",
          "description" : null,
          "type" : "Property",
          "propertyAssignments" : null,
          "stereotype" : null,
          "isDerived" : false,
          "isReadOnly" : false,
          "isOrdered" : false,
          "cardinality" : "*",
          "propertyType" : {
            "id" : "qmE_et6AUtQ8rA8D",
            "type" : "Class"
          },
          "subsettedProperties" : null,
          "redefinedProperties" : null,
          "aggregationKind" : "NONE"
        }, {
          "id" : "eX6iLT6GAqACRRFT",
          "name" : "",
          "description" : null,
          "type" : "Property",
          "propertyAssignments" : null,
          "stereotype" : null,
          "isDerived" : false,
          "isReadOnly" : false,
          "isOrdered" : false,
          "cardinality" : "2..*",
          "propertyType" : {
            "id" : "Cmd5SJ6AUtQ8ZQ7Y",
            "type" : "Class"
          },
          "subsettedProperties" : null,
          "redefinedProperties" : null,
          "aggregationKind" : "NONE"
        } ]
      }, {
        "id" : "qaizDt6GAqACRQ.Q",
        "name" : null,
        "description" : null,
        "type" : "Relation",
        "propertyAssignments" : null,
        "stereotype" : "participation",
        "isAbstract" : false,
        "isDerived" : false,
        "properties" : [ {
          "id" : "qaizDt6GAqACRQ.R",
          "name" : "",
          "description" : null,
          "type" : "Property",
          "propertyAssignments" : null,
          "stereotype" : null,
          "isDerived" : false,
          "isReadOnly" : true,
          "isOrdered" : false,
          "cardinality" : "1..*",
          "propertyType" : {
            "id" : "mLsjDt6GAqACRQwt",
            "type" : "Class"
          },
          "subsettedProperties" : null,
          "redefinedProperties" : null,
          "aggregationKind" : "NONE"
        }, {
          "id" : "qaizDt6GAqACRQ.T",
          "name" : "",
          "description" : null,
          "type" : "Property",
          "propertyAssignments" : null,
          "stereotype" : null,
          "isDerived" : false,
          "isReadOnly" : false,
          "isOrdered" : false,
          "cardinality" : "1",
          "propertyType" : {
            "id" : "J75n9h6AUtQ8ZS4R",
            "type" : "Class"
          },
          "subsettedProperties" : null,
          "redefinedProperties" : null,
          "aggregationKind" : "NONE"
        } ]
      }, {
        "id" : "3Q_ezt6GAqACRRMH",
        "name" : null,
        "description" : null,
        "type" : "Relation",
        "propertyAssignments" : null,
        "stereotype" : "participation",
        "isAbstract" : false,
        "isDerived" : false,
        "properties" : [ {
          "id" : "3Q_ezt6GAqACRRMI",
          "name" : "",
          "description" : null,
          "type" : "Property",
          "propertyAssignments" : null,
          "stereotype" : null,
          "isDerived" : false,
          "isReadOnly" : true,
          "isOrdered" : false,
          "cardinality" : "1..*",
          "propertyType" : {
            "id" : "24fJmJ6AUtQ8ZRxd",
            "type" : "Class"
          },
          "subsettedProperties" : null,
          "redefinedProperties" : null,
          "aggregationKind" : "NONE"
        }, {
          "id" : "3Q_ezt6GAqACRRMK",
          "name" : "",
          "description" : null,
          "type" : "Property",
          "propertyAssignments" : null,
          "stereotype" : null,
          "isDerived" : false,
          "isReadOnly" : false,
          "isOrdered" : false,
          "cardinality" : "1",
          "propertyType" : {
            "id" : "r11n9h6AUtQ8ZS4b",
            "type" : "Class"
          },
          "subsettedProperties" : null,
          "redefinedProperties" : null,
          "aggregationKind" : "NONE"
        } ]
      }, {
        "id" : "dx6g6d6AUtQ8rDwN",
        "name" : "constitutes",
        "description" : null,
        "type" : "Relation",
        "propertyAssignments" : null,
        "stereotype" : "characterization",
        "isAbstract" : false,
        "isDerived" : false,
        "properties" : [ {
          "id" : "dx6g6d6AUtQ8rDwO",
          "name" : "",
          "description" : null,
          "type" : "Property",
          "propertyAssignments" : null,
          "stereotype" : null,
          "isDerived" : false,
          "isReadOnly" : false,
          "isOrdered" : false,
          "cardinality" : "1..*",
          "propertyType" : {
            "id" : "BnfnyJ6AUtQ8ZRlu",
            "type" : "Class"
          },
          "subsettedProperties" : null,
          "redefinedProperties" : null,
          "aggregationKind" : "NONE"
        }, {
          "id" : "dx6g6d6AUtQ8rDwQ",
          "name" : "",
          "description" : null,
          "type" : "Property",
          "propertyAssignments" : null,
          "stereotype" : null,
          "isDerived" : false,
          "isReadOnly" : true,
          "isOrdered" : false,
          "cardinality" : "0..*",
          "propertyType" : {
            "id" : "mLsjDt6GAqACRQwt",
            "type" : "Class"
          },
          "subsettedProperties" : null,
          "redefinedProperties" : null,
          "aggregationKind" : "NONE"
        } ]
      }, {
        "id" : "0B2HIYGGAqCs9hJs",
        "name" : "has",
        "description" : null,
        "type" : "Relation",
        "propertyAssignments" : null,
        "stereotype" : null,
        "isAbstract" : false,
        "isDerived" : false,
        "properties" : [ {
          "id" : "0B2HIYGGAqCs9hJt",
          "name" : "",
          "description" : null,
          "type" : "Property",
          "propertyAssignments" : null,
          "stereotype" : null,
          "isDerived" : false,
          "isReadOnly" : false,
          "isOrdered" : false,
          "cardinality" : "1",
          "propertyType" : {
            "id" : "qmE_et6AUtQ8rA8D",
            "type" : "Class"
          },
          "subsettedProperties" : null,
          "redefinedProperties" : null,
          "aggregationKind" : "NONE"
        }, {
          "id" : "0B2HIYGGAqCs9hJv",
          "name" : "",
          "description" : null,
          "type" : "Property",
          "propertyAssignments" : null,
          "stereotype" : null,
          "isDerived" : false,
          "isReadOnly" : false,
          "isOrdered" : false,
          "cardinality" : "0..1",
          "propertyType" : {
            "id" : "J75n9h6AUtQ8ZS4R",
            "type" : "Class"
          },
          "subsettedProperties" : null,
          "redefinedProperties" : null,
          "aggregationKind" : "NONE"
        } ]
      } ]
    }, {
      "id" : "Fnlidh6AUtQ8ZRtj",
      "name" : "Model",
      "description" : null,
      "type" : "Package",
      "propertyAssignments" : null,
      "contents" : null
    } ]
  },
  "diagrams" : [ {
    "id" : "RT1jDoGGAqCs87nm",
    "name" : "Short version ER Model Class Diagram",
    "description" : null,
    "type" : "Diagram",
    "owner" : {
      "id" : "Fnlidh6AUtQ8ZRtj",
      "type" : "Package"
    },
    "contents" : [ {
      "id" : "sMATDoGGAqCs87qN",
      "type" : "RelationView",
      "modelElement" : {
        "id" : "1zaI6d6AUtQ8rDzZ",
        "type" : "Relation"
      },
      "shape" : {
        "id" : "sMATDoGGAqCs87qN_path",
        "type" : "Path",
        "points" : [ {
          "x" : 686,
          "y" : 558
        }, {
          "x" : 738,
          "y" : 558
        }, {
          "x" : 738,
          "y" : 613
        } ]
      },
      "source" : {
        "id" : "jUATDoGGAqCs87pe",
        "type" : "ClassView"
      },
      "target" : {
        "id" : "AUATDoGGAqCs87pZ",
        "type" : "ClassView"
      }
    }, {
      "id" : "a1iTDoGGAqCs87vs",
      "type" : "RelationView",
      "modelElement" : {
        "id" : "dx6g6d6AUtQ8rDwN",
        "type" : "Relation"
      },
      "shape" : {
        "id" : "a1iTDoGGAqCs87vs_path",
        "type" : "Path",
        "points" : [ {
          "x" : 233,
          "y" : 407
        }, {
          "x" : 90,
          "y" : 407
        }, {
          "x" : 90,
          "y" : 152
        } ]
      },
      "source" : {
        "id" : "y0ATDoGGAqCs87pz",
        "type" : "ClassView"
      },
      "target" : {
        "id" : "xliTDoGGAqCs87ud",
        "type" : "ClassView"
      }
    }, {
      "id" : "YsATDoGGAqCs87q4",
      "type" : "RelationView",
      "modelElement" : {
        "id" : "UF6uzt6GAqACRRJz",
        "type" : "Relation"
      },
      "shape" : {
        "id" : "YsATDoGGAqCs87q4_path",
        "type" : "Path",
        "points" : [ {
          "x" : 90,
          "y" : 49
        }, {
          "x" : 90,
          "y" : 49
        } ]
      },
      "source" : {
        "id" : "60ATDoGGAqCs87p2",
        "type" : "ClassView"
      },
      "target" : {
        "id" : "60ATDoGGAqCs87p2",
        "type" : "ClassView"
      }
    }, {
      "id" : "M1iTDoGGAqCs87vk",
      "type" : "GeneralizationView",
      "modelElement" : {
        "id" : "31bBzt6GAqACRRNy",
        "type" : "Generalization"
      },
      "shape" : {
        "id" : "M1iTDoGGAqCs87vk_path",
        "type" : "Path",
        "points" : [ {
          "x" : 159,
          "y" : 87
        }, {
          "x" : 159,
          "y" : 73
        } ]
      },
      "source" : {
        "id" : "xliTDoGGAqCs87ud",
        "type" : "ClassView"
      },
      "target" : {
        "id" : "60ATDoGGAqCs87p2",
        "type" : "ClassView"
      }
    }, {
      "id" : "csATDoGGAqCs87rA",
      "type" : "RelationView",
      "modelElement" : {
        "id" : "thhG1oGGAqCs87YC",
        "type" : "Relation"
      },
      "shape" : {
        "id" : "csATDoGGAqCs87rA_path",
        "type" : "Path",
        "points" : [ {
          "x" : 608,
          "y" : 415
        }, {
          "x" : 448,
          "y" : 415
        } ]
      },
      "source" : {
        "id" : "ekATDoGGAqCs87pT",
        "type" : "ClassView"
      },
      "target" : {
        "id" : "y0ATDoGGAqCs87pz",
        "type" : "ClassView"
      }
    }, {
      "id" : "ekATDoGGAqCs87pT",
      "type" : "ClassView",
      "modelElement" : {
        "id" : "Cmd5SJ6AUtQ8ZQ7Y",
        "type" : "Class"
      },
      "shape" : {
        "id" : "ekATDoGGAqCs87pT_shape",
        "type" : "Rectangle",
        "x" : 609,
        "y" : 375,
        "width" : 396,
        "height" : 64
      }
    }, {
      "id" : "DMATDoGGAqCs87ql",
      "type" : "GeneralizationView",
      "modelElement" : {
        "id" : "w_l86D6GAqACRRKG",
        "type" : "Generalization"
      },
      "shape" : {
        "id" : "DMATDoGGAqCs87ql_path",
        "type" : "Path",
        "points" : [ {
          "x" : 981,
          "y" : 439
        }, {
          "x" : 981,
          "y" : 496
        }, {
          "x" : 1024,
          "y" : 496
        }, {
          "x" : 1024,
          "y" : 590
        } ]
      },
      "source" : {
        "id" : "ekATDoGGAqCs87pT",
        "type" : "ClassView"
      },
      "target" : {
        "id" : "80ATDoGGAqCs87pw",
        "type" : "ClassView"
      }
    }, {
      "id" : "MxiEqOGGAqAADAur",
      "type" : "RelationView",
      "modelElement" : {
        "id" : "D8Rfad6AUtQ8rDuG",
        "type" : "Relation"
      },
      "shape" : {
        "id" : "MxiEqOGGAqAADAur_path",
        "type" : "Path",
        "points" : [ {
          "x" : 346,
          "y" : 275
        }, {
          "x" : 484,
          "y" : 275
        } ]
      },
      "source" : {
        "id" : "MliTDoGGAqCs87uU",
        "type" : "ClassView"
      },
      "target" : {
        "id" : "LFiTDoGGAqCs87uL",
        "type" : "ClassView"
      }
    }, {
      "id" : "OMATDoGGAqCs87qX",
      "type" : "GeneralizationView",
      "modelElement" : {
        "id" : "bnF86D6GAqACRRKC",
        "type" : "Generalization"
      },
      "shape" : {
        "id" : "OMATDoGGAqCs87qX_path",
        "type" : "Path",
        "points" : [ {
          "x" : 981,
          "y" : 439
        }, {
          "x" : 981,
          "y" : 496
        }, {
          "x" : 870,
          "y" : 496
        }, {
          "x" : 870,
          "y" : 511
        } ]
      },
      "source" : {
        "id" : "ekATDoGGAqCs87pT",
        "type" : "ClassView"
      },
      "target" : {
        "id" : "_UATDoGGAqCs87pn",
        "type" : "ClassView"
      }
    }, {
      "id" : "y0ATDoGGAqCs87pz",
      "type" : "ClassView",
      "modelElement" : {
        "id" : "BnfnyJ6AUtQ8ZRlu",
        "type" : "Class"
      },
      "shape" : {
        "id" : "y0ATDoGGAqCs87pz_shape",
        "type" : "Rectangle",
        "x" : 234,
        "y" : 375,
        "width" : 214,
        "height" : 64
      }
    }, {
      "id" : "wliTDoGGAqCs87uR",
      "type" : "ClassView",
      "modelElement" : {
        "id" : "PbqdSJ6AUtQ8ZRHX",
        "type" : "Class"
      },
      "shape" : {
        "id" : "wliTDoGGAqCs87uR_shape",
        "type" : "Rectangle",
        "x" : 118,
        "y" : 169,
        "width" : 173,
        "height" : 64
      }
    }, {
      "id" : "gsATDoGGAqCs87qz",
      "type" : "RelationView",
      "modelElement" : {
        "id" : "oHqpmJ6AUtQ8ZRx3",
        "type" : "Relation"
      },
      "shape" : {
        "id" : "gsATDoGGAqCs87qz_path",
        "type" : "Path",
        "points" : [ {
          "x" : 62,
          "y" : 41
        }, {
          "x" : 31,
          "y" : 41
        }, {
          "x" : 31,
          "y" : 576
        }, {
          "x" : 130,
          "y" : 576
        } ]
      },
      "source" : {
        "id" : "60ATDoGGAqCs87p2",
        "type" : "ClassView"
      },
      "target" : {
        "id" : "XUATDoGGAqCs87pk",
        "type" : "ClassView"
      }
    }, {
      "id" : "wp8EqOGGAqAADAuN",
      "type" : "RelationView",
      "modelElement" : {
        "id" : "S0T_et6AUtQ8rA8u",
        "type" : "Relation"
      },
      "shape" : {
        "id" : "wp8EqOGGAqAADAuN_path",
        "type" : "Path",
        "points" : [ {
          "x" : 828,
          "y" : 257
        }, {
          "x" : 713,
          "y" : 257
        } ]
      },
      "source" : {
        "id" : "PFiTDoGGAqCs87uO",
        "type" : "ClassView"
      },
      "target" : {
        "id" : "LFiTDoGGAqCs87uL",
        "type" : "ClassView"
      }
    }, {
      "id" : "h0ATDoGGAqCs87p5",
      "type" : "GeneralizationView",
      "modelElement" : {
        "id" : "kPNOmJ6AUtQ8ZRwm",
        "type" : "Generalization"
      },
      "shape" : {
        "id" : "h0ATDoGGAqCs87p5_path",
        "type" : "Path",
        "points" : [ {
          "x" : 405,
          "y" : 646
        }, {
          "x" : 279,
          "y" : 646
        } ]
      },
      "source" : {
        "id" : "7kATDoGGAqCs87pW",
        "type" : "ClassView"
      },
      "target" : {
        "id" : "rUATDoGGAqCs87ph",
        "type" : "ClassView"
      }
    }, {
      "id" : "o1iTDoGGAqCs87vf",
      "type" : "RelationView",
      "modelElement" : {
        "id" : "3Q_ezt6GAqACRRMH",
        "type" : "Relation"
      },
      "shape" : {
        "id" : "o1iTDoGGAqCs87vf_path",
        "type" : "Path",
        "points" : [ {
          "x" : 291,
          "y" : 35
        }, {
          "x" : 485,
          "y" : 35
        } ]
      },
      "source" : {
        "id" : "60ATDoGGAqCs87p2",
        "type" : "ClassView"
      },
      "target" : {
        "id" : "zliTDoGGAqCs87uj",
        "type" : "ClassView"
      }
    }, {
      "id" : "_UATDoGGAqCs87pn",
      "type" : "ClassView",
      "modelElement" : {
        "id" : "MaO86D6GAqACRRJq",
        "type" : "Class"
      },
      "shape" : {
        "id" : "_UATDoGGAqCs87pn_shape",
        "type" : "Rectangle",
        "x" : 796,
        "y" : 511,
        "width" : 148,
        "height" : 64
      }
    }, {
      "id" : "XUATDoGGAqCs87pk",
      "type" : "ClassView",
      "modelElement" : {
        "id" : "t_KRmJ6AUtQ8ZRw7",
        "type" : "Class"
      },
      "shape" : {
        "id" : "XUATDoGGAqCs87pk_shape",
        "type" : "Rectangle",
        "x" : 131,
        "y" : 544,
        "width" : 148,
        "height" : 64
      }
    }, {
      "id" : "xliTDoGGAqCs87ud",
      "type" : "ClassView",
      "modelElement" : {
        "id" : "mLsjDt6GAqACRQwt",
        "type" : "Class"
      },
      "shape" : {
        "id" : "xliTDoGGAqCs87ud_shape",
        "type" : "Rectangle",
        "x" : 63,
        "y" : 88,
        "width" : 228,
        "height" : 64
      }
    }, {
      "id" : "LFiTDoGGAqCs87uL",
      "type" : "ClassView",
      "modelElement" : {
        "id" : "qmE_et6AUtQ8rA8D",
        "type" : "Class"
      },
      "shape" : {
        "id" : "LFiTDoGGAqCs87uL_shape",
        "type" : "Rectangle",
        "x" : 485,
        "y" : 224,
        "width" : 228,
        "height" : 64
      }
    }, {
      "id" : "AUATDoGGAqCs87pZ",
      "type" : "ClassView",
      "modelElement" : {
        "id" : "s8KlyJ6AUtQ8ZRi_",
        "type" : "Class"
      },
      "shape" : {
        "id" : "AUATDoGGAqCs87pZ_shape",
        "type" : "Rectangle",
        "x" : 666,
        "y" : 614,
        "width" : 148,
        "height" : 64
      }
    }, {
      "id" : "00ATDoGGAqCs87pt",
      "type" : "ClassView",
      "modelElement" : {
        "id" : "ssRp6D6GAqACRRrE",
        "type" : "Class"
      },
      "shape" : {
        "id" : "00ATDoGGAqCs87pt_shape",
        "type" : "Rectangle",
        "x" : 43,
        "y" : 451,
        "width" : 148,
        "height" : 64
      }
    }, {
      "id" : "MliTDoGGAqCs87uU",
      "type" : "ClassView",
      "modelElement" : {
        "id" : "oURUzt6GAqACRQ_i",
        "type" : "Class"
      },
      "shape" : {
        "id" : "MliTDoGGAqCs87uU_shape",
        "type" : "Rectangle",
        "x" : 118,
        "y" : 250,
        "width" : 228,
        "height" : 64
      }
    }, {
      "id" : "g1iTDoGGAqCs87vc",
      "type" : "GeneralizationView",
      "modelElement" : {
        "id" : "fu7ezt6GAqACRRL1",
        "type" : "Generalization"
      },
      "shape" : {
        "id" : "g1iTDoGGAqCs87vc_path",
        "type" : "Path",
        "points" : [ {
          "x" : 599,
          "y" : 87
        }, {
          "x" : 599,
          "y" : 73
        } ]
      },
      "source" : {
        "id" : "1liTDoGGAqCs87ug",
        "type" : "ClassView"
      },
      "target" : {
        "id" : "zliTDoGGAqCs87uj",
        "type" : "ClassView"
      }
    }, {
      "id" : "hMATDoGGAqCs87qa",
      "type" : "GeneralizationView",
      "modelElement" : {
        "id" : "XXHp6D6GAqACRRsH",
        "type" : "Generalization"
      },
      "shape" : {
        "id" : "hMATDoGGAqCs87qa_path",
        "type" : "Path",
        "points" : [ {
          "x" : 205,
          "y" : 543
        }, {
          "x" : 205,
          "y" : 529
        }, {
          "x" : 297,
          "y" : 529
        }, {
          "x" : 297,
          "y" : 515
        } ]
      },
      "source" : {
        "id" : "XUATDoGGAqCs87pk",
        "type" : "ClassView"
      },
      "target" : {
        "id" : "Y0ATDoGGAqCs87pq",
        "type" : "ClassView"
      }
    }, {
      "id" : "8ViTDoGGAqCs87uz",
      "type" : "RelationView",
      "modelElement" : {
        "id" : "sItmzt6GAqACRRFV",
        "type" : "Relation"
      },
      "shape" : {
        "id" : "8ViTDoGGAqCs87uz_path",
        "type" : "Path",
        "points" : [ {
          "x" : 599,
          "y" : 288
        }, {
          "x" : 599,
          "y" : 306
        }, {
          "x" : 637,
          "y" : 306
        }, {
          "x" : 637,
          "y" : 288
        } ]
      },
      "source" : {
        "id" : "LFiTDoGGAqCs87uL",
        "type" : "ClassView"
      },
      "target" : {
        "id" : "LFiTDoGGAqCs87uL",
        "type" : "ClassView"
      }
    }, {
      "id" : "zliTDoGGAqCs87uj",
      "type" : "ClassView",
      "modelElement" : {
        "id" : "r11n9h6AUtQ8ZS4b",
        "type" : "Class"
      },
      "shape" : {
        "id" : "zliTDoGGAqCs87uj_shape",
        "type" : "Rectangle",
        "x" : 486,
        "y" : 9,
        "width" : 227,
        "height" : 64
      }
    }, {
      "id" : "zMATDoGGAqCs87qo",
      "type" : "GeneralizationView",
      "modelElement" : {
        "id" : "s05y6D6GAqACRRN7",
        "type" : "Generalization"
      },
      "shape" : {
        "id" : "zMATDoGGAqCs87qo_path",
        "type" : "Path",
        "points" : [ {
          "x" : 1000,
          "y" : 655
        }, {
          "x" : 1000,
          "y" : 694
        }, {
          "x" : 564,
          "y" : 694
        }, {
          "x" : 564,
          "y" : 678
        } ]
      },
      "source" : {
        "id" : "80ATDoGGAqCs87pw",
        "type" : "ClassView"
      },
      "target" : {
        "id" : "7kATDoGGAqCs87pW",
        "type" : "ClassView"
      }
    }, {
      "id" : "60ATDoGGAqCs87p2",
      "type" : "ClassView",
      "modelElement" : {
        "id" : "24fJmJ6AUtQ8ZRxd",
        "type" : "Class"
      },
      "shape" : {
        "id" : "60ATDoGGAqCs87p2_shape",
        "type" : "Rectangle",
        "x" : 63,
        "y" : 9,
        "width" : 228,
        "height" : 64
      }
    }, {
      "id" : "oMATDoGGAqCs87qE",
      "type" : "GeneralizationView",
      "modelElement" : {
        "id" : "1urXad6AUtQ8rDpP",
        "type" : "Generalization"
      },
      "shape" : {
        "id" : "oMATDoGGAqCs87qE_path",
        "type" : "Path",
        "points" : [ {
          "x" : 668,
          "y" : 439
        }, {
          "x" : 668,
          "y" : 525
        } ]
      },
      "source" : {
        "id" : "ekATDoGGAqCs87pT",
        "type" : "ClassView"
      },
      "target" : {
        "id" : "jUATDoGGAqCs87pe",
        "type" : "ClassView"
      }
    }, {
      "id" : "Y0ATDoGGAqCs87pq",
      "type" : "ClassView",
      "modelElement" : {
        "id" : "yCep6D6GAqACRRq5",
        "type" : "Class"
      },
      "shape" : {
        "id" : "Y0ATDoGGAqCs87pq_shape",
        "type" : "Rectangle",
        "x" : 209,
        "y" : 451,
        "width" : 158,
        "height" : 64
      }
    }, {
      "id" : "rUATDoGGAqCs87ph",
      "type" : "ClassView",
      "modelElement" : {
        "id" : "KZ2OmJ6AUtQ8ZRwD",
        "type" : "Class"
      },
      "shape" : {
        "id" : "rUATDoGGAqCs87ph_shape",
        "type" : "Rectangle",
        "x" : 131,
        "y" : 621,
        "width" : 148,
        "height" : 64
      }
    }, {
      "id" : "lViTDoGGAqCs87vI",
      "type" : "RelationView",
      "modelElement" : {
        "id" : "WX6iLT6GAqACRRFQ",
        "type" : "Relation"
      },
      "shape" : {
        "id" : "lViTDoGGAqCs87vI_path",
        "type" : "Path",
        "points" : [ {
          "x" : 689,
          "y" : 288
        }, {
          "x" : 689,
          "y" : 374
        } ]
      },
      "source" : {
        "id" : "LFiTDoGGAqCs87uL",
        "type" : "ClassView"
      },
      "target" : {
        "id" : "ekATDoGGAqCs87pT",
        "type" : "ClassView"
      }
    }, {
      "id" : "F0ATDoGGAqCs87p8",
      "type" : "GeneralizationView",
      "modelElement" : {
        "id" : "fKuRmJ6AUtQ8ZRxS",
        "type" : "Generalization"
      },
      "shape" : {
        "id" : "F0ATDoGGAqCs87p8_path",
        "type" : "Path",
        "points" : [ {
          "x" : 205,
          "y" : 620
        }, {
          "x" : 205,
          "y" : 608
        } ]
      },
      "source" : {
        "id" : "rUATDoGGAqCs87ph",
        "type" : "ClassView"
      },
      "target" : {
        "id" : "XUATDoGGAqCs87pk",
        "type" : "ClassView"
      }
    }, {
      "id" : "ZMATDoGGAqCs87qg",
      "type" : "RelationView",
      "modelElement" : {
        "id" : "x1MWNT6GAqACRRCG",
        "type" : "Relation"
      },
      "shape" : {
        "id" : "ZMATDoGGAqCs87qg_path",
        "type" : "Path",
        "points" : [ {
          "x" : 453,
          "y" : 654
        }, {
          "x" : 453,
          "y" : 654
        } ]
      },
      "source" : {
        "id" : "7kATDoGGAqCs87pW",
        "type" : "ClassView"
      },
      "target" : {
        "id" : "7kATDoGGAqCs87pW",
        "type" : "ClassView"
      }
    }, {
      "id" : "1liTDoGGAqCs87ug",
      "type" : "ClassView",
      "modelElement" : {
        "id" : "J75n9h6AUtQ8ZS4R",
        "type" : "Class"
      },
      "shape" : {
        "id" : "1liTDoGGAqCs87ug_shape",
        "type" : "Rectangle",
        "x" : 486,
        "y" : 88,
        "width" : 227,
        "height" : 64
      }
    }, {
      "id" : "xMATDoGGAqCs87qd",
      "type" : "GeneralizationView",
      "modelElement" : {
        "id" : "rHnp6D6GAqACRRsL",
        "type" : "Generalization"
      },
      "shape" : {
        "id" : "xMATDoGGAqCs87qd_path",
        "type" : "Path",
        "points" : [ {
          "x" : 205,
          "y" : 543
        }, {
          "x" : 205,
          "y" : 529
        }, {
          "x" : 117,
          "y" : 529
        }, {
          "x" : 117,
          "y" : 515
        } ]
      },
      "source" : {
        "id" : "XUATDoGGAqCs87pk",
        "type" : "ClassView"
      },
      "target" : {
        "id" : "00ATDoGGAqCs87pt",
        "type" : "ClassView"
      }
    }, {
      "id" : "3MATDoGGAqCs87qu",
      "type" : "RelationView",
      "modelElement" : {
        "id" : "JX3DDt6GAqACRQv8",
        "type" : "Relation"
      },
      "shape" : {
        "id" : "3MATDoGGAqCs87qu_path",
        "type" : "Path",
        "points" : [ {
          "x" : 249,
          "y" : 374
        }, {
          "x" : 249,
          "y" : 353
        }, {
          "x" : 271,
          "y" : 353
        }, {
          "x" : 271,
          "y" : 374
        } ]
      },
      "source" : {
        "id" : "y0ATDoGGAqCs87pz",
        "type" : "ClassView"
      },
      "target" : {
        "id" : "y0ATDoGGAqCs87pz",
        "type" : "ClassView"
      }
    }, {
      "id" : "rViTDoGGAqCs87vS",
      "type" : "RelationView",
      "modelElement" : {
        "id" : "qaizDt6GAqACRQ.Q",
        "type" : "Relation"
      },
      "shape" : {
        "id" : "rViTDoGGAqCs87vS_path",
        "type" : "Path",
        "points" : [ {
          "x" : 291,
          "y" : 110
        }, {
          "x" : 485,
          "y" : 110
        } ]
      },
      "source" : {
        "id" : "xliTDoGGAqCs87ud",
        "type" : "ClassView"
      },
      "target" : {
        "id" : "1liTDoGGAqCs87ug",
        "type" : "ClassView"
      }
    }, {
      "id" : "10ATDoGGAqCs87p_",
      "type" : "RelationView",
      "modelElement" : {
        "id" : "mdQTDt6GAqACRQx2",
        "type" : "Relation"
      },
      "shape" : {
        "id" : "10ATDoGGAqCs87p__path",
        "type" : "Path",
        "points" : [ {
          "x" : 665,
          "y" : 646
        }, {
          "x" : 571,
          "y" : 646
        } ]
      },
      "source" : {
        "id" : "AUATDoGGAqCs87pZ",
        "type" : "ClassView"
      },
      "target" : {
        "id" : "7kATDoGGAqCs87pW",
        "type" : "ClassView"
      }
    }, {
      "id" : "jUATDoGGAqCs87pe",
      "type" : "ClassView",
      "modelElement" : {
        "id" : "OHGlyJ6AUtQ8ZRjL",
        "type" : "Class"
      },
      "shape" : {
        "id" : "jUATDoGGAqCs87pe_shape",
        "type" : "Rectangle",
        "x" : 538,
        "y" : 526,
        "width" : 148,
        "height" : 64
      }
    }, {
      "id" : "PFiTDoGGAqCs87uO",
      "type" : "ClassView",
      "modelElement" : {
        "id" : "vJ2_et6AUtQ8rA8Y",
        "type" : "Class"
      },
      "shape" : {
        "id" : "PFiTDoGGAqCs87uO_shape",
        "type" : "Rectangle",
        "x" : 829,
        "y" : 225,
        "width" : 228,
        "height" : 64
      }
    }, {
      "id" : "80ATDoGGAqCs87pw",
      "type" : "ClassView",
      "modelElement" : {
        "id" : "ajB86D6GAqACRRJz",
        "type" : "Class"
      },
      "shape" : {
        "id" : "80ATDoGGAqCs87pw_shape",
        "type" : "Rectangle",
        "x" : 899,
        "y" : 591,
        "width" : 158,
        "height" : 64
      }
    }, {
      "id" : "EMATDoGGAqCs87qH",
      "type" : "GeneralizationView",
      "modelElement" : {
        "id" : "BxWXad6AUtQ8rDZq",
        "type" : "Generalization"
      },
      "shape" : {
        "id" : "EMATDoGGAqCs87qH_path",
        "type" : "Path",
        "points" : [ {
          "x" : 668,
          "y" : 439
        }, {
          "x" : 668,
          "y" : 484
        }, {
          "x" : 425,
          "y" : 484
        }, {
          "x" : 425,
          "y" : 613
        } ]
      },
      "source" : {
        "id" : "ekATDoGGAqCs87pT",
        "type" : "ClassView"
      },
      "target" : {
        "id" : "7kATDoGGAqCs87pW",
        "type" : "ClassView"
      }
    }, {
      "id" : "0sATDoGGAqCs87q9",
      "type" : "GeneralizationView",
      "modelElement" : {
        "id" : "h6ujDt6GAqACRQxe",
        "type" : "Generalization"
      },
      "shape" : {
        "id" : "0sATDoGGAqCs87q9_path",
        "type" : "Path",
        "points" : [ {
          "x" : 608,
          "y" : 398
        }, {
          "x" : 448,
          "y" : 398
        } ]
      },
      "source" : {
        "id" : "ekATDoGGAqCs87pT",
        "type" : "ClassView"
      },
      "target" : {
        "id" : "y0ATDoGGAqCs87pz",
        "type" : "ClassView"
      }
    }, {
      "id" : "UMATDoGGAqCs87qK",
      "type" : "GeneralizationView",
      "modelElement" : {
        "id" : "HyQ3ad6AUtQ8rDp1",
        "type" : "Generalization"
      },
      "shape" : {
        "id" : "UMATDoGGAqCs87qK_path",
        "type" : "Path",
        "points" : [ {
          "x" : 668,
          "y" : 439
        }, {
          "x" : 668,
          "y" : 484
        }, {
          "x" : 779,
          "y" : 484
        }, {
          "x" : 779,
          "y" : 613
        } ]
      },
      "source" : {
        "id" : "ekATDoGGAqCs87pT",
        "type" : "ClassView"
      },
      "target" : {
        "id" : "AUATDoGGAqCs87pZ",
        "type" : "ClassView"
      }
    }, {
      "id" : "7MATDoGGAqCs87qr",
      "type" : "RelationView",
      "modelElement" : {
        "id" : "oXeBp_6GAqACSBJ.",
        "type" : "Relation"
      },
      "shape" : {
        "id" : "7MATDoGGAqCs87qr_path",
        "type" : "Path",
        "points" : [ {
          "x" : 814,
          "y" : 647
        }, {
          "x" : 870,
          "y" : 647
        }, {
          "x" : 870,
          "y" : 575
        } ]
      },
      "source" : {
        "id" : "AUATDoGGAqCs87pZ",
        "type" : "ClassView"
      },
      "target" : {
        "id" : "_UATDoGGAqCs87pn",
        "type" : "ClassView"
      }
    }, {
      "id" : "yMATDoGGAqCs87qS",
      "type" : "RelationView",
      "modelElement" : {
        "id" : "A07I6d6AUtQ8rD0G",
        "type" : "Relation"
      },
      "shape" : {
        "id" : "yMATDoGGAqCs87qS_path",
        "type" : "Path",
        "points" : [ {
          "x" : 537,
          "y" : 558
        }, {
          "x" : 464,
          "y" : 558
        }, {
          "x" : 464,
          "y" : 613
        } ]
      },
      "source" : {
        "id" : "jUATDoGGAqCs87pe",
        "type" : "ClassView"
      },
      "target" : {
        "id" : "7kATDoGGAqCs87pW",
        "type" : "ClassView"
      }
    }, {
      "id" : "KViTDoGGAqCs87u4",
      "type" : "RelationView",
      "modelElement" : {
        "id" : "vnBLad6AUtQ8rDE7",
        "type" : "Relation"
      },
      "shape" : {
        "id" : "KViTDoGGAqCs87u4_path",
        "type" : "Path",
        "points" : [ {
          "x" : 334,
          "y" : 374
        }, {
          "x" : 334,
          "y" : 314
        } ]
      },
      "source" : {
        "id" : "y0ATDoGGAqCs87pz",
        "type" : "ClassView"
      },
      "target" : {
        "id" : "MliTDoGGAqCs87uU",
        "type" : "ClassView"
      }
    }, {
      "id" : "7kATDoGGAqCs87pW",
      "type" : "ClassView",
      "modelElement" : {
        "id" : "nTclyJ6AUtQ8ZRiw",
        "type" : "Class"
      },
      "shape" : {
        "id" : "7kATDoGGAqCs87pW_shape",
        "type" : "Rectangle",
        "x" : 406,
        "y" : 614,
        "width" : 165,
        "height" : 64
      }
    }, {
      "id" : "9B2HIYGGAqCs9hJx",
      "type" : "RelationView",
      "modelElement" : {
        "id" : "0B2HIYGGAqCs9hJs",
        "type" : "Relation"
      },
      "shape" : {
        "id" : "9B2HIYGGAqCs9hJx_path",
        "type" : "Path",
        "points" : [ {
          "x" : 599,
          "y" : 223
        }, {
          "x" : 599,
          "y" : 152
        } ]
      },
      "source" : {
        "id" : "LFiTDoGGAqCs87uL",
        "type" : "ClassView"
      },
      "target" : {
        "id" : "1liTDoGGAqCs87ug",
        "type" : "ClassView"
      }
    } ]
  } ]
}