{
  "id" : "h8ujh76AUB0E2QWf",
  "name" : "grueau2013towards",
  "description" : null,
  "type" : "Project",
  "model" : {
    "id" : "h8ujh76AUB0E2QWf_root",
    "name" : "grueau2013towards",
    "description" : null,
    "type" : "Package",
    "propertyAssignments" : null,
    "contents" : [ {
      "id" : "dszjh76AUB0E2Qqa",
      "name" : "Intention",
      "description" : null,
      "type" : "Class",
      "propertyAssignments" : null,
      "stereotype" : "MentalMode",
      "isAbstract" : false,
      "isDerived" : false,
      "properties" : null,
      "isExtensional" : null,
      "isPowertype" : null,
      "order" : null,
      "literals" : null,
      "restrictedTo" : null
    }, {
      "id" : "GSGTh76AUB0E2Qqz",
      "name" : "Activity",
      "description" : null,
      "type" : "Class",
      "propertyAssignments" : null,
      "stereotype" : "Activity",
      "isAbstract" : false,
      "isDerived" : false,
      "properties" : null,
      "isExtensional" : null,
      "isPowertype" : null,
      "order" : null,
      "literals" : null,
      "restrictedTo" : null
    }, {
      "id" : "clhTh76AUB0E2QrC",
      "name" : "Agent",
      "description" : null,
      "type" : "Class",
      "propertyAssignments" : null,
      "stereotype" : "agent",
      "isAbstract" : false,
      "isDerived" : false,
      "properties" : null,
      "isExtensional" : null,
      "isPowertype" : null,
      "order" : null,
      "literals" : null,
      "restrictedTo" : null
    }, {
      "id" : "aEuzh76AUB0E2QyV",
      "name" : "social agent",
      "description" : null,
      "type" : "Class",
      "propertyAssignments" : null,
      "stereotype" : "InstitutionalAgent",
      "isAbstract" : false,
      "isDerived" : false,
      "properties" : null,
      "isExtensional" : null,
      "isPowertype" : null,
      "order" : null,
      "literals" : null,
      "restrictedTo" : null
    }, {
      "id" : "OYNzh76AUB0E2Qys",
      "name" : "PhysicalAgent",
      "description" : null,
      "type" : "Class",
      "propertyAssignments" : null,
      "stereotype" : "HumanAgent",
      "isAbstract" : false,
      "isDerived" : false,
      "properties" : null,
      "isExtensional" : null,
      "isPowertype" : null,
      "order" : null,
      "literals" : null,
      "restrictedTo" : null
    }, {
      "id" : "0LeER76AUB0E2Q0T",
      "name" : "Organization",
      "description" : null,
      "type" : "Class",
      "propertyAssignments" : null,
      "stereotype" : "Organization",
      "isAbstract" : false,
      "isDerived" : false,
      "properties" : null,
      "isExtensional" : null,
      "isPowertype" : null,
      "order" : null,
      "literals" : null,
      "restrictedTo" : null
    }, {
      "id" : "UEVER76AUB0E2Q00",
      "name" : "HouseHold",
      "description" : null,
      "type" : "Class",
      "propertyAssignments" : null,
      "stereotype" : null,
      "isAbstract" : false,
      "isDerived" : false,
      "properties" : null,
      "isExtensional" : null,
      "isPowertype" : null,
      "order" : null,
      "literals" : null,
      "restrictedTo" : null
    }, {
      "id" : "wgDER76AUB0E2Q1K",
      "name" : "Resident",
      "description" : null,
      "type" : "Class",
      "propertyAssignments" : null,
      "stereotype" : null,
      "isAbstract" : false,
      "isDerived" : false,
      "properties" : null,
      "isExtensional" : null,
      "isPowertype" : null,
      "order" : null,
      "literals" : null,
      "restrictedTo" : null
    }, {
      "id" : "yKTER76AUB0E2Q1Z",
      "name" : "EstateOwner",
      "description" : null,
      "type" : "Class",
      "propertyAssignments" : null,
      "stereotype" : null,
      "isAbstract" : false,
      "isDerived" : false,
      "properties" : null,
      "isExtensional" : null,
      "isPowertype" : null,
      "order" : null,
      "literals" : null,
      "restrictedTo" : null
    }, {
      "id" : "QWrER76AUB0E2Q1k",
      "name" : "LandManager",
      "description" : null,
      "type" : "Class",
      "propertyAssignments" : null,
      "stereotype" : null,
      "isAbstract" : false,
      "isDerived" : false,
      "properties" : null,
      "isExtensional" : null,
      "isPowertype" : null,
      "order" : null,
      "literals" : null,
      "restrictedTo" : null
    }, {
      "id" : "zPHER76AUB0E2Q15",
      "name" : "Landlord",
      "description" : null,
      "type" : "Class",
      "propertyAssignments" : null,
      "stereotype" : null,
      "isAbstract" : false,
      "isDerived" : false,
      "properties" : null,
      "isExtensional" : null,
      "isPowertype" : null,
      "order" : null,
      "literals" : null,
      "restrictedTo" : null
    }, {
      "id" : "Ve3ER76AUB0E2Q2I",
      "name" : "ServiceCenter Agent",
      "description" : null,
      "type" : "Class",
      "propertyAssignments" : null,
      "stereotype" : null,
      "isAbstract" : false,
      "isDerived" : false,
      "properties" : null,
      "isExtensional" : null,
      "isPowertype" : null,
      "order" : null,
      "literals" : null,
      "restrictedTo" : null
    }, {
      "id" : "QCfER76AUB0E2Q2R",
      "name" : "LandOwner",
      "description" : null,
      "type" : "Class",
      "propertyAssignments" : null,
      "stereotype" : null,
      "isAbstract" : false,
      "isDerived" : false,
      "properties" : null,
      "isExtensional" : null,
      "isPowertype" : null,
      "order" : null,
      "literals" : null,
      "restrictedTo" : null
    }, {
      "id" : "SMbzh76AUB0E2Qy9",
      "name" : null,
      "description" : null,
      "type" : "Generalization",
      "propertyAssignments" : null,
      "general" : {
        "id" : "clhTh76AUB0E2QrC",
        "type" : "Class"
      },
      "specific" : {
        "id" : "aEuzh76AUB0E2QyV",
        "type" : "Class"
      }
    }, {
      "id" : "E47zh76AUB0E2QzB",
      "name" : null,
      "description" : null,
      "type" : "Generalization",
      "propertyAssignments" : null,
      "general" : {
        "id" : "clhTh76AUB0E2QrC",
        "type" : "Class"
      },
      "specific" : {
        "id" : "OYNzh76AUB0E2Qys",
        "type" : "Class"
      }
    }, {
      "id" : ".MFER76AUB0E2Q0k",
      "name" : null,
      "description" : null,
      "type" : "Generalization",
      "propertyAssignments" : null,
      "general" : {
        "id" : "aEuzh76AUB0E2QyV",
        "type" : "Class"
      },
      "specific" : {
        "id" : "0LeER76AUB0E2Q0T",
        "type" : "Class"
      }
    }, {
      "id" : "7oOkR76AUB0E2Q3r",
      "name" : null,
      "description" : null,
      "type" : "Generalization",
      "propertyAssignments" : null,
      "general" : {
        "id" : "OYNzh76AUB0E2Qys",
        "type" : "Class"
      },
      "specific" : {
        "id" : "UEVER76AUB0E2Q00",
        "type" : "Class"
      }
    }, {
      "id" : "GrOkR76AUB0E2Q3v",
      "name" : null,
      "description" : null,
      "type" : "Generalization",
      "propertyAssignments" : null,
      "general" : {
        "id" : "OYNzh76AUB0E2Qys",
        "type" : "Class"
      },
      "specific" : {
        "id" : "wgDER76AUB0E2Q1K",
        "type" : "Class"
      }
    }, {
      "id" : "7OukR76AUB0E2Q3z",
      "name" : null,
      "description" : null,
      "type" : "Generalization",
      "propertyAssignments" : null,
      "general" : {
        "id" : "OYNzh76AUB0E2Qys",
        "type" : "Class"
      },
      "specific" : {
        "id" : "yKTER76AUB0E2Q1Z",
        "type" : "Class"
      }
    }, {
      "id" : "5wekR76AUB0E2Q33",
      "name" : null,
      "description" : null,
      "type" : "Generalization",
      "propertyAssignments" : null,
      "general" : {
        "id" : "OYNzh76AUB0E2Qys",
        "type" : "Class"
      },
      "specific" : {
        "id" : "QWrER76AUB0E2Q1k",
        "type" : "Class"
      }
    }, {
      "id" : "7xekR76AUB0E2Q37",
      "name" : null,
      "description" : null,
      "type" : "Generalization",
      "propertyAssignments" : null,
      "general" : {
        "id" : "OYNzh76AUB0E2Qys",
        "type" : "Class"
      },
      "specific" : {
        "id" : "zPHER76AUB0E2Q15",
        "type" : "Class"
      }
    }, {
      "id" : "HY.kR76AUB0E2Q3_",
      "name" : null,
      "description" : null,
      "type" : "Generalization",
      "propertyAssignments" : null,
      "general" : {
        "id" : "OYNzh76AUB0E2Qys",
        "type" : "Class"
      },
      "specific" : {
        "id" : "Ve3ER76AUB0E2Q2I",
        "type" : "Class"
      }
    }, {
      "id" : "ur.kR76AUB0E2Q4D",
      "name" : null,
      "description" : null,
      "type" : "Generalization",
      "propertyAssignments" : null,
      "general" : {
        "id" : "OYNzh76AUB0E2Qys",
        "type" : "Class"
      },
      "specific" : {
        "id" : "QCfER76AUB0E2Q2R",
        "type" : "Class"
      }
    }, {
      "id" : "C26zh76AUB0E2Qxs",
      "name" : null,
      "description" : null,
      "type" : "Relation",
      "propertyAssignments" : null,
      "stereotype" : null,
      "isAbstract" : false,
      "isDerived" : false,
      "properties" : [ {
        "id" : "a26zh76AUB0E2Qxu",
        "name" : null,
        "description" : null,
        "type" : "Property",
        "propertyAssignments" : null,
        "stereotype" : null,
        "isDerived" : false,
        "isReadOnly" : false,
        "isOrdered" : false,
        "cardinality" : "*",
        "propertyType" : {
          "id" : "dszjh76AUB0E2Qqa",
          "type" : "Class"
        },
        "subsettedProperties" : null,
        "redefinedProperties" : null,
        "aggregationKind" : "NONE"
      }, {
        "id" : "G26zh76AUB0E2Qxx",
        "name" : null,
        "description" : null,
        "type" : "Property",
        "propertyAssignments" : null,
        "stereotype" : null,
        "isDerived" : false,
        "isReadOnly" : false,
        "isOrdered" : false,
        "cardinality" : "*",
        "propertyType" : {
          "id" : "clhTh76AUB0E2QrC",
          "type" : "Class"
        },
        "subsettedProperties" : null,
        "redefinedProperties" : null,
        "aggregationKind" : "NONE"
      } ]
    }, {
      "id" : "WYGzh76AUB0E2Qx2",
      "name" : null,
      "description" : null,
      "type" : "Relation",
      "propertyAssignments" : null,
      "stereotype" : null,
      "isAbstract" : false,
      "isDerived" : false,
      "properties" : [ {
        "id" : "WYGzh76AUB0E2Qx3",
        "name" : null,
        "description" : null,
        "type" : "Property",
        "propertyAssignments" : null,
        "stereotype" : null,
        "isDerived" : false,
        "isReadOnly" : false,
        "isOrdered" : false,
        "cardinality" : "*",
        "propertyType" : {
          "id" : "GSGTh76AUB0E2Qqz",
          "type" : "Class"
        },
        "subsettedProperties" : null,
        "redefinedProperties" : null,
        "aggregationKind" : "NONE"
      }, {
        "id" : "WYGzh76AUB0E2Qx5",
        "name" : null,
        "description" : null,
        "type" : "Property",
        "propertyAssignments" : null,
        "stereotype" : null,
        "isDerived" : false,
        "isReadOnly" : false,
        "isOrdered" : false,
        "cardinality" : "*",
        "propertyType" : {
          "id" : "clhTh76AUB0E2QrC",
          "type" : "Class"
        },
        "subsettedProperties" : null,
        "redefinedProperties" : null,
        "aggregationKind" : "NONE"
      } ]
    }, {
      "id" : "S1wLh76AUB0E2QzX",
      "name" : "subagents",
      "description" : null,
      "type" : "Relation",
      "propertyAssignments" : null,
      "stereotype" : null,
      "isAbstract" : false,
      "isDerived" : false,
      "properties" : [ {
        "id" : "S1wLh76AUB0E2QzY",
        "name" : null,
        "description" : null,
        "type" : "Property",
        "propertyAssignments" : null,
        "stereotype" : null,
        "isDerived" : false,
        "isReadOnly" : false,
        "isOrdered" : false,
        "cardinality" : "*",
        "propertyType" : {
          "id" : "clhTh76AUB0E2QrC",
          "type" : "Class"
        },
        "subsettedProperties" : null,
        "redefinedProperties" : null,
        "aggregationKind" : "NONE"
      }, {
        "id" : "S1wLh76AUB0E2Qza",
        "name" : "",
        "description" : null,
        "type" : "Property",
        "propertyAssignments" : null,
        "stereotype" : null,
        "isDerived" : false,
        "isReadOnly" : false,
        "isOrdered" : false,
        "cardinality" : "*",
        "propertyType" : {
          "id" : "aEuzh76AUB0E2QyV",
          "type" : "Class"
        },
        "subsettedProperties" : null,
        "redefinedProperties" : null,
        "aggregationKind" : "NONE"
      } ]
    } ]
  },
  "diagrams" : [ {
    "id" : "ZORjh76AUB0E2QqJ",
    "name" : "diagram1",
    "description" : "",
    "type" : "Diagram",
    "owner" : {
      "id" : "h8ujh76AUB0E2QWf_root",
      "type" : "Package"
    },
    "contents" : [ {
      "id" : "QCfER76AUB0E2Q2Q",
      "type" : "ClassView",
      "modelElement" : {
        "id" : "QCfER76AUB0E2Q2R",
        "type" : "Class"
      },
      "shape" : {
        "id" : "QCfER76AUB0E2Q2Q_shape",
        "type" : "Rectangle",
        "x" : 880,
        "y" : 389,
        "width" : 80,
        "height" : 40
      }
    }, {
      "id" : "p26zh76AUB0E2Qxz",
      "type" : "RelationView",
      "modelElement" : {
        "id" : "C26zh76AUB0E2Qxs",
        "type" : "Relation"
      },
      "shape" : {
        "id" : "p26zh76AUB0E2Qxz_path",
        "type" : "Path",
        "points" : [ {
          "x" : 222,
          "y" : 91
        }, {
          "x" : 222,
          "y" : 177
        } ]
      },
      "source" : {
        "id" : "lszjh76AUB0E2QqZ",
        "type" : "ClassView"
      },
      "target" : {
        "id" : "clhTh76AUB0E2QrB",
        "type" : "ClassView"
      }
    }, {
      "id" : "rwekR76AUB0E2Q34",
      "type" : "GeneralizationView",
      "modelElement" : {
        "id" : "5wekR76AUB0E2Q33",
        "type" : "Generalization"
      },
      "shape" : {
        "id" : "rwekR76AUB0E2Q34_path",
        "type" : "Path",
        "points" : [ {
          "x" : 660,
          "y" : 343
        }, {
          "x" : 660,
          "y" : 366
        }, {
          "x" : 607,
          "y" : 366
        }, {
          "x" : 607,
          "y" : 388
        } ]
      },
      "source" : {
        "id" : "OYNzh76AUB0E2Qyr",
        "type" : "ClassView"
      },
      "target" : {
        "id" : "QWrER76AUB0E2Q1j",
        "type" : "ClassView"
      }
    }, {
      "id" : "44.kR76AUB0E2Q4A",
      "type" : "GeneralizationView",
      "modelElement" : {
        "id" : "HY.kR76AUB0E2Q3_",
        "type" : "Generalization"
      },
      "shape" : {
        "id" : "44.kR76AUB0E2Q4A_path",
        "type" : "Path",
        "points" : [ {
          "x" : 660,
          "y" : 343
        }, {
          "x" : 660,
          "y" : 366
        }, {
          "x" : 810,
          "y" : 366
        }, {
          "x" : 810,
          "y" : 388
        } ]
      },
      "source" : {
        "id" : "OYNzh76AUB0E2Qyr",
        "type" : "ClassView"
      },
      "target" : {
        "id" : "Ve3ER76AUB0E2Q2H",
        "type" : "ClassView"
      }
    }, {
      "id" : "lszjh76AUB0E2QqZ",
      "type" : "ClassView",
      "modelElement" : {
        "id" : "dszjh76AUB0E2Qqa",
        "type" : "Class"
      },
      "shape" : {
        "id" : "lszjh76AUB0E2QqZ_shape",
        "type" : "Rectangle",
        "x" : 175,
        "y" : 50,
        "width" : 110,
        "height" : 40
      }
    }, {
      "id" : "prOkR76AUB0E2Q3w",
      "type" : "GeneralizationView",
      "modelElement" : {
        "id" : "GrOkR76AUB0E2Q3v",
        "type" : "Generalization"
      },
      "shape" : {
        "id" : "prOkR76AUB0E2Q3w_path",
        "type" : "Path",
        "points" : [ {
          "x" : 662,
          "y" : 343
        }, {
          "x" : 662,
          "y" : 366
        }, {
          "x" : 425,
          "y" : 366
        }, {
          "x" : 425,
          "y" : 388
        } ]
      },
      "source" : {
        "id" : "OYNzh76AUB0E2Qyr",
        "type" : "ClassView"
      },
      "target" : {
        "id" : "QgDER76AUB0E2Q1J",
        "type" : "ClassView"
      }
    }, {
      "id" : "y47zh76AUB0E2QzC",
      "type" : "GeneralizationView",
      "modelElement" : {
        "id" : "E47zh76AUB0E2QzB",
        "type" : "Generalization"
      },
      "shape" : {
        "id" : "y47zh76AUB0E2QzC_path",
        "type" : "Path",
        "points" : [ {
          "x" : 416,
          "y" : 218
        }, {
          "x" : 416,
          "y" : 267
        }, {
          "x" : 661,
          "y" : 267
        }, {
          "x" : 661,
          "y" : 301
        } ]
      },
      "source" : {
        "id" : "clhTh76AUB0E2QrB",
        "type" : "ClassView"
      },
      "target" : {
        "id" : "OYNzh76AUB0E2Qyr",
        "type" : "ClassView"
      }
    }, {
      "id" : "ULeER76AUB0E2Q0S",
      "type" : "ClassView",
      "modelElement" : {
        "id" : "0LeER76AUB0E2Q0T",
        "type" : "Class"
      },
      "shape" : {
        "id" : "ULeER76AUB0E2Q0S_shape",
        "type" : "Rectangle",
        "x" : 146,
        "y" : 389,
        "width" : 114,
        "height" : 40
      }
    }, {
      "id" : "QgDER76AUB0E2Q1J",
      "type" : "ClassView",
      "modelElement" : {
        "id" : "wgDER76AUB0E2Q1K",
        "type" : "Class"
      },
      "shape" : {
        "id" : "QgDER76AUB0E2Q1J_shape",
        "type" : "Rectangle",
        "x" : 385,
        "y" : 389,
        "width" : 80,
        "height" : 40
      }
    }, {
      "id" : "x1wLh76AUB0E2Qzc",
      "type" : "RelationView",
      "modelElement" : {
        "id" : "S1wLh76AUB0E2QzX",
        "type" : "Relation"
      },
      "shape" : {
        "id" : "x1wLh76AUB0E2Qzc_path",
        "type" : "Path",
        "points" : [ {
          "x" : 195,
          "y" : 218
        }, {
          "x" : 195,
          "y" : 301
        } ]
      },
      "source" : {
        "id" : "clhTh76AUB0E2QrB",
        "type" : "ClassView"
      },
      "target" : {
        "id" : "aEuzh76AUB0E2QyU",
        "type" : "ClassView"
      }
    }, {
      "id" : "QWrER76AUB0E2Q1j",
      "type" : "ClassView",
      "modelElement" : {
        "id" : "QWrER76AUB0E2Q1k",
        "type" : "Class"
      },
      "shape" : {
        "id" : "QWrER76AUB0E2Q1j_shape",
        "type" : "Rectangle",
        "x" : 567,
        "y" : 389,
        "width" : 86,
        "height" : 40
      }
    }, {
      "id" : "6Mbzh76AUB0E2Qy.",
      "type" : "GeneralizationView",
      "modelElement" : {
        "id" : "SMbzh76AUB0E2Qy9",
        "type" : "Generalization"
      },
      "shape" : {
        "id" : "6Mbzh76AUB0E2Qy._path",
        "type" : "Path",
        "points" : [ {
          "x" : 415,
          "y" : 218
        }, {
          "x" : 415,
          "y" : 267
        }, {
          "x" : 222,
          "y" : 267
        }, {
          "x" : 222,
          "y" : 301
        } ]
      },
      "source" : {
        "id" : "clhTh76AUB0E2QrB",
        "type" : "ClassView"
      },
      "target" : {
        "id" : "aEuzh76AUB0E2QyU",
        "type" : "ClassView"
      }
    }, {
      "id" : "1r.kR76AUB0E2Q4E",
      "type" : "GeneralizationView",
      "modelElement" : {
        "id" : "ur.kR76AUB0E2Q4D",
        "type" : "Generalization"
      },
      "shape" : {
        "id" : "1r.kR76AUB0E2Q4E_path",
        "type" : "Path",
        "points" : [ {
          "x" : 660,
          "y" : 343
        }, {
          "x" : 660,
          "y" : 366
        }, {
          "x" : 913,
          "y" : 366
        }, {
          "x" : 913,
          "y" : 388
        } ]
      },
      "source" : {
        "id" : "OYNzh76AUB0E2Qyr",
        "type" : "ClassView"
      },
      "target" : {
        "id" : "QCfER76AUB0E2Q2Q",
        "type" : "ClassView"
      }
    }, {
      "id" : "tMFER76AUB0E2Q0l",
      "type" : "GeneralizationView",
      "modelElement" : {
        "id" : ".MFER76AUB0E2Q0k",
        "type" : "Generalization"
      },
      "shape" : {
        "id" : "tMFER76AUB0E2Q0l_path",
        "type" : "Path",
        "points" : [ {
          "x" : 195,
          "y" : 343
        }, {
          "x" : 195,
          "y" : 388
        } ]
      },
      "source" : {
        "id" : "aEuzh76AUB0E2QyU",
        "type" : "ClassView"
      },
      "target" : {
        "id" : "ULeER76AUB0E2Q0S",
        "type" : "ClassView"
      }
    }, {
      "id" : "OYNzh76AUB0E2Qyr",
      "type" : "ClassView",
      "modelElement" : {
        "id" : "OYNzh76AUB0E2Qys",
        "type" : "Class"
      },
      "shape" : {
        "id" : "OYNzh76AUB0E2Qyr_shape",
        "type" : "Rectangle",
        "x" : 610,
        "y" : 302,
        "width" : 115,
        "height" : 40
      }
    }, {
      "id" : "SKTER76AUB0E2Q1Y",
      "type" : "ClassView",
      "modelElement" : {
        "id" : "yKTER76AUB0E2Q1Z",
        "type" : "Class"
      },
      "shape" : {
        "id" : "SKTER76AUB0E2Q1Y_shape",
        "type" : "Rectangle",
        "x" : 476,
        "y" : 389,
        "width" : 81,
        "height" : 40
      }
    }, {
      "id" : "XxekR76AUB0E2Q38",
      "type" : "GeneralizationView",
      "modelElement" : {
        "id" : "7xekR76AUB0E2Q37",
        "type" : "Generalization"
      },
      "shape" : {
        "id" : "XxekR76AUB0E2Q38_path",
        "type" : "Path",
        "points" : [ {
          "x" : 660,
          "y" : 343
        }, {
          "x" : 660,
          "y" : 366
        }, {
          "x" : 700,
          "y" : 366
        }, {
          "x" : 700,
          "y" : 388
        } ]
      },
      "source" : {
        "id" : "OYNzh76AUB0E2Qyr",
        "type" : "ClassView"
      },
      "target" : {
        "id" : "TPHER76AUB0E2Q14",
        "type" : "ClassView"
      }
    }, {
      "id" : "Ve3ER76AUB0E2Q2H",
      "type" : "ClassView",
      "modelElement" : {
        "id" : "Ve3ER76AUB0E2Q2I",
        "type" : "Class"
      },
      "shape" : {
        "id" : "Ve3ER76AUB0E2Q2H_shape",
        "type" : "Rectangle",
        "x" : 750,
        "y" : 389,
        "width" : 125,
        "height" : 40
      }
    }, {
      "id" : "TPHER76AUB0E2Q14",
      "type" : "ClassView",
      "modelElement" : {
        "id" : "zPHER76AUB0E2Q15",
        "type" : "Class"
      },
      "shape" : {
        "id" : "TPHER76AUB0E2Q14_shape",
        "type" : "Rectangle",
        "x" : 660,
        "y" : 389,
        "width" : 80,
        "height" : 40
      }
    }, {
      "id" : "UEVER76AUB0E2Q0z",
      "type" : "ClassView",
      "modelElement" : {
        "id" : "UEVER76AUB0E2Q00",
        "type" : "Class"
      },
      "shape" : {
        "id" : "UEVER76AUB0E2Q0z_shape",
        "type" : "Rectangle",
        "x" : 293,
        "y" : 389,
        "width" : 80,
        "height" : 40
      }
    }, {
      "id" : "XoOkR76AUB0E2Q3s",
      "type" : "GeneralizationView",
      "modelElement" : {
        "id" : "7oOkR76AUB0E2Q3r",
        "type" : "Generalization"
      },
      "shape" : {
        "id" : "XoOkR76AUB0E2Q3s_path",
        "type" : "Path",
        "points" : [ {
          "x" : 661,
          "y" : 343
        }, {
          "x" : 661,
          "y" : 366
        }, {
          "x" : 325,
          "y" : 366
        }, {
          "x" : 325,
          "y" : 388
        } ]
      },
      "source" : {
        "id" : "OYNzh76AUB0E2Qyr",
        "type" : "ClassView"
      },
      "target" : {
        "id" : "UEVER76AUB0E2Q0z",
        "type" : "ClassView"
      }
    }, {
      "id" : "1YGzh76AUB0E2Qx7",
      "type" : "RelationView",
      "modelElement" : {
        "id" : "WYGzh76AUB0E2Qx2",
        "type" : "Relation"
      },
      "shape" : {
        "id" : "1YGzh76AUB0E2Qx7_path",
        "type" : "Path",
        "points" : [ {
          "x" : 628,
          "y" : 87
        }, {
          "x" : 628,
          "y" : 177
        } ]
      },
      "source" : {
        "id" : "GSGTh76AUB0E2Qqy",
        "type" : "ClassView"
      },
      "target" : {
        "id" : "clhTh76AUB0E2QrB",
        "type" : "ClassView"
      }
    }, {
      "id" : "YuukR76AUB0E2Q30",
      "type" : "GeneralizationView",
      "modelElement" : {
        "id" : "7OukR76AUB0E2Q3z",
        "type" : "Generalization"
      },
      "shape" : {
        "id" : "YuukR76AUB0E2Q30_path",
        "type" : "Path",
        "points" : [ {
          "x" : 661,
          "y" : 343
        }, {
          "x" : 661,
          "y" : 366
        }, {
          "x" : 515,
          "y" : 366
        }, {
          "x" : 515,
          "y" : 388
        } ]
      },
      "source" : {
        "id" : "OYNzh76AUB0E2Qyr",
        "type" : "ClassView"
      },
      "target" : {
        "id" : "SKTER76AUB0E2Q1Y",
        "type" : "ClassView"
      }
    }, {
      "id" : "GSGTh76AUB0E2Qqy",
      "type" : "ClassView",
      "modelElement" : {
        "id" : "GSGTh76AUB0E2Qqz",
        "type" : "Class"
      },
      "shape" : {
        "id" : "GSGTh76AUB0E2Qqy_shape",
        "type" : "Rectangle",
        "x" : 580,
        "y" : 46,
        "width" : 85,
        "height" : 40
      }
    }, {
      "id" : "aEuzh76AUB0E2QyU",
      "type" : "ClassView",
      "modelElement" : {
        "id" : "aEuzh76AUB0E2QyV",
        "type" : "Class"
      },
      "shape" : {
        "id" : "aEuzh76AUB0E2QyU_shape",
        "type" : "Rectangle",
        "x" : 135,
        "y" : 302,
        "width" : 140,
        "height" : 40
      }
    }, {
      "id" : "clhTh76AUB0E2QrB",
      "type" : "ClassView",
      "modelElement" : {
        "id" : "clhTh76AUB0E2QrC",
        "type" : "Class"
      },
      "shape" : {
        "id" : "clhTh76AUB0E2QrB_shape",
        "type" : "Rectangle",
        "x" : 155,
        "y" : 177,
        "width" : 516,
        "height" : 40
      }
    } ]
  } ]
}