{
  "id" : "U5etG06GAqACHRHh",
  "name" : "guarino2018ontological",
  "description" : null,
  "type" : "Project",
  "model" : {
    "id" : "U5etG06GAqACHRHh_root",
    "name" : "guarino2018ontological",
    "description" : null,
    "type" : "Package",
    "propertyAssignments" : null,
    "contents" : [ {
      "id" : "yWSWQ_6AUB0C9Ddg",
      "name" : "Package",
      "description" : null,
      "type" : "Package",
      "propertyAssignments" : null,
      "contents" : [ {
        "id" : "NEhdG06GAqACHRW2",
        "name" : "Agent",
        "description" : null,
        "type" : "Class",
        "propertyAssignments" : null,
        "stereotype" : "category",
        "isAbstract" : true,
        "isDerived" : false,
        "properties" : null,
        "isExtensional" : false,
        "isPowertype" : null,
        "order" : null,
        "literals" : null,
        "restrictedTo" : [ "functional-complex", "collective", "quantity" ]
      }, {
        "id" : "YGZdG06GAqACHRXG",
        "name" : "Economic Agent",
        "description" : null,
        "type" : "Class",
        "propertyAssignments" : null,
        "stereotype" : "roleMixin",
        "isAbstract" : true,
        "isDerived" : false,
        "properties" : null,
        "isExtensional" : false,
        "isPowertype" : null,
        "order" : null,
        "literals" : null,
        "restrictedTo" : [ "functional-complex", "collective", "quantity" ]
      }, {
        "id" : "FhFdG06GAqACHRXS",
        "name" : "Provider",
        "description" : null,
        "type" : "Class",
        "propertyAssignments" : null,
        "stereotype" : "roleMixin",
        "isAbstract" : true,
        "isDerived" : false,
        "properties" : null,
        "isExtensional" : false,
        "isPowertype" : null,
        "order" : null,
        "literals" : null,
        "restrictedTo" : [ "functional-complex", "collective", "quantity" ]
      }, {
        "id" : "y5VdG06GAqACHRXi",
        "name" : "Receiver",
        "description" : null,
        "type" : "Class",
        "propertyAssignments" : null,
        "stereotype" : "roleMixin",
        "isAbstract" : true,
        "isDerived" : false,
        "properties" : null,
        "isExtensional" : false,
        "isPowertype" : null,
        "order" : null,
        "literals" : null,
        "restrictedTo" : [ "functional-complex", "collective", "quantity" ]
      }, {
        "id" : "lT9dG06GAqACHRX4",
        "name" : "Bilateral Economic Contract",
        "description" : null,
        "type" : "Class",
        "propertyAssignments" : null,
        "stereotype" : "relator",
        "isAbstract" : false,
        "isDerived" : false,
        "properties" : null,
        "isExtensional" : null,
        "isPowertype" : null,
        "order" : null,
        "literals" : null,
        "restrictedTo" : [ "relator" ]
      }, {
        "id" : "tVLdG06GAqACHRYE",
        "name" : "Good Transfer Conditional Commitment",
        "description" : null,
        "type" : "Class",
        "propertyAssignments" : null,
        "stereotype" : "mode",
        "isAbstract" : false,
        "isDerived" : false,
        "properties" : null,
        "isExtensional" : null,
        "isPowertype" : null,
        "order" : null,
        "literals" : null,
        "restrictedTo" : [ "intrinsic-mode" ]
      }, {
        "id" : "P1HdG06GAqACHRYQ",
        "name" : "Money Transfer Conditional Commitment",
        "description" : null,
        "type" : "Class",
        "propertyAssignments" : null,
        "stereotype" : "mode",
        "isAbstract" : false,
        "isDerived" : false,
        "properties" : null,
        "isExtensional" : null,
        "isPowertype" : null,
        "order" : null,
        "literals" : null,
        "restrictedTo" : [ "intrinsic-mode" ]
      }, {
        "id" : "T6M9G06GAqACHRZM",
        "name" : "Economic Exchange",
        "description" : null,
        "type" : "Class",
        "propertyAssignments" : null,
        "stereotype" : "event",
        "isAbstract" : false,
        "isDerived" : false,
        "properties" : null,
        "isExtensional" : null,
        "isPowertype" : null,
        "order" : null,
        "literals" : null,
        "restrictedTo" : [ "event" ]
      }, {
        "id" : "YBK9G06GAqACHRZY",
        "name" : "Economic Event",
        "description" : null,
        "type" : "Class",
        "propertyAssignments" : null,
        "stereotype" : "event",
        "isAbstract" : false,
        "isDerived" : false,
        "properties" : null,
        "isExtensional" : null,
        "isPowertype" : null,
        "order" : null,
        "literals" : null,
        "restrictedTo" : [ "event" ]
      }, {
        "id" : "g9e9G06GAqACHRZu",
        "name" : "Sell Event",
        "description" : null,
        "type" : "Class",
        "propertyAssignments" : null,
        "stereotype" : "subkind",
        "isAbstract" : false,
        "isDerived" : false,
        "properties" : null,
        "isExtensional" : false,
        "isPowertype" : null,
        "order" : null,
        "literals" : null,
        "restrictedTo" : null
      }, {
        "id" : "IfB9G06GAqACHRZ6",
        "name" : "Cash Event",
        "description" : null,
        "type" : "Class",
        "propertyAssignments" : null,
        "stereotype" : "subkind",
        "isAbstract" : false,
        "isDerived" : false,
        "properties" : null,
        "isExtensional" : false,
        "isPowertype" : null,
        "order" : null,
        "literals" : null,
        "restrictedTo" : null
      }, {
        "id" : "LA19G06GAqACHRal",
        "name" : null,
        "description" : null,
        "type" : "Generalization",
        "propertyAssignments" : null,
        "general" : {
          "id" : "YBK9G06GAqACHRZY",
          "type" : "Class"
        },
        "specific" : {
          "id" : "IfB9G06GAqACHRZ6",
          "type" : "Class"
        }
      }, {
        "id" : "7ON9G06GAqACHRaw",
        "name" : null,
        "description" : null,
        "type" : "Generalization",
        "propertyAssignments" : null,
        "general" : {
          "id" : "YBK9G06GAqACHRZY",
          "type" : "Class"
        },
        "specific" : {
          "id" : "g9e9G06GAqACHRZu",
          "type" : "Class"
        }
      }, {
        "id" : "oWJjG06GAqACHRfJ",
        "name" : null,
        "description" : null,
        "type" : "Generalization",
        "propertyAssignments" : null,
        "general" : {
          "id" : "NEhdG06GAqACHRW2",
          "type" : "Class"
        },
        "specific" : {
          "id" : "YGZdG06GAqACHRXG",
          "type" : "Class"
        }
      }, {
        "id" : "9E9jG06GAqACHRfk",
        "name" : null,
        "description" : null,
        "type" : "Generalization",
        "propertyAssignments" : null,
        "general" : {
          "id" : "YGZdG06GAqACHRXG",
          "type" : "Class"
        },
        "specific" : {
          "id" : "FhFdG06GAqACHRXS",
          "type" : "Class"
        }
      }, {
        "id" : "v7DjG06GAqACHRfz",
        "name" : null,
        "description" : null,
        "type" : "Generalization",
        "propertyAssignments" : null,
        "general" : {
          "id" : "YGZdG06GAqACHRXG",
          "type" : "Class"
        },
        "specific" : {
          "id" : "y5VdG06GAqACHRXi",
          "type" : "Class"
        }
      }, {
        "id" : "QNd9G06GAqACHRa3",
        "name" : "",
        "description" : null,
        "type" : "GeneralizationSet",
        "propertyAssignments" : null,
        "isDisjoint" : true,
        "isComplete" : true,
        "categorizer" : null,
        "generalizations" : [ {
          "id" : "7ON9G06GAqACHRaw",
          "type" : "Generalization"
        }, {
          "id" : "LA19G06GAqACHRal",
          "type" : "Generalization"
        } ]
      }, {
        "id" : "Mzz9G06GAqACHRbI",
        "name" : null,
        "description" : null,
        "type" : "Relation",
        "propertyAssignments" : null,
        "stereotype" : null,
        "isAbstract" : false,
        "isDerived" : false,
        "properties" : [ {
          "id" : "Mzz9G06GAqACHRbJ",
          "name" : null,
          "description" : null,
          "type" : "Property",
          "propertyAssignments" : null,
          "stereotype" : null,
          "isDerived" : false,
          "isReadOnly" : false,
          "isOrdered" : false,
          "cardinality" : "1",
          "propertyType" : {
            "id" : "T6M9G06GAqACHRZM",
            "type" : "Class"
          },
          "subsettedProperties" : null,
          "redefinedProperties" : null,
          "aggregationKind" : "COMPOSITE"
        }, {
          "id" : "Mzz9G06GAqACHRbL",
          "name" : null,
          "description" : null,
          "type" : "Property",
          "propertyAssignments" : null,
          "stereotype" : null,
          "isDerived" : false,
          "isReadOnly" : false,
          "isOrdered" : false,
          "cardinality" : "1",
          "propertyType" : {
            "id" : "g9e9G06GAqACHRZu",
            "type" : "Class"
          },
          "subsettedProperties" : null,
          "redefinedProperties" : null,
          "aggregationKind" : "NONE"
        } ]
      }, {
        "id" : "x279G06GAqACHRbb",
        "name" : null,
        "description" : null,
        "type" : "Relation",
        "propertyAssignments" : null,
        "stereotype" : null,
        "isAbstract" : false,
        "isDerived" : false,
        "properties" : [ {
          "id" : "x279G06GAqACHRbc",
          "name" : null,
          "description" : null,
          "type" : "Property",
          "propertyAssignments" : null,
          "stereotype" : null,
          "isDerived" : false,
          "isReadOnly" : false,
          "isOrdered" : false,
          "cardinality" : "1",
          "propertyType" : {
            "id" : "T6M9G06GAqACHRZM",
            "type" : "Class"
          },
          "subsettedProperties" : null,
          "redefinedProperties" : null,
          "aggregationKind" : "COMPOSITE"
        }, {
          "id" : "x279G06GAqACHRbe",
          "name" : null,
          "description" : null,
          "type" : "Property",
          "propertyAssignments" : null,
          "stereotype" : null,
          "isDerived" : false,
          "isReadOnly" : false,
          "isOrdered" : false,
          "cardinality" : "1",
          "propertyType" : {
            "id" : "IfB9G06GAqACHRZ6",
            "type" : "Class"
          },
          "subsettedProperties" : null,
          "redefinedProperties" : null,
          "aggregationKind" : "NONE"
        } ]
      }, {
        "id" : ".w7DG06GAqACHRc2",
        "name" : "reciprocity (mutual existential dependence)",
        "description" : null,
        "type" : "Relation",
        "propertyAssignments" : null,
        "stereotype" : null,
        "isAbstract" : false,
        "isDerived" : false,
        "properties" : [ {
          "id" : ".w7DG06GAqACHRc3",
          "name" : null,
          "description" : null,
          "type" : "Property",
          "propertyAssignments" : null,
          "stereotype" : null,
          "isDerived" : false,
          "isReadOnly" : false,
          "isOrdered" : false,
          "cardinality" : "1",
          "propertyType" : {
            "id" : "tVLdG06GAqACHRYE",
            "type" : "Class"
          },
          "subsettedProperties" : null,
          "redefinedProperties" : null,
          "aggregationKind" : "NONE"
        }, {
          "id" : ".w7DG06GAqACHRc5",
          "name" : null,
          "description" : null,
          "type" : "Property",
          "propertyAssignments" : null,
          "stereotype" : null,
          "isDerived" : false,
          "isReadOnly" : false,
          "isOrdered" : false,
          "cardinality" : "1",
          "propertyType" : {
            "id" : "P1HdG06GAqACHRYQ",
            "type" : "Class"
          },
          "subsettedProperties" : null,
          "redefinedProperties" : null,
          "aggregationKind" : "NONE"
        } ]
      }, {
        "id" : "LU4jG06GAqACHRdN",
        "name" : "fulfills",
        "description" : null,
        "type" : "Relation",
        "propertyAssignments" : null,
        "stereotype" : null,
        "isAbstract" : false,
        "isDerived" : false,
        "properties" : [ {
          "id" : "LU4jG06GAqACHRdO",
          "name" : null,
          "description" : null,
          "type" : "Property",
          "propertyAssignments" : null,
          "stereotype" : null,
          "isDerived" : false,
          "isReadOnly" : false,
          "isOrdered" : false,
          "cardinality" : "0..1",
          "propertyType" : {
            "id" : "g9e9G06GAqACHRZu",
            "type" : "Class"
          },
          "subsettedProperties" : null,
          "redefinedProperties" : null,
          "aggregationKind" : "NONE"
        }, {
          "id" : "LU4jG06GAqACHRdQ",
          "name" : null,
          "description" : null,
          "type" : "Property",
          "propertyAssignments" : null,
          "stereotype" : null,
          "isDerived" : false,
          "isReadOnly" : false,
          "isOrdered" : false,
          "cardinality" : "1",
          "propertyType" : {
            "id" : "tVLdG06GAqACHRYE",
            "type" : "Class"
          },
          "subsettedProperties" : null,
          "redefinedProperties" : null,
          "aggregationKind" : "NONE"
        } ]
      }, {
        "id" : "pl0jG06GAqACHRdm",
        "name" : "fulfills",
        "description" : null,
        "type" : "Relation",
        "propertyAssignments" : null,
        "stereotype" : null,
        "isAbstract" : false,
        "isDerived" : false,
        "properties" : [ {
          "id" : "pl0jG06GAqACHRdn",
          "name" : null,
          "description" : null,
          "type" : "Property",
          "propertyAssignments" : null,
          "stereotype" : null,
          "isDerived" : false,
          "isReadOnly" : false,
          "isOrdered" : false,
          "cardinality" : "0..1",
          "propertyType" : {
            "id" : "IfB9G06GAqACHRZ6",
            "type" : "Class"
          },
          "subsettedProperties" : null,
          "redefinedProperties" : null,
          "aggregationKind" : "NONE"
        }, {
          "id" : "pl0jG06GAqACHRdp",
          "name" : null,
          "description" : null,
          "type" : "Property",
          "propertyAssignments" : null,
          "stereotype" : null,
          "isDerived" : false,
          "isReadOnly" : false,
          "isOrdered" : false,
          "cardinality" : "1",
          "propertyType" : {
            "id" : "P1HdG06GAqACHRYQ",
            "type" : "Class"
          },
          "subsettedProperties" : null,
          "redefinedProperties" : null,
          "aggregationKind" : "NONE"
        } ]
      }, {
        "id" : "KZ8jG06GAqACHRd1",
        "name" : "inheres in",
        "description" : null,
        "type" : "Relation",
        "propertyAssignments" : null,
        "stereotype" : "characterization",
        "isAbstract" : false,
        "isDerived" : false,
        "properties" : [ {
          "id" : "KZ8jG06GAqACHRd2",
          "name" : null,
          "description" : null,
          "type" : "Property",
          "propertyAssignments" : null,
          "stereotype" : null,
          "isDerived" : false,
          "isReadOnly" : false,
          "isOrdered" : false,
          "cardinality" : "1..*",
          "propertyType" : {
            "id" : "tVLdG06GAqACHRYE",
            "type" : "Class"
          },
          "subsettedProperties" : null,
          "redefinedProperties" : null,
          "aggregationKind" : "NONE"
        }, {
          "id" : "KZ8jG06GAqACHRd4",
          "name" : "",
          "description" : null,
          "type" : "Property",
          "propertyAssignments" : null,
          "stereotype" : null,
          "isDerived" : false,
          "isReadOnly" : true,
          "isOrdered" : false,
          "cardinality" : "1",
          "propertyType" : {
            "id" : "FhFdG06GAqACHRXS",
            "type" : "Class"
          },
          "subsettedProperties" : null,
          "redefinedProperties" : null,
          "aggregationKind" : "NONE"
        } ]
      }, {
        "id" : "5QOjG06GAqACHReM",
        "name" : "inheres in",
        "description" : null,
        "type" : "Relation",
        "propertyAssignments" : null,
        "stereotype" : "characterization",
        "isAbstract" : false,
        "isDerived" : false,
        "properties" : [ {
          "id" : "5QOjG06GAqACHReN",
          "name" : null,
          "description" : null,
          "type" : "Property",
          "propertyAssignments" : null,
          "stereotype" : null,
          "isDerived" : false,
          "isReadOnly" : false,
          "isOrdered" : false,
          "cardinality" : "1..*",
          "propertyType" : {
            "id" : "P1HdG06GAqACHRYQ",
            "type" : "Class"
          },
          "subsettedProperties" : null,
          "redefinedProperties" : null,
          "aggregationKind" : "NONE"
        }, {
          "id" : "5QOjG06GAqACHReP",
          "name" : null,
          "description" : null,
          "type" : "Property",
          "propertyAssignments" : null,
          "stereotype" : null,
          "isDerived" : false,
          "isReadOnly" : true,
          "isOrdered" : false,
          "cardinality" : "1",
          "propertyType" : {
            "id" : "y5VdG06GAqACHRXi",
            "type" : "Class"
          },
          "subsettedProperties" : null,
          "redefinedProperties" : null,
          "aggregationKind" : "NONE"
        } ]
      }, {
        "id" : "lLejG06GAqACHReb",
        "name" : "involves",
        "description" : null,
        "type" : "Relation",
        "propertyAssignments" : null,
        "stereotype" : "mediation",
        "isAbstract" : false,
        "isDerived" : false,
        "properties" : [ {
          "id" : "lLejG06GAqACHRec",
          "name" : null,
          "description" : null,
          "type" : "Property",
          "propertyAssignments" : null,
          "stereotype" : null,
          "isDerived" : false,
          "isReadOnly" : false,
          "isOrdered" : false,
          "cardinality" : "1..*",
          "propertyType" : {
            "id" : "lT9dG06GAqACHRX4",
            "type" : "Class"
          },
          "subsettedProperties" : null,
          "redefinedProperties" : null,
          "aggregationKind" : "NONE"
        }, {
          "id" : "lLejG06GAqACHRee",
          "name" : null,
          "description" : null,
          "type" : "Property",
          "propertyAssignments" : null,
          "stereotype" : null,
          "isDerived" : false,
          "isReadOnly" : true,
          "isOrdered" : false,
          "cardinality" : "1",
          "propertyType" : {
            "id" : "FhFdG06GAqACHRXS",
            "type" : "Class"
          },
          "subsettedProperties" : null,
          "redefinedProperties" : null,
          "aggregationKind" : "NONE"
        } ]
      }, {
        "id" : "LVhjG06GAqACHRe0",
        "name" : "involves",
        "description" : null,
        "type" : "Relation",
        "propertyAssignments" : null,
        "stereotype" : "mediation",
        "isAbstract" : false,
        "isDerived" : false,
        "properties" : [ {
          "id" : "LVhjG06GAqACHRe1",
          "name" : null,
          "description" : null,
          "type" : "Property",
          "propertyAssignments" : null,
          "stereotype" : null,
          "isDerived" : false,
          "isReadOnly" : false,
          "isOrdered" : false,
          "cardinality" : "1..*",
          "propertyType" : {
            "id" : "lT9dG06GAqACHRX4",
            "type" : "Class"
          },
          "subsettedProperties" : null,
          "redefinedProperties" : null,
          "aggregationKind" : "NONE"
        }, {
          "id" : "LVhjG06GAqACHRe3",
          "name" : null,
          "description" : null,
          "type" : "Property",
          "propertyAssignments" : null,
          "stereotype" : null,
          "isDerived" : false,
          "isReadOnly" : true,
          "isOrdered" : false,
          "cardinality" : "1",
          "propertyType" : {
            "id" : "y5VdG06GAqACHRXi",
            "type" : "Class"
          },
          "subsettedProperties" : null,
          "redefinedProperties" : null,
          "aggregationKind" : "NONE"
        } ]
      }, {
        "id" : "RWZTG06GAqACHRht",
        "name" : null,
        "description" : null,
        "type" : "Relation",
        "propertyAssignments" : null,
        "stereotype" : null,
        "isAbstract" : false,
        "isDerived" : false,
        "properties" : [ {
          "id" : "RWZTG06GAqACHRhu",
          "name" : null,
          "description" : null,
          "type" : "Property",
          "propertyAssignments" : null,
          "stereotype" : null,
          "isDerived" : false,
          "isReadOnly" : false,
          "isOrdered" : false,
          "cardinality" : "1",
          "propertyType" : {
            "id" : "tVLdG06GAqACHRYE",
            "type" : "Class"
          },
          "subsettedProperties" : null,
          "redefinedProperties" : null,
          "aggregationKind" : "NONE"
        }, {
          "id" : "RWZTG06GAqACHRhw",
          "name" : null,
          "description" : null,
          "type" : "Property",
          "propertyAssignments" : null,
          "stereotype" : null,
          "isDerived" : false,
          "isReadOnly" : false,
          "isOrdered" : false,
          "cardinality" : "1",
          "propertyType" : {
            "id" : "lT9dG06GAqACHRX4",
            "type" : "Class"
          },
          "subsettedProperties" : null,
          "redefinedProperties" : null,
          "aggregationKind" : "COMPOSITE"
        } ]
      }, {
        "id" : "VEFTG06GAqACHRiC",
        "name" : null,
        "description" : null,
        "type" : "Relation",
        "propertyAssignments" : null,
        "stereotype" : null,
        "isAbstract" : false,
        "isDerived" : false,
        "properties" : [ {
          "id" : "VEFTG06GAqACHRiD",
          "name" : null,
          "description" : null,
          "type" : "Property",
          "propertyAssignments" : null,
          "stereotype" : null,
          "isDerived" : false,
          "isReadOnly" : false,
          "isOrdered" : false,
          "cardinality" : "1",
          "propertyType" : {
            "id" : "P1HdG06GAqACHRYQ",
            "type" : "Class"
          },
          "subsettedProperties" : null,
          "redefinedProperties" : null,
          "aggregationKind" : "NONE"
        }, {
          "id" : "VEFTG06GAqACHRiF",
          "name" : null,
          "description" : null,
          "type" : "Property",
          "propertyAssignments" : null,
          "stereotype" : null,
          "isDerived" : false,
          "isReadOnly" : false,
          "isOrdered" : false,
          "cardinality" : "1",
          "propertyType" : {
            "id" : "lT9dG06GAqACHRX4",
            "type" : "Class"
          },
          "subsettedProperties" : null,
          "redefinedProperties" : null,
          "aggregationKind" : "COMPOSITE"
        } ]
      }, {
        "id" : "Z6UI._6AUB1CSgo2",
        "name" : "duality (derived relation)",
        "description" : null,
        "type" : "Relation",
        "propertyAssignments" : null,
        "stereotype" : null,
        "isAbstract" : false,
        "isDerived" : false,
        "properties" : [ {
          "id" : "Z6UI._6AUB1CSgo3",
          "name" : null,
          "description" : null,
          "type" : "Property",
          "propertyAssignments" : null,
          "stereotype" : null,
          "isDerived" : false,
          "isReadOnly" : false,
          "isOrdered" : false,
          "cardinality" : "1",
          "propertyType" : {
            "id" : "g9e9G06GAqACHRZu",
            "type" : "Class"
          },
          "subsettedProperties" : null,
          "redefinedProperties" : null,
          "aggregationKind" : "NONE"
        }, {
          "id" : "Z6UI._6AUB1CSgo5",
          "name" : null,
          "description" : null,
          "type" : "Property",
          "propertyAssignments" : null,
          "stereotype" : null,
          "isDerived" : false,
          "isReadOnly" : false,
          "isOrdered" : false,
          "cardinality" : "1",
          "propertyType" : {
            "id" : "IfB9G06GAqACHRZ6",
            "type" : "Class"
          },
          "subsettedProperties" : null,
          "redefinedProperties" : null,
          "aggregationKind" : "NONE"
        } ]
      } ]
    } ]
  },
  "diagrams" : [ {
    "id" : "kmudG06GAqACHRWo",
    "name" : "REA Core Ontology - Duality",
    "description" : null,
    "type" : "Diagram",
    "owner" : {
      "id" : "yWSWQ_6AUB0C9Ddg",
      "type" : "Package"
    },
    "contents" : [ {
      "id" : "IfB9G06GAqACHRZ5",
      "type" : "ClassView",
      "modelElement" : {
        "id" : "IfB9G06GAqACHRZ6",
        "type" : "Class"
      },
      "shape" : {
        "id" : "IfB9G06GAqACHRZ5_shape",
        "type" : "Rectangle",
        "x" : 615,
        "y" : 532,
        "width" : 88,
        "height" : 40
      }
    }, {
      "id" : "NQOjG06GAqACHReR",
      "type" : "RelationView",
      "modelElement" : {
        "id" : "5QOjG06GAqACHReM",
        "type" : "Relation"
      },
      "shape" : {
        "id" : "NQOjG06GAqACHReR_path",
        "type" : "Path",
        "points" : [ {
          "x" : 680,
          "y" : 358
        }, {
          "x" : 680,
          "y" : 278
        } ]
      },
      "source" : {
        "id" : "P1HdG06GAqACHRYP",
        "type" : "ClassView"
      },
      "target" : {
        "id" : "y5VdG06GAqACHRXh",
        "type" : "ClassView"
      }
    }, {
      "id" : "xw7DG06GAqACHRc7",
      "type" : "RelationView",
      "modelElement" : {
        "id" : ".w7DG06GAqACHRc2",
        "type" : "Relation"
      },
      "shape" : {
        "id" : "xw7DG06GAqACHRc7_path",
        "type" : "Path",
        "points" : [ {
          "x" : 296,
          "y" : 386
        }, {
          "x" : 547,
          "y" : 386
        } ]
      },
      "source" : {
        "id" : "tVLdG06GAqACHRYD",
        "type" : "ClassView"
      },
      "target" : {
        "id" : "P1HdG06GAqACHRYP",
        "type" : "ClassView"
      }
    }, {
      "id" : "Szz9G06GAqACHRbN",
      "type" : "RelationView",
      "modelElement" : {
        "id" : "Mzz9G06GAqACHRbI",
        "type" : "Relation"
      },
      "shape" : {
        "id" : "Szz9G06GAqACHRbN_path",
        "type" : "Path",
        "points" : [ {
          "x" : 418,
          "y" : 473
        }, {
          "x" : 418,
          "y" : 512
        }, {
          "x" : 205,
          "y" : 512
        }, {
          "x" : 205,
          "y" : 531
        } ]
      },
      "source" : {
        "id" : "T6M9G06GAqACHRZL",
        "type" : "ClassView"
      },
      "target" : {
        "id" : "g9e9G06GAqACHRZt",
        "type" : "ClassView"
      }
    }, {
      "id" : "Fl0jG06GAqACHRdr",
      "type" : "RelationView",
      "modelElement" : {
        "id" : "pl0jG06GAqACHRdm",
        "type" : "Relation"
      },
      "shape" : {
        "id" : "Fl0jG06GAqACHRdr_path",
        "type" : "Path",
        "points" : [ {
          "x" : 680,
          "y" : 531
        }, {
          "x" : 680,
          "y" : 414
        } ]
      },
      "source" : {
        "id" : "IfB9G06GAqACHRZ5",
        "type" : "ClassView"
      },
      "target" : {
        "id" : "P1HdG06GAqACHRYP",
        "type" : "ClassView"
      }
    }, {
      "id" : "4Nd9G06GAqACHRa5",
      "type" : "GeneralizationSetView",
      "modelElement" : {
        "id" : "QNd9G06GAqACHRa3",
        "type" : "GeneralizationSet"
      },
      "shape" : {
        "id" : "4Nd9G06GAqACHRa5_shape",
        "type" : "Text",
        "x" : 415,
        "y" : 608,
        "width" : 83,
        "height" : 28,
        "value" : ""
      }
    }, {
      "id" : "YGZdG06GAqACHRXF",
      "type" : "ClassView",
      "modelElement" : {
        "id" : "YGZdG06GAqACHRXG",
        "type" : "Class"
      },
      "shape" : {
        "id" : "YGZdG06GAqACHRXF_shape",
        "type" : "Rectangle",
        "x" : 368,
        "y" : 167,
        "width" : 101,
        "height" : 40
      }
    }, {
      "id" : "XON9G06GAqACHRax",
      "type" : "GeneralizationView",
      "modelElement" : {
        "id" : "7ON9G06GAqACHRaw",
        "type" : "Generalization"
      },
      "shape" : {
        "id" : "XON9G06GAqACHRax_path",
        "type" : "Path",
        "points" : [ {
          "x" : 419,
          "y" : 647
        }, {
          "x" : 419,
          "y" : 599
        }, {
          "x" : 177,
          "y" : 599
        }, {
          "x" : 177,
          "y" : 573
        } ]
      },
      "source" : {
        "id" : "YBK9G06GAqACHRZX",
        "type" : "ClassView"
      },
      "target" : {
        "id" : "g9e9G06GAqACHRZt",
        "type" : "ClassView"
      }
    }, {
      "id" : "y5VdG06GAqACHRXh",
      "type" : "ClassView",
      "modelElement" : {
        "id" : "y5VdG06GAqACHRXi",
        "type" : "Class"
      },
      "shape" : {
        "id" : "y5VdG06GAqACHRXh_shape",
        "type" : "Rectangle",
        "x" : 608,
        "y" : 237,
        "width" : 95,
        "height" : 40
      }
    }, {
      "id" : "T6M9G06GAqACHRZL",
      "type" : "ClassView",
      "modelElement" : {
        "id" : "T6M9G06GAqACHRZM",
        "type" : "Class"
      },
      "shape" : {
        "id" : "T6M9G06GAqACHRZL_shape",
        "type" : "Rectangle",
        "x" : 357,
        "y" : 432,
        "width" : 122,
        "height" : 40
      }
    }, {
      "id" : "1EhdG06GAqACHRW1",
      "type" : "ClassView",
      "modelElement" : {
        "id" : "NEhdG06GAqACHRW2",
        "type" : "Class"
      },
      "shape" : {
        "id" : "1EhdG06GAqACHRW1_shape",
        "type" : "Rectangle",
        "x" : 373,
        "y" : 103,
        "width" : 91,
        "height" : 40
      }
    }, {
      "id" : "HVhjG06GAqACHRe5",
      "type" : "RelationView",
      "modelElement" : {
        "id" : "LVhjG06GAqACHRe0",
        "type" : "Relation"
      },
      "shape" : {
        "id" : "HVhjG06GAqACHRe5_path",
        "type" : "Path",
        "points" : [ {
          "x" : 502,
          "y" : 257
        }, {
          "x" : 607,
          "y" : 257
        } ]
      },
      "source" : {
        "id" : "lT9dG06GAqACHRX3",
        "type" : "ClassView"
      },
      "target" : {
        "id" : "y5VdG06GAqACHRXh",
        "type" : "ClassView"
      }
    }, {
      "id" : "tLejG06GAqACHReg",
      "type" : "RelationView",
      "modelElement" : {
        "id" : "lLejG06GAqACHReb",
        "type" : "Relation"
      },
      "shape" : {
        "id" : "tLejG06GAqACHReg_path",
        "type" : "Path",
        "points" : [ {
          "x" : 334,
          "y" : 257
        }, {
          "x" : 229,
          "y" : 257
        } ]
      },
      "source" : {
        "id" : "lT9dG06GAqACHRX3",
        "type" : "ClassView"
      },
      "target" : {
        "id" : "5hFdG06GAqACHRXR",
        "type" : "ClassView"
      }
    }, {
      "id" : "5hFdG06GAqACHRXR",
      "type" : "ClassView",
      "modelElement" : {
        "id" : "FhFdG06GAqACHRXS",
        "type" : "Class"
      },
      "shape" : {
        "id" : "5hFdG06GAqACHRXR_shape",
        "type" : "Rectangle",
        "x" : 133,
        "y" : 237,
        "width" : 95,
        "height" : 40
      }
    }, {
      "id" : "EWJjG06GAqACHRfK",
      "type" : "GeneralizationView",
      "modelElement" : {
        "id" : "oWJjG06GAqACHRfJ",
        "type" : "Generalization"
      },
      "shape" : {
        "id" : "EWJjG06GAqACHRfK_path",
        "type" : "Path",
        "points" : [ {
          "x" : 418,
          "y" : 144
        }, {
          "x" : 418,
          "y" : 166
        } ]
      },
      "source" : {
        "id" : "1EhdG06GAqACHRW1",
        "type" : "ClassView"
      },
      "target" : {
        "id" : "YGZdG06GAqACHRXF",
        "type" : "ClassView"
      }
    }, {
      "id" : "g9e9G06GAqACHRZt",
      "type" : "ClassView",
      "modelElement" : {
        "id" : "g9e9G06GAqACHRZu",
        "type" : "Class"
      },
      "shape" : {
        "id" : "g9e9G06GAqACHRZt_shape",
        "type" : "Rectangle",
        "x" : 133,
        "y" : 532,
        "width" : 88,
        "height" : 40
      }
    }, {
      "id" : "HA19G06GAqACHRam",
      "type" : "GeneralizationView",
      "modelElement" : {
        "id" : "LA19G06GAqACHRal",
        "type" : "Generalization"
      },
      "shape" : {
        "id" : "HA19G06GAqACHRam_path",
        "type" : "Path",
        "points" : [ {
          "x" : 419,
          "y" : 647
        }, {
          "x" : 419,
          "y" : 599
        }, {
          "x" : 659,
          "y" : 599
        }, {
          "x" : 659,
          "y" : 573
        } ]
      },
      "source" : {
        "id" : "YBK9G06GAqACHRZX",
        "type" : "ClassView"
      },
      "target" : {
        "id" : "IfB9G06GAqACHRZ5",
        "type" : "ClassView"
      }
    }, {
      "id" : "mZ8jG06GAqACHRd6",
      "type" : "RelationView",
      "modelElement" : {
        "id" : "KZ8jG06GAqACHRd1",
        "type" : "Relation"
      },
      "shape" : {
        "id" : "mZ8jG06GAqACHRd6_path",
        "type" : "Path",
        "points" : [ {
          "x" : 154,
          "y" : 358
        }, {
          "x" : 154,
          "y" : 278
        } ]
      },
      "source" : {
        "id" : "tVLdG06GAqACHRYD",
        "type" : "ClassView"
      },
      "target" : {
        "id" : "5hFdG06GAqACHRXR",
        "type" : "ClassView"
      }
    }, {
      "id" : "QHDjG06GAqACHRf0",
      "type" : "GeneralizationView",
      "modelElement" : {
        "id" : "v7DjG06GAqACHRfz",
        "type" : "Generalization"
      },
      "shape" : {
        "id" : "QHDjG06GAqACHRf0_path",
        "type" : "Path",
        "points" : [ {
          "x" : 470,
          "y" : 187
        }, {
          "x" : 655,
          "y" : 187
        }, {
          "x" : 655,
          "y" : 236
        } ]
      },
      "source" : {
        "id" : "YGZdG06GAqACHRXF",
        "type" : "ClassView"
      },
      "target" : {
        "id" : "y5VdG06GAqACHRXh",
        "type" : "ClassView"
      }
    }, {
      "id" : "rE9jG06GAqACHRfl",
      "type" : "GeneralizationView",
      "modelElement" : {
        "id" : "9E9jG06GAqACHRfk",
        "type" : "Generalization"
      },
      "shape" : {
        "id" : "rE9jG06GAqACHRfl_path",
        "type" : "Path",
        "points" : [ {
          "x" : 367,
          "y" : 187
        }, {
          "x" : 180,
          "y" : 187
        }, {
          "x" : 180,
          "y" : 236
        } ]
      },
      "source" : {
        "id" : "YGZdG06GAqACHRXF",
        "type" : "ClassView"
      },
      "target" : {
        "id" : "5hFdG06GAqACHRXR",
        "type" : "ClassView"
      }
    }, {
      "id" : "N6UI._6AUB1CSgo7",
      "type" : "RelationView",
      "modelElement" : {
        "id" : "Z6UI._6AUB1CSgo2",
        "type" : "Relation"
      },
      "shape" : {
        "id" : "N6UI._6AUB1CSgo7_path",
        "type" : "Path",
        "points" : [ {
          "x" : 222,
          "y" : 553
        }, {
          "x" : 614,
          "y" : 553
        } ]
      },
      "source" : {
        "id" : "g9e9G06GAqACHRZt",
        "type" : "ClassView"
      },
      "target" : {
        "id" : "IfB9G06GAqACHRZ5",
        "type" : "ClassView"
      }
    }, {
      "id" : "tVLdG06GAqACHRYD",
      "type" : "ClassView",
      "modelElement" : {
        "id" : "tVLdG06GAqACHRYE",
        "type" : "Class"
      },
      "shape" : {
        "id" : "tVLdG06GAqACHRYD_shape",
        "type" : "Rectangle",
        "x" : 133,
        "y" : 359,
        "width" : 162,
        "height" : 54
      }
    }, {
      "id" : "ZWZTG06GAqACHRhy",
      "type" : "RelationView",
      "modelElement" : {
        "id" : "RWZTG06GAqACHRht",
        "type" : "Relation"
      },
      "shape" : {
        "id" : "ZWZTG06GAqACHRhy_path",
        "type" : "Path",
        "points" : [ {
          "x" : 261,
          "y" : 358
        }, {
          "x" : 261,
          "y" : 328
        }, {
          "x" : 418,
          "y" : 328
        }, {
          "x" : 418,
          "y" : 278
        } ]
      },
      "source" : {
        "id" : "tVLdG06GAqACHRYD",
        "type" : "ClassView"
      },
      "target" : {
        "id" : "lT9dG06GAqACHRX3",
        "type" : "ClassView"
      }
    }, {
      "id" : "YBK9G06GAqACHRZX",
      "type" : "ClassView",
      "modelElement" : {
        "id" : "YBK9G06GAqACHRZY",
        "type" : "Class"
      },
      "shape" : {
        "id" : "YBK9G06GAqACHRZX_shape",
        "type" : "Rectangle",
        "x" : 370,
        "y" : 648,
        "width" : 99,
        "height" : 40
      }
    }, {
      "id" : "lT9dG06GAqACHRX3",
      "type" : "ClassView",
      "modelElement" : {
        "id" : "lT9dG06GAqACHRX4",
        "type" : "Class"
      },
      "shape" : {
        "id" : "lT9dG06GAqACHRX3_shape",
        "type" : "Rectangle",
        "x" : 335,
        "y" : 237,
        "width" : 166,
        "height" : 40
      }
    }, {
      "id" : "P1HdG06GAqACHRYP",
      "type" : "ClassView",
      "modelElement" : {
        "id" : "P1HdG06GAqACHRYQ",
        "type" : "Class"
      },
      "shape" : {
        "id" : "P1HdG06GAqACHRYP_shape",
        "type" : "Rectangle",
        "x" : 548,
        "y" : 359,
        "width" : 155,
        "height" : 54
      }
    }, {
      "id" : "F279G06GAqACHRbg",
      "type" : "RelationView",
      "modelElement" : {
        "id" : "x279G06GAqACHRbb",
        "type" : "Relation"
      },
      "shape" : {
        "id" : "F279G06GAqACHRbg_path",
        "type" : "Path",
        "points" : [ {
          "x" : 418,
          "y" : 473
        }, {
          "x" : 418,
          "y" : 512
        }, {
          "x" : 631,
          "y" : 512
        }, {
          "x" : 631,
          "y" : 531
        } ]
      },
      "source" : {
        "id" : "T6M9G06GAqACHRZL",
        "type" : "ClassView"
      },
      "target" : {
        "id" : "IfB9G06GAqACHRZ5",
        "type" : "ClassView"
      }
    }, {
      "id" : "9EFTG06GAqACHRiH",
      "type" : "RelationView",
      "modelElement" : {
        "id" : "VEFTG06GAqACHRiC",
        "type" : "Relation"
      },
      "shape" : {
        "id" : "9EFTG06GAqACHRiH_path",
        "type" : "Path",
        "points" : [ {
          "x" : 589,
          "y" : 358
        }, {
          "x" : 589,
          "y" : 328
        }, {
          "x" : 418,
          "y" : 328
        }, {
          "x" : 418,
          "y" : 278
        } ]
      },
      "source" : {
        "id" : "P1HdG06GAqACHRYP",
        "type" : "ClassView"
      },
      "target" : {
        "id" : "lT9dG06GAqACHRX3",
        "type" : "ClassView"
      }
    }, {
      "id" : "HU4jG06GAqACHRdS",
      "type" : "RelationView",
      "modelElement" : {
        "id" : "LU4jG06GAqACHRdN",
        "type" : "Relation"
      },
      "shape" : {
        "id" : "HU4jG06GAqACHRdS_path",
        "type" : "Path",
        "points" : [ {
          "x" : 153,
          "y" : 531
        }, {
          "x" : 153,
          "y" : 414
        } ]
      },
      "source" : {
        "id" : "g9e9G06GAqACHRZt",
        "type" : "ClassView"
      },
      "target" : {
        "id" : "tVLdG06GAqACHRYD",
        "type" : "ClassView"
      }
    } ]
  } ]
}