{
  "id" : "7iKewn6GAqACBBPR",
  "name" : "guarino2016towards",
  "description" : null,
  "type" : "Project",
  "model" : {
    "id" : "7iKewn6GAqACBBPR_root",
    "name" : "guarino2016towards",
    "description" : null,
    "type" : "Package",
    "propertyAssignments" : null,
    "contents" : [ {
      "id" : "yRW.wn6GAqACBBe4",
      "name" : "Perceived value",
      "description" : null,
      "type" : "Class",
      "propertyAssignments" : null,
      "stereotype" : "quality",
      "isAbstract" : false,
      "isDerived" : false,
      "properties" : null,
      "isExtensional" : null,
      "isPowertype" : null,
      "order" : null,
      "literals" : null,
      "restrictedTo" : [ "quality" ]
    }, {
      "id" : "LVB.wn6GAqACBBfK",
      "name" : "Theoretical value",
      "description" : null,
      "type" : "Class",
      "propertyAssignments" : null,
      "stereotype" : "quality",
      "isAbstract" : false,
      "isDerived" : false,
      "properties" : null,
      "isExtensional" : null,
      "isPowertype" : null,
      "order" : null,
      "literals" : null,
      "restrictedTo" : [ "quality" ]
    }, {
      "id" : "FdD.wn6GAqACBBfn",
      "name" : "Theoretical valuation relationship",
      "description" : null,
      "type" : "Class",
      "propertyAssignments" : null,
      "stereotype" : "relator",
      "isAbstract" : false,
      "isDerived" : false,
      "properties" : null,
      "isExtensional" : null,
      "isPowertype" : null,
      "order" : null,
      "literals" : null,
      "restrictedTo" : [ "relator" ]
    }, {
      "id" : "E9UBwn6GAqACBBgN",
      "name" : "Cost value",
      "description" : null,
      "type" : "Class",
      "propertyAssignments" : null,
      "stereotype" : "quality",
      "isAbstract" : false,
      "isDerived" : false,
      "properties" : null,
      "isExtensional" : null,
      "isPowertype" : null,
      "order" : null,
      "literals" : null,
      "restrictedTo" : [ "quality" ]
    }, {
      "id" : "wiQhwn6GAqACBBgX",
      "name" : "Benefit value",
      "description" : null,
      "type" : "Class",
      "propertyAssignments" : null,
      "stereotype" : "quality",
      "isAbstract" : false,
      "isDerived" : false,
      "properties" : null,
      "isExtensional" : null,
      "isPowertype" : null,
      "order" : null,
      "literals" : null,
      "restrictedTo" : [ "quality" ]
    }, {
      "id" : "Asqhwn6GAqACBBhJ",
      "name" : "Cost-specific valuation",
      "description" : null,
      "type" : "Class",
      "propertyAssignments" : null,
      "stereotype" : "relator",
      "isAbstract" : false,
      "isDerived" : false,
      "properties" : null,
      "isExtensional" : null,
      "isPowertype" : null,
      "order" : null,
      "literals" : null,
      "restrictedTo" : [ "relator" ]
    }, {
      "id" : "00hhwn6GAqACBBhv",
      "name" : "Benefit-specific valuation",
      "description" : null,
      "type" : "Class",
      "propertyAssignments" : null,
      "stereotype" : "relator",
      "isAbstract" : false,
      "isDerived" : false,
      "properties" : null,
      "isExtensional" : null,
      "isPowertype" : null,
      "order" : null,
      "literals" : null,
      "restrictedTo" : [ "relator" ]
    }, {
      "id" : "FKNhwn6GAqACBBiV",
      "name" : "Value Object",
      "description" : null,
      "type" : "Class",
      "propertyAssignments" : null,
      "stereotype" : "roleMixin",
      "isAbstract" : false,
      "isDerived" : false,
      "properties" : null,
      "isExtensional" : false,
      "isPowertype" : null,
      "order" : null,
      "literals" : null,
      "restrictedTo" : [ "functional-complex" ]
    }, {
      "id" : "5djhwn6GAqACBBiu",
      "name" : "Agent",
      "description" : null,
      "type" : "Class",
      "propertyAssignments" : null,
      "stereotype" : "category",
      "isAbstract" : false,
      "isDerived" : false,
      "properties" : null,
      "isExtensional" : false,
      "isPowertype" : null,
      "order" : null,
      "literals" : null,
      "restrictedTo" : [ "functional-complex" ]
    }, {
      "id" : "ppbhwn6GAqACBBjH",
      "name" : "Context involvement relationship",
      "description" : null,
      "type" : "Class",
      "propertyAssignments" : null,
      "stereotype" : "relator",
      "isAbstract" : false,
      "isDerived" : false,
      "properties" : null,
      "isExtensional" : null,
      "isPowertype" : null,
      "order" : null,
      "literals" : null,
      "restrictedTo" : [ "relator" ]
    }, {
      "id" : "zFARwn6GAqACBBjf",
      "name" : "Context",
      "description" : null,
      "type" : "Class",
      "propertyAssignments" : null,
      "stereotype" : "mixin",
      "isAbstract" : false,
      "isDerived" : false,
      "properties" : null,
      "isExtensional" : false,
      "isPowertype" : null,
      "order" : null,
      "literals" : null,
      "restrictedTo" : [ "functional-complex" ]
    }, {
      "id" : "TA8Rwn6GAqACBBj.",
      "name" : "Desire",
      "description" : null,
      "type" : "Class",
      "propertyAssignments" : null,
      "stereotype" : "quality",
      "isAbstract" : false,
      "isDerived" : false,
      "properties" : null,
      "isExtensional" : null,
      "isPowertype" : null,
      "order" : null,
      "literals" : null,
      "restrictedTo" : [ "quality" ]
    }, {
      "id" : "u55Rwn6GAqACBBkQ",
      "name" : "VO's quality",
      "description" : null,
      "type" : "Class",
      "propertyAssignments" : null,
      "stereotype" : "quality",
      "isAbstract" : false,
      "isDerived" : false,
      "properties" : null,
      "isExtensional" : null,
      "isPowertype" : null,
      "order" : null,
      "literals" : null,
      "restrictedTo" : [ "quality" ]
    }, {
      "id" : "EgjRwn6GAqACBBkq",
      "name" : "VO's non-functional quality",
      "description" : null,
      "type" : "Class",
      "propertyAssignments" : null,
      "stereotype" : "role",
      "isAbstract" : false,
      "isDerived" : false,
      "properties" : null,
      "isExtensional" : false,
      "isPowertype" : null,
      "order" : null,
      "literals" : null,
      "restrictedTo" : [ "quality" ]
    }, {
      "id" : "aE7Rwn6GAqACBBlB",
      "name" : "VO's functional quality",
      "description" : null,
      "type" : "Class",
      "propertyAssignments" : null,
      "stereotype" : "role",
      "isAbstract" : false,
      "isDerived" : false,
      "properties" : null,
      "isExtensional" : false,
      "isPowertype" : null,
      "order" : null,
      "literals" : null,
      "restrictedTo" : [ "quality" ]
    }, {
      "id" : "PbfRwn6GAqACBBlM",
      "name" : "Quality domain",
      "description" : null,
      "type" : "Class",
      "propertyAssignments" : null,
      "stereotype" : "category",
      "isAbstract" : false,
      "isDerived" : false,
      "properties" : null,
      "isExtensional" : false,
      "isPowertype" : null,
      "order" : null,
      "literals" : null,
      "restrictedTo" : [ "functional-complex" ]
    }, {
      "id" : "No4xwn6GAqACBBld",
      "name" : "Object kind",
      "description" : null,
      "type" : "Class",
      "propertyAssignments" : null,
      "stereotype" : "category",
      "isAbstract" : false,
      "isDerived" : false,
      "properties" : null,
      "isExtensional" : false,
      "isPowertype" : null,
      "order" : null,
      "literals" : null,
      "restrictedTo" : [ "functional-complex" ]
    }, {
      "id" : "1oobwn6GAqACBBwQ",
      "name" : "Preference",
      "description" : null,
      "type" : "Class",
      "propertyAssignments" : null,
      "stereotype" : "quality",
      "isAbstract" : false,
      "isDerived" : false,
      "properties" : null,
      "isExtensional" : null,
      "isPowertype" : null,
      "order" : null,
      "literals" : null,
      "restrictedTo" : [ "quality" ]
    }, {
      "id" : ".HyYIn6GAqACBBz6",
      "name" : null,
      "description" : null,
      "type" : "Generalization",
      "propertyAssignments" : null,
      "general" : {
        "id" : "u55Rwn6GAqACBBkQ",
        "type" : "Class"
      },
      "specific" : {
        "id" : "EgjRwn6GAqACBBkq",
        "type" : "Class"
      }
    }, {
      "id" : "Kp6YIn6GAqACBB0G",
      "name" : null,
      "description" : null,
      "type" : "Generalization",
      "propertyAssignments" : null,
      "general" : {
        "id" : "u55Rwn6GAqACBBkQ",
        "type" : "Class"
      },
      "specific" : {
        "id" : "aE7Rwn6GAqACBBlB",
        "type" : "Class"
      }
    }, {
      "id" : "UvWDwn6GAqACBBoE",
      "name" : null,
      "description" : null,
      "type" : "Relation",
      "propertyAssignments" : null,
      "stereotype" : "characterization",
      "isAbstract" : false,
      "isDerived" : false,
      "properties" : [ {
        "id" : "UvWDwn6GAqACBBoF",
        "name" : null,
        "description" : null,
        "type" : "Property",
        "propertyAssignments" : null,
        "stereotype" : null,
        "isDerived" : false,
        "isReadOnly" : false,
        "isOrdered" : false,
        "cardinality" : "1",
        "propertyType" : {
          "id" : "LVB.wn6GAqACBBfK",
          "type" : "Class"
        },
        "subsettedProperties" : null,
        "redefinedProperties" : null,
        "aggregationKind" : "NONE"
      }, {
        "id" : "0vWDwn6GAqACBBoH",
        "name" : null,
        "description" : null,
        "type" : "Property",
        "propertyAssignments" : null,
        "stereotype" : null,
        "isDerived" : false,
        "isReadOnly" : true,
        "isOrdered" : false,
        "cardinality" : "1",
        "propertyType" : {
          "id" : "FdD.wn6GAqACBBfn",
          "type" : "Class"
        },
        "subsettedProperties" : null,
        "redefinedProperties" : null,
        "aggregationKind" : "NONE"
      } ]
    }, {
      "id" : "MWeTwn6GAqACBBpz",
      "name" : null,
      "description" : null,
      "type" : "Relation",
      "propertyAssignments" : null,
      "stereotype" : "mediation",
      "isAbstract" : false,
      "isDerived" : false,
      "properties" : [ {
        "id" : "MWeTwn6GAqACBBp0",
        "name" : null,
        "description" : null,
        "type" : "Property",
        "propertyAssignments" : null,
        "stereotype" : null,
        "isDerived" : false,
        "isReadOnly" : false,
        "isOrdered" : false,
        "cardinality" : "0..*",
        "propertyType" : {
          "id" : "FdD.wn6GAqACBBfn",
          "type" : "Class"
        },
        "subsettedProperties" : null,
        "redefinedProperties" : null,
        "aggregationKind" : "NONE"
      }, {
        "id" : "MWeTwn6GAqACBBp2",
        "name" : null,
        "description" : null,
        "type" : "Property",
        "propertyAssignments" : null,
        "stereotype" : null,
        "isDerived" : false,
        "isReadOnly" : true,
        "isOrdered" : false,
        "cardinality" : "1",
        "propertyType" : {
          "id" : "5djhwn6GAqACBBiu",
          "type" : "Class"
        },
        "subsettedProperties" : null,
        "redefinedProperties" : null,
        "aggregationKind" : "NONE"
      } ]
    }, {
      "id" : "lw5Twn6GAqACBBqS",
      "name" : null,
      "description" : null,
      "type" : "Relation",
      "propertyAssignments" : null,
      "stereotype" : "mediation",
      "isAbstract" : false,
      "isDerived" : false,
      "properties" : [ {
        "id" : "lw5Twn6GAqACBBqT",
        "name" : null,
        "description" : null,
        "type" : "Property",
        "propertyAssignments" : null,
        "stereotype" : null,
        "isDerived" : false,
        "isReadOnly" : false,
        "isOrdered" : false,
        "cardinality" : "1..*",
        "propertyType" : {
          "id" : "FdD.wn6GAqACBBfn",
          "type" : "Class"
        },
        "subsettedProperties" : null,
        "redefinedProperties" : null,
        "aggregationKind" : "NONE"
      }, {
        "id" : "lw5Twn6GAqACBBqV",
        "name" : null,
        "description" : null,
        "type" : "Property",
        "propertyAssignments" : null,
        "stereotype" : null,
        "isDerived" : false,
        "isReadOnly" : true,
        "isOrdered" : false,
        "cardinality" : "1",
        "propertyType" : {
          "id" : "FKNhwn6GAqACBBiV",
          "type" : "Class"
        },
        "subsettedProperties" : null,
        "redefinedProperties" : null,
        "aggregationKind" : "NONE"
      } ]
    }, {
      "id" : "AHdTwn6GAqACBBql",
      "name" : null,
      "description" : null,
      "type" : "Relation",
      "propertyAssignments" : null,
      "stereotype" : null,
      "isAbstract" : false,
      "isDerived" : false,
      "properties" : [ {
        "id" : "AHdTwn6GAqACBBqm",
        "name" : null,
        "description" : null,
        "type" : "Property",
        "propertyAssignments" : null,
        "stereotype" : null,
        "isDerived" : false,
        "isReadOnly" : false,
        "isOrdered" : false,
        "cardinality" : "1",
        "propertyType" : {
          "id" : "FdD.wn6GAqACBBfn",
          "type" : "Class"
        },
        "subsettedProperties" : null,
        "redefinedProperties" : null,
        "aggregationKind" : "COMPOSITE"
      }, {
        "id" : "AHdTwn6GAqACBBqo",
        "name" : null,
        "description" : null,
        "type" : "Property",
        "propertyAssignments" : null,
        "stereotype" : null,
        "isDerived" : false,
        "isReadOnly" : false,
        "isOrdered" : false,
        "cardinality" : "1..*",
        "propertyType" : {
          "id" : "Asqhwn6GAqACBBhJ",
          "type" : "Class"
        },
        "subsettedProperties" : null,
        "redefinedProperties" : null,
        "aggregationKind" : "NONE"
      } ]
    }, {
      "id" : "QejTwn6GAqACBBq1",
      "name" : null,
      "description" : null,
      "type" : "Relation",
      "propertyAssignments" : null,
      "stereotype" : null,
      "isAbstract" : false,
      "isDerived" : false,
      "properties" : [ {
        "id" : "wejTwn6GAqACBBq2",
        "name" : null,
        "description" : null,
        "type" : "Property",
        "propertyAssignments" : null,
        "stereotype" : null,
        "isDerived" : false,
        "isReadOnly" : false,
        "isOrdered" : false,
        "cardinality" : "1",
        "propertyType" : {
          "id" : "FdD.wn6GAqACBBfn",
          "type" : "Class"
        },
        "subsettedProperties" : null,
        "redefinedProperties" : null,
        "aggregationKind" : "COMPOSITE"
      }, {
        "id" : "wejTwn6GAqACBBq4",
        "name" : null,
        "description" : null,
        "type" : "Property",
        "propertyAssignments" : null,
        "stereotype" : null,
        "isDerived" : false,
        "isReadOnly" : false,
        "isOrdered" : false,
        "cardinality" : "1..*",
        "propertyType" : {
          "id" : "00hhwn6GAqACBBhv",
          "type" : "Class"
        },
        "subsettedProperties" : null,
        "redefinedProperties" : null,
        "aggregationKind" : "NONE"
      } ]
    }, {
      "id" : "4AvTwn6GAqACBBrl",
      "name" : null,
      "description" : null,
      "type" : "Relation",
      "propertyAssignments" : null,
      "stereotype" : "characterization",
      "isAbstract" : false,
      "isDerived" : false,
      "properties" : [ {
        "id" : "4AvTwn6GAqACBBrm",
        "name" : null,
        "description" : null,
        "type" : "Property",
        "propertyAssignments" : null,
        "stereotype" : null,
        "isDerived" : false,
        "isReadOnly" : false,
        "isOrdered" : false,
        "cardinality" : "1",
        "propertyType" : {
          "id" : "E9UBwn6GAqACBBgN",
          "type" : "Class"
        },
        "subsettedProperties" : null,
        "redefinedProperties" : null,
        "aggregationKind" : "NONE"
      }, {
        "id" : "4AvTwn6GAqACBBro",
        "name" : null,
        "description" : null,
        "type" : "Property",
        "propertyAssignments" : null,
        "stereotype" : null,
        "isDerived" : false,
        "isReadOnly" : true,
        "isOrdered" : false,
        "cardinality" : "1",
        "propertyType" : {
          "id" : "Asqhwn6GAqACBBhJ",
          "type" : "Class"
        },
        "subsettedProperties" : null,
        "redefinedProperties" : null,
        "aggregationKind" : "NONE"
      } ]
    }, {
      "id" : "vPvTwn6GAqACBBrt",
      "name" : null,
      "description" : null,
      "type" : "Relation",
      "propertyAssignments" : null,
      "stereotype" : "characterization",
      "isAbstract" : false,
      "isDerived" : false,
      "properties" : [ {
        "id" : "vPvTwn6GAqACBBru",
        "name" : null,
        "description" : null,
        "type" : "Property",
        "propertyAssignments" : null,
        "stereotype" : null,
        "isDerived" : false,
        "isReadOnly" : false,
        "isOrdered" : false,
        "cardinality" : "1",
        "propertyType" : {
          "id" : "wiQhwn6GAqACBBgX",
          "type" : "Class"
        },
        "subsettedProperties" : null,
        "redefinedProperties" : null,
        "aggregationKind" : "NONE"
      }, {
        "id" : "vPvTwn6GAqACBBrw",
        "name" : null,
        "description" : null,
        "type" : "Property",
        "propertyAssignments" : null,
        "stereotype" : null,
        "isDerived" : false,
        "isReadOnly" : true,
        "isOrdered" : false,
        "cardinality" : "1",
        "propertyType" : {
          "id" : "00hhwn6GAqACBBhv",
          "type" : "Class"
        },
        "subsettedProperties" : null,
        "redefinedProperties" : null,
        "aggregationKind" : "NONE"
      } ]
    }, {
      "id" : "CNkrwn6GAqACBBss",
      "name" : null,
      "description" : null,
      "type" : "Relation",
      "propertyAssignments" : null,
      "stereotype" : "mediation",
      "isAbstract" : false,
      "isDerived" : false,
      "properties" : [ {
        "id" : "CNkrwn6GAqACBBst",
        "name" : null,
        "description" : null,
        "type" : "Property",
        "propertyAssignments" : null,
        "stereotype" : null,
        "isDerived" : false,
        "isReadOnly" : false,
        "isOrdered" : false,
        "cardinality" : "0..*",
        "propertyType" : {
          "id" : "Asqhwn6GAqACBBhJ",
          "type" : "Class"
        },
        "subsettedProperties" : null,
        "redefinedProperties" : null,
        "aggregationKind" : "NONE"
      }, {
        "id" : "CNkrwn6GAqACBBsv",
        "name" : null,
        "description" : null,
        "type" : "Property",
        "propertyAssignments" : null,
        "stereotype" : null,
        "isDerived" : false,
        "isReadOnly" : true,
        "isOrdered" : false,
        "cardinality" : "1",
        "propertyType" : {
          "id" : "5djhwn6GAqACBBiu",
          "type" : "Class"
        },
        "subsettedProperties" : null,
        "redefinedProperties" : null,
        "aggregationKind" : "NONE"
      } ]
    }, {
      "id" : ".fsrwn6GAqACBBtB",
      "name" : null,
      "description" : null,
      "type" : "Relation",
      "propertyAssignments" : null,
      "stereotype" : "mediation",
      "isAbstract" : false,
      "isDerived" : false,
      "properties" : [ {
        "id" : ".fsrwn6GAqACBBtC",
        "name" : null,
        "description" : null,
        "type" : "Property",
        "propertyAssignments" : null,
        "stereotype" : null,
        "isDerived" : false,
        "isReadOnly" : false,
        "isOrdered" : false,
        "cardinality" : "1..*",
        "propertyType" : {
          "id" : "ppbhwn6GAqACBBjH",
          "type" : "Class"
        },
        "subsettedProperties" : null,
        "redefinedProperties" : null,
        "aggregationKind" : "NONE"
      }, {
        "id" : ".fsrwn6GAqACBBtE",
        "name" : null,
        "description" : null,
        "type" : "Property",
        "propertyAssignments" : null,
        "stereotype" : null,
        "isDerived" : false,
        "isReadOnly" : true,
        "isOrdered" : false,
        "cardinality" : "1",
        "propertyType" : {
          "id" : "5djhwn6GAqACBBiu",
          "type" : "Class"
        },
        "subsettedProperties" : null,
        "redefinedProperties" : null,
        "aggregationKind" : "NONE"
      } ]
    }, {
      "id" : "hBGrwn6GAqACBBt_",
      "name" : null,
      "description" : null,
      "type" : "Relation",
      "propertyAssignments" : null,
      "stereotype" : "mediation",
      "isAbstract" : false,
      "isDerived" : false,
      "properties" : [ {
        "id" : "hBGrwn6GAqACBBuA",
        "name" : null,
        "description" : null,
        "type" : "Property",
        "propertyAssignments" : null,
        "stereotype" : null,
        "isDerived" : false,
        "isReadOnly" : false,
        "isOrdered" : false,
        "cardinality" : "1..*",
        "propertyType" : {
          "id" : "ppbhwn6GAqACBBjH",
          "type" : "Class"
        },
        "subsettedProperties" : null,
        "redefinedProperties" : null,
        "aggregationKind" : "NONE"
      }, {
        "id" : "hBGrwn6GAqACBBuC",
        "name" : null,
        "description" : null,
        "type" : "Property",
        "propertyAssignments" : null,
        "stereotype" : null,
        "isDerived" : false,
        "isReadOnly" : true,
        "isOrdered" : false,
        "cardinality" : "1",
        "propertyType" : {
          "id" : "zFARwn6GAqACBBjf",
          "type" : "Class"
        },
        "subsettedProperties" : null,
        "redefinedProperties" : null,
        "aggregationKind" : "NONE"
      } ]
    }, {
      "id" : "5jBrwn6GAqACBBue",
      "name" : null,
      "description" : null,
      "type" : "Relation",
      "propertyAssignments" : null,
      "stereotype" : "characterization",
      "isAbstract" : false,
      "isDerived" : false,
      "properties" : [ {
        "id" : "5jBrwn6GAqACBBuf",
        "name" : null,
        "description" : null,
        "type" : "Property",
        "propertyAssignments" : null,
        "stereotype" : null,
        "isDerived" : false,
        "isReadOnly" : false,
        "isOrdered" : false,
        "cardinality" : "1..*",
        "propertyType" : {
          "id" : "TA8Rwn6GAqACBBj.",
          "type" : "Class"
        },
        "subsettedProperties" : null,
        "redefinedProperties" : null,
        "aggregationKind" : "NONE"
      }, {
        "id" : "5jBrwn6GAqACBBuh",
        "name" : null,
        "description" : null,
        "type" : "Property",
        "propertyAssignments" : null,
        "stereotype" : null,
        "isDerived" : false,
        "isReadOnly" : true,
        "isOrdered" : false,
        "cardinality" : "1",
        "propertyType" : {
          "id" : "5djhwn6GAqACBBiu",
          "type" : "Class"
        },
        "subsettedProperties" : null,
        "redefinedProperties" : null,
        "aggregationKind" : "NONE"
      } ]
    }, {
      "id" : "pnKbwn6GAqACBBwx",
      "name" : null,
      "description" : null,
      "type" : "Relation",
      "propertyAssignments" : null,
      "stereotype" : "characterization",
      "isAbstract" : false,
      "isDerived" : false,
      "properties" : [ {
        "id" : "pnKbwn6GAqACBBwy",
        "name" : null,
        "description" : null,
        "type" : "Property",
        "propertyAssignments" : null,
        "stereotype" : null,
        "isDerived" : false,
        "isReadOnly" : false,
        "isOrdered" : false,
        "cardinality" : "0..*",
        "propertyType" : {
          "id" : "1oobwn6GAqACBBwQ",
          "type" : "Class"
        },
        "subsettedProperties" : null,
        "redefinedProperties" : null,
        "aggregationKind" : "NONE"
      }, {
        "id" : "pnKbwn6GAqACBBw0",
        "name" : null,
        "description" : null,
        "type" : "Property",
        "propertyAssignments" : null,
        "stereotype" : null,
        "isDerived" : false,
        "isReadOnly" : true,
        "isOrdered" : false,
        "cardinality" : "1",
        "propertyType" : {
          "id" : "5djhwn6GAqACBBiu",
          "type" : "Class"
        },
        "subsettedProperties" : null,
        "redefinedProperties" : null,
        "aggregationKind" : "NONE"
      } ]
    }, {
      "id" : "xULoIn6GAqACBByE",
      "name" : null,
      "description" : null,
      "type" : "Relation",
      "propertyAssignments" : null,
      "stereotype" : null,
      "isAbstract" : false,
      "isDerived" : false,
      "properties" : [ {
        "id" : "xULoIn6GAqACBByF",
        "name" : null,
        "description" : null,
        "type" : "Property",
        "propertyAssignments" : null,
        "stereotype" : null,
        "isDerived" : false,
        "isReadOnly" : false,
        "isOrdered" : false,
        "cardinality" : "1",
        "propertyType" : {
          "id" : "PbfRwn6GAqACBBlM",
          "type" : "Class"
        },
        "subsettedProperties" : null,
        "redefinedProperties" : null,
        "aggregationKind" : "NONE"
      }, {
        "id" : "xULoIn6GAqACBByH",
        "name" : null,
        "description" : null,
        "type" : "Property",
        "propertyAssignments" : null,
        "stereotype" : null,
        "isDerived" : false,
        "isReadOnly" : false,
        "isOrdered" : false,
        "cardinality" : "0..*",
        "propertyType" : {
          "id" : "1oobwn6GAqACBBwQ",
          "type" : "Class"
        },
        "subsettedProperties" : null,
        "redefinedProperties" : null,
        "aggregationKind" : "NONE"
      } ]
    }, {
      "id" : "y4boIn6GAqACBByM",
      "name" : null,
      "description" : null,
      "type" : "Relation",
      "propertyAssignments" : null,
      "stereotype" : null,
      "isAbstract" : false,
      "isDerived" : false,
      "properties" : [ {
        "id" : "y4boIn6GAqACBByN",
        "name" : null,
        "description" : null,
        "type" : "Property",
        "propertyAssignments" : null,
        "stereotype" : null,
        "isDerived" : false,
        "isReadOnly" : false,
        "isOrdered" : false,
        "cardinality" : "1",
        "propertyType" : {
          "id" : "No4xwn6GAqACBBld",
          "type" : "Class"
        },
        "subsettedProperties" : null,
        "redefinedProperties" : null,
        "aggregationKind" : "NONE"
      }, {
        "id" : "y4boIn6GAqACBByP",
        "name" : null,
        "description" : null,
        "type" : "Property",
        "propertyAssignments" : null,
        "stereotype" : null,
        "isDerived" : false,
        "isReadOnly" : false,
        "isOrdered" : false,
        "cardinality" : "0..*",
        "propertyType" : {
          "id" : "1oobwn6GAqACBBwQ",
          "type" : "Class"
        },
        "subsettedProperties" : null,
        "redefinedProperties" : null,
        "aggregationKind" : "NONE"
      } ]
    }, {
      "id" : "eQEYIn6GAqACBBzi",
      "name" : null,
      "description" : null,
      "type" : "Relation",
      "propertyAssignments" : null,
      "stereotype" : null,
      "isAbstract" : false,
      "isDerived" : false,
      "properties" : [ {
        "id" : "eQEYIn6GAqACBBzj",
        "name" : null,
        "description" : null,
        "type" : "Property",
        "propertyAssignments" : null,
        "stereotype" : null,
        "isDerived" : false,
        "isReadOnly" : false,
        "isOrdered" : false,
        "cardinality" : "0..*",
        "propertyType" : {
          "id" : "EgjRwn6GAqACBBkq",
          "type" : "Class"
        },
        "subsettedProperties" : null,
        "redefinedProperties" : null,
        "aggregationKind" : "NONE"
      }, {
        "id" : "eQEYIn6GAqACBBzl",
        "name" : null,
        "description" : null,
        "type" : "Property",
        "propertyAssignments" : null,
        "stereotype" : null,
        "isDerived" : false,
        "isReadOnly" : false,
        "isOrdered" : false,
        "cardinality" : "1",
        "propertyType" : {
          "id" : "PbfRwn6GAqACBBlM",
          "type" : "Class"
        },
        "subsettedProperties" : null,
        "redefinedProperties" : null,
        "aggregationKind" : "NONE"
      } ]
    }, {
      "id" : "BzRYIn6GAqACBB0X",
      "name" : null,
      "description" : null,
      "type" : "Relation",
      "propertyAssignments" : null,
      "stereotype" : "characterization",
      "isAbstract" : false,
      "isDerived" : false,
      "properties" : [ {
        "id" : "hzRYIn6GAqACBB0Y",
        "name" : null,
        "description" : null,
        "type" : "Property",
        "propertyAssignments" : null,
        "stereotype" : null,
        "isDerived" : false,
        "isReadOnly" : false,
        "isOrdered" : false,
        "cardinality" : "1..*",
        "propertyType" : {
          "id" : "u55Rwn6GAqACBBkQ",
          "type" : "Class"
        },
        "subsettedProperties" : null,
        "redefinedProperties" : null,
        "aggregationKind" : "NONE"
      }, {
        "id" : "hzRYIn6GAqACBB0a",
        "name" : null,
        "description" : null,
        "type" : "Property",
        "propertyAssignments" : null,
        "stereotype" : null,
        "isDerived" : false,
        "isReadOnly" : true,
        "isOrdered" : false,
        "cardinality" : "1",
        "propertyType" : {
          "id" : "FKNhwn6GAqACBBiV",
          "type" : "Class"
        },
        "subsettedProperties" : null,
        "redefinedProperties" : null,
        "aggregationKind" : "NONE"
      } ]
    }, {
      "id" : "S5rYIn6GAqACBB00",
      "name" : null,
      "description" : null,
      "type" : "Relation",
      "propertyAssignments" : null,
      "stereotype" : "mediation",
      "isAbstract" : false,
      "isDerived" : false,
      "properties" : [ {
        "id" : "S5rYIn6GAqACBB01",
        "name" : null,
        "description" : null,
        "type" : "Property",
        "propertyAssignments" : null,
        "stereotype" : null,
        "isDerived" : false,
        "isReadOnly" : false,
        "isOrdered" : false,
        "cardinality" : "0..*",
        "propertyType" : {
          "id" : "Asqhwn6GAqACBBhJ",
          "type" : "Class"
        },
        "subsettedProperties" : null,
        "redefinedProperties" : null,
        "aggregationKind" : "NONE"
      }, {
        "id" : "S5rYIn6GAqACBB03",
        "name" : null,
        "description" : null,
        "type" : "Property",
        "propertyAssignments" : null,
        "stereotype" : null,
        "isDerived" : false,
        "isReadOnly" : true,
        "isOrdered" : false,
        "cardinality" : "1",
        "propertyType" : {
          "id" : "zFARwn6GAqACBBjf",
          "type" : "Class"
        },
        "subsettedProperties" : null,
        "redefinedProperties" : null,
        "aggregationKind" : "NONE"
      } ]
    }, {
      "id" : "qTw4In6GAqACBB1J",
      "name" : null,
      "description" : null,
      "type" : "Relation",
      "propertyAssignments" : null,
      "stereotype" : "mediation",
      "isAbstract" : false,
      "isDerived" : false,
      "properties" : [ {
        "id" : "qTw4In6GAqACBB1K",
        "name" : null,
        "description" : null,
        "type" : "Property",
        "propertyAssignments" : null,
        "stereotype" : null,
        "isDerived" : false,
        "isReadOnly" : false,
        "isOrdered" : false,
        "cardinality" : "0..*",
        "propertyType" : {
          "id" : "00hhwn6GAqACBBhv",
          "type" : "Class"
        },
        "subsettedProperties" : null,
        "redefinedProperties" : null,
        "aggregationKind" : "NONE"
      }, {
        "id" : "qTw4In6GAqACBB1M",
        "name" : null,
        "description" : null,
        "type" : "Property",
        "propertyAssignments" : null,
        "stereotype" : null,
        "isDerived" : false,
        "isReadOnly" : true,
        "isOrdered" : false,
        "cardinality" : "1",
        "propertyType" : {
          "id" : "5djhwn6GAqACBBiu",
          "type" : "Class"
        },
        "subsettedProperties" : null,
        "redefinedProperties" : null,
        "aggregationKind" : "NONE"
      } ]
    }, {
      "id" : "NrC4In6GAqACBB1u",
      "name" : null,
      "description" : null,
      "type" : "Relation",
      "propertyAssignments" : null,
      "stereotype" : null,
      "isAbstract" : false,
      "isDerived" : false,
      "properties" : [ {
        "id" : "NrC4In6GAqACBB1v",
        "name" : null,
        "description" : null,
        "type" : "Property",
        "propertyAssignments" : null,
        "stereotype" : null,
        "isDerived" : false,
        "isReadOnly" : false,
        "isOrdered" : false,
        "cardinality" : "0..*",
        "propertyType" : {
          "id" : "Asqhwn6GAqACBBhJ",
          "type" : "Class"
        },
        "subsettedProperties" : null,
        "redefinedProperties" : null,
        "aggregationKind" : "COMPOSITE"
      }, {
        "id" : "NrC4In6GAqACBB1x",
        "name" : null,
        "description" : null,
        "type" : "Property",
        "propertyAssignments" : null,
        "stereotype" : null,
        "isDerived" : false,
        "isReadOnly" : false,
        "isOrdered" : false,
        "cardinality" : "1",
        "propertyType" : {
          "id" : "TA8Rwn6GAqACBBj.",
          "type" : "Class"
        },
        "subsettedProperties" : null,
        "redefinedProperties" : null,
        "aggregationKind" : "NONE"
      } ]
    }, {
      "id" : "Yrm4In6GAqACBB2M",
      "name" : null,
      "description" : null,
      "type" : "Relation",
      "propertyAssignments" : null,
      "stereotype" : null,
      "isAbstract" : false,
      "isDerived" : false,
      "properties" : [ {
        "id" : "Yrm4In6GAqACBB2N",
        "name" : null,
        "description" : null,
        "type" : "Property",
        "propertyAssignments" : null,
        "stereotype" : null,
        "isDerived" : false,
        "isReadOnly" : false,
        "isOrdered" : false,
        "cardinality" : "0..*",
        "propertyType" : {
          "id" : "Asqhwn6GAqACBBhJ",
          "type" : "Class"
        },
        "subsettedProperties" : null,
        "redefinedProperties" : null,
        "aggregationKind" : "COMPOSITE"
      }, {
        "id" : "Yrm4In6GAqACBB2P",
        "name" : null,
        "description" : null,
        "type" : "Property",
        "propertyAssignments" : null,
        "stereotype" : null,
        "isDerived" : false,
        "isReadOnly" : false,
        "isOrdered" : false,
        "cardinality" : "0..*",
        "propertyType" : {
          "id" : "1oobwn6GAqACBBwQ",
          "type" : "Class"
        },
        "subsettedProperties" : null,
        "redefinedProperties" : null,
        "aggregationKind" : "NONE"
      } ]
    }, {
      "id" : "FA14In6GAqACBB2w",
      "name" : null,
      "description" : null,
      "type" : "Relation",
      "propertyAssignments" : null,
      "stereotype" : null,
      "isAbstract" : false,
      "isDerived" : false,
      "properties" : [ {
        "id" : "FA14In6GAqACBB2x",
        "name" : null,
        "description" : null,
        "type" : "Property",
        "propertyAssignments" : null,
        "stereotype" : null,
        "isDerived" : false,
        "isReadOnly" : false,
        "isOrdered" : false,
        "cardinality" : "1..*",
        "propertyType" : {
          "id" : "00hhwn6GAqACBBhv",
          "type" : "Class"
        },
        "subsettedProperties" : null,
        "redefinedProperties" : null,
        "aggregationKind" : "COMPOSITE"
      }, {
        "id" : "FA14In6GAqACBB2z",
        "name" : null,
        "description" : null,
        "type" : "Property",
        "propertyAssignments" : null,
        "stereotype" : null,
        "isDerived" : false,
        "isReadOnly" : false,
        "isOrdered" : false,
        "cardinality" : "0..*",
        "propertyType" : {
          "id" : "1oobwn6GAqACBBwQ",
          "type" : "Class"
        },
        "subsettedProperties" : null,
        "redefinedProperties" : null,
        "aggregationKind" : "NONE"
      } ]
    }, {
      "id" : "Sgf4In6GAqACBB3e",
      "name" : null,
      "description" : null,
      "type" : "Relation",
      "propertyAssignments" : null,
      "stereotype" : null,
      "isAbstract" : false,
      "isDerived" : false,
      "properties" : [ {
        "id" : "Sgf4In6GAqACBB3f",
        "name" : null,
        "description" : null,
        "type" : "Property",
        "propertyAssignments" : null,
        "stereotype" : null,
        "isDerived" : false,
        "isReadOnly" : false,
        "isOrdered" : false,
        "cardinality" : "0..*",
        "propertyType" : {
          "id" : "00hhwn6GAqACBBhv",
          "type" : "Class"
        },
        "subsettedProperties" : null,
        "redefinedProperties" : null,
        "aggregationKind" : "COMPOSITE"
      }, {
        "id" : "Sgf4In6GAqACBB3h",
        "name" : null,
        "description" : null,
        "type" : "Property",
        "propertyAssignments" : null,
        "stereotype" : null,
        "isDerived" : false,
        "isReadOnly" : false,
        "isOrdered" : false,
        "cardinality" : "1..*",
        "propertyType" : {
          "id" : "u55Rwn6GAqACBBkQ",
          "type" : "Class"
        },
        "subsettedProperties" : null,
        "redefinedProperties" : null,
        "aggregationKind" : "NONE"
      } ]
    }, {
      "id" : "67EEIn6GAqACBB3.",
      "name" : null,
      "description" : null,
      "type" : "Relation",
      "propertyAssignments" : null,
      "stereotype" : null,
      "isAbstract" : false,
      "isDerived" : false,
      "properties" : [ {
        "id" : "67EEIn6GAqACBB3_",
        "name" : null,
        "description" : null,
        "type" : "Property",
        "propertyAssignments" : null,
        "stereotype" : null,
        "isDerived" : false,
        "isReadOnly" : false,
        "isOrdered" : false,
        "cardinality" : "0..*",
        "propertyType" : {
          "id" : "Asqhwn6GAqACBBhJ",
          "type" : "Class"
        },
        "subsettedProperties" : null,
        "redefinedProperties" : null,
        "aggregationKind" : "COMPOSITE"
      }, {
        "id" : "67EEIn6GAqACBB4B",
        "name" : null,
        "description" : null,
        "type" : "Property",
        "propertyAssignments" : null,
        "stereotype" : null,
        "isDerived" : false,
        "isReadOnly" : false,
        "isOrdered" : false,
        "cardinality" : "1..*",
        "propertyType" : {
          "id" : "u55Rwn6GAqACBBkQ",
          "type" : "Class"
        },
        "subsettedProperties" : null,
        "redefinedProperties" : null,
        "aggregationKind" : "NONE"
      } ]
    }, {
      "id" : ".MaEIn6GAqACBB4c",
      "name" : null,
      "description" : null,
      "type" : "Relation",
      "propertyAssignments" : null,
      "stereotype" : null,
      "isAbstract" : false,
      "isDerived" : false,
      "properties" : [ {
        "id" : ".MaEIn6GAqACBB4d",
        "name" : null,
        "description" : null,
        "type" : "Property",
        "propertyAssignments" : null,
        "stereotype" : null,
        "isDerived" : false,
        "isReadOnly" : false,
        "isOrdered" : false,
        "cardinality" : "0..*",
        "propertyType" : {
          "id" : "00hhwn6GAqACBBhv",
          "type" : "Class"
        },
        "subsettedProperties" : null,
        "redefinedProperties" : null,
        "aggregationKind" : "COMPOSITE"
      }, {
        "id" : ".MaEIn6GAqACBB4f",
        "name" : null,
        "description" : null,
        "type" : "Property",
        "propertyAssignments" : null,
        "stereotype" : null,
        "isDerived" : false,
        "isReadOnly" : false,
        "isOrdered" : false,
        "cardinality" : "1",
        "propertyType" : {
          "id" : "TA8Rwn6GAqACBBj.",
          "type" : "Class"
        },
        "subsettedProperties" : null,
        "redefinedProperties" : null,
        "aggregationKind" : "NONE"
      } ]
    }, {
      "id" : "OKZEIn6GAqACBB44",
      "name" : null,
      "description" : null,
      "type" : "Relation",
      "propertyAssignments" : null,
      "stereotype" : "characterization",
      "isAbstract" : false,
      "isDerived" : false,
      "properties" : [ {
        "id" : "OKZEIn6GAqACBB45",
        "name" : null,
        "description" : null,
        "type" : "Property",
        "propertyAssignments" : null,
        "stereotype" : null,
        "isDerived" : false,
        "isReadOnly" : false,
        "isOrdered" : false,
        "cardinality" : "0..*",
        "propertyType" : {
          "id" : "yRW.wn6GAqACBBe4",
          "type" : "Class"
        },
        "subsettedProperties" : null,
        "redefinedProperties" : null,
        "aggregationKind" : "NONE"
      }, {
        "id" : "OKZEIn6GAqACBB47",
        "name" : null,
        "description" : null,
        "type" : "Property",
        "propertyAssignments" : null,
        "stereotype" : null,
        "isDerived" : false,
        "isReadOnly" : true,
        "isOrdered" : false,
        "cardinality" : "1",
        "propertyType" : {
          "id" : "5djhwn6GAqACBBiu",
          "type" : "Class"
        },
        "subsettedProperties" : null,
        "redefinedProperties" : null,
        "aggregationKind" : "NONE"
      } ]
    }, {
      "id" : "RRY0In6GAqACBB60",
      "name" : null,
      "description" : null,
      "type" : "Relation",
      "propertyAssignments" : null,
      "stereotype" : "formal",
      "isAbstract" : false,
      "isDerived" : false,
      "properties" : [ {
        "id" : "RRY0In6GAqACBB61",
        "name" : null,
        "description" : null,
        "type" : "Property",
        "propertyAssignments" : null,
        "stereotype" : null,
        "isDerived" : false,
        "isReadOnly" : false,
        "isOrdered" : false,
        "cardinality" : "*",
        "propertyType" : {
          "id" : "yRW.wn6GAqACBBe4",
          "type" : "Class"
        },
        "subsettedProperties" : null,
        "redefinedProperties" : null,
        "aggregationKind" : "NONE"
      }, {
        "id" : "RRY0In6GAqACBB63",
        "name" : null,
        "description" : null,
        "type" : "Property",
        "propertyAssignments" : null,
        "stereotype" : null,
        "isDerived" : false,
        "isReadOnly" : true,
        "isOrdered" : false,
        "cardinality" : "1",
        "propertyType" : {
          "id" : "ppbhwn6GAqACBBjH",
          "type" : "Class"
        },
        "subsettedProperties" : null,
        "redefinedProperties" : null,
        "aggregationKind" : "NONE"
      } ]
    }, {
      "id" : "EFK0In6GAqACBB7F",
      "name" : null,
      "description" : null,
      "type" : "Relation",
      "propertyAssignments" : null,
      "stereotype" : "formal",
      "isAbstract" : false,
      "isDerived" : false,
      "properties" : [ {
        "id" : "EFK0In6GAqACBB7G",
        "name" : null,
        "description" : null,
        "type" : "Property",
        "propertyAssignments" : null,
        "stereotype" : null,
        "isDerived" : false,
        "isReadOnly" : false,
        "isOrdered" : false,
        "cardinality" : "0..*",
        "propertyType" : {
          "id" : "yRW.wn6GAqACBBe4",
          "type" : "Class"
        },
        "subsettedProperties" : null,
        "redefinedProperties" : null,
        "aggregationKind" : "NONE"
      }, {
        "id" : "kFK0In6GAqACBB7I",
        "name" : null,
        "description" : null,
        "type" : "Property",
        "propertyAssignments" : null,
        "stereotype" : null,
        "isDerived" : false,
        "isReadOnly" : true,
        "isOrdered" : false,
        "cardinality" : "1",
        "propertyType" : {
          "id" : "FKNhwn6GAqACBBiV",
          "type" : "Class"
        },
        "subsettedProperties" : null,
        "redefinedProperties" : null,
        "aggregationKind" : "NONE"
      } ]
    }, {
      "id" : "gfR0In6GAqACBB7n",
      "name" : null,
      "description" : null,
      "type" : "Relation",
      "propertyAssignments" : null,
      "stereotype" : "formal",
      "isAbstract" : false,
      "isDerived" : false,
      "properties" : [ {
        "id" : "gfR0In6GAqACBB7o",
        "name" : null,
        "description" : null,
        "type" : "Property",
        "propertyAssignments" : null,
        "stereotype" : null,
        "isDerived" : false,
        "isReadOnly" : false,
        "isOrdered" : false,
        "cardinality" : "1",
        "propertyType" : {
          "id" : "LVB.wn6GAqACBBfK",
          "type" : "Class"
        },
        "subsettedProperties" : null,
        "redefinedProperties" : null,
        "aggregationKind" : "NONE"
      }, {
        "id" : "gfR0In6GAqACBB7q",
        "name" : null,
        "description" : null,
        "type" : "Property",
        "propertyAssignments" : null,
        "stereotype" : null,
        "isDerived" : false,
        "isReadOnly" : true,
        "isOrdered" : false,
        "cardinality" : "1..*",
        "propertyType" : {
          "id" : "E9UBwn6GAqACBBgN",
          "type" : "Class"
        },
        "subsettedProperties" : null,
        "redefinedProperties" : null,
        "aggregationKind" : "NONE"
      } ]
    }, {
      "id" : "cSJ0In6GAqACBB7v",
      "name" : null,
      "description" : null,
      "type" : "Relation",
      "propertyAssignments" : null,
      "stereotype" : "formal",
      "isAbstract" : false,
      "isDerived" : false,
      "properties" : [ {
        "id" : "cSJ0In6GAqACBB7w",
        "name" : null,
        "description" : null,
        "type" : "Property",
        "propertyAssignments" : null,
        "stereotype" : null,
        "isDerived" : false,
        "isReadOnly" : false,
        "isOrdered" : false,
        "cardinality" : "1",
        "propertyType" : {
          "id" : "LVB.wn6GAqACBBfK",
          "type" : "Class"
        },
        "subsettedProperties" : null,
        "redefinedProperties" : null,
        "aggregationKind" : "NONE"
      }, {
        "id" : "cSJ0In6GAqACBB7y",
        "name" : null,
        "description" : null,
        "type" : "Property",
        "propertyAssignments" : null,
        "stereotype" : null,
        "isDerived" : false,
        "isReadOnly" : true,
        "isOrdered" : false,
        "cardinality" : "1..*",
        "propertyType" : {
          "id" : "wiQhwn6GAqACBBgX",
          "type" : "Class"
        },
        "subsettedProperties" : null,
        "redefinedProperties" : null,
        "aggregationKind" : "NONE"
      } ]
    }, {
      "id" : "5Nz0In6GAqACBB8j",
      "name" : null,
      "description" : null,
      "type" : "Relation",
      "propertyAssignments" : null,
      "stereotype" : "formal",
      "isAbstract" : false,
      "isDerived" : false,
      "properties" : [ {
        "id" : "5Nz0In6GAqACBB8k",
        "name" : null,
        "description" : null,
        "type" : "Property",
        "propertyAssignments" : null,
        "stereotype" : null,
        "isDerived" : false,
        "isReadOnly" : false,
        "isOrdered" : false,
        "cardinality" : "1",
        "propertyType" : {
          "id" : "yRW.wn6GAqACBBe4",
          "type" : "Class"
        },
        "subsettedProperties" : null,
        "redefinedProperties" : null,
        "aggregationKind" : "NONE"
      }, {
        "id" : "5Nz0In6GAqACBB8m",
        "name" : null,
        "description" : null,
        "type" : "Property",
        "propertyAssignments" : null,
        "stereotype" : null,
        "isDerived" : false,
        "isReadOnly" : true,
        "isOrdered" : false,
        "cardinality" : "1",
        "propertyType" : {
          "id" : "LVB.wn6GAqACBBfK",
          "type" : "Class"
        },
        "subsettedProperties" : null,
        "redefinedProperties" : null,
        "aggregationKind" : "NONE"
      } ]
    }, {
      "id" : "WVv0In6GAqACBB85",
      "name" : null,
      "description" : null,
      "type" : "Relation",
      "propertyAssignments" : null,
      "stereotype" : "characterization",
      "isAbstract" : false,
      "isDerived" : false,
      "properties" : [ {
        "id" : "WVv0In6GAqACBB86",
        "name" : null,
        "description" : null,
        "type" : "Property",
        "propertyAssignments" : null,
        "stereotype" : null,
        "isDerived" : false,
        "isReadOnly" : false,
        "isOrdered" : false,
        "cardinality" : "0..*",
        "propertyType" : {
          "id" : "Asqhwn6GAqACBBhJ",
          "type" : "Class"
        },
        "subsettedProperties" : null,
        "redefinedProperties" : null,
        "aggregationKind" : "NONE"
      }, {
        "id" : "WVv0In6GAqACBB88",
        "name" : null,
        "description" : null,
        "type" : "Property",
        "propertyAssignments" : null,
        "stereotype" : null,
        "isDerived" : false,
        "isReadOnly" : true,
        "isOrdered" : false,
        "cardinality" : "1",
        "propertyType" : {
          "id" : "FKNhwn6GAqACBBiV",
          "type" : "Class"
        },
        "subsettedProperties" : null,
        "redefinedProperties" : null,
        "aggregationKind" : "NONE"
      } ]
    }, {
      "id" : "zOsMIn6GAqACBB9h",
      "name" : null,
      "description" : null,
      "type" : "Relation",
      "propertyAssignments" : null,
      "stereotype" : "mediation",
      "isAbstract" : false,
      "isDerived" : false,
      "properties" : [ {
        "id" : "zOsMIn6GAqACBB9i",
        "name" : null,
        "description" : null,
        "type" : "Property",
        "propertyAssignments" : null,
        "stereotype" : null,
        "isDerived" : false,
        "isReadOnly" : false,
        "isOrdered" : false,
        "cardinality" : "0..*",
        "propertyType" : {
          "id" : "00hhwn6GAqACBBhv",
          "type" : "Class"
        },
        "subsettedProperties" : null,
        "redefinedProperties" : null,
        "aggregationKind" : "NONE"
      }, {
        "id" : "zOsMIn6GAqACBB9k",
        "name" : null,
        "description" : null,
        "type" : "Property",
        "propertyAssignments" : null,
        "stereotype" : null,
        "isDerived" : false,
        "isReadOnly" : true,
        "isOrdered" : false,
        "cardinality" : "1",
        "propertyType" : {
          "id" : "FKNhwn6GAqACBBiV",
          "type" : "Class"
        },
        "subsettedProperties" : null,
        "redefinedProperties" : null,
        "aggregationKind" : "NONE"
      } ]
    }, {
      "id" : "rNGMIn6GAqACBB91",
      "name" : null,
      "description" : null,
      "type" : "Relation",
      "propertyAssignments" : null,
      "stereotype" : "formal",
      "isAbstract" : false,
      "isDerived" : false,
      "properties" : [ {
        "id" : "rNGMIn6GAqACBB92",
        "name" : null,
        "description" : null,
        "type" : "Property",
        "propertyAssignments" : null,
        "stereotype" : null,
        "isDerived" : false,
        "isReadOnly" : false,
        "isOrdered" : false,
        "cardinality" : "1",
        "propertyType" : {
          "id" : "1oobwn6GAqACBBwQ",
          "type" : "Class"
        },
        "subsettedProperties" : null,
        "redefinedProperties" : null,
        "aggregationKind" : "NONE"
      }, {
        "id" : "rNGMIn6GAqACBB94",
        "name" : null,
        "description" : null,
        "type" : "Property",
        "propertyAssignments" : null,
        "stereotype" : null,
        "isDerived" : false,
        "isReadOnly" : true,
        "isOrdered" : false,
        "cardinality" : "1..*",
        "propertyType" : {
          "id" : "EgjRwn6GAqACBBkq",
          "type" : "Class"
        },
        "subsettedProperties" : null,
        "redefinedProperties" : null,
        "aggregationKind" : "NONE"
      } ]
    }, {
      "id" : "AZZMIn6GAqACBB.O",
      "name" : null,
      "description" : null,
      "type" : "Relation",
      "propertyAssignments" : null,
      "stereotype" : "formal",
      "isAbstract" : false,
      "isDerived" : false,
      "properties" : [ {
        "id" : "AZZMIn6GAqACBB.P",
        "name" : null,
        "description" : null,
        "type" : "Property",
        "propertyAssignments" : null,
        "stereotype" : null,
        "isDerived" : false,
        "isReadOnly" : false,
        "isOrdered" : false,
        "cardinality" : "0..*",
        "propertyType" : {
          "id" : "1oobwn6GAqACBBwQ",
          "type" : "Class"
        },
        "subsettedProperties" : null,
        "redefinedProperties" : null,
        "aggregationKind" : "NONE"
      }, {
        "id" : "AZZMIn6GAqACBB.R",
        "name" : null,
        "description" : null,
        "type" : "Property",
        "propertyAssignments" : null,
        "stereotype" : null,
        "isDerived" : false,
        "isReadOnly" : true,
        "isOrdered" : false,
        "cardinality" : "1..*",
        "propertyType" : {
          "id" : "ppbhwn6GAqACBBjH",
          "type" : "Class"
        },
        "subsettedProperties" : null,
        "redefinedProperties" : null,
        "aggregationKind" : "NONE"
      } ]
    }, {
      "id" : "FCTMIn6GAqACBB.t",
      "name" : null,
      "description" : null,
      "type" : "Relation",
      "propertyAssignments" : null,
      "stereotype" : "formal",
      "isAbstract" : false,
      "isDerived" : false,
      "properties" : [ {
        "id" : "FCTMIn6GAqACBB.u",
        "name" : null,
        "description" : null,
        "type" : "Property",
        "propertyAssignments" : null,
        "stereotype" : null,
        "isDerived" : false,
        "isReadOnly" : false,
        "isOrdered" : false,
        "cardinality" : "*",
        "propertyType" : {
          "id" : "TA8Rwn6GAqACBBj.",
          "type" : "Class"
        },
        "subsettedProperties" : null,
        "redefinedProperties" : null,
        "aggregationKind" : "NONE"
      }, {
        "id" : "FCTMIn6GAqACBB.w",
        "name" : null,
        "description" : null,
        "type" : "Property",
        "propertyAssignments" : null,
        "stereotype" : null,
        "isDerived" : false,
        "isReadOnly" : true,
        "isOrdered" : false,
        "cardinality" : "*",
        "propertyType" : {
          "id" : "ppbhwn6GAqACBBjH",
          "type" : "Class"
        },
        "subsettedProperties" : null,
        "redefinedProperties" : null,
        "aggregationKind" : "NONE"
      } ]
    }, {
      "id" : "RDXMIn6GAqACBB_O",
      "name" : null,
      "description" : null,
      "type" : "Relation",
      "propertyAssignments" : null,
      "stereotype" : "formal",
      "isAbstract" : false,
      "isDerived" : false,
      "properties" : [ {
        "id" : "RDXMIn6GAqACBB_P",
        "name" : null,
        "description" : null,
        "type" : "Property",
        "propertyAssignments" : null,
        "stereotype" : null,
        "isDerived" : false,
        "isReadOnly" : false,
        "isOrdered" : false,
        "cardinality" : "0..*",
        "propertyType" : {
          "id" : "TA8Rwn6GAqACBBj.",
          "type" : "Class"
        },
        "subsettedProperties" : null,
        "redefinedProperties" : null,
        "aggregationKind" : "NONE"
      }, {
        "id" : "RDXMIn6GAqACBB_R",
        "name" : null,
        "description" : null,
        "type" : "Property",
        "propertyAssignments" : null,
        "stereotype" : null,
        "isDerived" : false,
        "isReadOnly" : true,
        "isOrdered" : false,
        "cardinality" : "1..*",
        "propertyType" : {
          "id" : "ppbhwn6GAqACBBjH",
          "type" : "Class"
        },
        "subsettedProperties" : null,
        "redefinedProperties" : null,
        "aggregationKind" : "NONE"
      } ]
    }, {
      "id" : "e02cIn6GAqACBCAf",
      "name" : "classifies",
      "description" : null,
      "type" : "Relation",
      "propertyAssignments" : null,
      "stereotype" : null,
      "isAbstract" : false,
      "isDerived" : false,
      "properties" : [ {
        "id" : "e02cIn6GAqACBCAg",
        "name" : null,
        "description" : null,
        "type" : "Property",
        "propertyAssignments" : null,
        "stereotype" : null,
        "isDerived" : false,
        "isReadOnly" : false,
        "isOrdered" : false,
        "cardinality" : "1",
        "propertyType" : {
          "id" : "No4xwn6GAqACBBld",
          "type" : "Class"
        },
        "subsettedProperties" : null,
        "redefinedProperties" : null,
        "aggregationKind" : "NONE"
      }, {
        "id" : "e02cIn6GAqACBCAi",
        "name" : null,
        "description" : null,
        "type" : "Property",
        "propertyAssignments" : null,
        "stereotype" : null,
        "isDerived" : false,
        "isReadOnly" : true,
        "isOrdered" : false,
        "cardinality" : "0..*",
        "propertyType" : {
          "id" : "FKNhwn6GAqACBBiV",
          "type" : "Class"
        },
        "subsettedProperties" : null,
        "redefinedProperties" : null,
        "aggregationKind" : "NONE"
      } ]
    } ]
  },
  "diagrams" : [ {
    "id" : "Op6ewn6GAqACBBes",
    "name" : "diagram1",
    "description" : null,
    "type" : "Diagram",
    "owner" : {
      "id" : "7iKewn6GAqACBBPR_root",
      "type" : "Package"
    },
    "contents" : [ {
      "id" : "JHyYIn6GAqACBBz7",
      "type" : "GeneralizationView",
      "modelElement" : {
        "id" : ".HyYIn6GAqACBBz6",
        "type" : "Generalization"
      },
      "shape" : {
        "id" : "JHyYIn6GAqACBBz7_path",
        "type" : "Path",
        "points" : [ {
          "x" : 1651,
          "y" : 753
        }, {
          "x" : 1651,
          "y" : 791
        }, {
          "x" : 1371,
          "y" : 791
        }, {
          "x" : 1371,
          "y" : 940
        } ]
      },
      "source" : {
        "id" : "u55Rwn6GAqACBBkP",
        "type" : "ClassView"
      },
      "target" : {
        "id" : "EgjRwn6GAqACBBkp",
        "type" : "ClassView"
      }
    }, {
      "id" : "YZZMIn6GAqACBB.T",
      "type" : "RelationView",
      "modelElement" : {
        "id" : "AZZMIn6GAqACBB.O",
        "type" : "Relation"
      },
      "shape" : {
        "id" : "YZZMIn6GAqACBB.T_path",
        "type" : "Path",
        "points" : [ {
          "x" : 465,
          "y" : 1051
        }, {
          "x" : 177,
          "y" : 1051
        }, {
          "x" : 177,
          "y" : 639
        } ]
      },
      "source" : {
        "id" : "1oobwn6GAqACBBwP",
        "type" : "ClassView"
      },
      "target" : {
        "id" : "ppbhwn6GAqACBBjG",
        "type" : "ClassView"
      }
    }, {
      "id" : "Ggf4In6GAqACBB3j",
      "type" : "RelationView",
      "modelElement" : {
        "id" : "Sgf4In6GAqACBB3e",
        "type" : "Relation"
      },
      "shape" : {
        "id" : "Ggf4In6GAqACBB3j_path",
        "type" : "Path",
        "points" : [ {
          "x" : 1294,
          "y" : 638
        }, {
          "x" : 1294,
          "y" : 697
        }, {
          "x" : 1591,
          "y" : 697
        } ]
      },
      "source" : {
        "id" : "00hhwn6GAqACBBhu",
        "type" : "ClassView"
      },
      "target" : {
        "id" : "u55Rwn6GAqACBBkP",
        "type" : "ClassView"
      }
    }, {
      "id" : "uTw4In6GAqACBB1O",
      "type" : "RelationView",
      "modelElement" : {
        "id" : "qTw4In6GAqACBB1J",
        "type" : "Relation"
      },
      "shape" : {
        "id" : "uTw4In6GAqACBB1O_path",
        "type" : "Path",
        "points" : [ {
          "x" : 1212,
          "y" : 638
        }, {
          "x" : 1212,
          "y" : 707
        }, {
          "x" : 558,
          "y" : 707
        }, {
          "x" : 558,
          "y" : 650
        } ]
      },
      "source" : {
        "id" : "00hhwn6GAqACBBhu",
        "type" : "ClassView"
      },
      "target" : {
        "id" : "5djhwn6GAqACBBit",
        "type" : "ClassView"
      }
    }, {
      "id" : "u55Rwn6GAqACBBkP",
      "type" : "ClassView",
      "modelElement" : {
        "id" : "u55Rwn6GAqACBBkQ",
        "type" : "Class"
      },
      "shape" : {
        "id" : "u55Rwn6GAqACBBkP_shape",
        "type" : "Rectangle",
        "x" : 1591,
        "y" : 678,
        "width" : 120,
        "height" : 74
      }
    }, {
      "id" : "CWeTwn6GAqACBBp4",
      "type" : "RelationView",
      "modelElement" : {
        "id" : "MWeTwn6GAqACBBpz",
        "type" : "Relation"
      },
      "shape" : {
        "id" : "CWeTwn6GAqACBBp4_path",
        "type" : "Path",
        "points" : [ {
          "x" : 944,
          "y" : 301
        }, {
          "x" : 542,
          "y" : 301
        }, {
          "x" : 542,
          "y" : 591
        } ]
      },
      "source" : {
        "id" : "FdD.wn6GAqACBBfm",
        "type" : "ClassView"
      },
      "target" : {
        "id" : "5djhwn6GAqACBBit",
        "type" : "ClassView"
      }
    }, {
      "id" : "nOsMIn6GAqACBB9m",
      "type" : "RelationView",
      "modelElement" : {
        "id" : "zOsMIn6GAqACBB9h",
        "type" : "Relation"
      },
      "shape" : {
        "id" : "nOsMIn6GAqACBB9m_path",
        "type" : "Path",
        "points" : [ {
          "x" : 1305,
          "y" : 611
        }, {
          "x" : 1611,
          "y" : 611
        }, {
          "x" : 1611,
          "y" : 588
        } ]
      },
      "source" : {
        "id" : "00hhwn6GAqACBBhu",
        "type" : "ClassView"
      },
      "target" : {
        "id" : "FKNhwn6GAqACBBiU",
        "type" : "ClassView"
      }
    }, {
      "id" : "lnKbwn6GAqACBBw2",
      "type" : "RelationView",
      "modelElement" : {
        "id" : "pnKbwn6GAqACBBwx",
        "type" : "Relation"
      },
      "shape" : {
        "id" : "lnKbwn6GAqACBBw2_path",
        "type" : "Path",
        "points" : [ {
          "x" : 465,
          "y" : 1018
        }, {
          "x" : 425,
          "y" : 1018
        }, {
          "x" : 425,
          "y" : 638
        }, {
          "x" : 451,
          "y" : 638
        } ]
      },
      "source" : {
        "id" : "1oobwn6GAqACBBwP",
        "type" : "ClassView"
      },
      "target" : {
        "id" : "5djhwn6GAqACBBit",
        "type" : "ClassView"
      }
    }, {
      "id" : "Wp6YIn6GAqACBB0H",
      "type" : "GeneralizationView",
      "modelElement" : {
        "id" : "Kp6YIn6GAqACBB0G",
        "type" : "Generalization"
      },
      "shape" : {
        "id" : "Wp6YIn6GAqACBB0H_path",
        "type" : "Path",
        "points" : [ {
          "x" : 1651,
          "y" : 752
        }, {
          "x" : 1651,
          "y" : 791
        }, {
          "x" : 1825,
          "y" : 791
        }, {
          "x" : 1825,
          "y" : 950
        } ]
      },
      "source" : {
        "id" : "u55Rwn6GAqACBBkP",
        "type" : "ClassView"
      },
      "target" : {
        "id" : "aE7Rwn6GAqACBBlA",
        "type" : "ClassView"
      }
    }, {
      "id" : "3NGMIn6GAqACBB96",
      "type" : "RelationView",
      "modelElement" : {
        "id" : "rNGMIn6GAqACBB91",
        "type" : "Relation"
      },
      "shape" : {
        "id" : "3NGMIn6GAqACBB96_path",
        "type" : "Path",
        "points" : [ {
          "x" : 540,
          "y" : 1012
        }, {
          "x" : 540,
          "y" : 912
        }, {
          "x" : 1347,
          "y" : 912
        }, {
          "x" : 1347,
          "y" : 940
        } ]
      },
      "source" : {
        "id" : "1oobwn6GAqACBBwP",
        "type" : "ClassView"
      },
      "target" : {
        "id" : "EgjRwn6GAqACBBkp",
        "type" : "ClassView"
      }
    }, {
      "id" : "TrC4In6GAqACBB1z",
      "type" : "RelationView",
      "modelElement" : {
        "id" : "NrC4In6GAqACBB1u",
        "type" : "Relation"
      },
      "shape" : {
        "id" : "TrC4In6GAqACBB1z_path",
        "type" : "Path",
        "points" : [ {
          "x" : 853,
          "y" : 651
        }, {
          "x" : 853,
          "y" : 816
        }, {
          "x" : 559,
          "y" : 816
        } ]
      },
      "source" : {
        "id" : "Asqhwn6GAqACBBhI",
        "type" : "ClassView"
      },
      "target" : {
        "id" : "TA8Rwn6GAqACBBj9",
        "type" : "ClassView"
      }
    }, {
      "id" : "tA14In6GAqACBB21",
      "type" : "RelationView",
      "modelElement" : {
        "id" : "FA14In6GAqACBB2w",
        "type" : "Relation"
      },
      "shape" : {
        "id" : "tA14In6GAqACBB21_path",
        "type" : "Path",
        "points" : [ {
          "x" : 1251,
          "y" : 638
        }, {
          "x" : 1251,
          "y" : 875
        }, {
          "x" : 517,
          "y" : 875
        }, {
          "x" : 517,
          "y" : 1012
        } ]
      },
      "source" : {
        "id" : "00hhwn6GAqACBBhu",
        "type" : "ClassView"
      },
      "target" : {
        "id" : "1oobwn6GAqACBBwP",
        "type" : "ClassView"
      }
    }, {
      "id" : "KSJ0In6GAqACBB70",
      "type" : "RelationView",
      "modelElement" : {
        "id" : "cSJ0In6GAqACBB7v",
        "type" : "Relation"
      },
      "shape" : {
        "id" : "KSJ0In6GAqACBB70_path",
        "type" : "Path",
        "points" : [ {
          "x" : 1178,
          "y" : 132
        }, {
          "x" : 1294,
          "y" : 132
        }, {
          "x" : 1294,
          "y" : 417
        } ]
      },
      "source" : {
        "id" : "LVB.wn6GAqACBBfJ",
        "type" : "ClassView"
      },
      "target" : {
        "id" : "wiQhwn6GAqACBBgW",
        "type" : "ClassView"
      }
    }, {
      "id" : "PbfRwn6GAqACBBlL",
      "type" : "ClassView",
      "modelElement" : {
        "id" : "PbfRwn6GAqACBBlM",
        "type" : "Class"
      },
      "shape" : {
        "id" : "PbfRwn6GAqACBBlL_shape",
        "type" : "Rectangle",
        "x" : 818,
        "y" : 940,
        "width" : 150,
        "height" : 60
      }
    }, {
      "id" : "Asqhwn6GAqACBBhI",
      "type" : "ClassView",
      "modelElement" : {
        "id" : "Asqhwn6GAqACBBhJ",
        "type" : "Class"
      },
      "shape" : {
        "id" : "Asqhwn6GAqACBBhI_shape",
        "type" : "Rectangle",
        "x" : 852,
        "y" : 588,
        "width" : 135,
        "height" : 62
      }
    }, {
      "id" : "CJrMIn6GAqACBB_C",
      "type" : "RelationView",
      "modelElement" : {
        "id" : "FCTMIn6GAqACBB.t",
        "type" : "Relation"
      },
      "shape" : {
        "id" : "CJrMIn6GAqACBB_C_path",
        "type" : "Path",
        "points" : [ {
          "x" : 477,
          "y" : 829
        }, {
          "x" : 245,
          "y" : 829
        }, {
          "x" : 245,
          "y" : 639
        } ]
      },
      "source" : {
        "id" : "TA8Rwn6GAqACBBj9",
        "type" : "ClassView"
      },
      "target" : {
        "id" : "ppbhwn6GAqACBBjG",
        "type" : "ClassView"
      }
    }, {
      "id" : "lRY0In6GAqACBB65",
      "type" : "RelationView",
      "modelElement" : {
        "id" : "RRY0In6GAqACBB60",
        "type" : "Relation"
      },
      "shape" : {
        "id" : "lRY0In6GAqACBB65_path",
        "type" : "Path",
        "points" : [ {
          "x" : 451,
          "y" : 118
        }, {
          "x" : 37,
          "y" : 118
        }, {
          "x" : 37,
          "y" : 618
        }, {
          "x" : 97,
          "y" : 618
        } ]
      },
      "source" : {
        "id" : "iRW.wn6GAqACBBe3",
        "type" : "ClassView"
      },
      "target" : {
        "id" : "ppbhwn6GAqACBBjG",
        "type" : "ClassView"
      }
    }, {
      "id" : "TA8Rwn6GAqACBBj9",
      "type" : "ClassView",
      "modelElement" : {
        "id" : "TA8Rwn6GAqACBBj.",
        "type" : "Class"
      },
      "shape" : {
        "id" : "TA8Rwn6GAqACBBj9_shape",
        "type" : "Rectangle",
        "x" : 478,
        "y" : 805,
        "width" : 80,
        "height" : 40
      }
    }, {
      "id" : "5wWrwn6GAqACBBuL",
      "type" : "RelationView",
      "modelElement" : {
        "id" : "hBGrwn6GAqACBBt_",
        "type" : "Relation"
      },
      "shape" : {
        "id" : "5wWrwn6GAqACBBuL_path",
        "type" : "Path",
        "points" : [ {
          "x" : 220,
          "y" : 600
        }, {
          "x" : 220,
          "y" : 468
        } ]
      },
      "source" : {
        "id" : "ppbhwn6GAqACBBjG",
        "type" : "ClassView"
      },
      "target" : {
        "id" : "zFARwn6GAqACBBje",
        "type" : "ClassView"
      }
    }, {
      "id" : "LVB.wn6GAqACBBfJ",
      "type" : "ClassView",
      "modelElement" : {
        "id" : "LVB.wn6GAqACBBfK",
        "type" : "Class"
      },
      "shape" : {
        "id" : "LVB.wn6GAqACBBfJ_shape",
        "type" : "Rectangle",
        "x" : 955,
        "y" : 81,
        "width" : 222,
        "height" : 80
      }
    }, {
      "id" : "W4boIn6GAqACBByR",
      "type" : "RelationView",
      "modelElement" : {
        "id" : "y4boIn6GAqACBByM",
        "type" : "Relation"
      },
      "shape" : {
        "id" : "W4boIn6GAqACBByR_path",
        "type" : "Path",
        "points" : [ {
          "x" : 822,
          "y" : 1089
        }, {
          "x" : 717,
          "y" : 1089
        }, {
          "x" : 717,
          "y" : 1029
        }, {
          "x" : 587,
          "y" : 1029
        } ]
      },
      "source" : {
        "id" : "1o4xwn6GAqACBBlc",
        "type" : "ClassView"
      },
      "target" : {
        "id" : "1oobwn6GAqACBBwP",
        "type" : "ClassView"
      }
    }, {
      "id" : "EgjRwn6GAqACBBkp",
      "type" : "ClassView",
      "modelElement" : {
        "id" : "EgjRwn6GAqACBBkq",
        "type" : "Class"
      },
      "shape" : {
        "id" : "EgjRwn6GAqACBBkp_shape",
        "type" : "Rectangle",
        "x" : 1315,
        "y" : 940,
        "width" : 130,
        "height" : 68
      }
    }, {
      "id" : "FKNhwn6GAqACBBiU",
      "type" : "ClassView",
      "modelElement" : {
        "id" : "FKNhwn6GAqACBBiV",
        "type" : "Class"
      },
      "shape" : {
        "id" : "FKNhwn6GAqACBBiU_shape",
        "type" : "Rectangle",
        "x" : 1605,
        "y" : 548,
        "width" : 94,
        "height" : 40
      }
    }, {
      "id" : "xKZEIn6GAqACBB49",
      "type" : "RelationView",
      "modelElement" : {
        "id" : "OKZEIn6GAqACBB44",
        "type" : "Relation"
      },
      "shape" : {
        "id" : "xKZEIn6GAqACBB49_path",
        "type" : "Path",
        "points" : [ {
          "x" : 492,
          "y" : 171
        }, {
          "x" : 492,
          "y" : 591
        } ]
      },
      "source" : {
        "id" : "iRW.wn6GAqACBBe3",
        "type" : "ClassView"
      },
      "target" : {
        "id" : "5djhwn6GAqACBBit",
        "type" : "ClassView"
      }
    }, {
      "id" : "djBrwn6GAqACBBuj",
      "type" : "RelationView",
      "modelElement" : {
        "id" : "5jBrwn6GAqACBBue",
        "type" : "Relation"
      },
      "shape" : {
        "id" : "djBrwn6GAqACBBuj_path",
        "type" : "Path",
        "points" : [ {
          "x" : 517,
          "y" : 805
        }, {
          "x" : 517,
          "y" : 649
        } ]
      },
      "source" : {
        "id" : "TA8Rwn6GAqACBBj9",
        "type" : "ClassView"
      },
      "target" : {
        "id" : "5djhwn6GAqACBBit",
        "type" : "ClassView"
      }
    }, {
      "id" : "STKrwn6GAqACBBtz",
      "type" : "RelationView",
      "modelElement" : {
        "id" : ".fsrwn6GAqACBBtB",
        "type" : "Relation"
      },
      "shape" : {
        "id" : "STKrwn6GAqACBBtz_path",
        "type" : "Path",
        "points" : [ {
          "x" : 297,
          "y" : 599
        }, {
          "x" : 451,
          "y" : 599
        } ]
      },
      "source" : {
        "id" : "ppbhwn6GAqACBBjG",
        "type" : "ClassView"
      },
      "target" : {
        "id" : "5djhwn6GAqACBBit",
        "type" : "ClassView"
      }
    }, {
      "id" : "YfR0In6GAqACBB7s",
      "type" : "RelationView",
      "modelElement" : {
        "id" : "gfR0In6GAqACBB7n",
        "type" : "Relation"
      },
      "shape" : {
        "id" : "YfR0In6GAqACBB7s_path",
        "type" : "Path",
        "points" : [ {
          "x" : 955,
          "y" : 132
        }, {
          "x" : 862,
          "y" : 132
        }, {
          "x" : 862,
          "y" : 417
        } ]
      },
      "source" : {
        "id" : "LVB.wn6GAqACBBfJ",
        "type" : "ClassView"
      },
      "target" : {
        "id" : "E9UBwn6GAqACBBgM",
        "type" : "ClassView"
      }
    }, {
      "id" : "ZzRYIn6GAqACBB0c",
      "type" : "RelationView",
      "modelElement" : {
        "id" : "BzRYIn6GAqACBB0X",
        "type" : "Relation"
      },
      "shape" : {
        "id" : "ZzRYIn6GAqACBB0c_path",
        "type" : "Path",
        "points" : [ {
          "x" : 1642,
          "y" : 677
        }, {
          "x" : 1642,
          "y" : 588
        } ]
      },
      "source" : {
        "id" : "u55Rwn6GAqACBBkP",
        "type" : "ClassView"
      },
      "target" : {
        "id" : "FKNhwn6GAqACBBiU",
        "type" : "ClassView"
      }
    }, {
      "id" : "FevMIn6GAqACBB_j",
      "type" : "RelationView",
      "modelElement" : {
        "id" : "RDXMIn6GAqACBB_O",
        "type" : "Relation"
      },
      "shape" : {
        "id" : "FevMIn6GAqACBB_j_path",
        "type" : "Path",
        "points" : [ {
          "x" : 477,
          "y" : 807
        }, {
          "x" : 262,
          "y" : 807
        }, {
          "x" : 262,
          "y" : 639
        } ]
      },
      "source" : {
        "id" : "TA8Rwn6GAqACBBj9",
        "type" : "ClassView"
      },
      "target" : {
        "id" : "ppbhwn6GAqACBBjG",
        "type" : "ClassView"
      }
    }, {
      "id" : "wiQhwn6GAqACBBgW",
      "type" : "ClassView",
      "modelElement" : {
        "id" : "wiQhwn6GAqACBBgX",
        "type" : "Class"
      },
      "shape" : {
        "id" : "wiQhwn6GAqACBBgW_shape",
        "type" : "Rectangle",
        "x" : 1231,
        "y" : 418,
        "width" : 112,
        "height" : 61
      }
    }, {
      "id" : "E9UBwn6GAqACBBgM",
      "type" : "ClassView",
      "modelElement" : {
        "id" : "E9UBwn6GAqACBBgN",
        "type" : "Class"
      },
      "shape" : {
        "id" : "E9UBwn6GAqACBBgM_shape",
        "type" : "Rectangle",
        "x" : 795,
        "y" : 418,
        "width" : 127,
        "height" : 61
      }
    }, {
      "id" : "5djhwn6GAqACBBit",
      "type" : "ClassView",
      "modelElement" : {
        "id" : "5djhwn6GAqACBBiu",
        "type" : "Class"
      },
      "shape" : {
        "id" : "5djhwn6GAqACBBit_shape",
        "type" : "Rectangle",
        "x" : 451,
        "y" : 591,
        "width" : 134,
        "height" : 57
      }
    }, {
      "id" : "4ejTwn6GAqACBBq6",
      "type" : "RelationView",
      "modelElement" : {
        "id" : "QejTwn6GAqACBBq1",
        "type" : "Relation"
      },
      "shape" : {
        "id" : "4ejTwn6GAqACBBq6_path",
        "type" : "Path",
        "points" : [ {
          "x" : 1129,
          "y" : 328
        }, {
          "x" : 1129,
          "y" : 520
        }, {
          "x" : 1189,
          "y" : 520
        }, {
          "x" : 1189,
          "y" : 598
        } ]
      },
      "source" : {
        "id" : "FdD.wn6GAqACBBfm",
        "type" : "ClassView"
      },
      "target" : {
        "id" : "00hhwn6GAqACBBhu",
        "type" : "ClassView"
      }
    }, {
      "id" : "ZMaEIn6GAqACBB4h",
      "type" : "RelationView",
      "modelElement" : {
        "id" : ".MaEIn6GAqACBB4c",
        "type" : "Relation"
      },
      "shape" : {
        "id" : "ZMaEIn6GAqACBB4h_path",
        "type" : "Path",
        "points" : [ {
          "x" : 1159,
          "y" : 638
        }, {
          "x" : 1159,
          "y" : 828
        }, {
          "x" : 559,
          "y" : 828
        } ]
      },
      "source" : {
        "id" : "00hhwn6GAqACBBhu",
        "type" : "ClassView"
      },
      "target" : {
        "id" : "TA8Rwn6GAqACBBj9",
        "type" : "ClassView"
      }
    }, {
      "id" : "Mrm4In6GAqACBB2R",
      "type" : "RelationView",
      "modelElement" : {
        "id" : "Yrm4In6GAqACBB2M",
        "type" : "Relation"
      },
      "shape" : {
        "id" : "Mrm4In6GAqACBB2R_path",
        "type" : "Path",
        "points" : [ {
          "x" : 895,
          "y" : 651
        }, {
          "x" : 895,
          "y" : 844
        }, {
          "x" : 578,
          "y" : 844
        }, {
          "x" : 578,
          "y" : 1012
        } ]
      },
      "source" : {
        "id" : "Asqhwn6GAqACBBhI",
        "type" : "ClassView"
      },
      "target" : {
        "id" : "1oobwn6GAqACBBwP",
        "type" : "ClassView"
      }
    }, {
      "id" : "yvWDwn6GAqACBBoJ",
      "type" : "RelationView",
      "modelElement" : {
        "id" : "UvWDwn6GAqACBBoE",
        "type" : "Relation"
      },
      "shape" : {
        "id" : "yvWDwn6GAqACBBoJ_path",
        "type" : "Path",
        "points" : [ {
          "x" : 1067,
          "y" : 161
        }, {
          "x" : 1067,
          "y" : 271
        } ]
      },
      "source" : {
        "id" : "LVB.wn6GAqACBBfJ",
        "type" : "ClassView"
      },
      "target" : {
        "id" : "FdD.wn6GAqACBBfm",
        "type" : "ClassView"
      }
    }, {
      "id" : "G5rYIn6GAqACBB05",
      "type" : "RelationView",
      "modelElement" : {
        "id" : "S5rYIn6GAqACBB00",
        "type" : "Relation"
      },
      "shape" : {
        "id" : "G5rYIn6GAqACBB05_path",
        "type" : "Path",
        "points" : [ {
          "x" : 852,
          "y" : 597
        }, {
          "x" : 655,
          "y" : 597
        }, {
          "x" : 655,
          "y" : 448
        }, {
          "x" : 268,
          "y" : 447
        } ]
      },
      "source" : {
        "id" : "Asqhwn6GAqACBBhI",
        "type" : "ClassView"
      },
      "target" : {
        "id" : "zFARwn6GAqACBBje",
        "type" : "ClassView"
      }
    }, {
      "id" : "1o4xwn6GAqACBBlc",
      "type" : "ClassView",
      "modelElement" : {
        "id" : "No4xwn6GAqACBBld",
        "type" : "Class"
      },
      "shape" : {
        "id" : "1o4xwn6GAqACBBlc_shape",
        "type" : "Rectangle",
        "x" : 822,
        "y" : 1061,
        "width" : 142,
        "height" : 60
      }
    }, {
      "id" : "O7EEIn6GAqACBB4D",
      "type" : "RelationView",
      "modelElement" : {
        "id" : "67EEIn6GAqACBB3.",
        "type" : "Relation"
      },
      "shape" : {
        "id" : "O7EEIn6GAqACBB4D_path",
        "type" : "Path",
        "points" : [ {
          "x" : 928,
          "y" : 651
        }, {
          "x" : 928,
          "y" : 741
        }, {
          "x" : 1591,
          "y" : 741
        } ]
      },
      "source" : {
        "id" : "Asqhwn6GAqACBBhI",
        "type" : "ClassView"
      },
      "target" : {
        "id" : "u55Rwn6GAqACBBkP",
        "type" : "ClassView"
      }
    }, {
      "id" : "hVv0In6GAqACBB8.",
      "type" : "RelationView",
      "modelElement" : {
        "id" : "WVv0In6GAqACBB85",
        "type" : "Relation"
      },
      "shape" : {
        "id" : "hVv0In6GAqACBB8._path",
        "type" : "Path",
        "points" : [ {
          "x" : 962,
          "y" : 587
        }, {
          "x" : 962,
          "y" : 568
        }, {
          "x" : 1605,
          "y" : 568
        } ]
      },
      "source" : {
        "id" : "Asqhwn6GAqACBBhI",
        "type" : "ClassView"
      },
      "target" : {
        "id" : "FKNhwn6GAqACBBiU",
        "type" : "ClassView"
      }
    }, {
      "id" : "aE7Rwn6GAqACBBlA",
      "type" : "ClassView",
      "modelElement" : {
        "id" : "aE7Rwn6GAqACBBlB",
        "type" : "Class"
      },
      "shape" : {
        "id" : "aE7Rwn6GAqACBBlA_shape",
        "type" : "Rectangle",
        "x" : 1754,
        "y" : 950,
        "width" : 140,
        "height" : 40
      }
    }, {
      "id" : "IHdTwn6GAqACBBqq",
      "type" : "RelationView",
      "modelElement" : {
        "id" : "AHdTwn6GAqACBBql",
        "type" : "Relation"
      },
      "shape" : {
        "id" : "IHdTwn6GAqACBBqq_path",
        "type" : "Path",
        "points" : [ {
          "x" : 1023,
          "y" : 328
        }, {
          "x" : 1023,
          "y" : 506
        }, {
          "x" : 928,
          "y" : 506
        }, {
          "x" : 928,
          "y" : 588
        } ]
      },
      "source" : {
        "id" : "FdD.wn6GAqACBBfm",
        "type" : "ClassView"
      },
      "target" : {
        "id" : "Asqhwn6GAqACBBhI",
        "type" : "ClassView"
      }
    }, {
      "id" : "UAvTwn6GAqACBBrq",
      "type" : "RelationView",
      "modelElement" : {
        "id" : "4AvTwn6GAqACBBrl",
        "type" : "Relation"
      },
      "shape" : {
        "id" : "UAvTwn6GAqACBBrq_path",
        "type" : "Path",
        "points" : [ {
          "x" : 861,
          "y" : 479
        }, {
          "x" : 861,
          "y" : 588
        } ]
      },
      "source" : {
        "id" : "E9UBwn6GAqACBBgM",
        "type" : "ClassView"
      },
      "target" : {
        "id" : "Asqhwn6GAqACBBhI",
        "type" : "ClassView"
      }
    }, {
      "id" : "00hhwn6GAqACBBhu",
      "type" : "ClassView",
      "modelElement" : {
        "id" : "00hhwn6GAqACBBhv",
        "type" : "Class"
      },
      "shape" : {
        "id" : "00hhwn6GAqACBBhu_shape",
        "type" : "Rectangle",
        "x" : 1148,
        "y" : 598,
        "width" : 157,
        "height" : 40
      }
    }, {
      "id" : "qNkrwn6GAqACBBsx",
      "type" : "RelationView",
      "modelElement" : {
        "id" : "CNkrwn6GAqACBBss",
        "type" : "Relation"
      },
      "shape" : {
        "id" : "qNkrwn6GAqACBBsx_path",
        "type" : "Path",
        "points" : [ {
          "x" : 852,
          "y" : 632
        }, {
          "x" : 585,
          "y" : 632
        } ]
      },
      "source" : {
        "id" : "Asqhwn6GAqACBBhI",
        "type" : "ClassView"
      },
      "target" : {
        "id" : "5djhwn6GAqACBBit",
        "type" : "ClassView"
      }
    }, {
      "id" : "dw5Twn6GAqACBBqX",
      "type" : "RelationView",
      "modelElement" : {
        "id" : "lw5Twn6GAqACBBqS",
        "type" : "Relation"
      },
      "shape" : {
        "id" : "dw5Twn6GAqACBBqX_path",
        "type" : "Path",
        "points" : [ {
          "x" : 1207,
          "y" : 301
        }, {
          "x" : 1645,
          "y" : 301
        }, {
          "x" : 1645,
          "y" : 548
        } ]
      },
      "source" : {
        "id" : "FdD.wn6GAqACBBfm",
        "type" : "ClassView"
      },
      "target" : {
        "id" : "FKNhwn6GAqACBBiU",
        "type" : "ClassView"
      }
    }, {
      "id" : "VULoIn6GAqACBByJ",
      "type" : "RelationView",
      "modelElement" : {
        "id" : "xULoIn6GAqACBByE",
        "type" : "Relation"
      },
      "shape" : {
        "id" : "VULoIn6GAqACBByJ_path",
        "type" : "Path",
        "points" : [ {
          "x" : 817,
          "y" : 958
        }, {
          "x" : 715,
          "y" : 958
        }, {
          "x" : 715,
          "y" : 1028
        }, {
          "x" : 587,
          "y" : 1028
        } ]
      },
      "source" : {
        "id" : "PbfRwn6GAqACBBlL",
        "type" : "ClassView"
      },
      "target" : {
        "id" : "1oobwn6GAqACBBwP",
        "type" : "ClassView"
      }
    }, {
      "id" : "pQEYIn6GAqACBBzn",
      "type" : "RelationView",
      "modelElement" : {
        "id" : "eQEYIn6GAqACBBzi",
        "type" : "Relation"
      },
      "shape" : {
        "id" : "pQEYIn6GAqACBBzn_path",
        "type" : "Path",
        "points" : [ {
          "x" : 1316,
          "y" : 964
        }, {
          "x" : 968,
          "y" : 964
        } ]
      },
      "source" : {
        "id" : "EgjRwn6GAqACBBkp",
        "type" : "ClassView"
      },
      "target" : {
        "id" : "PbfRwn6GAqACBBlL",
        "type" : "ClassView"
      }
    }, {
      "id" : "iRW.wn6GAqACBBe3",
      "type" : "ClassView",
      "modelElement" : {
        "id" : "yRW.wn6GAqACBBe4",
        "type" : "Class"
      },
      "shape" : {
        "id" : "iRW.wn6GAqACBBe3_shape",
        "type" : "Rectangle",
        "x" : 451,
        "y" : 94,
        "width" : 150,
        "height" : 75
      }
    }, {
      "id" : "x02cIn6GAqACBCAk",
      "type" : "RelationView",
      "modelElement" : {
        "id" : "e02cIn6GAqACBCAf",
        "type" : "Relation"
      },
      "shape" : {
        "id" : "x02cIn6GAqACBCAk_path",
        "type" : "Path",
        "points" : [ {
          "x" : 965,
          "y" : 1088
        }, {
          "x" : 1927,
          "y" : 1088
        }, {
          "x" : 1928,
          "y" : 561
        }, {
          "x" : 1700,
          "y" : 561
        } ]
      },
      "source" : {
        "id" : "1o4xwn6GAqACBBlc",
        "type" : "ClassView"
      },
      "target" : {
        "id" : "FKNhwn6GAqACBBiU",
        "type" : "ClassView"
      }
    }, {
      "id" : "cFK0In6GAqACBB7K",
      "type" : "RelationView",
      "modelElement" : {
        "id" : "EFK0In6GAqACBB7F",
        "type" : "Relation"
      },
      "shape" : {
        "id" : "cFK0In6GAqACBB7K_path",
        "type" : "Path",
        "points" : [ {
          "x" : 552,
          "y" : 94
        }, {
          "x" : 552,
          "y" : 38
        }, {
          "x" : 1688,
          "y" : 38
        }, {
          "x" : 1688,
          "y" : 548
        } ]
      },
      "source" : {
        "id" : "iRW.wn6GAqACBBe3",
        "type" : "ClassView"
      },
      "target" : {
        "id" : "FKNhwn6GAqACBBiU",
        "type" : "ClassView"
      }
    }, {
      "id" : "1oobwn6GAqACBBwP",
      "type" : "ClassView",
      "modelElement" : {
        "id" : "1oobwn6GAqACBBwQ",
        "type" : "Class"
      },
      "shape" : {
        "id" : "1oobwn6GAqACBBwP_shape",
        "type" : "Rectangle",
        "x" : 465,
        "y" : 1011,
        "width" : 121,
        "height" : 58
      }
    }, {
      "id" : "gvvTwn6GAqACBBry",
      "type" : "RelationView",
      "modelElement" : {
        "id" : "vPvTwn6GAqACBBrt",
        "type" : "Relation"
      },
      "shape" : {
        "id" : "gvvTwn6GAqACBBry_path",
        "type" : "Path",
        "points" : [ {
          "x" : 1278,
          "y" : 479
        }, {
          "x" : 1278,
          "y" : 598
        } ]
      },
      "source" : {
        "id" : "wiQhwn6GAqACBBgW",
        "type" : "ClassView"
      },
      "target" : {
        "id" : "00hhwn6GAqACBBhu",
        "type" : "ClassView"
      }
    }, {
      "id" : "FdD.wn6GAqACBBfm",
      "type" : "ClassView",
      "modelElement" : {
        "id" : "FdD.wn6GAqACBBfn",
        "type" : "Class"
      },
      "shape" : {
        "id" : "FdD.wn6GAqACBBfm_shape",
        "type" : "Rectangle",
        "x" : 945,
        "y" : 271,
        "width" : 261,
        "height" : 57
      }
    }, {
      "id" : "ppbhwn6GAqACBBjG",
      "type" : "ClassView",
      "modelElement" : {
        "id" : "ppbhwn6GAqACBBjH",
        "type" : "Class"
      },
      "shape" : {
        "id" : "ppbhwn6GAqACBBjG_shape",
        "type" : "Rectangle",
        "x" : 97,
        "y" : 600,
        "width" : 200,
        "height" : 40
      }
    }, {
      "id" : "zFARwn6GAqACBBje",
      "type" : "ClassView",
      "modelElement" : {
        "id" : "zFARwn6GAqACBBjf",
        "type" : "Class"
      },
      "shape" : {
        "id" : "zFARwn6GAqACBBje_shape",
        "type" : "Rectangle",
        "x" : 188,
        "y" : 428,
        "width" : 80,
        "height" : 40
      }
    }, {
      "id" : "NNz0In6GAqACBB8o",
      "type" : "RelationView",
      "modelElement" : {
        "id" : "5Nz0In6GAqACBB8j",
        "type" : "Relation"
      },
      "shape" : {
        "id" : "NNz0In6GAqACBB8o_path",
        "type" : "Path",
        "points" : [ {
          "x" : 601,
          "y" : 118
        }, {
          "x" : 955,
          "y" : 118
        } ]
      },
      "source" : {
        "id" : "iRW.wn6GAqACBBe3",
        "type" : "ClassView"
      },
      "target" : {
        "id" : "LVB.wn6GAqACBBfJ",
        "type" : "ClassView"
      }
    } ]
  } ]
}