{
  "id" : "R4Byfy6GAqACHQWJ",
  "name" : "OntoUML_Model_Repository",
  "description" : null,
  "type" : "Project",
  "model" : {
    "id" : "R4Byfy6GAqACHQWJ_root",
    "name" : "OntoUML_Model_Repository",
    "description" : null,
    "type" : "Package",
    "propertyAssignments" : null,
    "contents" : [ {
      "id" : "Rp5yfy6GAqACHQ6z",
      "name" : "SC_ITInfrastructure",
      "description" : "Sergio Costa",
      "type" : "Package",
      "propertyAssignments" : null,
      "contents" : [ {
        "id" : "WTFyfy6GAqACHRE4",
        "name" : "SC_ITInfrastructure_English",
        "description" : null,
        "type" : "Package",
        "propertyAssignments" : null,
        "contents" : [ {
          "id" : "2TFyfy6GAqACHRE5",
          "name" : "Channel",
          "description" : null,
          "type" : "Class",
          "propertyAssignments" : null,
          "stereotype" : "kind",
          "isAbstract" : false,
          "isDerived" : false,
          "properties" : null,
          "isExtensional" : null,
          "isPowertype" : null,
          "order" : null,
          "literals" : null,
          "restrictedTo" : [ "functional-complex" ]
        }, {
          "id" : "uTFyfy6GAqACHRE6",
          "name" : "LAN",
          "description" : null,
          "type" : "Class",
          "propertyAssignments" : null,
          "stereotype" : "subkind",
          "isAbstract" : false,
          "isDerived" : false,
          "properties" : null,
          "isExtensional" : false,
          "isPowertype" : null,
          "order" : null,
          "literals" : null,
          "restrictedTo" : [ "functional-complex" ]
        }, {
          "id" : "NTFyfy6GAqACHRE7",
          "name" : "MAN",
          "description" : null,
          "type" : "Class",
          "propertyAssignments" : null,
          "stereotype" : "subkind",
          "isAbstract" : false,
          "isDerived" : false,
          "properties" : null,
          "isExtensional" : false,
          "isPowertype" : null,
          "order" : null,
          "literals" : null,
          "restrictedTo" : [ "functional-complex" ]
        }, {
          "id" : "tTFyfy6GAqACHRE8",
          "name" : "WAN",
          "description" : null,
          "type" : "Class",
          "propertyAssignments" : null,
          "stereotype" : "subkind",
          "isAbstract" : false,
          "isDerived" : false,
          "properties" : null,
          "isExtensional" : false,
          "isPowertype" : null,
          "order" : null,
          "literals" : null,
          "restrictedTo" : [ "functional-complex" ]
        }, {
          "id" : "7TFyfy6GAqACHRE9",
          "name" : "Data Center",
          "description" : null,
          "type" : "Class",
          "propertyAssignments" : null,
          "stereotype" : "kind",
          "isAbstract" : false,
          "isDerived" : false,
          "properties" : null,
          "isExtensional" : null,
          "isPowertype" : null,
          "order" : null,
          "literals" : null,
          "restrictedTo" : [ "functional-complex" ]
        }, {
          "id" : "HTFyfy6GAqACHRE.",
          "name" : "Switch-core",
          "description" : null,
          "type" : "Class",
          "propertyAssignments" : null,
          "stereotype" : "kind",
          "isAbstract" : false,
          "isDerived" : false,
          "properties" : null,
          "isExtensional" : null,
          "isPowertype" : null,
          "order" : null,
          "literals" : null,
          "restrictedTo" : [ "functional-complex" ]
        }, {
          "id" : "XTFyfy6GAqACHRE_",
          "name" : "Server",
          "description" : null,
          "type" : "Class",
          "propertyAssignments" : null,
          "stereotype" : "kind",
          "isAbstract" : false,
          "isDerived" : false,
          "properties" : null,
          "isExtensional" : null,
          "isPowertype" : null,
          "order" : null,
          "literals" : null,
          "restrictedTo" : [ "functional-complex" ]
        }, {
          "id" : "3TFyfy6GAqACHRFA",
          "name" : "Communication Module",
          "description" : null,
          "type" : "Class",
          "propertyAssignments" : null,
          "stereotype" : "kind",
          "isAbstract" : false,
          "isDerived" : false,
          "properties" : null,
          "isExtensional" : null,
          "isPowertype" : null,
          "order" : null,
          "literals" : null,
          "restrictedTo" : [ "functional-complex" ]
        }, {
          "id" : "PTFyfy6GAqACHRFB",
          "name" : "Functional Module",
          "description" : null,
          "type" : "Class",
          "propertyAssignments" : null,
          "stereotype" : "phase",
          "isAbstract" : false,
          "isDerived" : false,
          "properties" : null,
          "isExtensional" : false,
          "isPowertype" : null,
          "order" : null,
          "literals" : null,
          "restrictedTo" : [ "functional-complex" ]
        }, {
          "id" : "_TFyfy6GAqACHRFC",
          "name" : "Defective Module",
          "description" : null,
          "type" : "Class",
          "propertyAssignments" : null,
          "stereotype" : "phase",
          "isAbstract" : false,
          "isDerived" : false,
          "properties" : null,
          "isExtensional" : false,
          "isPowertype" : null,
          "order" : null,
          "literals" : null,
          "restrictedTo" : [ "functional-complex" ]
        }, {
          "id" : "gzFyfy6GAqACHRFD",
          "name" : "Communication Port",
          "description" : null,
          "type" : "Class",
          "propertyAssignments" : null,
          "stereotype" : "kind",
          "isAbstract" : false,
          "isDerived" : false,
          "properties" : null,
          "isExtensional" : null,
          "isPowertype" : null,
          "order" : null,
          "literals" : null,
          "restrictedTo" : [ "functional-complex" ]
        }, {
          "id" : "ozFyfy6GAqACHRFE",
          "name" : "1 Gbps Port",
          "description" : null,
          "type" : "Class",
          "propertyAssignments" : null,
          "stereotype" : "subkind",
          "isAbstract" : false,
          "isDerived" : false,
          "properties" : null,
          "isExtensional" : false,
          "isPowertype" : null,
          "order" : null,
          "literals" : null,
          "restrictedTo" : [ "functional-complex" ]
        }, {
          "id" : "yzFyfy6GAqACHRFF",
          "name" : "10 Gbps Port",
          "description" : null,
          "type" : "Class",
          "propertyAssignments" : null,
          "stereotype" : "subkind",
          "isAbstract" : false,
          "isDerived" : false,
          "properties" : null,
          "isExtensional" : false,
          "isPowertype" : null,
          "order" : null,
          "literals" : null,
          "restrictedTo" : [ "functional-complex" ]
        }, {
          "id" : "KzFyfy6GAqACHRFG",
          "name" : "IT Service",
          "description" : null,
          "type" : "Class",
          "propertyAssignments" : null,
          "stereotype" : "kind",
          "isAbstract" : false,
          "isDerived" : false,
          "properties" : null,
          "isExtensional" : null,
          "isPowertype" : null,
          "order" : null,
          "literals" : null,
          "restrictedTo" : [ "functional-complex" ]
        }, {
          "id" : "qzFyfy6GAqACHRFH",
          "name" : "DBMS",
          "description" : null,
          "type" : "Class",
          "propertyAssignments" : null,
          "stereotype" : "subkind",
          "isAbstract" : false,
          "isDerived" : false,
          "properties" : null,
          "isExtensional" : false,
          "isPowertype" : null,
          "order" : null,
          "literals" : null,
          "restrictedTo" : [ "functional-complex" ]
        }, {
          "id" : "azFyfy6GAqACHRFI",
          "name" : "Email",
          "description" : null,
          "type" : "Class",
          "propertyAssignments" : null,
          "stereotype" : "subkind",
          "isAbstract" : false,
          "isDerived" : false,
          "properties" : null,
          "isExtensional" : false,
          "isPowertype" : null,
          "order" : null,
          "literals" : null,
          "restrictedTo" : [ "functional-complex" ]
        }, {
          "id" : "GzFyfy6GAqACHRFJ",
          "name" : "Application System",
          "description" : null,
          "type" : "Class",
          "propertyAssignments" : null,
          "stereotype" : "subkind",
          "isAbstract" : false,
          "isDerived" : false,
          "properties" : null,
          "isExtensional" : false,
          "isPowertype" : null,
          "order" : null,
          "literals" : null,
          "restrictedTo" : [ "functional-complex" ]
        }, {
          "id" : "mzFyfy6GAqACHRFK",
          "name" : "Database",
          "description" : null,
          "type" : "Class",
          "propertyAssignments" : null,
          "stereotype" : "kind",
          "isAbstract" : false,
          "isDerived" : false,
          "properties" : null,
          "isExtensional" : null,
          "isPowertype" : null,
          "order" : null,
          "literals" : null,
          "restrictedTo" : [ "functional-complex" ]
        }, {
          "id" : "mzFyfy6GAqACHRFL",
          "name" : "Database File",
          "description" : null,
          "type" : "Class",
          "propertyAssignments" : null,
          "stereotype" : "role",
          "isAbstract" : false,
          "isDerived" : false,
          "properties" : null,
          "isExtensional" : false,
          "isPowertype" : null,
          "order" : null,
          "literals" : null,
          "restrictedTo" : [ "functional-complex" ]
        }, {
          "id" : "WzFyfy6GAqACHRFM",
          "name" : "Executable File",
          "description" : null,
          "type" : "Class",
          "propertyAssignments" : null,
          "stereotype" : "role",
          "isAbstract" : false,
          "isDerived" : false,
          "properties" : null,
          "isExtensional" : false,
          "isPowertype" : null,
          "order" : null,
          "literals" : null,
          "restrictedTo" : [ "functional-complex" ]
        }, {
          "id" : "2zFyfy6GAqACHRFN",
          "name" : "Conventional File",
          "description" : null,
          "type" : "Class",
          "propertyAssignments" : null,
          "stereotype" : "role",
          "isAbstract" : false,
          "isDerived" : false,
          "properties" : null,
          "isExtensional" : false,
          "isPowertype" : null,
          "order" : null,
          "literals" : null,
          "restrictedTo" : [ "functional-complex" ]
        }, {
          "id" : "OzFyfy6GAqACHRFO",
          "name" : "File in Disk",
          "description" : null,
          "type" : "Class",
          "propertyAssignments" : null,
          "stereotype" : "kind",
          "isAbstract" : false,
          "isDerived" : false,
          "properties" : null,
          "isExtensional" : null,
          "isPowertype" : null,
          "order" : null,
          "literals" : null,
          "restrictedTo" : [ "functional-complex" ]
        }, {
          "id" : "OzFyfy6GAqACHRFP",
          "name" : "Mailbox",
          "description" : null,
          "type" : "Class",
          "propertyAssignments" : null,
          "stereotype" : "kind",
          "isAbstract" : false,
          "isDerived" : false,
          "properties" : null,
          "isExtensional" : null,
          "isPowertype" : null,
          "order" : null,
          "literals" : null,
          "restrictedTo" : [ "functional-complex" ]
        }, {
          "id" : "uzFyfy6GAqACHRFQ",
          "name" : "Storage",
          "description" : null,
          "type" : "Class",
          "propertyAssignments" : null,
          "stereotype" : "kind",
          "isAbstract" : false,
          "isDerived" : false,
          "properties" : null,
          "isExtensional" : null,
          "isPowertype" : null,
          "order" : null,
          "literals" : null,
          "restrictedTo" : [ "functional-complex" ]
        }, {
          "id" : "ezFyfy6GAqACHRFR",
          "name" : "Disk",
          "description" : null,
          "type" : "Class",
          "propertyAssignments" : null,
          "stereotype" : "kind",
          "isAbstract" : false,
          "isDerived" : false,
          "properties" : null,
          "isExtensional" : null,
          "isPowertype" : null,
          "order" : null,
          "literals" : null,
          "restrictedTo" : [ "functional-complex" ]
        }, {
          "id" : ".zFyfy6GAqACHRFS",
          "name" : "Functional Disk",
          "description" : null,
          "type" : "Class",
          "propertyAssignments" : null,
          "stereotype" : "phase",
          "isAbstract" : false,
          "isDerived" : false,
          "properties" : null,
          "isExtensional" : false,
          "isPowertype" : null,
          "order" : null,
          "literals" : null,
          "restrictedTo" : [ "functional-complex" ]
        }, {
          "id" : ".zFyfy6GAqACHRFT",
          "name" : "Defective Disk",
          "description" : null,
          "type" : "Class",
          "propertyAssignments" : null,
          "stereotype" : "phase",
          "isAbstract" : false,
          "isDerived" : false,
          "properties" : null,
          "isExtensional" : false,
          "isPowertype" : null,
          "order" : null,
          "literals" : null,
          "restrictedTo" : [ "functional-complex" ]
        }, {
          "id" : "BzFyfy6GAqACHRFU",
          "name" : "IT Team",
          "description" : null,
          "type" : "Class",
          "propertyAssignments" : null,
          "stereotype" : "collective",
          "isAbstract" : false,
          "isDerived" : false,
          "properties" : null,
          "isExtensional" : false,
          "isPowertype" : null,
          "order" : null,
          "literals" : null,
          "restrictedTo" : [ "collective" ]
        }, {
          "id" : "hzFyfy6GAqACHRFV",
          "name" : "Technician",
          "description" : null,
          "type" : "Class",
          "propertyAssignments" : null,
          "stereotype" : "role",
          "isAbstract" : false,
          "isDerived" : false,
          "properties" : null,
          "isExtensional" : false,
          "isPowertype" : null,
          "order" : null,
          "literals" : null,
          "restrictedTo" : [ "functional-complex" ]
        }, {
          "id" : "RzFyfy6GAqACHRFW",
          "name" : "Manager",
          "description" : null,
          "type" : "Class",
          "propertyAssignments" : null,
          "stereotype" : "role",
          "isAbstract" : false,
          "isDerived" : false,
          "properties" : null,
          "isExtensional" : false,
          "isPowertype" : null,
          "order" : null,
          "literals" : null,
          "restrictedTo" : [ "functional-complex" ]
        }, {
          "id" : "JzFyfy6GAqACHRFX",
          "name" : "Person",
          "description" : null,
          "type" : "Class",
          "propertyAssignments" : null,
          "stereotype" : "kind",
          "isAbstract" : false,
          "isDerived" : false,
          "properties" : null,
          "isExtensional" : null,
          "isPowertype" : null,
          "order" : null,
          "literals" : null,
          "restrictedTo" : [ "functional-complex" ]
        }, {
          "id" : "X3tyfy6GAqACHSyT",
          "name" : null,
          "description" : null,
          "type" : "Generalization",
          "propertyAssignments" : null,
          "general" : {
            "id" : "JzFyfy6GAqACHRFX",
            "type" : "Class"
          },
          "specific" : {
            "id" : "RzFyfy6GAqACHRFW",
            "type" : "Class"
          }
        }, {
          "id" : "33tyfy6GAqACHSyU",
          "name" : null,
          "description" : null,
          "type" : "Generalization",
          "propertyAssignments" : null,
          "general" : {
            "id" : "JzFyfy6GAqACHRFX",
            "type" : "Class"
          },
          "specific" : {
            "id" : "hzFyfy6GAqACHRFV",
            "type" : "Class"
          }
        }, {
          "id" : "KPtyfy6GAqACHSyf",
          "name" : "",
          "description" : null,
          "type" : "Generalization",
          "propertyAssignments" : null,
          "general" : {
            "id" : "ezFyfy6GAqACHRFR",
            "type" : "Class"
          },
          "specific" : {
            "id" : ".zFyfy6GAqACHRFT",
            "type" : "Class"
          }
        }, {
          "id" : "aPtyfy6GAqACHSyg",
          "name" : null,
          "description" : null,
          "type" : "Generalization",
          "propertyAssignments" : null,
          "general" : {
            "id" : "ezFyfy6GAqACHRFR",
            "type" : "Class"
          },
          "specific" : {
            "id" : ".zFyfy6GAqACHRFS",
            "type" : "Class"
          }
        }, {
          "id" : "VPtyfy6GAqACHSyr",
          "name" : "",
          "description" : null,
          "type" : "Generalization",
          "propertyAssignments" : null,
          "general" : {
            "id" : "OzFyfy6GAqACHRFO",
            "type" : "Class"
          },
          "specific" : {
            "id" : "2zFyfy6GAqACHRFN",
            "type" : "Class"
          }
        }, {
          "id" : "NPtyfy6GAqACHSys",
          "name" : null,
          "description" : null,
          "type" : "Generalization",
          "propertyAssignments" : null,
          "general" : {
            "id" : "OzFyfy6GAqACHRFO",
            "type" : "Class"
          },
          "specific" : {
            "id" : "WzFyfy6GAqACHRFM",
            "type" : "Class"
          }
        }, {
          "id" : "tPtyfy6GAqACHSyt",
          "name" : null,
          "description" : null,
          "type" : "Generalization",
          "propertyAssignments" : null,
          "general" : {
            "id" : "OzFyfy6GAqACHRFO",
            "type" : "Class"
          },
          "specific" : {
            "id" : "mzFyfy6GAqACHRFL",
            "type" : "Class"
          }
        }, {
          "id" : "vvtyfy6GAqACHSy9",
          "name" : null,
          "description" : null,
          "type" : "Generalization",
          "propertyAssignments" : null,
          "general" : {
            "id" : "KzFyfy6GAqACHRFG",
            "type" : "Class"
          },
          "specific" : {
            "id" : "GzFyfy6GAqACHRFJ",
            "type" : "Class"
          }
        }, {
          "id" : "gftyfy6GAqACHSy.",
          "name" : null,
          "description" : null,
          "type" : "Generalization",
          "propertyAssignments" : null,
          "general" : {
            "id" : "KzFyfy6GAqACHRFG",
            "type" : "Class"
          },
          "specific" : {
            "id" : "azFyfy6GAqACHRFI",
            "type" : "Class"
          }
        }, {
          "id" : "Qftyfy6GAqACHSy_",
          "name" : "",
          "description" : null,
          "type" : "Generalization",
          "propertyAssignments" : null,
          "general" : {
            "id" : "KzFyfy6GAqACHRFG",
            "type" : "Class"
          },
          "specific" : {
            "id" : "qzFyfy6GAqACHRFH",
            "type" : "Class"
          }
        }, {
          "id" : "Qftyfy6GAqACHSzA",
          "name" : "",
          "description" : null,
          "type" : "Generalization",
          "propertyAssignments" : null,
          "general" : {
            "id" : "gzFyfy6GAqACHRFD",
            "type" : "Class"
          },
          "specific" : {
            "id" : "yzFyfy6GAqACHRFF",
            "type" : "Class"
          }
        }, {
          "id" : "Eftyfy6GAqACHSzB",
          "name" : null,
          "description" : null,
          "type" : "Generalization",
          "propertyAssignments" : null,
          "general" : {
            "id" : "gzFyfy6GAqACHRFD",
            "type" : "Class"
          },
          "specific" : {
            "id" : "ozFyfy6GAqACHRFE",
            "type" : "Class"
          }
        }, {
          "id" : "5ftyfy6GAqACHSzH",
          "name" : "",
          "description" : null,
          "type" : "Generalization",
          "propertyAssignments" : null,
          "general" : {
            "id" : "3TFyfy6GAqACHRFA",
            "type" : "Class"
          },
          "specific" : {
            "id" : "PTFyfy6GAqACHRFB",
            "type" : "Class"
          }
        }, {
          "id" : "1ftyfy6GAqACHSzI",
          "name" : null,
          "description" : null,
          "type" : "Generalization",
          "propertyAssignments" : null,
          "general" : {
            "id" : "3TFyfy6GAqACHRFA",
            "type" : "Class"
          },
          "specific" : {
            "id" : "_TFyfy6GAqACHRFC",
            "type" : "Class"
          }
        }, {
          "id" : "oAdyfy6GAqACHSzn",
          "name" : null,
          "description" : null,
          "type" : "Generalization",
          "propertyAssignments" : null,
          "general" : {
            "id" : "2TFyfy6GAqACHRE5",
            "type" : "Class"
          },
          "specific" : {
            "id" : "NTFyfy6GAqACHRE7",
            "type" : "Class"
          }
        }, {
          "id" : "4Adyfy6GAqACHSzo",
          "name" : null,
          "description" : null,
          "type" : "Generalization",
          "propertyAssignments" : null,
          "general" : {
            "id" : "2TFyfy6GAqACHRE5",
            "type" : "Class"
          },
          "specific" : {
            "id" : "uTFyfy6GAqACHRE6",
            "type" : "Class"
          }
        }, {
          "id" : "yAdyfy6GAqACHSzu",
          "name" : "",
          "description" : null,
          "type" : "Generalization",
          "propertyAssignments" : null,
          "general" : {
            "id" : "2TFyfy6GAqACHRE5",
            "type" : "Class"
          },
          "specific" : {
            "id" : "tTFyfy6GAqACHRE8",
            "type" : "Class"
          }
        }, {
          "id" : "i91Eo6GGAqFkCwsR",
          "name" : "Set",
          "description" : null,
          "type" : "GeneralizationSet",
          "propertyAssignments" : null,
          "isDisjoint" : true,
          "isComplete" : true,
          "categorizer" : null,
          "generalizations" : [ {
            "id" : "oAdyfy6GAqACHSzn",
            "type" : "Generalization"
          }, {
            "id" : "4Adyfy6GAqACHSzo",
            "type" : "Generalization"
          }, {
            "id" : "yAdyfy6GAqACHSzu",
            "type" : "Generalization"
          } ]
        }, {
          "id" : "UHjEo6GGAqFkCwsf",
          "name" : "Set2",
          "description" : null,
          "type" : "GeneralizationSet",
          "propertyAssignments" : null,
          "isDisjoint" : true,
          "isComplete" : true,
          "categorizer" : null,
          "generalizations" : [ {
            "id" : "5ftyfy6GAqACHSzH",
            "type" : "Generalization"
          }, {
            "id" : "1ftyfy6GAqACHSzI",
            "type" : "Generalization"
          } ]
        }, {
          "id" : "GFrEo6GGAqFkCwsn",
          "name" : "Set3",
          "description" : null,
          "type" : "GeneralizationSet",
          "propertyAssignments" : null,
          "isDisjoint" : true,
          "isComplete" : false,
          "categorizer" : null,
          "generalizations" : [ {
            "id" : "Qftyfy6GAqACHSzA",
            "type" : "Generalization"
          }, {
            "id" : "Eftyfy6GAqACHSzB",
            "type" : "Generalization"
          } ]
        }, {
          "id" : "TgXEo6GGAqFkCwsx",
          "name" : "Set4",
          "description" : null,
          "type" : "GeneralizationSet",
          "propertyAssignments" : null,
          "isDisjoint" : true,
          "isComplete" : false,
          "categorizer" : null,
          "generalizations" : [ {
            "id" : "Qftyfy6GAqACHSy_",
            "type" : "Generalization"
          }, {
            "id" : "vvtyfy6GAqACHSy9",
            "type" : "Generalization"
          }, {
            "id" : "gftyfy6GAqACHSy.",
            "type" : "Generalization"
          } ]
        }, {
          "id" : "eMfEo6GGAqFkCws5",
          "name" : "Set5",
          "description" : null,
          "type" : "GeneralizationSet",
          "propertyAssignments" : null,
          "isDisjoint" : true,
          "isComplete" : false,
          "categorizer" : null,
          "generalizations" : [ {
            "id" : "NPtyfy6GAqACHSys",
            "type" : "Generalization"
          }, {
            "id" : "tPtyfy6GAqACHSyt",
            "type" : "Generalization"
          }, {
            "id" : "VPtyfy6GAqACHSyr",
            "type" : "Generalization"
          } ]
        }, {
          "id" : "fLh0o6GGAqFkCwtE",
          "name" : "Set6",
          "description" : null,
          "type" : "GeneralizationSet",
          "propertyAssignments" : null,
          "isDisjoint" : true,
          "isComplete" : true,
          "categorizer" : null,
          "generalizations" : [ {
            "id" : "KPtyfy6GAqACHSyf",
            "type" : "Generalization"
          }, {
            "id" : "aPtyfy6GAqACHSyg",
            "type" : "Generalization"
          } ]
        }, {
          "id" : "P3tyfy6GAqACHSyV",
          "name" : null,
          "description" : null,
          "type" : "Relation",
          "propertyAssignments" : null,
          "stereotype" : "memberOf",
          "isAbstract" : false,
          "isDerived" : false,
          "properties" : [ {
            "id" : "P3tyfy6GAqACHSyW",
            "name" : null,
            "description" : null,
            "type" : "Property",
            "propertyAssignments" : null,
            "stereotype" : null,
            "isDerived" : false,
            "isReadOnly" : false,
            "isOrdered" : false,
            "cardinality" : "1..*",
            "propertyType" : {
              "id" : "hzFyfy6GAqACHRFV",
              "type" : "Class"
            },
            "subsettedProperties" : null,
            "redefinedProperties" : null,
            "aggregationKind" : "NONE"
          }, {
            "id" : "P3tyfy6GAqACHSyY",
            "name" : null,
            "description" : null,
            "type" : "Property",
            "propertyAssignments" : null,
            "stereotype" : null,
            "isDerived" : false,
            "isReadOnly" : false,
            "isOrdered" : false,
            "cardinality" : "1",
            "propertyType" : {
              "id" : "BzFyfy6GAqACHRFU",
              "type" : "Class"
            },
            "subsettedProperties" : null,
            "redefinedProperties" : null,
            "aggregationKind" : "COMPOSITE"
          } ]
        }, {
          "id" : "sPtyfy6GAqACHSya",
          "name" : null,
          "description" : null,
          "type" : "Relation",
          "propertyAssignments" : null,
          "stereotype" : "memberOf",
          "isAbstract" : false,
          "isDerived" : false,
          "properties" : [ {
            "id" : "cPtyfy6GAqACHSyb",
            "name" : null,
            "description" : null,
            "type" : "Property",
            "propertyAssignments" : null,
            "stereotype" : null,
            "isDerived" : false,
            "isReadOnly" : false,
            "isOrdered" : false,
            "cardinality" : "1",
            "propertyType" : {
              "id" : "RzFyfy6GAqACHRFW",
              "type" : "Class"
            },
            "subsettedProperties" : null,
            "redefinedProperties" : null,
            "aggregationKind" : "NONE"
          }, {
            "id" : "cPtyfy6GAqACHSyd",
            "name" : null,
            "description" : null,
            "type" : "Property",
            "propertyAssignments" : null,
            "stereotype" : null,
            "isDerived" : false,
            "isReadOnly" : false,
            "isOrdered" : false,
            "cardinality" : "1",
            "propertyType" : {
              "id" : "BzFyfy6GAqACHRFU",
              "type" : "Class"
            },
            "subsettedProperties" : null,
            "redefinedProperties" : null,
            "aggregationKind" : "COMPOSITE"
          } ]
        }, {
          "id" : "6Ptyfy6GAqACHSyh",
          "name" : null,
          "description" : null,
          "type" : "Relation",
          "propertyAssignments" : null,
          "stereotype" : "componentOf",
          "isAbstract" : false,
          "isDerived" : false,
          "properties" : [ {
            "id" : "6Ptyfy6GAqACHSyi",
            "name" : null,
            "description" : null,
            "type" : "Property",
            "propertyAssignments" : null,
            "stereotype" : null,
            "isDerived" : false,
            "isReadOnly" : false,
            "isOrdered" : false,
            "cardinality" : "1..*",
            "propertyType" : {
              "id" : "ezFyfy6GAqACHRFR",
              "type" : "Class"
            },
            "subsettedProperties" : null,
            "redefinedProperties" : null,
            "aggregationKind" : "NONE"
          }, {
            "id" : "6Ptyfy6GAqACHSyk",
            "name" : null,
            "description" : null,
            "type" : "Property",
            "propertyAssignments" : null,
            "stereotype" : null,
            "isDerived" : false,
            "isReadOnly" : false,
            "isOrdered" : false,
            "cardinality" : "1",
            "propertyType" : {
              "id" : "uzFyfy6GAqACHRFQ",
              "type" : "Class"
            },
            "subsettedProperties" : null,
            "redefinedProperties" : null,
            "aggregationKind" : "COMPOSITE"
          } ]
        }, {
          "id" : "ePtyfy6GAqACHSym",
          "name" : null,
          "description" : null,
          "type" : "Relation",
          "propertyAssignments" : null,
          "stereotype" : "componentOf",
          "isAbstract" : false,
          "isDerived" : false,
          "properties" : [ {
            "id" : "ePtyfy6GAqACHSyn",
            "name" : null,
            "description" : null,
            "type" : "Property",
            "propertyAssignments" : null,
            "stereotype" : null,
            "isDerived" : false,
            "isReadOnly" : false,
            "isOrdered" : false,
            "cardinality" : "*",
            "propertyType" : {
              "id" : "OzFyfy6GAqACHRFO",
              "type" : "Class"
            },
            "subsettedProperties" : null,
            "redefinedProperties" : null,
            "aggregationKind" : "NONE"
          }, {
            "id" : "ePtyfy6GAqACHSyp",
            "name" : null,
            "description" : null,
            "type" : "Property",
            "propertyAssignments" : null,
            "stereotype" : null,
            "isDerived" : false,
            "isReadOnly" : false,
            "isOrdered" : false,
            "cardinality" : "*",
            "propertyType" : {
              "id" : "ezFyfy6GAqACHRFR",
              "type" : "Class"
            },
            "subsettedProperties" : null,
            "redefinedProperties" : null,
            "aggregationKind" : "COMPOSITE"
          } ]
        }, {
          "id" : "9Ptyfy6GAqACHSyu",
          "name" : null,
          "description" : null,
          "type" : "Relation",
          "propertyAssignments" : null,
          "stereotype" : "componentOf",
          "isAbstract" : false,
          "isDerived" : false,
          "properties" : [ {
            "id" : "9Ptyfy6GAqACHSyv",
            "name" : null,
            "description" : null,
            "type" : "Property",
            "propertyAssignments" : null,
            "stereotype" : null,
            "isDerived" : false,
            "isReadOnly" : false,
            "isOrdered" : false,
            "cardinality" : "1..*",
            "propertyType" : {
              "id" : "mzFyfy6GAqACHRFL",
              "type" : "Class"
            },
            "subsettedProperties" : null,
            "redefinedProperties" : null,
            "aggregationKind" : "NONE"
          }, {
            "id" : "9Ptyfy6GAqACHSyx",
            "name" : null,
            "description" : null,
            "type" : "Property",
            "propertyAssignments" : null,
            "stereotype" : null,
            "isDerived" : false,
            "isReadOnly" : false,
            "isOrdered" : false,
            "cardinality" : "1",
            "propertyType" : {
              "id" : "mzFyfy6GAqACHRFK",
              "type" : "Class"
            },
            "subsettedProperties" : null,
            "redefinedProperties" : null,
            "aggregationKind" : "COMPOSITE"
          } ]
        }, {
          "id" : "7Ptyfy6GAqACHSyz",
          "name" : null,
          "description" : null,
          "type" : "Relation",
          "propertyAssignments" : null,
          "stereotype" : "componentOf",
          "isAbstract" : false,
          "isDerived" : false,
          "properties" : [ {
            "id" : "7Ptyfy6GAqACHSy0",
            "name" : null,
            "description" : null,
            "type" : "Property",
            "propertyAssignments" : null,
            "stereotype" : null,
            "isDerived" : false,
            "isReadOnly" : false,
            "isOrdered" : false,
            "cardinality" : "1..*",
            "propertyType" : {
              "id" : "OzFyfy6GAqACHRFP",
              "type" : "Class"
            },
            "subsettedProperties" : null,
            "redefinedProperties" : null,
            "aggregationKind" : "NONE"
          }, {
            "id" : "7Ptyfy6GAqACHSy2",
            "name" : null,
            "description" : null,
            "type" : "Property",
            "propertyAssignments" : null,
            "stereotype" : null,
            "isDerived" : false,
            "isReadOnly" : false,
            "isOrdered" : false,
            "cardinality" : "1",
            "propertyType" : {
              "id" : "azFyfy6GAqACHRFI",
              "type" : "Class"
            },
            "subsettedProperties" : null,
            "redefinedProperties" : null,
            "aggregationKind" : "COMPOSITE"
          } ]
        }, {
          "id" : "Rvtyfy6GAqACHSy4",
          "name" : null,
          "description" : null,
          "type" : "Relation",
          "propertyAssignments" : null,
          "stereotype" : "componentOf",
          "isAbstract" : false,
          "isDerived" : false,
          "properties" : [ {
            "id" : "Rvtyfy6GAqACHSy5",
            "name" : null,
            "description" : null,
            "type" : "Property",
            "propertyAssignments" : null,
            "stereotype" : null,
            "isDerived" : false,
            "isReadOnly" : false,
            "isOrdered" : false,
            "cardinality" : "1..*",
            "propertyType" : {
              "id" : "mzFyfy6GAqACHRFK",
              "type" : "Class"
            },
            "subsettedProperties" : null,
            "redefinedProperties" : null,
            "aggregationKind" : "NONE"
          }, {
            "id" : "Rvtyfy6GAqACHSy7",
            "name" : null,
            "description" : null,
            "type" : "Property",
            "propertyAssignments" : null,
            "stereotype" : null,
            "isDerived" : false,
            "isReadOnly" : false,
            "isOrdered" : false,
            "cardinality" : "1",
            "propertyType" : {
              "id" : "qzFyfy6GAqACHRFH",
              "type" : "Class"
            },
            "subsettedProperties" : null,
            "redefinedProperties" : null,
            "aggregationKind" : "COMPOSITE"
          } ]
        }, {
          "id" : "Uftyfy6GAqACHSzC",
          "name" : null,
          "description" : null,
          "type" : "Relation",
          "propertyAssignments" : null,
          "stereotype" : "componentOf",
          "isAbstract" : false,
          "isDerived" : false,
          "properties" : [ {
            "id" : "0ftyfy6GAqACHSzD",
            "name" : null,
            "description" : null,
            "type" : "Property",
            "propertyAssignments" : null,
            "stereotype" : null,
            "isDerived" : false,
            "isReadOnly" : false,
            "isOrdered" : false,
            "cardinality" : "1..*",
            "propertyType" : {
              "id" : "gzFyfy6GAqACHRFD",
              "type" : "Class"
            },
            "subsettedProperties" : null,
            "redefinedProperties" : null,
            "aggregationKind" : "NONE"
          }, {
            "id" : "0ftyfy6GAqACHSzF",
            "name" : null,
            "description" : null,
            "type" : "Property",
            "propertyAssignments" : null,
            "stereotype" : null,
            "isDerived" : false,
            "isReadOnly" : false,
            "isOrdered" : false,
            "cardinality" : "1",
            "propertyType" : {
              "id" : "3TFyfy6GAqACHRFA",
              "type" : "Class"
            },
            "subsettedProperties" : null,
            "redefinedProperties" : null,
            "aggregationKind" : "COMPOSITE"
          } ]
        }, {
          "id" : "tftyfy6GAqACHSzJ",
          "name" : null,
          "description" : null,
          "type" : "Relation",
          "propertyAssignments" : null,
          "stereotype" : "componentOf",
          "isAbstract" : false,
          "isDerived" : false,
          "properties" : [ {
            "id" : "tftyfy6GAqACHSzK",
            "name" : null,
            "description" : null,
            "type" : "Property",
            "propertyAssignments" : null,
            "stereotype" : null,
            "isDerived" : false,
            "isReadOnly" : false,
            "isOrdered" : false,
            "cardinality" : "1..*",
            "propertyType" : {
              "id" : "XTFyfy6GAqACHRE_",
              "type" : "Class"
            },
            "subsettedProperties" : null,
            "redefinedProperties" : null,
            "aggregationKind" : "COMPOSITE"
          }, {
            "id" : "tftyfy6GAqACHSzM",
            "name" : null,
            "description" : null,
            "type" : "Property",
            "propertyAssignments" : null,
            "stereotype" : null,
            "isDerived" : false,
            "isReadOnly" : false,
            "isOrdered" : false,
            "cardinality" : "*",
            "propertyType" : {
              "id" : "KzFyfy6GAqACHRFG",
              "type" : "Class"
            },
            "subsettedProperties" : null,
            "redefinedProperties" : null,
            "aggregationKind" : "NONE"
          } ]
        }, {
          "id" : "Lftyfy6GAqACHSzO",
          "name" : null,
          "description" : null,
          "type" : "Relation",
          "propertyAssignments" : null,
          "stereotype" : "componentOf",
          "isAbstract" : false,
          "isDerived" : false,
          "properties" : [ {
            "id" : "Lftyfy6GAqACHSzP",
            "name" : null,
            "description" : null,
            "type" : "Property",
            "propertyAssignments" : null,
            "stereotype" : null,
            "isDerived" : false,
            "isReadOnly" : false,
            "isOrdered" : false,
            "cardinality" : "1..*",
            "propertyType" : {
              "id" : "3TFyfy6GAqACHRFA",
              "type" : "Class"
            },
            "subsettedProperties" : null,
            "redefinedProperties" : null,
            "aggregationKind" : "NONE"
          }, {
            "id" : "Lftyfy6GAqACHSzR",
            "name" : null,
            "description" : null,
            "type" : "Property",
            "propertyAssignments" : null,
            "stereotype" : null,
            "isDerived" : false,
            "isReadOnly" : false,
            "isOrdered" : false,
            "cardinality" : "1",
            "propertyType" : {
              "id" : "HTFyfy6GAqACHRE.",
              "type" : "Class"
            },
            "subsettedProperties" : null,
            "redefinedProperties" : null,
            "aggregationKind" : "COMPOSITE"
          } ]
        }, {
          "id" : "Xftyfy6GAqACHSzT",
          "name" : null,
          "description" : null,
          "type" : "Relation",
          "propertyAssignments" : null,
          "stereotype" : "Formal",
          "isAbstract" : false,
          "isDerived" : false,
          "properties" : [ {
            "id" : "Xftyfy6GAqACHSzU",
            "name" : null,
            "description" : null,
            "type" : "Property",
            "propertyAssignments" : null,
            "stereotype" : null,
            "isDerived" : false,
            "isReadOnly" : false,
            "isOrdered" : false,
            "cardinality" : "1..*",
            "propertyType" : {
              "id" : "BzFyfy6GAqACHRFU",
              "type" : "Class"
            },
            "subsettedProperties" : null,
            "redefinedProperties" : null,
            "aggregationKind" : "NONE"
          }, {
            "id" : "Xftyfy6GAqACHSzW",
            "name" : null,
            "description" : null,
            "type" : "Property",
            "propertyAssignments" : null,
            "stereotype" : null,
            "isDerived" : false,
            "isReadOnly" : false,
            "isOrdered" : false,
            "cardinality" : "1..*",
            "propertyType" : {
              "id" : "7TFyfy6GAqACHRE9",
              "type" : "Class"
            },
            "subsettedProperties" : null,
            "redefinedProperties" : null,
            "aggregationKind" : "NONE"
          } ]
        }, {
          "id" : "Q_tyfy6GAqACHSzY",
          "name" : null,
          "description" : null,
          "type" : "Relation",
          "propertyAssignments" : null,
          "stereotype" : "componentOf",
          "isAbstract" : false,
          "isDerived" : false,
          "properties" : [ {
            "id" : "Q_tyfy6GAqACHSzZ",
            "name" : null,
            "description" : null,
            "type" : "Property",
            "propertyAssignments" : null,
            "stereotype" : null,
            "isDerived" : false,
            "isReadOnly" : false,
            "isOrdered" : false,
            "cardinality" : "1..*",
            "propertyType" : {
              "id" : "uzFyfy6GAqACHRFQ",
              "type" : "Class"
            },
            "subsettedProperties" : null,
            "redefinedProperties" : null,
            "aggregationKind" : "NONE"
          }, {
            "id" : "Q_tyfy6GAqACHSzb",
            "name" : null,
            "description" : null,
            "type" : "Property",
            "propertyAssignments" : null,
            "stereotype" : null,
            "isDerived" : false,
            "isReadOnly" : false,
            "isOrdered" : false,
            "cardinality" : "1",
            "propertyType" : {
              "id" : "7TFyfy6GAqACHRE9",
              "type" : "Class"
            },
            "subsettedProperties" : null,
            "redefinedProperties" : null,
            "aggregationKind" : "COMPOSITE"
          } ]
        }, {
          "id" : "G_tyfy6GAqACHSzd",
          "name" : null,
          "description" : null,
          "type" : "Relation",
          "propertyAssignments" : null,
          "stereotype" : "componentOf",
          "isAbstract" : false,
          "isDerived" : false,
          "properties" : [ {
            "id" : "m_tyfy6GAqACHSze",
            "name" : null,
            "description" : null,
            "type" : "Property",
            "propertyAssignments" : null,
            "stereotype" : null,
            "isDerived" : false,
            "isReadOnly" : false,
            "isOrdered" : false,
            "cardinality" : "1..*",
            "propertyType" : {
              "id" : "HTFyfy6GAqACHRE.",
              "type" : "Class"
            },
            "subsettedProperties" : null,
            "redefinedProperties" : null,
            "aggregationKind" : "NONE"
          }, {
            "id" : "m_tyfy6GAqACHSzg",
            "name" : null,
            "description" : null,
            "type" : "Property",
            "propertyAssignments" : null,
            "stereotype" : null,
            "isDerived" : false,
            "isReadOnly" : false,
            "isOrdered" : false,
            "cardinality" : "1",
            "propertyType" : {
              "id" : "7TFyfy6GAqACHRE9",
              "type" : "Class"
            },
            "subsettedProperties" : null,
            "redefinedProperties" : null,
            "aggregationKind" : "COMPOSITE"
          } ]
        }, {
          "id" : "3_tyfy6GAqACHSzi",
          "name" : null,
          "description" : null,
          "type" : "Relation",
          "propertyAssignments" : null,
          "stereotype" : "componentOf",
          "isAbstract" : false,
          "isDerived" : false,
          "properties" : [ {
            "id" : "3_tyfy6GAqACHSzj",
            "name" : null,
            "description" : null,
            "type" : "Property",
            "propertyAssignments" : null,
            "stereotype" : null,
            "isDerived" : false,
            "isReadOnly" : false,
            "isOrdered" : false,
            "cardinality" : "1",
            "propertyType" : {
              "id" : "7TFyfy6GAqACHRE9",
              "type" : "Class"
            },
            "subsettedProperties" : null,
            "redefinedProperties" : null,
            "aggregationKind" : "COMPOSITE"
          }, {
            "id" : "3_tyfy6GAqACHSzl",
            "name" : null,
            "description" : null,
            "type" : "Property",
            "propertyAssignments" : null,
            "stereotype" : null,
            "isDerived" : false,
            "isReadOnly" : false,
            "isOrdered" : false,
            "cardinality" : "1..*",
            "propertyType" : {
              "id" : "XTFyfy6GAqACHRE_",
              "type" : "Class"
            },
            "subsettedProperties" : null,
            "redefinedProperties" : null,
            "aggregationKind" : "NONE"
          } ]
        }, {
          "id" : "kAdyfy6GAqACHSzp",
          "name" : null,
          "description" : null,
          "type" : "Relation",
          "propertyAssignments" : null,
          "stereotype" : "componentOf",
          "isAbstract" : false,
          "isDerived" : false,
          "properties" : [ {
            "id" : "kAdyfy6GAqACHSzq",
            "name" : null,
            "description" : null,
            "type" : "Property",
            "propertyAssignments" : null,
            "stereotype" : null,
            "isDerived" : false,
            "isReadOnly" : false,
            "isOrdered" : false,
            "cardinality" : "1..*",
            "propertyType" : {
              "id" : "2TFyfy6GAqACHRE5",
              "type" : "Class"
            },
            "subsettedProperties" : null,
            "redefinedProperties" : null,
            "aggregationKind" : "NONE"
          }, {
            "id" : "kAdyfy6GAqACHSzs",
            "name" : null,
            "description" : null,
            "type" : "Property",
            "propertyAssignments" : null,
            "stereotype" : null,
            "isDerived" : false,
            "isReadOnly" : false,
            "isOrdered" : false,
            "cardinality" : "1..*",
            "propertyType" : {
              "id" : "7TFyfy6GAqACHRE9",
              "type" : "Class"
            },
            "subsettedProperties" : null,
            "redefinedProperties" : null,
            "aggregationKind" : "COMPOSITE"
          } ]
        } ]
      } ]
    } ]
  },
  "diagrams" : [ {
    "id" : "BBDyfy6GAqACHTaE",
    "name" : "IT Infrastructure",
    "description" : null,
    "type" : "Diagram",
    "owner" : {
      "id" : "WTFyfy6GAqACHRE4",
      "type" : "Package"
    },
    "contents" : [ {
      "id" : "ohzyfy6GAqACHVxO",
      "type" : "GeneralizationView",
      "modelElement" : {
        "id" : "yAdyfy6GAqACHSzu",
        "type" : "Generalization"
      },
      "shape" : {
        "id" : "ohzyfy6GAqACHVxO_path",
        "type" : "Path",
        "points" : [ {
          "x" : 301,
          "y" : 192
        }, {
          "x" : 234,
          "y" : 192
        }, {
          "x" : 249,
          "y" : 95
        }, {
          "x" : 184,
          "y" : 95
        } ]
      },
      "source" : {
        "id" : "Mtjyfy6GAqACHUUo",
        "type" : "ClassView"
      },
      "target" : {
        "id" : "Utjyfy6GAqACHUUi",
        "type" : "ClassView"
      }
    }, {
      "id" : "iHjEo6GGAqFkCwsh",
      "type" : "GeneralizationSetView",
      "modelElement" : {
        "id" : "UHjEo6GGAqFkCwsf",
        "type" : "GeneralizationSet"
      },
      "shape" : {
        "id" : "iHjEo6GGAqFkCwsh_shape",
        "type" : "Text",
        "x" : 1062,
        "y" : 170,
        "width" : 33,
        "height" : 16,
        "value" : ""
      }
    }, {
      "id" : "JMfEo6GGAqFkCws7",
      "type" : "GeneralizationSetView",
      "modelElement" : {
        "id" : "eMfEo6GGAqFkCws5",
        "type" : "GeneralizationSet"
      },
      "shape" : {
        "id" : "JMfEo6GGAqFkCws7_shape",
        "type" : "Text",
        "x" : 1037,
        "y" : 798,
        "width" : 33,
        "height" : 16,
        "value" : ""
      }
    }, {
      "id" : "n.zyfy6GAqACHVxC",
      "type" : "RelationView",
      "modelElement" : {
        "id" : "tftyfy6GAqACHSzJ",
        "type" : "Relation"
      },
      "shape" : {
        "id" : "n.zyfy6GAqACHVxC_path",
        "type" : "Path",
        "points" : [ {
          "x" : 807,
          "y" : 289
        }, {
          "x" : 807,
          "y" : 416
        } ]
      },
      "source" : {
        "id" : "Utjyfy6GAqACHUUc",
        "type" : "ClassView"
      },
      "target" : {
        "id" : "Ytjyfy6GAqACHUUO",
        "type" : "ClassView"
      }
    }, {
      "id" : "Ytjyfy6GAqACHUUW",
      "type" : "ClassView",
      "modelElement" : {
        "id" : "_TFyfy6GAqACHRFC",
        "type" : "Class"
      },
      "shape" : {
        "id" : "Ytjyfy6GAqACHUUW_shape",
        "type" : "Rectangle",
        "x" : 1109,
        "y" : 178,
        "width" : 98,
        "height" : 70
      }
    }, {
      "id" : "Utjyfy6GAqACHUUe",
      "type" : "ClassView",
      "modelElement" : {
        "id" : "HTFyfy6GAqACHRE.",
        "type" : "Class"
      },
      "shape" : {
        "id" : "Utjyfy6GAqACHUUe_shape",
        "type" : "Rectangle",
        "x" : 710,
        "y" : 98,
        "width" : 90,
        "height" : 69
      }
    }, {
      "id" : "PNjyfy6GAqACHUT2",
      "type" : "ClassView",
      "modelElement" : {
        "id" : ".zFyfy6GAqACHRFS",
        "type" : "Class"
      },
      "shape" : {
        "id" : "PNjyfy6GAqACHUT2_shape",
        "type" : "Rectangle",
        "x" : 550,
        "y" : 992,
        "width" : 89,
        "height" : 70
      }
    }, {
      "id" : "Itjyfy6GAqACHUUE",
      "type" : "ClassView",
      "modelElement" : {
        "id" : "mzFyfy6GAqACHRFL",
        "type" : "Class"
      },
      "shape" : {
        "id" : "Itjyfy6GAqACHUUE_shape",
        "type" : "Rectangle",
        "x" : 1112,
        "y" : 710,
        "width" : 90,
        "height" : 69
      }
    }, {
      "id" : "B.zyfy6GAqACHVw2",
      "type" : "GeneralizationView",
      "modelElement" : {
        "id" : "4Adyfy6GAqACHSzo",
        "type" : "Generalization"
      },
      "shape" : {
        "id" : "B.zyfy6GAqACHVw2_path",
        "type" : "Path",
        "points" : [ {
          "x" : 301,
          "y" : 192
        }, {
          "x" : 184,
          "y" : 192
        } ]
      },
      "source" : {
        "id" : "Mtjyfy6GAqACHUUo",
        "type" : "ClassView"
      },
      "target" : {
        "id" : "0tjyfy6GAqACHUUm",
        "type" : "ClassView"
      }
    }, {
      "id" : "Utjyfy6GAqACHUUi",
      "type" : "ClassView",
      "modelElement" : {
        "id" : "tTFyfy6GAqACHRE8",
        "type" : "Class"
      },
      "shape" : {
        "id" : "Utjyfy6GAqACHUUi_shape",
        "type" : "Rectangle",
        "x" : 94,
        "y" : 62,
        "width" : 89,
        "height" : 69
      }
    }, {
      "id" : "Itjyfy6GAqACHUUA",
      "type" : "ClassView",
      "modelElement" : {
        "id" : "2zFyfy6GAqACHRFN",
        "type" : "Class"
      },
      "shape" : {
        "id" : "Itjyfy6GAqACHUUA_shape",
        "type" : "Rectangle",
        "x" : 1112,
        "y" : 904,
        "width" : 90,
        "height" : 70
      }
    }, {
      "id" : "dhzyfy6GAqACHVxe",
      "type" : "GeneralizationView",
      "modelElement" : {
        "id" : "KPtyfy6GAqACHSyf",
        "type" : "Generalization"
      },
      "shape" : {
        "id" : "dhzyfy6GAqACHVxe_path",
        "type" : "Path",
        "points" : [ {
          "x" : 657,
          "y" : 918
        }, {
          "x" : 657,
          "y" : 966
        }, {
          "x" : 724,
          "y" : 966
        }, {
          "x" : 724,
          "y" : 989
        } ]
      },
      "source" : {
        "id" : "wtjyfy6GAqACHUT4",
        "type" : "ClassView"
      },
      "target" : {
        "id" : "PNjyfy6GAqACHUT0",
        "type" : "ClassView"
      }
    }, {
      "id" : "eFrEo6GGAqFkCwsp",
      "type" : "GeneralizationSetView",
      "modelElement" : {
        "id" : "GFrEo6GGAqFkCwsn",
        "type" : "GeneralizationSet"
      },
      "shape" : {
        "id" : "eFrEo6GGAqFkCwsp_shape",
        "type" : "Text",
        "x" : 933,
        "y" : 384,
        "width" : 33,
        "height" : 16,
        "value" : ""
      }
    }, {
      "id" : ".hzyfy6GAqACHVxQ",
      "type" : "GeneralizationView",
      "modelElement" : {
        "id" : "oAdyfy6GAqACHSzn",
        "type" : "Generalization"
      },
      "shape" : {
        "id" : ".hzyfy6GAqACHVxQ_path",
        "type" : "Path",
        "points" : [ {
          "x" : 301,
          "y" : 192
        }, {
          "x" : 234,
          "y" : 192
        }, {
          "x" : 250,
          "y" : 284
        }, {
          "x" : 181,
          "y" : 284
        } ]
      },
      "source" : {
        "id" : "Mtjyfy6GAqACHUUo",
        "type" : "ClassView"
      },
      "target" : {
        "id" : "0tjyfy6GAqACHUUk",
        "type" : "ClassView"
      }
    }, {
      "id" : "0tjyfy6GAqACHUUk",
      "type" : "ClassView",
      "modelElement" : {
        "id" : "NTFyfy6GAqACHRE7",
        "type" : "Class"
      },
      "shape" : {
        "id" : "0tjyfy6GAqACHUUk_shape",
        "type" : "Rectangle",
        "x" : 90,
        "y" : 250,
        "width" : 89,
        "height" : 69
      }
    }, {
      "id" : "h.zyfy6GAqACHVw6",
      "type" : "GeneralizationView",
      "modelElement" : {
        "id" : "Eftyfy6GAqACHSzB",
        "type" : "Generalization"
      },
      "shape" : {
        "id" : "h.zyfy6GAqACHVw6_path",
        "type" : "Path",
        "points" : [ {
          "x" : 979,
          "y" : 344
        }, {
          "x" : 979,
          "y" : 393
        }, {
          "x" : 918,
          "y" : 393
        }, {
          "x" : 918,
          "y" : 416
        } ]
      },
      "source" : {
        "id" : "Ytjyfy6GAqACHUUU",
        "type" : "ClassView"
      },
      "target" : {
        "id" : "Ytjyfy6GAqACHUUS",
        "type" : "ClassView"
      }
    }, {
      "id" : "3Njyfy6GAqACHUTy",
      "type" : "ClassView",
      "modelElement" : {
        "id" : "BzFyfy6GAqACHRFU",
        "type" : "Class"
      },
      "shape" : {
        "id" : "3Njyfy6GAqACHUTy_shape",
        "type" : "Rectangle",
        "x" : 358,
        "y" : 553,
        "width" : 96,
        "height" : 40
      }
    }, {
      "id" : "2Bzyfy6GAqACHVxI",
      "type" : "RelationView",
      "modelElement" : {
        "id" : "3_tyfy6GAqACHSzi",
        "type" : "Relation"
      },
      "shape" : {
        "id" : "2Bzyfy6GAqACHVxI_path",
        "type" : "Path",
        "points" : [ {
          "x" : 546,
          "y" : 328
        }, {
          "x" : 546,
          "y" : 258
        }, {
          "x" : 718,
          "y" : 258
        } ]
      },
      "source" : {
        "id" : "Utjyfy6GAqACHUUg",
        "type" : "ClassView"
      },
      "target" : {
        "id" : "Utjyfy6GAqACHUUc",
        "type" : "ClassView"
      }
    }, {
      "id" : "Itjyfy6GAqACHUUC",
      "type" : "ClassView",
      "modelElement" : {
        "id" : "WzFyfy6GAqACHRFM",
        "type" : "Class"
      },
      "shape" : {
        "id" : "Itjyfy6GAqACHUUC_shape",
        "type" : "Rectangle",
        "x" : 1110,
        "y" : 806,
        "width" : 89,
        "height" : 70
      }
    }, {
      "id" : "nNjyfy6GAqACHUTs",
      "type" : "ClassView",
      "modelElement" : {
        "id" : "JzFyfy6GAqACHRFX",
        "type" : "Class"
      },
      "shape" : {
        "id" : "nNjyfy6GAqACHUTs_shape",
        "type" : "Rectangle",
        "x" : 290,
        "y" : 850,
        "width" : 90,
        "height" : 70
      }
    }, {
      "id" : "Ytjyfy6GAqACHUUQ",
      "type" : "ClassView",
      "modelElement" : {
        "id" : "yzFyfy6GAqACHRFF",
        "type" : "Class"
      },
      "shape" : {
        "id" : "Ytjyfy6GAqACHUUQ_shape",
        "type" : "Rectangle",
        "x" : 1014,
        "y" : 418,
        "width" : 90,
        "height" : 69
      }
    }, {
      "id" : "PNjyfy6GAqACHUT0",
      "type" : "ClassView",
      "modelElement" : {
        "id" : ".zFyfy6GAqACHRFT",
        "type" : "Class"
      },
      "shape" : {
        "id" : "PNjyfy6GAqACHUT0_shape",
        "type" : "Rectangle",
        "x" : 681,
        "y" : 990,
        "width" : 89,
        "height" : 69
      }
    }, {
      "id" : "Itjyfy6GAqACHUT.",
      "type" : "ClassView",
      "modelElement" : {
        "id" : "OzFyfy6GAqACHRFO",
        "type" : "Class"
      },
      "shape" : {
        "id" : "Itjyfy6GAqACHUT._shape",
        "type" : "Rectangle",
        "x" : 913,
        "y" : 833,
        "width" : 89,
        "height" : 69
      }
    }, {
      "id" : "r99naf6GAqACBdTl",
      "type" : "RelationView",
      "modelElement" : {
        "id" : "sPtyfy6GAqACHSya",
        "type" : "Relation"
      },
      "shape" : {
        "id" : "r99naf6GAqACBdTl_path",
        "type" : "Path",
        "points" : [ {
          "x" : 266,
          "y" : 709
        }, {
          "x" : 266,
          "y" : 590
        }, {
          "x" : 358,
          "y" : 590
        } ]
      },
      "source" : {
        "id" : "XNjyfy6GAqACHUTu",
        "type" : "ClassView"
      },
      "target" : {
        "id" : "3Njyfy6GAqACHUTy",
        "type" : "ClassView"
      }
    }, {
      "id" : "0tjyfy6GAqACHUUm",
      "type" : "ClassView",
      "modelElement" : {
        "id" : "uTFyfy6GAqACHRE6",
        "type" : "Class"
      },
      "shape" : {
        "id" : "0tjyfy6GAqACHUUm_shape",
        "type" : "Rectangle",
        "x" : 94,
        "y" : 157,
        "width" : 89,
        "height" : 69
      }
    }, {
      "id" : "Ytjyfy6GAqACHUUO",
      "type" : "ClassView",
      "modelElement" : {
        "id" : "KzFyfy6GAqACHRFG",
        "type" : "Class"
      },
      "shape" : {
        "id" : "Ytjyfy6GAqACHUUO_shape",
        "type" : "Rectangle",
        "x" : 718,
        "y" : 416,
        "width" : 89,
        "height" : 70
      }
    }, {
      "id" : "ktjyfy6GAqACHUUa",
      "type" : "ClassView",
      "modelElement" : {
        "id" : "3TFyfy6GAqACHRFA",
        "type" : "Class"
      },
      "shape" : {
        "id" : "ktjyfy6GAqACHUUa_shape",
        "type" : "Rectangle",
        "x" : 938,
        "y" : 110,
        "width" : 90,
        "height" : 69
      }
    }, {
      "id" : "otjyfy6GAqACHUUG",
      "type" : "ClassView",
      "modelElement" : {
        "id" : "mzFyfy6GAqACHRFK",
        "type" : "Class"
      },
      "shape" : {
        "id" : "otjyfy6GAqACHUUG_shape",
        "type" : "Rectangle",
        "x" : 1106,
        "y" : 557,
        "width" : 90,
        "height" : 69
      }
    }, {
      "id" : "wtjyfy6GAqACHUT4",
      "type" : "ClassView",
      "modelElement" : {
        "id" : "ezFyfy6GAqACHRFR",
        "type" : "Class"
      },
      "shape" : {
        "id" : "wtjyfy6GAqACHUT4_shape",
        "type" : "Rectangle",
        "x" : 612,
        "y" : 846,
        "width" : 90,
        "height" : 70
      }
    }, {
      "id" : "4tjyfy6GAqACHUUY",
      "type" : "ClassView",
      "modelElement" : {
        "id" : "PTFyfy6GAqACHRFB",
        "type" : "Class"
      },
      "shape" : {
        "id" : "4tjyfy6GAqACHUUY_shape",
        "type" : "Rectangle",
        "x" : 1110,
        "y" : 72,
        "width" : 89,
        "height" : 70
      }
    }, {
      "id" : "thzyfy6GAqACHVxc",
      "type" : "RelationView",
      "modelElement" : {
        "id" : "Xftyfy6GAqACHSzT",
        "type" : "Relation"
      },
      "shape" : {
        "id" : "thzyfy6GAqACHVxc_path",
        "type" : "Path",
        "points" : [ {
          "x" : 448,
          "y" : 553
        }, {
          "x" : 448,
          "y" : 398
        } ]
      },
      "source" : {
        "id" : "3Njyfy6GAqACHUTy",
        "type" : "ClassView"
      },
      "target" : {
        "id" : "Utjyfy6GAqACHUUg",
        "type" : "ClassView"
      }
    }, {
      "id" : "Ytjyfy6GAqACHUUS",
      "type" : "ClassView",
      "modelElement" : {
        "id" : "ozFyfy6GAqACHRFE",
        "type" : "Class"
      },
      "shape" : {
        "id" : "Ytjyfy6GAqACHUUS_shape",
        "type" : "Rectangle",
        "x" : 874,
        "y" : 417,
        "width" : 90,
        "height" : 69
      }
    }, {
      "id" : "H3tnaf6GAqACBdTS",
      "type" : "RelationView",
      "modelElement" : {
        "id" : "P3tyfy6GAqACHSyV",
        "type" : "Relation"
      },
      "shape" : {
        "id" : "H3tnaf6GAqACBdTS_path",
        "type" : "Path",
        "points" : [ {
          "x" : 444,
          "y" : 710
        }, {
          "x" : 444,
          "y" : 593
        } ]
      },
      "source" : {
        "id" : "XNjyfy6GAqACHUTw",
        "type" : "ClassView"
      },
      "target" : {
        "id" : "3Njyfy6GAqACHUTy",
        "type" : "ClassView"
      }
    }, {
      "id" : "dhzyfy6GAqACHVxg",
      "type" : "GeneralizationView",
      "modelElement" : {
        "id" : "Qftyfy6GAqACHSy_",
        "type" : "Generalization"
      },
      "shape" : {
        "id" : "dhzyfy6GAqACHVxg_path",
        "type" : "Path",
        "points" : [ {
          "x" : 763,
          "y" : 486
        }, {
          "x" : 763,
          "y" : 534
        }, {
          "x" : 931,
          "y" : 534
        }, {
          "x" : 931,
          "y" : 557
        } ]
      },
      "source" : {
        "id" : "Ytjyfy6GAqACHUUO",
        "type" : "ClassView"
      },
      "target" : {
        "id" : "otjyfy6GAqACHUUM",
        "type" : "ClassView"
      }
    }, {
      "id" : "Hhzyfy6GAqACHVxm",
      "type" : "GeneralizationView",
      "modelElement" : {
        "id" : "VPtyfy6GAqACHSyr",
        "type" : "Generalization"
      },
      "shape" : {
        "id" : "Hhzyfy6GAqACHVxm_path",
        "type" : "Path",
        "points" : [ {
          "x" : 1005,
          "y" : 867
        }, {
          "x" : 1053,
          "y" : 867
        }, {
          "x" : 1053,
          "y" : 938
        }, {
          "x" : 1112,
          "y" : 938
        } ]
      },
      "source" : {
        "id" : "Itjyfy6GAqACHUT.",
        "type" : "ClassView"
      },
      "target" : {
        "id" : "Itjyfy6GAqACHUUA",
        "type" : "ClassView"
      }
    }, {
      "id" : "b_Vnaf6GAqACBdSz",
      "type" : "RelationView",
      "modelElement" : {
        "id" : "Rvtyfy6GAqACHSy4",
        "type" : "Relation"
      },
      "shape" : {
        "id" : "b_Vnaf6GAqACBdSz_path",
        "type" : "Path",
        "points" : [ {
          "x" : 1106,
          "y" : 626
        }, {
          "x" : 978,
          "y" : 626
        } ]
      },
      "source" : {
        "id" : "otjyfy6GAqACHUUG",
        "type" : "ClassView"
      },
      "target" : {
        "id" : "otjyfy6GAqACHUUM",
        "type" : "ClassView"
      }
    }, {
      "id" : "x.zyfy6GAqACHVw8",
      "type" : "GeneralizationView",
      "modelElement" : {
        "id" : "1ftyfy6GAqACHSzI",
        "type" : "Generalization"
      },
      "shape" : {
        "id" : "x.zyfy6GAqACHVw8_path",
        "type" : "Path",
        "points" : [ {
          "x" : 1030,
          "y" : 145
        }, {
          "x" : 1079,
          "y" : 145
        }, {
          "x" : 1079,
          "y" : 212
        }, {
          "x" : 1108,
          "y" : 212
        } ]
      },
      "source" : {
        "id" : "ktjyfy6GAqACHUUa",
        "type" : "ClassView"
      },
      "target" : {
        "id" : "Ytjyfy6GAqACHUUW",
        "type" : "ClassView"
      }
    }, {
      "id" : "HgXEo6GGAqFkCwsz",
      "type" : "GeneralizationSetView",
      "modelElement" : {
        "id" : "TgXEo6GGAqFkCwsx",
        "type" : "GeneralizationSet"
      },
      "shape" : {
        "id" : "HgXEo6GGAqFkCwsz_shape",
        "type" : "Text",
        "x" : 768,
        "y" : 526,
        "width" : 33,
        "height" : 16,
        "value" : ""
      }
    }, {
      "id" : "Ytjyfy6GAqACHUUU",
      "type" : "ClassView",
      "modelElement" : {
        "id" : "gzFyfy6GAqACHRFD",
        "type" : "Class"
      },
      "shape" : {
        "id" : "Ytjyfy6GAqACHUUU_shape",
        "type" : "Rectangle",
        "x" : 934,
        "y" : 273,
        "width" : 89,
        "height" : 69
      }
    }, {
      "id" : "XNjyfy6GAqACHUTu",
      "type" : "ClassView",
      "modelElement" : {
        "id" : "RzFyfy6GAqACHRFW",
        "type" : "Class"
      },
      "shape" : {
        "id" : "XNjyfy6GAqACHUTu_shape",
        "type" : "Rectangle",
        "x" : 225,
        "y" : 709,
        "width" : 89,
        "height" : 69
      }
    }, {
      "id" : "0Bzyfy6GAqACHVxE",
      "type" : "GeneralizationView",
      "modelElement" : {
        "id" : "gftyfy6GAqACHSy.",
        "type" : "Generalization"
      },
      "shape" : {
        "id" : "0Bzyfy6GAqACHVxE_path",
        "type" : "Path",
        "points" : [ {
          "x" : 764,
          "y" : 486
        }, {
          "x" : 764,
          "y" : 534
        }, {
          "x" : 654,
          "y" : 534
        }, {
          "x" : 654,
          "y" : 557
        } ]
      },
      "source" : {
        "id" : "Ytjyfy6GAqACHUUO",
        "type" : "ClassView"
      },
      "target" : {
        "id" : "otjyfy6GAqACHUUK",
        "type" : "ClassView"
      }
    }, {
      "id" : "otjyfy6GAqACHUUM",
      "type" : "ClassView",
      "modelElement" : {
        "id" : "qzFyfy6GAqACHRFH",
        "type" : "Class"
      },
      "shape" : {
        "id" : "otjyfy6GAqACHUUM_shape",
        "type" : "Rectangle",
        "x" : 888,
        "y" : 557,
        "width" : 90,
        "height" : 69
      }
    }, {
      "id" : "7hzyfy6GAqACHVxk",
      "type" : "GeneralizationView",
      "modelElement" : {
        "id" : "X3tyfy6GAqACHSyT",
        "type" : "Generalization"
      },
      "shape" : {
        "id" : "7hzyfy6GAqACHVxk_path",
        "type" : "Path",
        "points" : [ {
          "x" : 336,
          "y" : 850
        }, {
          "x" : 336,
          "y" : 801
        }, {
          "x" : 268,
          "y" : 801
        }, {
          "x" : 268,
          "y" : 780
        } ]
      },
      "source" : {
        "id" : "nNjyfy6GAqACHUTs",
        "type" : "ClassView"
      },
      "target" : {
        "id" : "XNjyfy6GAqACHUTu",
        "type" : "ClassView"
      }
    }, {
      "id" : "gMjnaf6GAqACBdT1",
      "type" : "RelationView",
      "modelElement" : {
        "id" : "7Ptyfy6GAqACHSyz",
        "type" : "Relation"
      },
      "shape" : {
        "id" : "gMjnaf6GAqACBdT1_path",
        "type" : "Path",
        "points" : [ {
          "x" : 699,
          "y" : 720
        }, {
          "x" : 699,
          "y" : 626
        } ]
      },
      "source" : {
        "id" : "wtjyfy6GAqACHUT8",
        "type" : "ClassView"
      },
      "target" : {
        "id" : "otjyfy6GAqACHUUK",
        "type" : "ClassView"
      }
    }, {
      "id" : "qJFnaf6GAqACBdST",
      "type" : "RelationView",
      "modelElement" : {
        "id" : "ePtyfy6GAqACHSym",
        "type" : "Relation"
      },
      "shape" : {
        "id" : "qJFnaf6GAqACBdST_path",
        "type" : "Path",
        "points" : [ {
          "x" : 913,
          "y" : 902
        }, {
          "x" : 702,
          "y" : 902
        } ]
      },
      "source" : {
        "id" : "Itjyfy6GAqACHUT.",
        "type" : "ClassView"
      },
      "target" : {
        "id" : "wtjyfy6GAqACHUT4",
        "type" : "ClassView"
      }
    }, {
      "id" : "otjyfy6GAqACHUUK",
      "type" : "ClassView",
      "modelElement" : {
        "id" : "azFyfy6GAqACHRFI",
        "type" : "Class"
      },
      "shape" : {
        "id" : "otjyfy6GAqACHUUK_shape",
        "type" : "Rectangle",
        "x" : 610,
        "y" : 557,
        "width" : 90,
        "height" : 69
      }
    }, {
      "id" : "otjyfy6GAqACHUUI",
      "type" : "ClassView",
      "modelElement" : {
        "id" : "GzFyfy6GAqACHRFJ",
        "type" : "Class"
      },
      "shape" : {
        "id" : "otjyfy6GAqACHUUI_shape",
        "type" : "Rectangle",
        "x" : 754,
        "y" : 558,
        "width" : 100,
        "height" : 70
      }
    }, {
      "id" : "e91Eo6GGAqFkCwsT",
      "type" : "GeneralizationSetView",
      "modelElement" : {
        "id" : "i91Eo6GGAqFkCwsR",
        "type" : "GeneralizationSet"
      },
      "shape" : {
        "id" : "e91Eo6GGAqFkCwsT_shape",
        "type" : "Text",
        "x" : 229,
        "y" : 184,
        "width" : 28,
        "height" : 16,
        "value" : ""
      }
    }, {
      "id" : "wtjyfy6GAqACHUT6",
      "type" : "ClassView",
      "modelElement" : {
        "id" : "uzFyfy6GAqACHRFQ",
        "type" : "Class"
      },
      "shape" : {
        "id" : "wtjyfy6GAqACHUT6_shape",
        "type" : "Rectangle",
        "x" : 469,
        "y" : 710,
        "width" : 89,
        "height" : 69
      }
    }, {
      "id" : "7Irnaf6GAqACBdUm",
      "type" : "RelationView",
      "modelElement" : {
        "id" : "kAdyfy6GAqACHSzp",
        "type" : "Relation"
      },
      "shape" : {
        "id" : "7Irnaf6GAqACBdUm_path",
        "type" : "Path",
        "points" : [ {
          "x" : 390,
          "y" : 189
        }, {
          "x" : 440,
          "y" : 189
        }, {
          "x" : 440,
          "y" : 329
        } ]
      },
      "source" : {
        "id" : "Mtjyfy6GAqACHUUo",
        "type" : "ClassView"
      },
      "target" : {
        "id" : "Utjyfy6GAqACHUUg",
        "type" : "ClassView"
      }
    }, {
      "id" : "Utjyfy6GAqACHUUc",
      "type" : "ClassView",
      "modelElement" : {
        "id" : "XTFyfy6GAqACHRE_",
        "type" : "Class"
      },
      "shape" : {
        "id" : "Utjyfy6GAqACHUUc_shape",
        "type" : "Rectangle",
        "x" : 718,
        "y" : 218,
        "width" : 90,
        "height" : 70
      }
    }, {
      "id" : "t_rnaf6GAqACBdU1",
      "type" : "RelationView",
      "modelElement" : {
        "id" : "Lftyfy6GAqACHSzO",
        "type" : "Relation"
      },
      "shape" : {
        "id" : "t_rnaf6GAqACBdU1_path",
        "type" : "Path",
        "points" : [ {
          "x" : 938,
          "y" : 168
        }, {
          "x" : 801,
          "y" : 168
        } ]
      },
      "source" : {
        "id" : "ktjyfy6GAqACHUUa",
        "type" : "ClassView"
      },
      "target" : {
        "id" : "Utjyfy6GAqACHUUe",
        "type" : "ClassView"
      }
    }, {
      "id" : "wtjyfy6GAqACHUT8",
      "type" : "ClassView",
      "modelElement" : {
        "id" : "OzFyfy6GAqACHRFP",
        "type" : "Class"
      },
      "shape" : {
        "id" : "wtjyfy6GAqACHUT8_shape",
        "type" : "Rectangle",
        "x" : 610,
        "y" : 720,
        "width" : 89,
        "height" : 70
      }
    }, {
      "id" : "Mtjyfy6GAqACHUUo",
      "type" : "ClassView",
      "modelElement" : {
        "id" : "2TFyfy6GAqACHRE5",
        "type" : "Class"
      },
      "shape" : {
        "id" : "Mtjyfy6GAqACHUUo_shape",
        "type" : "Rectangle",
        "x" : 301,
        "y" : 157,
        "width" : 89,
        "height" : 69
      }
    }, {
      "id" : "Xhzyfy6GAqACHVxq",
      "type" : "GeneralizationView",
      "modelElement" : {
        "id" : "tPtyfy6GAqACHSyt",
        "type" : "Generalization"
      },
      "shape" : {
        "id" : "Xhzyfy6GAqACHVxq_path",
        "type" : "Path",
        "points" : [ {
          "x" : 1004,
          "y" : 868
        }, {
          "x" : 1053,
          "y" : 868
        }, {
          "x" : 1053,
          "y" : 744
        }, {
          "x" : 1111,
          "y" : 744
        } ]
      },
      "source" : {
        "id" : "Itjyfy6GAqACHUT.",
        "type" : "ClassView"
      },
      "target" : {
        "id" : "Itjyfy6GAqACHUUE",
        "type" : "ClassView"
      }
    }, {
      "id" : "Vhzyfy6GAqACHVxW",
      "type" : "GeneralizationView",
      "modelElement" : {
        "id" : "33tyfy6GAqACHSyU",
        "type" : "Generalization"
      },
      "shape" : {
        "id" : "Vhzyfy6GAqACHVxW_path",
        "type" : "Path",
        "points" : [ {
          "x" : 336,
          "y" : 850
        }, {
          "x" : 336,
          "y" : 801
        }, {
          "x" : 398,
          "y" : 801
        }, {
          "x" : 398,
          "y" : 782
        } ]
      },
      "source" : {
        "id" : "nNjyfy6GAqACHUTs",
        "type" : "ClassView"
      },
      "target" : {
        "id" : "XNjyfy6GAqACHUTw",
        "type" : "ClassView"
      }
    }, {
      "id" : "nhzyfy6GAqACHVxo",
      "type" : "GeneralizationView",
      "modelElement" : {
        "id" : "NPtyfy6GAqACHSys",
        "type" : "Generalization"
      },
      "shape" : {
        "id" : "nhzyfy6GAqACHVxo_path",
        "type" : "Path",
        "points" : [ {
          "x" : 1005,
          "y" : 868
        }, {
          "x" : 1053,
          "y" : 868
        }, {
          "x" : 1053,
          "y" : 841
        }, {
          "x" : 1109,
          "y" : 841
        } ]
      },
      "source" : {
        "id" : "Itjyfy6GAqACHUT.",
        "type" : "ClassView"
      },
      "target" : {
        "id" : "Itjyfy6GAqACHUUC",
        "type" : "ClassView"
      }
    }, {
      "id" : "Irh0o6GGAqFkCwtG",
      "type" : "GeneralizationSetView",
      "modelElement" : {
        "id" : "fLh0o6GGAqFkCwtE",
        "type" : "GeneralizationSet"
      },
      "shape" : {
        "id" : "Irh0o6GGAqFkCwtG_shape",
        "type" : "Text",
        "x" : 610,
        "y" : 958,
        "width" : 33,
        "height" : 16,
        "value" : ""
      }
    }, {
      "id" : "_hzyfy6GAqACHVxy",
      "type" : "GeneralizationView",
      "modelElement" : {
        "id" : "aPtyfy6GAqACHSyg",
        "type" : "Generalization"
      },
      "shape" : {
        "id" : "_hzyfy6GAqACHVxy_path",
        "type" : "Path",
        "points" : [ {
          "x" : 657,
          "y" : 918
        }, {
          "x" : 657,
          "y" : 967
        }, {
          "x" : 595,
          "y" : 967
        }, {
          "x" : 595,
          "y" : 991
        } ]
      },
      "source" : {
        "id" : "wtjyfy6GAqACHUT4",
        "type" : "ClassView"
      },
      "target" : {
        "id" : "PNjyfy6GAqACHUT2",
        "type" : "ClassView"
      }
    }, {
      "id" : "Z.zyfy6GAqACHVw.",
      "type" : "GeneralizationView",
      "modelElement" : {
        "id" : "5ftyfy6GAqACHSzH",
        "type" : "Generalization"
      },
      "shape" : {
        "id" : "Z.zyfy6GAqACHVw._path",
        "type" : "Path",
        "points" : [ {
          "x" : 1030,
          "y" : 145
        }, {
          "x" : 1078,
          "y" : 145
        }, {
          "x" : 1078,
          "y" : 105
        }, {
          "x" : 1109,
          "y" : 105
        } ]
      },
      "source" : {
        "id" : "ktjyfy6GAqACHUUa",
        "type" : "ClassView"
      },
      "target" : {
        "id" : "4tjyfy6GAqACHUUY",
        "type" : "ClassView"
      }
    }, {
      "id" : "Utjyfy6GAqACHUUg",
      "type" : "ClassView",
      "modelElement" : {
        "id" : "7TFyfy6GAqACHRE9",
        "type" : "Class"
      },
      "shape" : {
        "id" : "Utjyfy6GAqACHUUg_shape",
        "type" : "Rectangle",
        "x" : 398,
        "y" : 329,
        "width" : 165,
        "height" : 69
      }
    }, {
      "id" : "TyTnaf6GAqACBdUG",
      "type" : "RelationView",
      "modelElement" : {
        "id" : "6Ptyfy6GAqACHSyh",
        "type" : "Relation"
      },
      "shape" : {
        "id" : "TyTnaf6GAqACBdUG_path",
        "type" : "Path",
        "points" : [ {
          "x" : 612,
          "y" : 881
        }, {
          "x" : 512,
          "y" : 881
        }, {
          "x" : 512,
          "y" : 779
        } ]
      },
      "source" : {
        "id" : "wtjyfy6GAqACHUT4",
        "type" : "ClassView"
      },
      "target" : {
        "id" : "wtjyfy6GAqACHUT6",
        "type" : "ClassView"
      }
    }, {
      "id" : ".ULnaf6GAqACBdUX",
      "type" : "RelationView",
      "modelElement" : {
        "id" : "G_tyfy6GAqACHSzd",
        "type" : "Relation"
      },
      "shape" : {
        "id" : ".ULnaf6GAqACBdUX_path",
        "type" : "Path",
        "points" : [ {
          "x" : 710,
          "y" : 134
        }, {
          "x" : 496,
          "y" : 134
        }, {
          "x" : 496,
          "y" : 329
        } ]
      },
      "source" : {
        "id" : "Utjyfy6GAqACHUUe",
        "type" : "ClassView"
      },
      "target" : {
        "id" : "Utjyfy6GAqACHUUg",
        "type" : "ClassView"
      }
    }, {
      "id" : "Fvlnaf6GAqACBdSk",
      "type" : "RelationView",
      "modelElement" : {
        "id" : "9Ptyfy6GAqACHSyu",
        "type" : "Relation"
      },
      "shape" : {
        "id" : "Fvlnaf6GAqACBdSk_path",
        "type" : "Path",
        "points" : [ {
          "x" : 1196,
          "y" : 709
        }, {
          "x" : 1196,
          "y" : 626
        } ]
      },
      "source" : {
        "id" : "Itjyfy6GAqACHUUE",
        "type" : "ClassView"
      },
      "target" : {
        "id" : "otjyfy6GAqACHUUG",
        "type" : "ClassView"
      }
    }, {
      "id" : "vhzyfy6GAqACHVxu",
      "type" : "GeneralizationView",
      "modelElement" : {
        "id" : "vvtyfy6GAqACHSy9",
        "type" : "Generalization"
      },
      "shape" : {
        "id" : "vhzyfy6GAqACHVxu_path",
        "type" : "Path",
        "points" : [ {
          "x" : 763,
          "y" : 486
        }, {
          "x" : 763,
          "y" : 534
        }, {
          "x" : 803,
          "y" : 534
        }, {
          "x" : 803,
          "y" : 558
        } ]
      },
      "source" : {
        "id" : "Ytjyfy6GAqACHUUO",
        "type" : "ClassView"
      },
      "target" : {
        "id" : "otjyfy6GAqACHUUI",
        "type" : "ClassView"
      }
    }, {
      "id" : "B.zyfy6GAqACHVw4",
      "type" : "GeneralizationView",
      "modelElement" : {
        "id" : "Qftyfy6GAqACHSzA",
        "type" : "Generalization"
      },
      "shape" : {
        "id" : "B.zyfy6GAqACHVw4_path",
        "type" : "Path",
        "points" : [ {
          "x" : 978,
          "y" : 344
        }, {
          "x" : 978,
          "y" : 392
        }, {
          "x" : 1058,
          "y" : 392
        }, {
          "x" : 1058,
          "y" : 416
        } ]
      },
      "source" : {
        "id" : "Ytjyfy6GAqACHUUU",
        "type" : "ClassView"
      },
      "target" : {
        "id" : "Ytjyfy6GAqACHUUQ",
        "type" : "ClassView"
      }
    }, {
      "id" : "5eNnaf6GAqACBdTE",
      "type" : "RelationView",
      "modelElement" : {
        "id" : "Q_tyfy6GAqACHSzY",
        "type" : "Relation"
      },
      "shape" : {
        "id" : "5eNnaf6GAqACBdTE_path",
        "type" : "Path",
        "points" : [ {
          "x" : 558,
          "y" : 710
        }, {
          "x" : 558,
          "y" : 398
        } ]
      },
      "source" : {
        "id" : "wtjyfy6GAqACHUT6",
        "type" : "ClassView"
      },
      "target" : {
        "id" : "Utjyfy6GAqACHUUg",
        "type" : "ClassView"
      }
    }, {
      "id" : "XNjyfy6GAqACHUTw",
      "type" : "ClassView",
      "modelElement" : {
        "id" : "hzFyfy6GAqACHRFV",
        "type" : "Class"
      },
      "shape" : {
        "id" : "XNjyfy6GAqACHUTw_shape",
        "type" : "Rectangle",
        "x" : 354,
        "y" : 710,
        "width" : 89,
        "height" : 70
      }
    }, {
      "id" : "LQ7naf6GAqACBdVE",
      "type" : "RelationView",
      "modelElement" : {
        "id" : "Uftyfy6GAqACHSzC",
        "type" : "Relation"
      },
      "shape" : {
        "id" : "LQ7naf6GAqACBdVE_path",
        "type" : "Path",
        "points" : [ {
          "x" : 1019,
          "y" : 273
        }, {
          "x" : 1019,
          "y" : 180
        } ]
      },
      "source" : {
        "id" : "Ytjyfy6GAqACHUUU",
        "type" : "ClassView"
      },
      "target" : {
        "id" : "ktjyfy6GAqACHUUa",
        "type" : "ClassView"
      }
    } ]
  } ]
}