{
  "id" : "K8mkDz6GAqACAx48",
  "name" : "Grain Production Ontology",
  "description" : null,
  "type" : "Project",
  "model" : {
    "id" : "K8mkDz6GAqACAx48_root",
    "name" : "Grain Production Ontology",
    "description" : null,
    "type" : "Package",
    "propertyAssignments" : null,
    "contents" : [ {
      "id" : "lqS0Dz6GAqACAyIe",
      "name" : "Grain Production Ontology",
      "description" : null,
      "type" : "Package",
      "propertyAssignments" : null,
      "contents" : [ {
        "id" : "V5B0Dz6GAqACAyJc",
        "name" : "Digital_Images",
        "description" : null,
        "type" : "Class",
        "propertyAssignments" : null,
        "stereotype" : "kind",
        "isAbstract" : false,
        "isDerived" : false,
        "properties" : null,
        "isExtensional" : null,
        "isPowertype" : null,
        "order" : null,
        "literals" : null,
        "restrictedTo" : [ "functional-complex" ]
      }, {
        "id" : "1Yx0Dz6GAqACAyJ2",
        "name" : "Satellite_Images",
        "description" : null,
        "type" : "Class",
        "propertyAssignments" : null,
        "stereotype" : "subkind",
        "isAbstract" : false,
        "isDerived" : false,
        "properties" : null,
        "isExtensional" : false,
        "isPowertype" : null,
        "order" : null,
        "literals" : null,
        "restrictedTo" : [ "functional-complex" ]
      }, {
        "id" : "Wpx0Dz6GAqACAyKC",
        "name" : "NDVI_Index",
        "description" : null,
        "type" : "Class",
        "propertyAssignments" : null,
        "stereotype" : "category",
        "isAbstract" : true,
        "isDerived" : false,
        "properties" : null,
        "isExtensional" : false,
        "isPowertype" : null,
        "order" : null,
        "literals" : null,
        "restrictedTo" : [ "functional-complex" ]
      }, {
        "id" : "afx0Dz6GAqACAyKO",
        "name" : "TIFF",
        "description" : null,
        "type" : "Class",
        "propertyAssignments" : null,
        "stereotype" : "datatype",
        "isAbstract" : false,
        "isDerived" : false,
        "properties" : null,
        "isExtensional" : null,
        "isPowertype" : null,
        "order" : null,
        "literals" : null,
        "restrictedTo" : [ "abstract" ]
      }, {
        "id" : "vNJ0Dz6GAqACAyKa",
        "name" : "Oher_Variables",
        "description" : null,
        "type" : "Class",
        "propertyAssignments" : null,
        "stereotype" : "kind",
        "isAbstract" : false,
        "isDerived" : false,
        "properties" : null,
        "isExtensional" : null,
        "isPowertype" : null,
        "order" : null,
        "literals" : null,
        "restrictedTo" : [ "functional-complex" ]
      }, {
        "id" : "s0p0Dz6GAqACAyKm",
        "name" : "Production_Evolution_States",
        "description" : null,
        "type" : "Class",
        "propertyAssignments" : null,
        "stereotype" : "category",
        "isAbstract" : true,
        "isDerived" : false,
        "properties" : null,
        "isExtensional" : false,
        "isPowertype" : null,
        "order" : null,
        "literals" : null,
        "restrictedTo" : [ "functional-complex" ]
      }, {
        "id" : "Qbp0Dz6GAqACAyKy",
        "name" : "Geolocation",
        "description" : null,
        "type" : "Class",
        "propertyAssignments" : null,
        "stereotype" : "subkind",
        "isAbstract" : false,
        "isDerived" : false,
        "properties" : null,
        "isExtensional" : false,
        "isPowertype" : null,
        "order" : null,
        "literals" : null,
        "restrictedTo" : [ "functional-complex" ]
      }, {
        "id" : "bcZ0Dz6GAqACAyK.",
        "name" : "Crop",
        "description" : null,
        "type" : "Class",
        "propertyAssignments" : null,
        "stereotype" : "kind",
        "isAbstract" : false,
        "isDerived" : false,
        "properties" : null,
        "isExtensional" : null,
        "isPowertype" : null,
        "order" : null,
        "literals" : null,
        "restrictedTo" : [ "functional-complex" ]
      }, {
        "id" : "jPZ0Dz6GAqACAyLK",
        "name" : "Climate_Station",
        "description" : null,
        "type" : "Class",
        "propertyAssignments" : null,
        "stereotype" : "kind",
        "isAbstract" : false,
        "isDerived" : false,
        "properties" : null,
        "isExtensional" : null,
        "isPowertype" : null,
        "order" : null,
        "literals" : null,
        "restrictedTo" : [ "functional-complex" ]
      }, {
        "id" : "ZN50Dz6GAqACAyLW",
        "name" : "Leaf_Wetting_Duration",
        "description" : null,
        "type" : "Class",
        "propertyAssignments" : null,
        "stereotype" : "category",
        "isAbstract" : true,
        "isDerived" : false,
        "properties" : null,
        "isExtensional" : false,
        "isPowertype" : null,
        "order" : null,
        "literals" : null,
        "restrictedTo" : [ "functional-complex" ]
      }, {
        "id" : "ff50Dz6GAqACAyLi",
        "name" : "Air_Relative_Humidity",
        "description" : null,
        "type" : "Class",
        "propertyAssignments" : null,
        "stereotype" : "category",
        "isAbstract" : true,
        "isDerived" : false,
        "properties" : null,
        "isExtensional" : false,
        "isPowertype" : null,
        "order" : null,
        "literals" : null,
        "restrictedTo" : [ "functional-complex" ]
      }, {
        "id" : "y2F0Dz6GAqACAyLu",
        "name" : "Accumulated_Precipitation",
        "description" : null,
        "type" : "Class",
        "propertyAssignments" : null,
        "stereotype" : "category",
        "isAbstract" : true,
        "isDerived" : false,
        "properties" : null,
        "isExtensional" : false,
        "isPowertype" : null,
        "order" : null,
        "literals" : null,
        "restrictedTo" : [ "functional-complex" ]
      }, {
        "id" : "2TF0Dz6GAqACAyL6",
        "name" : "Maximum_Temperature",
        "description" : null,
        "type" : "Class",
        "propertyAssignments" : null,
        "stereotype" : "category",
        "isAbstract" : true,
        "isDerived" : false,
        "properties" : null,
        "isExtensional" : false,
        "isPowertype" : null,
        "order" : null,
        "literals" : null,
        "restrictedTo" : [ "functional-complex" ]
      }, {
        "id" : "Kql0Dz6GAqACAyMI",
        "name" : "Minimum_Temperature",
        "description" : null,
        "type" : "Class",
        "propertyAssignments" : null,
        "stereotype" : "category",
        "isAbstract" : true,
        "isDerived" : false,
        "properties" : null,
        "isExtensional" : false,
        "isPowertype" : null,
        "order" : null,
        "literals" : null,
        "restrictedTo" : [ "functional-complex" ]
      }, {
        "id" : "zHV0Dz6GAqACAyMU",
        "name" : "Hours/day",
        "description" : null,
        "type" : "Class",
        "propertyAssignments" : null,
        "stereotype" : "datatype",
        "isAbstract" : false,
        "isDerived" : false,
        "properties" : null,
        "isExtensional" : null,
        "isPowertype" : null,
        "order" : null,
        "literals" : null,
        "restrictedTo" : [ "abstract" ]
      }, {
        "id" : "aC10Dz6GAqACAyMg",
        "name" : "Percentage",
        "description" : null,
        "type" : "Class",
        "propertyAssignments" : null,
        "stereotype" : "datatype",
        "isAbstract" : false,
        "isDerived" : false,
        "properties" : null,
        "isExtensional" : null,
        "isPowertype" : null,
        "order" : null,
        "literals" : null,
        "restrictedTo" : [ "abstract" ]
      }, {
        "id" : "K110Dz6GAqACAyMs",
        "name" : "Milimeters",
        "description" : null,
        "type" : "Class",
        "propertyAssignments" : null,
        "stereotype" : "datatype",
        "isAbstract" : false,
        "isDerived" : false,
        "properties" : null,
        "isExtensional" : null,
        "isPowertype" : null,
        "order" : null,
        "literals" : null,
        "restrictedTo" : [ "abstract" ]
      }, {
        "id" : "4ON0Dz6GAqACAyM4",
        "name" : "Degrees_Celsius",
        "description" : null,
        "type" : "Class",
        "propertyAssignments" : null,
        "stereotype" : "datatype",
        "isAbstract" : false,
        "isDerived" : false,
        "properties" : null,
        "isExtensional" : null,
        "isPowertype" : null,
        "order" : null,
        "literals" : null,
        "restrictedTo" : [ "abstract" ]
      }, {
        "id" : "k770Dz6GAqACAyOa",
        "name" : "",
        "description" : null,
        "type" : "Generalization",
        "propertyAssignments" : null,
        "general" : {
          "id" : "V5B0Dz6GAqACAyJc",
          "type" : "Class"
        },
        "specific" : {
          "id" : "1Yx0Dz6GAqACAyJ2",
          "type" : "Class"
        }
      }, {
        "id" : "X9X0Dz6GAqACAyOs",
        "name" : "Geolocation-Crop",
        "description" : null,
        "type" : "Generalization",
        "propertyAssignments" : null,
        "general" : {
          "id" : "bcZ0Dz6GAqACAyK.",
          "type" : "Class"
        },
        "specific" : {
          "id" : "Qbp0Dz6GAqACAyKy",
          "type" : "Class"
        }
      }, {
        "id" : "p6MMDz6GAqACAyPL",
        "name" : null,
        "description" : null,
        "type" : "Relation",
        "propertyAssignments" : null,
        "stereotype" : null,
        "isAbstract" : false,
        "isDerived" : false,
        "properties" : [ {
          "id" : "p6MMDz6GAqACAyPM",
          "name" : null,
          "description" : null,
          "type" : "Property",
          "propertyAssignments" : null,
          "stereotype" : null,
          "isDerived" : false,
          "isReadOnly" : false,
          "isOrdered" : false,
          "cardinality" : "*",
          "propertyType" : {
            "id" : "ZN50Dz6GAqACAyLW",
            "type" : "Class"
          },
          "subsettedProperties" : null,
          "redefinedProperties" : null,
          "aggregationKind" : "COMPOSITE"
        }, {
          "id" : "p6MMDz6GAqACAyPO",
          "name" : null,
          "description" : null,
          "type" : "Property",
          "propertyAssignments" : null,
          "stereotype" : null,
          "isDerived" : false,
          "isReadOnly" : false,
          "isOrdered" : false,
          "cardinality" : "*",
          "propertyType" : {
            "id" : "zHV0Dz6GAqACAyMU",
            "type" : "Class"
          },
          "subsettedProperties" : null,
          "redefinedProperties" : null,
          "aggregationKind" : "NONE"
        } ]
      }, {
        "id" : "lDMMDz6GAqACAyPX",
        "name" : null,
        "description" : null,
        "type" : "Relation",
        "propertyAssignments" : null,
        "stereotype" : null,
        "isAbstract" : false,
        "isDerived" : false,
        "properties" : [ {
          "id" : "lDMMDz6GAqACAyPY",
          "name" : null,
          "description" : null,
          "type" : "Property",
          "propertyAssignments" : null,
          "stereotype" : null,
          "isDerived" : false,
          "isReadOnly" : false,
          "isOrdered" : false,
          "cardinality" : "*",
          "propertyType" : {
            "id" : "ff50Dz6GAqACAyLi",
            "type" : "Class"
          },
          "subsettedProperties" : null,
          "redefinedProperties" : null,
          "aggregationKind" : "COMPOSITE"
        }, {
          "id" : "lDMMDz6GAqACAyPa",
          "name" : null,
          "description" : null,
          "type" : "Property",
          "propertyAssignments" : null,
          "stereotype" : null,
          "isDerived" : false,
          "isReadOnly" : false,
          "isOrdered" : false,
          "cardinality" : "*",
          "propertyType" : {
            "id" : "aC10Dz6GAqACAyMg",
            "type" : "Class"
          },
          "subsettedProperties" : null,
          "redefinedProperties" : null,
          "aggregationKind" : "NONE"
        } ]
      }, {
        "id" : "x8sMDz6GAqACAyPh",
        "name" : null,
        "description" : null,
        "type" : "Relation",
        "propertyAssignments" : null,
        "stereotype" : null,
        "isAbstract" : false,
        "isDerived" : false,
        "properties" : [ {
          "id" : "x8sMDz6GAqACAyPi",
          "name" : null,
          "description" : null,
          "type" : "Property",
          "propertyAssignments" : null,
          "stereotype" : null,
          "isDerived" : false,
          "isReadOnly" : false,
          "isOrdered" : false,
          "cardinality" : "*",
          "propertyType" : {
            "id" : "y2F0Dz6GAqACAyLu",
            "type" : "Class"
          },
          "subsettedProperties" : null,
          "redefinedProperties" : null,
          "aggregationKind" : "COMPOSITE"
        }, {
          "id" : "x8sMDz6GAqACAyPk",
          "name" : null,
          "description" : null,
          "type" : "Property",
          "propertyAssignments" : null,
          "stereotype" : null,
          "isDerived" : false,
          "isReadOnly" : false,
          "isOrdered" : false,
          "cardinality" : "*",
          "propertyType" : {
            "id" : "K110Dz6GAqACAyMs",
            "type" : "Class"
          },
          "subsettedProperties" : null,
          "redefinedProperties" : null,
          "aggregationKind" : "NONE"
        } ]
      }, {
        "id" : "J9sMDz6GAqACAyPr",
        "name" : null,
        "description" : null,
        "type" : "Relation",
        "propertyAssignments" : null,
        "stereotype" : null,
        "isAbstract" : false,
        "isDerived" : false,
        "properties" : [ {
          "id" : "J9sMDz6GAqACAyPs",
          "name" : null,
          "description" : null,
          "type" : "Property",
          "propertyAssignments" : null,
          "stereotype" : null,
          "isDerived" : false,
          "isReadOnly" : false,
          "isOrdered" : false,
          "cardinality" : "*",
          "propertyType" : {
            "id" : "2TF0Dz6GAqACAyL6",
            "type" : "Class"
          },
          "subsettedProperties" : null,
          "redefinedProperties" : null,
          "aggregationKind" : "COMPOSITE"
        }, {
          "id" : "J9sMDz6GAqACAyPu",
          "name" : null,
          "description" : null,
          "type" : "Property",
          "propertyAssignments" : null,
          "stereotype" : null,
          "isDerived" : false,
          "isReadOnly" : false,
          "isOrdered" : false,
          "cardinality" : "*",
          "propertyType" : {
            "id" : "4ON0Dz6GAqACAyM4",
            "type" : "Class"
          },
          "subsettedProperties" : null,
          "redefinedProperties" : null,
          "aggregationKind" : "NONE"
        } ]
      }, {
        "id" : "jkcMDz6GAqACAyP1",
        "name" : null,
        "description" : null,
        "type" : "Relation",
        "propertyAssignments" : null,
        "stereotype" : null,
        "isAbstract" : false,
        "isDerived" : false,
        "properties" : [ {
          "id" : "jkcMDz6GAqACAyP2",
          "name" : null,
          "description" : null,
          "type" : "Property",
          "propertyAssignments" : null,
          "stereotype" : null,
          "isDerived" : false,
          "isReadOnly" : false,
          "isOrdered" : false,
          "cardinality" : "*",
          "propertyType" : {
            "id" : "Kql0Dz6GAqACAyMI",
            "type" : "Class"
          },
          "subsettedProperties" : null,
          "redefinedProperties" : null,
          "aggregationKind" : "COMPOSITE"
        }, {
          "id" : "jkcMDz6GAqACAyP4",
          "name" : null,
          "description" : null,
          "type" : "Property",
          "propertyAssignments" : null,
          "stereotype" : null,
          "isDerived" : false,
          "isReadOnly" : false,
          "isOrdered" : false,
          "cardinality" : "*",
          "propertyType" : {
            "id" : "4ON0Dz6GAqACAyM4",
            "type" : "Class"
          },
          "subsettedProperties" : null,
          "redefinedProperties" : null,
          "aggregationKind" : "NONE"
        } ]
      }, {
        "id" : "Z6XMDz6GAqACAwlS",
        "name" : "",
        "description" : null,
        "type" : "Relation",
        "propertyAssignments" : null,
        "stereotype" : null,
        "isAbstract" : false,
        "isDerived" : false,
        "properties" : [ {
          "id" : "Z6XMDz6GAqACAwlT",
          "name" : null,
          "description" : null,
          "type" : "Property",
          "propertyAssignments" : null,
          "stereotype" : null,
          "isDerived" : false,
          "isReadOnly" : false,
          "isOrdered" : false,
          "cardinality" : "*",
          "propertyType" : {
            "id" : "1Yx0Dz6GAqACAyJ2",
            "type" : "Class"
          },
          "subsettedProperties" : null,
          "redefinedProperties" : null,
          "aggregationKind" : "SHARED"
        }, {
          "id" : "Z6XMDz6GAqACAwlV",
          "name" : null,
          "description" : null,
          "type" : "Property",
          "propertyAssignments" : null,
          "stereotype" : null,
          "isDerived" : false,
          "isReadOnly" : false,
          "isOrdered" : false,
          "cardinality" : "*",
          "propertyType" : {
            "id" : "Wpx0Dz6GAqACAyKC",
            "type" : "Class"
          },
          "subsettedProperties" : null,
          "redefinedProperties" : null,
          "aggregationKind" : "NONE"
        } ]
      }, {
        "id" : "IP3MDz6GAqACAwlg",
        "name" : null,
        "description" : null,
        "type" : "Relation",
        "propertyAssignments" : null,
        "stereotype" : null,
        "isAbstract" : false,
        "isDerived" : false,
        "properties" : [ {
          "id" : "IP3MDz6GAqACAwlh",
          "name" : null,
          "description" : null,
          "type" : "Property",
          "propertyAssignments" : null,
          "stereotype" : null,
          "isDerived" : false,
          "isReadOnly" : false,
          "isOrdered" : false,
          "cardinality" : "*",
          "propertyType" : {
            "id" : "vNJ0Dz6GAqACAyKa",
            "type" : "Class"
          },
          "subsettedProperties" : null,
          "redefinedProperties" : null,
          "aggregationKind" : "SHARED"
        }, {
          "id" : "IP3MDz6GAqACAwlj",
          "name" : null,
          "description" : null,
          "type" : "Property",
          "propertyAssignments" : null,
          "stereotype" : null,
          "isDerived" : false,
          "isReadOnly" : false,
          "isOrdered" : false,
          "cardinality" : "*",
          "propertyType" : {
            "id" : "s0p0Dz6GAqACAyKm",
            "type" : "Class"
          },
          "subsettedProperties" : null,
          "redefinedProperties" : null,
          "aggregationKind" : "NONE"
        } ]
      }, {
        "id" : "0GfMDz6GAqACAwl8",
        "name" : null,
        "description" : null,
        "type" : "Relation",
        "propertyAssignments" : null,
        "stereotype" : null,
        "isAbstract" : false,
        "isDerived" : false,
        "properties" : [ {
          "id" : "0GfMDz6GAqACAwl9",
          "name" : null,
          "description" : null,
          "type" : "Property",
          "propertyAssignments" : null,
          "stereotype" : null,
          "isDerived" : false,
          "isReadOnly" : false,
          "isOrdered" : false,
          "cardinality" : "*",
          "propertyType" : {
            "id" : "jPZ0Dz6GAqACAyLK",
            "type" : "Class"
          },
          "subsettedProperties" : null,
          "redefinedProperties" : null,
          "aggregationKind" : "SHARED"
        }, {
          "id" : "0GfMDz6GAqACAwl_",
          "name" : null,
          "description" : null,
          "type" : "Property",
          "propertyAssignments" : null,
          "stereotype" : null,
          "isDerived" : false,
          "isReadOnly" : false,
          "isOrdered" : false,
          "cardinality" : "*",
          "propertyType" : {
            "id" : "ZN50Dz6GAqACAyLW",
            "type" : "Class"
          },
          "subsettedProperties" : null,
          "redefinedProperties" : null,
          "aggregationKind" : "NONE"
        } ]
      }, {
        "id" : "cbfMDz6GAqACAwmG",
        "name" : null,
        "description" : null,
        "type" : "Relation",
        "propertyAssignments" : null,
        "stereotype" : null,
        "isAbstract" : false,
        "isDerived" : false,
        "properties" : [ {
          "id" : "cbfMDz6GAqACAwmH",
          "name" : null,
          "description" : null,
          "type" : "Property",
          "propertyAssignments" : null,
          "stereotype" : null,
          "isDerived" : false,
          "isReadOnly" : false,
          "isOrdered" : false,
          "cardinality" : "*",
          "propertyType" : {
            "id" : "jPZ0Dz6GAqACAyLK",
            "type" : "Class"
          },
          "subsettedProperties" : null,
          "redefinedProperties" : null,
          "aggregationKind" : "SHARED"
        }, {
          "id" : "cbfMDz6GAqACAwmJ",
          "name" : null,
          "description" : null,
          "type" : "Property",
          "propertyAssignments" : null,
          "stereotype" : null,
          "isDerived" : false,
          "isReadOnly" : false,
          "isOrdered" : false,
          "cardinality" : "*",
          "propertyType" : {
            "id" : "ff50Dz6GAqACAyLi",
            "type" : "Class"
          },
          "subsettedProperties" : null,
          "redefinedProperties" : null,
          "aggregationKind" : "NONE"
        } ]
      }, {
        "id" : "4S_MDz6GAqACAwmQ",
        "name" : null,
        "description" : null,
        "type" : "Relation",
        "propertyAssignments" : null,
        "stereotype" : null,
        "isAbstract" : false,
        "isDerived" : false,
        "properties" : [ {
          "id" : "4S_MDz6GAqACAwmR",
          "name" : null,
          "description" : null,
          "type" : "Property",
          "propertyAssignments" : null,
          "stereotype" : null,
          "isDerived" : false,
          "isReadOnly" : false,
          "isOrdered" : false,
          "cardinality" : "*",
          "propertyType" : {
            "id" : "jPZ0Dz6GAqACAyLK",
            "type" : "Class"
          },
          "subsettedProperties" : null,
          "redefinedProperties" : null,
          "aggregationKind" : "SHARED"
        }, {
          "id" : "4S_MDz6GAqACAwmT",
          "name" : null,
          "description" : null,
          "type" : "Property",
          "propertyAssignments" : null,
          "stereotype" : null,
          "isDerived" : false,
          "isReadOnly" : false,
          "isOrdered" : false,
          "cardinality" : "*",
          "propertyType" : {
            "id" : "y2F0Dz6GAqACAyLu",
            "type" : "Class"
          },
          "subsettedProperties" : null,
          "redefinedProperties" : null,
          "aggregationKind" : "NONE"
        } ]
      }, {
        "id" : "YH_MDz6GAqACAwma",
        "name" : null,
        "description" : null,
        "type" : "Relation",
        "propertyAssignments" : null,
        "stereotype" : null,
        "isAbstract" : false,
        "isDerived" : false,
        "properties" : [ {
          "id" : "YH_MDz6GAqACAwmb",
          "name" : null,
          "description" : null,
          "type" : "Property",
          "propertyAssignments" : null,
          "stereotype" : null,
          "isDerived" : false,
          "isReadOnly" : false,
          "isOrdered" : false,
          "cardinality" : "*",
          "propertyType" : {
            "id" : "jPZ0Dz6GAqACAyLK",
            "type" : "Class"
          },
          "subsettedProperties" : null,
          "redefinedProperties" : null,
          "aggregationKind" : "SHARED"
        }, {
          "id" : "YH_MDz6GAqACAwmd",
          "name" : null,
          "description" : null,
          "type" : "Property",
          "propertyAssignments" : null,
          "stereotype" : null,
          "isDerived" : false,
          "isReadOnly" : false,
          "isOrdered" : false,
          "cardinality" : "*",
          "propertyType" : {
            "id" : "2TF0Dz6GAqACAyL6",
            "type" : "Class"
          },
          "subsettedProperties" : null,
          "redefinedProperties" : null,
          "aggregationKind" : "NONE"
        } ]
      }, {
        "id" : "LyAsDz6GAqACAwmk",
        "name" : null,
        "description" : null,
        "type" : "Relation",
        "propertyAssignments" : null,
        "stereotype" : null,
        "isAbstract" : false,
        "isDerived" : false,
        "properties" : [ {
          "id" : "LyAsDz6GAqACAwml",
          "name" : null,
          "description" : null,
          "type" : "Property",
          "propertyAssignments" : null,
          "stereotype" : null,
          "isDerived" : false,
          "isReadOnly" : false,
          "isOrdered" : false,
          "cardinality" : "*",
          "propertyType" : {
            "id" : "jPZ0Dz6GAqACAyLK",
            "type" : "Class"
          },
          "subsettedProperties" : null,
          "redefinedProperties" : null,
          "aggregationKind" : "SHARED"
        }, {
          "id" : "LyAsDz6GAqACAwmn",
          "name" : null,
          "description" : null,
          "type" : "Property",
          "propertyAssignments" : null,
          "stereotype" : null,
          "isDerived" : false,
          "isReadOnly" : false,
          "isOrdered" : false,
          "cardinality" : "*",
          "propertyType" : {
            "id" : "Kql0Dz6GAqACAyMI",
            "type" : "Class"
          },
          "subsettedProperties" : null,
          "redefinedProperties" : null,
          "aggregationKind" : "NONE"
        } ]
      }, {
        "id" : "vaTcDz6GAqACAwl1",
        "name" : "Georef_Images-TIFF",
        "description" : null,
        "type" : "Relation",
        "propertyAssignments" : null,
        "stereotype" : null,
        "isAbstract" : false,
        "isDerived" : false,
        "properties" : [ {
          "id" : "vaTcDz6GAqACAwl2",
          "name" : null,
          "description" : null,
          "type" : "Property",
          "propertyAssignments" : null,
          "stereotype" : null,
          "isDerived" : false,
          "isReadOnly" : false,
          "isOrdered" : false,
          "cardinality" : "*",
          "propertyType" : {
            "id" : "1Yx0Dz6GAqACAyJ2",
            "type" : "Class"
          },
          "subsettedProperties" : null,
          "redefinedProperties" : null,
          "aggregationKind" : "NONE"
        }, {
          "id" : "vaTcDz6GAqACAwl4",
          "name" : null,
          "description" : null,
          "type" : "Property",
          "propertyAssignments" : null,
          "stereotype" : null,
          "isDerived" : false,
          "isReadOnly" : false,
          "isOrdered" : false,
          "cardinality" : "*",
          "propertyType" : {
            "id" : "afx0Dz6GAqACAyKO",
            "type" : "Class"
          },
          "subsettedProperties" : null,
          "redefinedProperties" : null,
          "aggregationKind" : "NONE"
        } ]
      }, {
        "id" : "K8zcDz6GAqACAwmG",
        "name" : "Crop-Digital_Images",
        "description" : null,
        "type" : "Relation",
        "propertyAssignments" : null,
        "stereotype" : null,
        "isAbstract" : false,
        "isDerived" : false,
        "properties" : [ {
          "id" : "K8zcDz6GAqACAwmH",
          "name" : null,
          "description" : null,
          "type" : "Property",
          "propertyAssignments" : null,
          "stereotype" : null,
          "isDerived" : false,
          "isReadOnly" : false,
          "isOrdered" : false,
          "cardinality" : "*",
          "propertyType" : {
            "id" : "bcZ0Dz6GAqACAyK.",
            "type" : "Class"
          },
          "subsettedProperties" : null,
          "redefinedProperties" : null,
          "aggregationKind" : "NONE"
        }, {
          "id" : "K8zcDz6GAqACAwmJ",
          "name" : null,
          "description" : null,
          "type" : "Property",
          "propertyAssignments" : null,
          "stereotype" : null,
          "isDerived" : false,
          "isReadOnly" : false,
          "isOrdered" : false,
          "cardinality" : "*",
          "propertyType" : {
            "id" : "V5B0Dz6GAqACAyJc",
            "type" : "Class"
          },
          "subsettedProperties" : null,
          "redefinedProperties" : null,
          "aggregationKind" : "NONE"
        } ]
      }, {
        "id" : "LU_cDz6GAqACAwnX",
        "name" : "Crop-Other_Variables",
        "description" : null,
        "type" : "Relation",
        "propertyAssignments" : null,
        "stereotype" : null,
        "isAbstract" : false,
        "isDerived" : false,
        "properties" : [ {
          "id" : "LU_cDz6GAqACAwnY",
          "name" : null,
          "description" : null,
          "type" : "Property",
          "propertyAssignments" : null,
          "stereotype" : null,
          "isDerived" : false,
          "isReadOnly" : false,
          "isOrdered" : false,
          "cardinality" : "*",
          "propertyType" : {
            "id" : "bcZ0Dz6GAqACAyK.",
            "type" : "Class"
          },
          "subsettedProperties" : null,
          "redefinedProperties" : null,
          "aggregationKind" : "NONE"
        }, {
          "id" : "LU_cDz6GAqACAwna",
          "name" : "",
          "description" : null,
          "type" : "Property",
          "propertyAssignments" : null,
          "stereotype" : null,
          "isDerived" : false,
          "isReadOnly" : false,
          "isOrdered" : false,
          "cardinality" : "*",
          "propertyType" : {
            "id" : "vNJ0Dz6GAqACAyKa",
            "type" : "Class"
          },
          "subsettedProperties" : null,
          "redefinedProperties" : null,
          "aggregationKind" : "NONE"
        } ]
      }, {
        "id" : "7j_cDz6GAqACAwnh",
        "name" : "Crop-Climate_Station",
        "description" : null,
        "type" : "Relation",
        "propertyAssignments" : null,
        "stereotype" : null,
        "isAbstract" : false,
        "isDerived" : false,
        "properties" : [ {
          "id" : "7j_cDz6GAqACAwni",
          "name" : null,
          "description" : null,
          "type" : "Property",
          "propertyAssignments" : null,
          "stereotype" : null,
          "isDerived" : false,
          "isReadOnly" : false,
          "isOrdered" : false,
          "cardinality" : "*",
          "propertyType" : {
            "id" : "bcZ0Dz6GAqACAyK.",
            "type" : "Class"
          },
          "subsettedProperties" : null,
          "redefinedProperties" : null,
          "aggregationKind" : "NONE"
        }, {
          "id" : "7j_cDz6GAqACAwnk",
          "name" : null,
          "description" : null,
          "type" : "Property",
          "propertyAssignments" : null,
          "stereotype" : null,
          "isDerived" : false,
          "isReadOnly" : false,
          "isOrdered" : false,
          "cardinality" : "*",
          "propertyType" : {
            "id" : "jPZ0Dz6GAqACAyLK",
            "type" : "Class"
          },
          "subsettedProperties" : null,
          "redefinedProperties" : null,
          "aggregationKind" : "NONE"
        } ]
      } ]
    } ]
  },
  "diagrams" : [ {
    "id" : "EcC0Dz6GAqACAyIX",
    "name" : "Grain Production Ontology",
    "description" : null,
    "type" : "Diagram",
    "owner" : {
      "id" : "lqS0Dz6GAqACAyIe",
      "type" : "Package"
    },
    "contents" : [ {
      "id" : "bcZ0Dz6GAqACAyK9",
      "type" : "ClassView",
      "modelElement" : {
        "id" : "bcZ0Dz6GAqACAyK.",
        "type" : "Class"
      },
      "shape" : {
        "id" : "bcZ0Dz6GAqACAyK9_shape",
        "type" : "Rectangle",
        "x" : 685,
        "y" : 55,
        "width" : 80,
        "height" : 40
      }
    }, {
      "id" : "s0p0Dz6GAqACAyKl",
      "type" : "ClassView",
      "modelElement" : {
        "id" : "s0p0Dz6GAqACAyKm",
        "type" : "Class"
      },
      "shape" : {
        "id" : "s0p0Dz6GAqACAyKl_shape",
        "type" : "Rectangle",
        "x" : 301,
        "y" : 248,
        "width" : 170,
        "height" : 40
      }
    }, {
      "id" : "vNJ0Dz6GAqACAyKZ",
      "type" : "ClassView",
      "modelElement" : {
        "id" : "vNJ0Dz6GAqACAyKa",
        "type" : "Class"
      },
      "shape" : {
        "id" : "vNJ0Dz6GAqACAyKZ_shape",
        "type" : "Rectangle",
        "x" : 430,
        "y" : 165,
        "width" : 95,
        "height" : 40
      }
    }, {
      "id" : "afx0Dz6GAqACAyKN",
      "type" : "ClassView",
      "modelElement" : {
        "id" : "afx0Dz6GAqACAyKO",
        "type" : "Class"
      },
      "shape" : {
        "id" : "afx0Dz6GAqACAyKN_shape",
        "type" : "Rectangle",
        "x" : 178,
        "y" : 390,
        "width" : 91,
        "height" : 40
      }
    }, {
      "id" : "N6MMDz6GAqACAyPQ",
      "type" : "RelationView",
      "modelElement" : {
        "id" : "p6MMDz6GAqACAyPL",
        "type" : "Relation"
      },
      "shape" : {
        "id" : "N6MMDz6GAqACAyPQ_path",
        "type" : "Path",
        "points" : [ {
          "x" : 491,
          "y" : 359
        }, {
          "x" : 491,
          "y" : 414
        } ]
      },
      "source" : {
        "id" : "ZN50Dz6GAqACAyLV",
        "type" : "ClassView"
      },
      "target" : {
        "id" : "zHV0Dz6GAqACAyMT",
        "type" : "ClassView"
      }
    }, {
      "id" : "wT_cDz6GAqACAwnm",
      "type" : "RelationView",
      "modelElement" : {
        "id" : "7j_cDz6GAqACAwnh",
        "type" : "Relation"
      },
      "shape" : {
        "id" : "wT_cDz6GAqACAwnm_path",
        "type" : "Path",
        "points" : [ {
          "x" : 766,
          "y" : 75
        }, {
          "x" : 886,
          "y" : 75
        }, {
          "x" : 886,
          "y" : 164
        } ]
      },
      "source" : {
        "id" : "bcZ0Dz6GAqACAyK9",
        "type" : "ClassView"
      },
      "target" : {
        "id" : "DPZ0Dz6GAqACAyLJ",
        "type" : "ClassView"
      }
    }, {
      "id" : "y110Dz6GAqACAyMr",
      "type" : "ClassView",
      "modelElement" : {
        "id" : "K110Dz6GAqACAyMs",
        "type" : "Class"
      },
      "shape" : {
        "id" : "y110Dz6GAqACAyMr_shape",
        "type" : "Rectangle",
        "x" : 751,
        "y" : 414,
        "width" : 92,
        "height" : 40
      }
    }, {
      "id" : "qC10Dz6GAqACAyMf",
      "type" : "ClassView",
      "modelElement" : {
        "id" : "aC10Dz6GAqACAyMg",
        "type" : "Class"
      },
      "shape" : {
        "id" : "qC10Dz6GAqACAyMf_shape",
        "type" : "Rectangle",
        "x" : 593,
        "y" : 414,
        "width" : 91,
        "height" : 40
      }
    }, {
      "id" : "7kcMDz6GAqACAyP6",
      "type" : "RelationView",
      "modelElement" : {
        "id" : "jkcMDz6GAqACAyP1",
        "type" : "Relation"
      },
      "shape" : {
        "id" : "7kcMDz6GAqACAyP6_path",
        "type" : "Path",
        "points" : [ {
          "x" : 1078,
          "y" : 359
        }, {
          "x" : 1078,
          "y" : 414
        } ]
      },
      "source" : {
        "id" : "Kql0Dz6GAqACAyMH",
        "type" : "ClassView"
      },
      "target" : {
        "id" : "YON0Dz6GAqACAyM3",
        "type" : "ClassView"
      }
    }, {
      "id" : "YON0Dz6GAqACAyM3",
      "type" : "ClassView",
      "modelElement" : {
        "id" : "4ON0Dz6GAqACAyM4",
        "type" : "Class"
      },
      "shape" : {
        "id" : "YON0Dz6GAqACAyM3_shape",
        "type" : "Rectangle",
        "x" : 985,
        "y" : 414,
        "width" : 117,
        "height" : 40
      }
    }, {
      "id" : "28zcDz6GAqACAwmL",
      "type" : "RelationView",
      "modelElement" : {
        "id" : "K8zcDz6GAqACAwmG",
        "type" : "Relation"
      },
      "shape" : {
        "id" : "28zcDz6GAqACAwmL_path",
        "type" : "Path",
        "points" : [ {
          "x" : 685,
          "y" : 65
        }, {
          "x" : 214,
          "y" : 65
        }, {
          "x" : 214,
          "y" : 164
        } ]
      },
      "source" : {
        "id" : "bcZ0Dz6GAqACAyK9",
        "type" : "ClassView"
      },
      "target" : {
        "id" : "l5B0Dz6GAqACAyJb",
        "type" : "ClassView"
      }
    }, {
      "id" : "s770Dz6GAqACAyOb",
      "type" : "GeneralizationView",
      "modelElement" : {
        "id" : "k770Dz6GAqACAyOa",
        "type" : "Generalization"
      },
      "shape" : {
        "id" : "s770Dz6GAqACAyOb_path",
        "type" : "Path",
        "points" : [ {
          "x" : 214,
          "y" : 205
        }, {
          "x" : 214,
          "y" : 288
        } ]
      },
      "source" : {
        "id" : "l5B0Dz6GAqACAyJb",
        "type" : "ClassView"
      },
      "target" : {
        "id" : "1Yx0Dz6GAqACAyJ1",
        "type" : "ClassView"
      }
    }, {
      "id" : "dDMMDz6GAqACAyPc",
      "type" : "RelationView",
      "modelElement" : {
        "id" : "lDMMDz6GAqACAyPX",
        "type" : "Relation"
      },
      "shape" : {
        "id" : "dDMMDz6GAqACAyPc_path",
        "type" : "Path",
        "points" : [ {
          "x" : 638,
          "y" : 359
        }, {
          "x" : 638,
          "y" : 414
        } ]
      },
      "source" : {
        "id" : "vf50Dz6GAqACAyLh",
        "type" : "ClassView"
      },
      "target" : {
        "id" : "qC10Dz6GAqACAyMf",
        "type" : "ClassView"
      }
    }, {
      "id" : "_9X0Dz6GAqACAyOt",
      "type" : "GeneralizationView",
      "modelElement" : {
        "id" : "X9X0Dz6GAqACAyOs",
        "type" : "Generalization"
      },
      "shape" : {
        "id" : "_9X0Dz6GAqACAyOt_path",
        "type" : "Path",
        "points" : [ {
          "x" : 686,
          "y" : 95
        }, {
          "x" : 650,
          "y" : 126
        } ]
      },
      "source" : {
        "id" : "bcZ0Dz6GAqACAyK9",
        "type" : "ClassView"
      },
      "target" : {
        "id" : "Qbp0Dz6GAqACAyKx",
        "type" : "ClassView"
      }
    }, {
      "id" : "SH_MDz6GAqACAwmf",
      "type" : "RelationView",
      "modelElement" : {
        "id" : "YH_MDz6GAqACAwma",
        "type" : "Relation"
      },
      "shape" : {
        "id" : "SH_MDz6GAqACAwmf_path",
        "type" : "Path",
        "points" : [ {
          "x" : 896,
          "y" : 205
        }, {
          "x" : 896,
          "y" : 261
        }, {
          "x" : 961,
          "y" : 261
        }, {
          "x" : 961,
          "y" : 318
        } ]
      },
      "source" : {
        "id" : "DPZ0Dz6GAqACAyLJ",
        "type" : "ClassView"
      },
      "target" : {
        "id" : "WTF0Dz6GAqACAyL5",
        "type" : "ClassView"
      }
    }, {
      "id" : "8S_MDz6GAqACAwmV",
      "type" : "RelationView",
      "modelElement" : {
        "id" : "4S_MDz6GAqACAwmQ",
        "type" : "Relation"
      },
      "shape" : {
        "id" : "8S_MDz6GAqACAwmV_path",
        "type" : "Path",
        "points" : [ {
          "x" : 895,
          "y" : 205
        }, {
          "x" : 895,
          "y" : 261
        }, {
          "x" : 797,
          "y" : 261
        }, {
          "x" : 797,
          "y" : 318
        } ]
      },
      "source" : {
        "id" : "DPZ0Dz6GAqACAyLJ",
        "type" : "ClassView"
      },
      "target" : {
        "id" : "y2F0Dz6GAqACAyLt",
        "type" : "ClassView"
      }
    }, {
      "id" : "c6TcDz6GAqACAwmB",
      "type" : "RelationView",
      "modelElement" : {
        "id" : "vaTcDz6GAqACAwl1",
        "type" : "Relation"
      },
      "shape" : {
        "id" : "c6TcDz6GAqACAwmB_path",
        "type" : "Path",
        "points" : [ {
          "x" : 216,
          "y" : 329
        }, {
          "x" : 216,
          "y" : 389
        } ]
      },
      "source" : {
        "id" : "1Yx0Dz6GAqACAyJ1",
        "type" : "ClassView"
      },
      "target" : {
        "id" : "afx0Dz6GAqACAyKN",
        "type" : "ClassView"
      }
    }, {
      "id" : "y2F0Dz6GAqACAyLt",
      "type" : "ClassView",
      "modelElement" : {
        "id" : "y2F0Dz6GAqACAyLu",
        "type" : "Class"
      },
      "shape" : {
        "id" : "y2F0Dz6GAqACAyLt_shape",
        "type" : "Rectangle",
        "x" : 716,
        "y" : 318,
        "width" : 161,
        "height" : 40
      }
    }, {
      "id" : "l5B0Dz6GAqACAyJb",
      "type" : "ClassView",
      "modelElement" : {
        "id" : "V5B0Dz6GAqACAyJc",
        "type" : "Class"
      },
      "shape" : {
        "id" : "l5B0Dz6GAqACAyJb_shape",
        "type" : "Rectangle",
        "x" : 166,
        "y" : 165,
        "width" : 94,
        "height" : 40
      }
    }, {
      "id" : "Kql0Dz6GAqACAyMH",
      "type" : "ClassView",
      "modelElement" : {
        "id" : "Kql0Dz6GAqACAyMI",
        "type" : "Class"
      },
      "shape" : {
        "id" : "Kql0Dz6GAqACAyMH_shape",
        "type" : "Rectangle",
        "x" : 1045,
        "y" : 318,
        "width" : 141,
        "height" : 40
      }
    }, {
      "id" : "l8sMDz6GAqACAyPm",
      "type" : "RelationView",
      "modelElement" : {
        "id" : "x8sMDz6GAqACAyPh",
        "type" : "Relation"
      },
      "shape" : {
        "id" : "l8sMDz6GAqACAyPm_path",
        "type" : "Path",
        "points" : [ {
          "x" : 796,
          "y" : 359
        }, {
          "x" : 796,
          "y" : 414
        } ]
      },
      "source" : {
        "id" : "y2F0Dz6GAqACAyLt",
        "type" : "ClassView"
      },
      "target" : {
        "id" : "y110Dz6GAqACAyMr",
        "type" : "ClassView"
      }
    }, {
      "id" : "PU_cDz6GAqACAwnc",
      "type" : "RelationView",
      "modelElement" : {
        "id" : "LU_cDz6GAqACAwnX",
        "type" : "Relation"
      },
      "shape" : {
        "id" : "PU_cDz6GAqACAwnc_path",
        "type" : "Path",
        "points" : [ {
          "x" : 684,
          "y" : 65
        }, {
          "x" : 478,
          "y" : 65
        }, {
          "x" : 478,
          "y" : 164
        } ]
      },
      "source" : {
        "id" : "bcZ0Dz6GAqACAyK9",
        "type" : "ClassView"
      },
      "target" : {
        "id" : "vNJ0Dz6GAqACAyKZ",
        "type" : "ClassView"
      }
    }, {
      "id" : "ZN50Dz6GAqACAyLV",
      "type" : "ClassView",
      "modelElement" : {
        "id" : "ZN50Dz6GAqACAyLW",
        "type" : "Class"
      },
      "shape" : {
        "id" : "ZN50Dz6GAqACAyLV_shape",
        "type" : "Rectangle",
        "x" : 423,
        "y" : 318,
        "width" : 137,
        "height" : 40
      }
    }, {
      "id" : "IKAsDz6GAqACAwmp",
      "type" : "RelationView",
      "modelElement" : {
        "id" : "LyAsDz6GAqACAwmk",
        "type" : "Relation"
      },
      "shape" : {
        "id" : "IKAsDz6GAqACAwmp_path",
        "type" : "Path",
        "points" : [ {
          "x" : 895,
          "y" : 205
        }, {
          "x" : 895,
          "y" : 260
        }, {
          "x" : 1115,
          "y" : 260
        }, {
          "x" : 1115,
          "y" : 316
        } ]
      },
      "source" : {
        "id" : "DPZ0Dz6GAqACAyLJ",
        "type" : "ClassView"
      },
      "target" : {
        "id" : "Kql0Dz6GAqACAyMH",
        "type" : "ClassView"
      }
    }, {
      "id" : "Qbp0Dz6GAqACAyKx",
      "type" : "ClassView",
      "modelElement" : {
        "id" : "Qbp0Dz6GAqACAyKy",
        "type" : "Class"
      },
      "shape" : {
        "id" : "Qbp0Dz6GAqACAyKx_shape",
        "type" : "Rectangle",
        "x" : 561,
        "y" : 125,
        "width" : 88,
        "height" : 40
      }
    }, {
      "id" : "vf50Dz6GAqACAyLh",
      "type" : "ClassView",
      "modelElement" : {
        "id" : "ff50Dz6GAqACAyLi",
        "type" : "Class"
      },
      "shape" : {
        "id" : "vf50Dz6GAqACAyLh_shape",
        "type" : "Rectangle",
        "x" : 571,
        "y" : 318,
        "width" : 135,
        "height" : 40
      }
    }, {
      "id" : "DPZ0Dz6GAqACAyLJ",
      "type" : "ClassView",
      "modelElement" : {
        "id" : "jPZ0Dz6GAqACAyLK",
        "type" : "Class"
      },
      "shape" : {
        "id" : "DPZ0Dz6GAqACAyLJ_shape",
        "type" : "Rectangle",
        "x" : 846,
        "y" : 165,
        "width" : 99,
        "height" : 40
      }
    }, {
      "id" : "Wpx0Dz6GAqACAyKB",
      "type" : "ClassView",
      "modelElement" : {
        "id" : "Wpx0Dz6GAqACAyKC",
        "type" : "Class"
      },
      "shape" : {
        "id" : "Wpx0Dz6GAqACAyKB_shape",
        "type" : "Rectangle",
        "x" : 56,
        "y" : 390,
        "width" : 91,
        "height" : 40
      }
    }, {
      "id" : "1Yx0Dz6GAqACAyJ1",
      "type" : "ClassView",
      "modelElement" : {
        "id" : "1Yx0Dz6GAqACAyJ2",
        "type" : "Class"
      },
      "shape" : {
        "id" : "1Yx0Dz6GAqACAyJ1_shape",
        "type" : "Rectangle",
        "x" : 166,
        "y" : 288,
        "width" : 102,
        "height" : 40
      }
    }, {
      "id" : "zHV0Dz6GAqACAyMT",
      "type" : "ClassView",
      "modelElement" : {
        "id" : "zHV0Dz6GAqACAyMU",
        "type" : "Class"
      },
      "shape" : {
        "id" : "zHV0Dz6GAqACAyMT_shape",
        "type" : "Rectangle",
        "x" : 445,
        "y" : 414,
        "width" : 92,
        "height" : 40
      }
    }, {
      "id" : "l9sMDz6GAqACAyPw",
      "type" : "RelationView",
      "modelElement" : {
        "id" : "J9sMDz6GAqACAyPr",
        "type" : "Relation"
      },
      "shape" : {
        "id" : "l9sMDz6GAqACAyPw_path",
        "type" : "Path",
        "points" : [ {
          "x" : 1006,
          "y" : 359
        }, {
          "x" : 1006,
          "y" : 414
        } ]
      },
      "source" : {
        "id" : "WTF0Dz6GAqACAyL5",
        "type" : "ClassView"
      },
      "target" : {
        "id" : "YON0Dz6GAqACAyM3",
        "type" : "ClassView"
      }
    }, {
      "id" : "j6XMDz6GAqACAwlX",
      "type" : "RelationView",
      "modelElement" : {
        "id" : "Z6XMDz6GAqACAwlS",
        "type" : "Relation"
      },
      "shape" : {
        "id" : "j6XMDz6GAqACAwlX_path",
        "type" : "Path",
        "points" : [ {
          "x" : 165,
          "y" : 308
        }, {
          "x" : 102,
          "y" : 308
        }, {
          "x" : 102,
          "y" : 389
        } ]
      },
      "source" : {
        "id" : "1Yx0Dz6GAqACAyJ1",
        "type" : "ClassView"
      },
      "target" : {
        "id" : "Wpx0Dz6GAqACAyKB",
        "type" : "ClassView"
      }
    }, {
      "id" : "GbfMDz6GAqACAwmL",
      "type" : "RelationView",
      "modelElement" : {
        "id" : "cbfMDz6GAqACAwmG",
        "type" : "Relation"
      },
      "shape" : {
        "id" : "GbfMDz6GAqACAwmL_path",
        "type" : "Path",
        "points" : [ {
          "x" : 896,
          "y" : 205
        }, {
          "x" : 896,
          "y" : 261
        }, {
          "x" : 638,
          "y" : 261
        }, {
          "x" : 638,
          "y" : 318
        } ]
      },
      "source" : {
        "id" : "DPZ0Dz6GAqACAyLJ",
        "type" : "ClassView"
      },
      "target" : {
        "id" : "vf50Dz6GAqACAyLh",
        "type" : "ClassView"
      }
    }, {
      "id" : "iGfMDz6GAqACAwmB",
      "type" : "RelationView",
      "modelElement" : {
        "id" : "0GfMDz6GAqACAwl8",
        "type" : "Relation"
      },
      "shape" : {
        "id" : "iGfMDz6GAqACAwmB_path",
        "type" : "Path",
        "points" : [ {
          "x" : 895,
          "y" : 205
        }, {
          "x" : 895,
          "y" : 261
        }, {
          "x" : 497,
          "y" : 261
        }, {
          "x" : 497,
          "y" : 318
        } ]
      },
      "source" : {
        "id" : "DPZ0Dz6GAqACAyLJ",
        "type" : "ClassView"
      },
      "target" : {
        "id" : "ZN50Dz6GAqACAyLV",
        "type" : "ClassView"
      }
    }, {
      "id" : "MP3MDz6GAqACAwll",
      "type" : "RelationView",
      "modelElement" : {
        "id" : "IP3MDz6GAqACAwlg",
        "type" : "Relation"
      },
      "shape" : {
        "id" : "MP3MDz6GAqACAwll_path",
        "type" : "Path",
        "points" : [ {
          "x" : 431,
          "y" : 185
        }, {
          "x" : 385,
          "y" : 185
        }, {
          "x" : 385,
          "y" : 248
        } ]
      },
      "source" : {
        "id" : "vNJ0Dz6GAqACAyKZ",
        "type" : "ClassView"
      },
      "target" : {
        "id" : "s0p0Dz6GAqACAyKl",
        "type" : "ClassView"
      }
    }, {
      "id" : "WTF0Dz6GAqACAyL5",
      "type" : "ClassView",
      "modelElement" : {
        "id" : "2TF0Dz6GAqACAyL6",
        "type" : "Class"
      },
      "shape" : {
        "id" : "WTF0Dz6GAqACAyL5_shape",
        "type" : "Rectangle",
        "x" : 890,
        "y" : 318,
        "width" : 145,
        "height" : 40
      }
    } ]
  } ]
}