{
  "id" : "SCQeFn6GAqACAwWs",
  "name" : "ontology",
  "description" : null,
  "type" : "Project",
  "model" : {
    "id" : "SCQeFn6GAqACAwWs_root",
    "name" : "ontology",
    "description" : null,
    "type" : "Package",
    "propertyAssignments" : null,
    "contents" : [ {
      "id" : "2CxeFn6GAqACAwmV",
      "name" : "Global Observation System",
      "description" : null,
      "type" : "Class",
      "propertyAssignments" : null,
      "stereotype" : "kind",
      "isAbstract" : false,
      "isDerived" : false,
      "properties" : null,
      "isExtensional" : null,
      "isPowertype" : null,
      "order" : null,
      "literals" : null,
      "restrictedTo" : [ "functional-complex" ]
    }, {
      "id" : "kOpeFn6GAqACAwmb",
      "name" : "Meteorological Parameters",
      "description" : null,
      "type" : "Class",
      "propertyAssignments" : null,
      "stereotype" : "kind",
      "isAbstract" : false,
      "isDerived" : false,
      "properties" : null,
      "isExtensional" : null,
      "isPowertype" : null,
      "order" : null,
      "literals" : null,
      "restrictedTo" : [ "functional-complex" ]
    }, {
      "id" : "UZZeFn6GAqACAwmp",
      "name" : "Local Data Manager",
      "description" : null,
      "type" : "Class",
      "propertyAssignments" : null,
      "stereotype" : "role",
      "isAbstract" : false,
      "isDerived" : false,
      "properties" : null,
      "isExtensional" : false,
      "isPowertype" : null,
      "order" : null,
      "literals" : null,
      "restrictedTo" : [ "functional-complex" ]
    }, {
      "id" : "eGleFn6GAqACAwm4",
      "name" : "Relative Humidity",
      "description" : null,
      "type" : "Class",
      "propertyAssignments" : null,
      "stereotype" : "subkind",
      "isAbstract" : false,
      "isDerived" : false,
      "properties" : null,
      "isExtensional" : false,
      "isPowertype" : null,
      "order" : null,
      "literals" : null,
      "restrictedTo" : [ "functional-complex" ]
    }, {
      "id" : "6N1eFn6GAqACAwm.",
      "name" : "Precipitation",
      "description" : null,
      "type" : "Class",
      "propertyAssignments" : null,
      "stereotype" : "subkind",
      "isAbstract" : false,
      "isDerived" : false,
      "properties" : null,
      "isExtensional" : false,
      "isPowertype" : null,
      "order" : null,
      "literals" : null,
      "restrictedTo" : [ "functional-complex" ]
    }, {
      "id" : "BrNeFn6GAqACAwnM",
      "name" : "Surface Wind",
      "description" : null,
      "type" : "Class",
      "propertyAssignments" : null,
      "stereotype" : "subkind",
      "isAbstract" : false,
      "isDerived" : false,
      "properties" : null,
      "isExtensional" : false,
      "isPowertype" : null,
      "order" : null,
      "literals" : null,
      "restrictedTo" : [ "functional-complex" ]
    }, {
      "id" : "t1teFn6GAqACAwnU",
      "name" : "Temperature",
      "description" : null,
      "type" : "Class",
      "propertyAssignments" : null,
      "stereotype" : "subkind",
      "isAbstract" : false,
      "isDerived" : false,
      "properties" : null,
      "isExtensional" : false,
      "isPowertype" : null,
      "order" : null,
      "literals" : null,
      "restrictedTo" : [ "functional-complex" ]
    }, {
      "id" : "IS9eFn6GAqACAwnc",
      "name" : "Atmospheric Pressure",
      "description" : null,
      "type" : "Class",
      "propertyAssignments" : null,
      "stereotype" : "subkind",
      "isAbstract" : false,
      "isDerived" : false,
      "properties" : null,
      "isExtensional" : false,
      "isPowertype" : null,
      "order" : null,
      "literals" : null,
      "restrictedTo" : [ "functional-complex" ]
    }, {
      "id" : "SCTeFn6GAqACAwno",
      "name" : "Software Agent",
      "description" : null,
      "type" : "Class",
      "propertyAssignments" : null,
      "stereotype" : "kind",
      "isAbstract" : false,
      "isDerived" : false,
      "properties" : null,
      "isExtensional" : null,
      "isPowertype" : null,
      "order" : null,
      "literals" : null,
      "restrictedTo" : [ "functional-complex" ]
    }, {
      "id" : "rK0BFn6GAqACAwqs",
      "name" : "Cloudiness",
      "description" : null,
      "type" : "Class",
      "propertyAssignments" : null,
      "stereotype" : "subkind",
      "isAbstract" : false,
      "isDerived" : false,
      "properties" : null,
      "isExtensional" : false,
      "isPowertype" : null,
      "order" : null,
      "literals" : null,
      "restrictedTo" : [ "functional-complex" ]
    }, {
      "id" : "4ZDBFn6GAqACAwsp",
      "name" : "Numerical Weather Prediction Models",
      "description" : null,
      "type" : "Class",
      "propertyAssignments" : null,
      "stereotype" : "kind",
      "isAbstract" : false,
      "isDerived" : false,
      "properties" : null,
      "isExtensional" : null,
      "isPowertype" : null,
      "order" : null,
      "literals" : null,
      "restrictedTo" : [ "functional-complex" ]
    }, {
      "id" : "khTBFn6GAqACAws1",
      "name" : "World Numerical Models",
      "description" : null,
      "type" : "Class",
      "propertyAssignments" : null,
      "stereotype" : "subkind",
      "isAbstract" : false,
      "isDerived" : false,
      "properties" : null,
      "isExtensional" : false,
      "isPowertype" : null,
      "order" : null,
      "literals" : null,
      "restrictedTo" : [ "functional-complex" ]
    }, {
      "id" : "sqzBFn6GAqACAws9",
      "name" : "Regional Numerical Models",
      "description" : null,
      "type" : "Class",
      "propertyAssignments" : null,
      "stereotype" : "subkind",
      "isAbstract" : false,
      "isDerived" : false,
      "properties" : null,
      "isExtensional" : false,
      "isPowertype" : null,
      "order" : null,
      "literals" : null,
      "restrictedTo" : [ "functional-complex" ]
    }, {
      "id" : "atLBFn6GAqACAwtJ",
      "name" : "Spatial Thing",
      "description" : null,
      "type" : "Class",
      "propertyAssignments" : null,
      "stereotype" : "category",
      "isAbstract" : false,
      "isDerived" : false,
      "properties" : null,
      "isExtensional" : false,
      "isPowertype" : null,
      "order" : null,
      "literals" : null,
      "restrictedTo" : [ "functional-complex" ]
    }, {
      "id" : "tGbBFn6GAqACAwtZ",
      "name" : "Geographic Object",
      "description" : null,
      "type" : "Class",
      "propertyAssignments" : null,
      "stereotype" : "kind",
      "isAbstract" : false,
      "isDerived" : false,
      "properties" : null,
      "isExtensional" : null,
      "isPowertype" : null,
      "order" : null,
      "literals" : null,
      "restrictedTo" : [ "functional-complex" ]
    }, {
      "id" : "0C7BFn6GAqACAwtj",
      "name" : "Geographic Coverage",
      "description" : null,
      "type" : "Class",
      "propertyAssignments" : null,
      "stereotype" : "kind",
      "isAbstract" : false,
      "isDerived" : false,
      "properties" : null,
      "isExtensional" : null,
      "isPowertype" : null,
      "order" : null,
      "literals" : null,
      "restrictedTo" : [ "functional-complex" ]
    }, {
      "id" : "H9nBFn6GAqACAwtt",
      "name" : "Point",
      "description" : null,
      "type" : "Class",
      "propertyAssignments" : null,
      "stereotype" : "subkind",
      "isAbstract" : false,
      "isDerived" : false,
      "properties" : null,
      "isExtensional" : false,
      "isPowertype" : null,
      "order" : null,
      "literals" : null,
      "restrictedTo" : [ "functional-complex" ]
    }, {
      "id" : "XcPBFn6GAqACAwt7",
      "name" : "Line",
      "description" : null,
      "type" : "Class",
      "propertyAssignments" : null,
      "stereotype" : "subkind",
      "isAbstract" : false,
      "isDerived" : false,
      "properties" : null,
      "isExtensional" : false,
      "isPowertype" : null,
      "order" : null,
      "literals" : null,
      "restrictedTo" : [ "functional-complex" ]
    }, {
      "id" : "nVvBFn6GAqACAwuJ",
      "name" : "Polygon",
      "description" : null,
      "type" : "Class",
      "propertyAssignments" : null,
      "stereotype" : "subkind",
      "isAbstract" : false,
      "isDerived" : false,
      "properties" : null,
      "isExtensional" : false,
      "isPowertype" : null,
      "order" : null,
      "literals" : null,
      "restrictedTo" : [ "functional-complex" ]
    }, {
      "id" : "pQTRFn6GAqACAwxz",
      "name" : "National Meteorological Service",
      "description" : null,
      "type" : "Class",
      "propertyAssignments" : null,
      "stereotype" : "kind",
      "isAbstract" : false,
      "isDerived" : false,
      "properties" : null,
      "isExtensional" : null,
      "isPowertype" : null,
      "order" : null,
      "literals" : null,
      "restrictedTo" : [ "functional-complex" ]
    }, {
      "id" : "lCLRFn6GAqACAwx5",
      "name" : "Air Temperature",
      "description" : null,
      "type" : "Class",
      "propertyAssignments" : null,
      "stereotype" : "kind",
      "isAbstract" : false,
      "isDerived" : false,
      "properties" : null,
      "isExtensional" : null,
      "isPowertype" : null,
      "order" : null,
      "literals" : null,
      "restrictedTo" : [ "functional-complex" ]
    }, {
      "id" : "i2rRFn6GAqACAwyB",
      "name" : "Sea Surface",
      "description" : null,
      "type" : "Class",
      "propertyAssignments" : null,
      "stereotype" : "kind",
      "isAbstract" : false,
      "isDerived" : false,
      "properties" : null,
      "isExtensional" : null,
      "isPowertype" : null,
      "order" : null,
      "literals" : null,
      "restrictedTo" : [ "functional-complex" ]
    }, {
      "id" : "5XWJFn6GAqACAwyZ",
      "name" : "Weather Forecaster",
      "description" : null,
      "type" : "Class",
      "propertyAssignments" : null,
      "stereotype" : "role",
      "isAbstract" : false,
      "isDerived" : false,
      "properties" : null,
      "isExtensional" : false,
      "isPowertype" : null,
      "order" : null,
      "literals" : null,
      "restrictedTo" : [ "functional-complex" ]
    }, {
      "id" : "SUOJFn6GAqACAwyl",
      "name" : "Weather Forecast",
      "description" : null,
      "type" : "Class",
      "propertyAssignments" : null,
      "stereotype" : "kind",
      "isAbstract" : false,
      "isDerived" : false,
      "properties" : null,
      "isExtensional" : null,
      "isPowertype" : null,
      "order" : null,
      "literals" : null,
      "restrictedTo" : [ "functional-complex" ]
    }, {
      "id" : "AsuJFn6GAqACAwyz",
      "name" : "Person",
      "description" : null,
      "type" : "Class",
      "propertyAssignments" : null,
      "stereotype" : "kind",
      "isAbstract" : false,
      "isDerived" : false,
      "properties" : null,
      "isExtensional" : null,
      "isPowertype" : null,
      "order" : null,
      "literals" : null,
      "restrictedTo" : [ "functional-complex" ]
    }, {
      "id" : "VAxJFn6GAqACAwzF",
      "name" : "Weather Reports",
      "description" : null,
      "type" : "Class",
      "propertyAssignments" : null,
      "stereotype" : "datatype",
      "isAbstract" : false,
      "isDerived" : false,
      "properties" : [ {
        "id" : "Z1qCNn6GAqACAw10",
        "name" : "Spatial Things",
        "description" : null,
        "type" : "Property",
        "propertyAssignments" : null,
        "stereotype" : null,
        "isDerived" : false,
        "isReadOnly" : false,
        "isOrdered" : false,
        "cardinality" : null,
        "propertyType" : null,
        "subsettedProperties" : null,
        "redefinedProperties" : null,
        "aggregationKind" : "NONE"
      }, {
        "id" : "Rc6CNn6GAqACAw13",
        "name" : "Timestamp",
        "description" : null,
        "type" : "Property",
        "propertyAssignments" : null,
        "stereotype" : null,
        "isDerived" : false,
        "isReadOnly" : false,
        "isOrdered" : false,
        "cardinality" : null,
        "propertyType" : null,
        "subsettedProperties" : null,
        "redefinedProperties" : null,
        "aggregationKind" : "NONE"
      }, {
        "id" : "4OGCNn6GAqACAw16",
        "name" : "Warnings",
        "description" : null,
        "type" : "Property",
        "propertyAssignments" : null,
        "stereotype" : null,
        "isDerived" : false,
        "isReadOnly" : false,
        "isOrdered" : false,
        "cardinality" : null,
        "propertyType" : null,
        "subsettedProperties" : null,
        "redefinedProperties" : null,
        "aggregationKind" : "NONE"
      } ],
      "isExtensional" : null,
      "isPowertype" : null,
      "order" : null,
      "literals" : null,
      "restrictedTo" : [ "abstract" ]
    }, {
      "id" : "_7BCNn6GAqACAw2h",
      "name" : "Time Interval",
      "description" : null,
      "type" : "Class",
      "propertyAssignments" : null,
      "stereotype" : "kind",
      "isAbstract" : false,
      "isDerived" : false,
      "properties" : null,
      "isExtensional" : null,
      "isPowertype" : null,
      "order" : null,
      "literals" : null,
      "restrictedTo" : [ "functional-complex" ]
    }, {
      "id" : "bR5CNn6GAqACAw29",
      "name" : "Weather Forecast Time Point",
      "description" : null,
      "type" : "Class",
      "propertyAssignments" : null,
      "stereotype" : "TimePoint",
      "isAbstract" : false,
      "isDerived" : false,
      "properties" : null,
      "isExtensional" : null,
      "isPowertype" : null,
      "order" : null,
      "literals" : null,
      "restrictedTo" : null
    }, {
      "id" : "NUfiNn6GAqACAw5X",
      "name" : "Severe Weather Event Moment",
      "description" : null,
      "type" : "Class",
      "propertyAssignments" : null,
      "stereotype" : "TimePoint",
      "isAbstract" : false,
      "isDerived" : false,
      "properties" : null,
      "isExtensional" : null,
      "isPowertype" : null,
      "order" : null,
      "literals" : null,
      "restrictedTo" : null
    }, {
      "id" : "Sr_iNn6GAqACAw5j",
      "name" : "Damage",
      "description" : null,
      "type" : "Class",
      "propertyAssignments" : null,
      "stereotype" : "situation",
      "isAbstract" : false,
      "isDerived" : false,
      "properties" : null,
      "isExtensional" : null,
      "isPowertype" : null,
      "order" : null,
      "literals" : null,
      "restrictedTo" : [ "situation" ]
    }, {
      "id" : "b3ASNn6GAqACAw5x",
      "name" : "VIctim",
      "description" : null,
      "type" : "Class",
      "propertyAssignments" : null,
      "stereotype" : "role",
      "isAbstract" : false,
      "isDerived" : false,
      "properties" : null,
      "isExtensional" : false,
      "isPowertype" : null,
      "order" : null,
      "literals" : null,
      "restrictedTo" : [ "functional-complex" ]
    }, {
      "id" : "L6QSNn6GAqACAw55",
      "name" : "Material Property",
      "description" : null,
      "type" : "Class",
      "propertyAssignments" : null,
      "stereotype" : "role",
      "isAbstract" : false,
      "isDerived" : false,
      "properties" : null,
      "isExtensional" : false,
      "isPowertype" : null,
      "order" : null,
      "literals" : null,
      "restrictedTo" : [ "functional-complex" ]
    }, {
      "id" : "HwUSNn6GAqACAw6J",
      "name" : "Severe Weather Events",
      "description" : null,
      "type" : "Class",
      "propertyAssignments" : null,
      "stereotype" : "event",
      "isAbstract" : false,
      "isDerived" : false,
      "properties" : null,
      "isExtensional" : null,
      "isPowertype" : null,
      "order" : null,
      "literals" : null,
      "restrictedTo" : [ "event" ]
    }, {
      "id" : "XssSNn6GAqACAw6R",
      "name" : "Severe Weather Indicators",
      "description" : null,
      "type" : "Class",
      "propertyAssignments" : null,
      "stereotype" : "situation",
      "isAbstract" : false,
      "isDerived" : false,
      "properties" : null,
      "isExtensional" : null,
      "isPowertype" : null,
      "order" : null,
      "literals" : null,
      "restrictedTo" : [ "situation" ]
    }, {
      "id" : "iZwyNn6GAqACAw86",
      "name" : "Property",
      "description" : null,
      "type" : "Class",
      "propertyAssignments" : null,
      "stereotype" : "kind",
      "isAbstract" : false,
      "isDerived" : false,
      "properties" : null,
      "isExtensional" : null,
      "isPowertype" : null,
      "order" : null,
      "literals" : null,
      "restrictedTo" : [ "functional-complex" ]
    }, {
      "id" : "ceD.Fn6GAqACAwpj",
      "name" : null,
      "description" : null,
      "type" : "Generalization",
      "propertyAssignments" : null,
      "general" : {
        "id" : "SCTeFn6GAqACAwno",
        "type" : "Class"
      },
      "specific" : {
        "id" : "UZZeFn6GAqACAwmp",
        "type" : "Class"
      }
    }, {
      "id" : "a8qBFn6GAqACAwre",
      "name" : null,
      "description" : null,
      "type" : "Generalization",
      "propertyAssignments" : null,
      "general" : {
        "id" : "kOpeFn6GAqACAwmb",
        "type" : "Class"
      },
      "specific" : {
        "id" : "eGleFn6GAqACAwm4",
        "type" : "Class"
      }
    }, {
      "id" : "CY6BFn6GAqACAwrk",
      "name" : null,
      "description" : null,
      "type" : "Generalization",
      "propertyAssignments" : null,
      "general" : {
        "id" : "kOpeFn6GAqACAwmb",
        "type" : "Class"
      },
      "specific" : {
        "id" : "6N1eFn6GAqACAwm.",
        "type" : "Class"
      }
    }, {
      "id" : "_KWBFn6GAqACAwrs",
      "name" : null,
      "description" : null,
      "type" : "Generalization",
      "propertyAssignments" : null,
      "general" : {
        "id" : "kOpeFn6GAqACAwmb",
        "type" : "Class"
      },
      "specific" : {
        "id" : "BrNeFn6GAqACAwnM",
        "type" : "Class"
      }
    }, {
      "id" : "LxeBFn6GAqACAwr4",
      "name" : null,
      "description" : null,
      "type" : "Generalization",
      "propertyAssignments" : null,
      "general" : {
        "id" : "kOpeFn6GAqACAwmb",
        "type" : "Class"
      },
      "specific" : {
        "id" : "t1teFn6GAqACAwnU",
        "type" : "Class"
      }
    }, {
      "id" : "g4ZBFn6GAqACAwsU",
      "name" : null,
      "description" : null,
      "type" : "Generalization",
      "propertyAssignments" : null,
      "general" : {
        "id" : "kOpeFn6GAqACAwmb",
        "type" : "Class"
      },
      "specific" : {
        "id" : "IS9eFn6GAqACAwnc",
        "type" : "Class"
      }
    }, {
      "id" : "PFVBFn6GAqACAwse",
      "name" : null,
      "description" : null,
      "type" : "Generalization",
      "propertyAssignments" : null,
      "general" : {
        "id" : "kOpeFn6GAqACAwmb",
        "type" : "Class"
      },
      "specific" : {
        "id" : "rK0BFn6GAqACAwqs",
        "type" : "Class"
      }
    }, {
      "id" : "3KgRFn6GAqACAwvh",
      "name" : null,
      "description" : null,
      "type" : "Generalization",
      "propertyAssignments" : null,
      "general" : {
        "id" : "4ZDBFn6GAqACAwsp",
        "type" : "Class"
      },
      "specific" : {
        "id" : "khTBFn6GAqACAws1",
        "type" : "Class"
      }
    }, {
      "id" : "RHQRFn6GAqACAwvl",
      "name" : null,
      "description" : null,
      "type" : "Generalization",
      "propertyAssignments" : null,
      "general" : {
        "id" : "4ZDBFn6GAqACAwsp",
        "type" : "Class"
      },
      "specific" : {
        "id" : "sqzBFn6GAqACAws9",
        "type" : "Class"
      }
    }, {
      "id" : "LpSRFn6GAqACAwwW",
      "name" : null,
      "description" : null,
      "type" : "Generalization",
      "propertyAssignments" : null,
      "general" : {
        "id" : "atLBFn6GAqACAwtJ",
        "type" : "Class"
      },
      "specific" : {
        "id" : "tGbBFn6GAqACAwtZ",
        "type" : "Class"
      }
    }, {
      "id" : "TlKRFn6GAqACAwwc",
      "name" : null,
      "description" : null,
      "type" : "Generalization",
      "propertyAssignments" : null,
      "general" : {
        "id" : "atLBFn6GAqACAwtJ",
        "type" : "Class"
      },
      "specific" : {
        "id" : "0C7BFn6GAqACAwtj",
        "type" : "Class"
      }
    }, {
      "id" : "_8BRFn6GAqACAwxI",
      "name" : null,
      "description" : null,
      "type" : "Generalization",
      "propertyAssignments" : null,
      "general" : {
        "id" : "tGbBFn6GAqACAwtZ",
        "type" : "Class"
      },
      "specific" : {
        "id" : "H9nBFn6GAqACAwtt",
        "type" : "Class"
      }
    }, {
      "id" : "JJRRFn6GAqACAwxO",
      "name" : null,
      "description" : null,
      "type" : "Generalization",
      "propertyAssignments" : null,
      "general" : {
        "id" : "tGbBFn6GAqACAwtZ",
        "type" : "Class"
      },
      "specific" : {
        "id" : "XcPBFn6GAqACAwt7",
        "type" : "Class"
      }
    }, {
      "id" : "hwpRFn6GAqACAwxa",
      "name" : null,
      "description" : null,
      "type" : "Generalization",
      "propertyAssignments" : null,
      "general" : {
        "id" : "tGbBFn6GAqACAwtZ",
        "type" : "Class"
      },
      "specific" : {
        "id" : "nVvBFn6GAqACAwuJ",
        "type" : "Class"
      }
    }, {
      "id" : "K9TJFn6GAqACAwzv",
      "name" : null,
      "description" : null,
      "type" : "Generalization",
      "propertyAssignments" : null,
      "general" : {
        "id" : "t1teFn6GAqACAwnU",
        "type" : "Class"
      },
      "specific" : {
        "id" : "lCLRFn6GAqACAwx5",
        "type" : "Class"
      }
    }, {
      "id" : "nBrJFn6GAqACAwz6",
      "name" : null,
      "description" : null,
      "type" : "Generalization",
      "propertyAssignments" : null,
      "general" : {
        "id" : "t1teFn6GAqACAwnU",
        "type" : "Class"
      },
      "specific" : {
        "id" : "i2rRFn6GAqACAwyB",
        "type" : "Class"
      }
    }, {
      "id" : "jv9pFn6GAqACAw1X",
      "name" : null,
      "description" : null,
      "type" : "Generalization",
      "propertyAssignments" : null,
      "general" : {
        "id" : "AsuJFn6GAqACAwyz",
        "type" : "Class"
      },
      "specific" : {
        "id" : "5XWJFn6GAqACAwyZ",
        "type" : "Class"
      }
    }, {
      "id" : "A0aKNn6GAqACAxAV",
      "name" : null,
      "description" : null,
      "type" : "Generalization",
      "propertyAssignments" : null,
      "general" : {
        "id" : "iZwyNn6GAqACAw86",
        "type" : "Class"
      },
      "specific" : {
        "id" : "L6QSNn6GAqACAw55",
        "type" : "Class"
      }
    }, {
      "id" : "FfVKNn6GAqACAxBc",
      "name" : null,
      "description" : null,
      "type" : "Generalization",
      "propertyAssignments" : null,
      "general" : {
        "id" : "AsuJFn6GAqACAwyz",
        "type" : "Class"
      },
      "specific" : {
        "id" : "b3ASNn6GAqACAw5x",
        "type" : "Class"
      }
    }, {
      "id" : "xRXeFn6GAqACAwoM",
      "name" : "observe",
      "description" : null,
      "type" : "Relation",
      "propertyAssignments" : null,
      "stereotype" : null,
      "isAbstract" : false,
      "isDerived" : false,
      "properties" : [ {
        "id" : "VRXeFn6GAqACAwoO",
        "name" : null,
        "description" : null,
        "type" : "Property",
        "propertyAssignments" : null,
        "stereotype" : null,
        "isDerived" : false,
        "isReadOnly" : false,
        "isOrdered" : false,
        "cardinality" : "*",
        "propertyType" : {
          "id" : "2CxeFn6GAqACAwmV",
          "type" : "Class"
        },
        "subsettedProperties" : null,
        "redefinedProperties" : null,
        "aggregationKind" : "NONE"
      }, {
        "id" : "NRXeFn6GAqACAwoR",
        "name" : null,
        "description" : null,
        "type" : "Property",
        "propertyAssignments" : null,
        "stereotype" : null,
        "isDerived" : false,
        "isReadOnly" : false,
        "isOrdered" : false,
        "cardinality" : "*",
        "propertyType" : {
          "id" : "kOpeFn6GAqACAwmb",
          "type" : "Class"
        },
        "subsettedProperties" : null,
        "redefinedProperties" : null,
        "aggregationKind" : "NONE"
      } ]
    }, {
      "id" : "Zao.Fn6GAqACAwoj",
      "name" : "received by",
      "description" : null,
      "type" : "Relation",
      "propertyAssignments" : null,
      "stereotype" : null,
      "isAbstract" : false,
      "isDerived" : false,
      "properties" : [ {
        "id" : "Zao.Fn6GAqACAwok",
        "name" : null,
        "description" : null,
        "type" : "Property",
        "propertyAssignments" : null,
        "stereotype" : null,
        "isDerived" : false,
        "isReadOnly" : false,
        "isOrdered" : false,
        "cardinality" : "*",
        "propertyType" : {
          "id" : "kOpeFn6GAqACAwmb",
          "type" : "Class"
        },
        "subsettedProperties" : null,
        "redefinedProperties" : null,
        "aggregationKind" : "NONE"
      }, {
        "id" : "Zao.Fn6GAqACAwom",
        "name" : null,
        "description" : null,
        "type" : "Property",
        "propertyAssignments" : null,
        "stereotype" : null,
        "isDerived" : false,
        "isReadOnly" : false,
        "isOrdered" : false,
        "cardinality" : "*",
        "propertyType" : {
          "id" : "UZZeFn6GAqACAwmp",
          "type" : "Class"
        },
        "subsettedProperties" : null,
        "redefinedProperties" : null,
        "aggregationKind" : "NONE"
      } ]
    }, {
      "id" : "kX8hFn6GAqACAwvE",
      "name" : "input data",
      "description" : null,
      "type" : "Relation",
      "propertyAssignments" : null,
      "stereotype" : null,
      "isAbstract" : false,
      "isDerived" : false,
      "properties" : [ {
        "id" : "kX8hFn6GAqACAwvF",
        "name" : null,
        "description" : null,
        "type" : "Property",
        "propertyAssignments" : null,
        "stereotype" : null,
        "isDerived" : false,
        "isReadOnly" : false,
        "isOrdered" : false,
        "cardinality" : "*",
        "propertyType" : {
          "id" : "khTBFn6GAqACAws1",
          "type" : "Class"
        },
        "subsettedProperties" : null,
        "redefinedProperties" : null,
        "aggregationKind" : "NONE"
      }, {
        "id" : "kX8hFn6GAqACAwvH",
        "name" : null,
        "description" : null,
        "type" : "Property",
        "propertyAssignments" : null,
        "stereotype" : null,
        "isDerived" : false,
        "isReadOnly" : false,
        "isOrdered" : false,
        "cardinality" : "*",
        "propertyType" : {
          "id" : "sqzBFn6GAqACAws9",
          "type" : "Class"
        },
        "subsettedProperties" : null,
        "redefinedProperties" : null,
        "aggregationKind" : "NONE"
      } ]
    }, {
      "id" : "gZlRFn6GAqACAwxk",
      "name" : "boundary by",
      "description" : null,
      "type" : "Relation",
      "propertyAssignments" : null,
      "stereotype" : null,
      "isAbstract" : false,
      "isDerived" : false,
      "properties" : [ {
        "id" : "gZlRFn6GAqACAwxl",
        "name" : null,
        "description" : null,
        "type" : "Property",
        "propertyAssignments" : null,
        "stereotype" : null,
        "isDerived" : false,
        "isReadOnly" : false,
        "isOrdered" : false,
        "cardinality" : "*",
        "propertyType" : {
          "id" : "0C7BFn6GAqACAwtj",
          "type" : "Class"
        },
        "subsettedProperties" : null,
        "redefinedProperties" : null,
        "aggregationKind" : "NONE"
      }, {
        "id" : "gZlRFn6GAqACAwxn",
        "name" : null,
        "description" : null,
        "type" : "Property",
        "propertyAssignments" : null,
        "stereotype" : null,
        "isDerived" : false,
        "isReadOnly" : false,
        "isOrdered" : false,
        "cardinality" : "*",
        "propertyType" : {
          "id" : "nVvBFn6GAqACAwuJ",
          "type" : "Class"
        },
        "subsettedProperties" : null,
        "redefinedProperties" : null,
        "aggregationKind" : "NONE"
      } ]
    }, {
      "id" : "IqNpFn6GAqACAw0_",
      "name" : null,
      "description" : null,
      "type" : "Relation",
      "propertyAssignments" : null,
      "stereotype" : null,
      "isAbstract" : false,
      "isDerived" : false,
      "properties" : [ {
        "id" : "IqNpFn6GAqACAw1A",
        "name" : null,
        "description" : null,
        "type" : "Property",
        "propertyAssignments" : null,
        "stereotype" : null,
        "isDerived" : false,
        "isReadOnly" : false,
        "isOrdered" : false,
        "cardinality" : "*",
        "propertyType" : {
          "id" : "pQTRFn6GAqACAwxz",
          "type" : "Class"
        },
        "subsettedProperties" : null,
        "redefinedProperties" : null,
        "aggregationKind" : "NONE"
      }, {
        "id" : "IqNpFn6GAqACAw1C",
        "name" : null,
        "description" : null,
        "type" : "Property",
        "propertyAssignments" : null,
        "stereotype" : null,
        "isDerived" : false,
        "isReadOnly" : false,
        "isOrdered" : false,
        "cardinality" : "*",
        "propertyType" : {
          "id" : "5XWJFn6GAqACAwyZ",
          "type" : "Class"
        },
        "subsettedProperties" : null,
        "redefinedProperties" : null,
        "aggregationKind" : "NONE"
      } ]
    }, {
      "id" : "mIdpFn6GAqACAw1N",
      "name" : "produce",
      "description" : null,
      "type" : "Relation",
      "propertyAssignments" : null,
      "stereotype" : null,
      "isAbstract" : false,
      "isDerived" : false,
      "properties" : [ {
        "id" : "mIdpFn6GAqACAw1O",
        "name" : null,
        "description" : null,
        "type" : "Property",
        "propertyAssignments" : null,
        "stereotype" : null,
        "isDerived" : false,
        "isReadOnly" : false,
        "isOrdered" : false,
        "cardinality" : "*",
        "propertyType" : {
          "id" : "5XWJFn6GAqACAwyZ",
          "type" : "Class"
        },
        "subsettedProperties" : null,
        "redefinedProperties" : null,
        "aggregationKind" : "NONE"
      }, {
        "id" : "mIdpFn6GAqACAw1Q",
        "name" : null,
        "description" : null,
        "type" : "Property",
        "propertyAssignments" : null,
        "stereotype" : null,
        "isDerived" : false,
        "isReadOnly" : false,
        "isOrdered" : false,
        "cardinality" : "*",
        "propertyType" : {
          "id" : "SUOJFn6GAqACAwyl",
          "type" : "Class"
        },
        "subsettedProperties" : null,
        "redefinedProperties" : null,
        "aggregationKind" : "NONE"
      } ]
    }, {
      "id" : "K5vCNn6GAqACAw3a",
      "name" : "disseminated by",
      "description" : null,
      "type" : "Relation",
      "propertyAssignments" : null,
      "stereotype" : null,
      "isAbstract" : false,
      "isDerived" : false,
      "properties" : [ {
        "id" : "K5vCNn6GAqACAw3b",
        "name" : null,
        "description" : null,
        "type" : "Property",
        "propertyAssignments" : null,
        "stereotype" : null,
        "isDerived" : false,
        "isReadOnly" : false,
        "isOrdered" : false,
        "cardinality" : "*",
        "propertyType" : {
          "id" : "SUOJFn6GAqACAwyl",
          "type" : "Class"
        },
        "subsettedProperties" : null,
        "redefinedProperties" : null,
        "aggregationKind" : "NONE"
      }, {
        "id" : "q5vCNn6GAqACAw3d",
        "name" : null,
        "description" : null,
        "type" : "Property",
        "propertyAssignments" : null,
        "stereotype" : null,
        "isDerived" : false,
        "isReadOnly" : false,
        "isOrdered" : false,
        "cardinality" : "*",
        "propertyType" : {
          "id" : "VAxJFn6GAqACAwzF",
          "type" : "Class"
        },
        "subsettedProperties" : null,
        "redefinedProperties" : null,
        "aggregationKind" : "NONE"
      } ]
    }, {
      "id" : "9mYiNn6GAqACAw3q",
      "name" : "framed by",
      "description" : null,
      "type" : "Relation",
      "propertyAssignments" : null,
      "stereotype" : null,
      "isAbstract" : false,
      "isDerived" : false,
      "properties" : [ {
        "id" : "9mYiNn6GAqACAw3r",
        "name" : null,
        "description" : null,
        "type" : "Property",
        "propertyAssignments" : null,
        "stereotype" : null,
        "isDerived" : false,
        "isReadOnly" : false,
        "isOrdered" : false,
        "cardinality" : "*",
        "propertyType" : {
          "id" : "SUOJFn6GAqACAwyl",
          "type" : "Class"
        },
        "subsettedProperties" : null,
        "redefinedProperties" : null,
        "aggregationKind" : "NONE"
      }, {
        "id" : "9mYiNn6GAqACAw3t",
        "name" : null,
        "description" : null,
        "type" : "Property",
        "propertyAssignments" : null,
        "stereotype" : null,
        "isDerived" : false,
        "isReadOnly" : false,
        "isOrdered" : false,
        "cardinality" : "*",
        "propertyType" : {
          "id" : "_7BCNn6GAqACAw2h",
          "type" : "Class"
        },
        "subsettedProperties" : null,
        "redefinedProperties" : null,
        "aggregationKind" : "NONE"
      } ]
    }, {
      "id" : "gGKiNn6GAqACAw3.",
      "name" : "model output",
      "description" : null,
      "type" : "Relation",
      "propertyAssignments" : null,
      "stereotype" : null,
      "isAbstract" : false,
      "isDerived" : false,
      "properties" : [ {
        "id" : "gGKiNn6GAqACAw3_",
        "name" : null,
        "description" : null,
        "type" : "Property",
        "propertyAssignments" : null,
        "stereotype" : null,
        "isDerived" : false,
        "isReadOnly" : false,
        "isOrdered" : false,
        "cardinality" : "*",
        "propertyType" : {
          "id" : "sqzBFn6GAqACAws9",
          "type" : "Class"
        },
        "subsettedProperties" : null,
        "redefinedProperties" : null,
        "aggregationKind" : "NONE"
      }, {
        "id" : "gGKiNn6GAqACAw4B",
        "name" : null,
        "description" : null,
        "type" : "Property",
        "propertyAssignments" : null,
        "stereotype" : null,
        "isDerived" : false,
        "isReadOnly" : false,
        "isOrdered" : false,
        "cardinality" : "*",
        "propertyType" : {
          "id" : "SUOJFn6GAqACAwyl",
          "type" : "Class"
        },
        "subsettedProperties" : null,
        "redefinedProperties" : null,
        "aggregationKind" : "NONE"
      } ]
    }, {
      "id" : "ybJiNn6GAqACAw4S",
      "name" : "occurs in",
      "description" : null,
      "type" : "Relation",
      "propertyAssignments" : null,
      "stereotype" : null,
      "isAbstract" : false,
      "isDerived" : false,
      "properties" : [ {
        "id" : "ybJiNn6GAqACAw4T",
        "name" : null,
        "description" : null,
        "type" : "Property",
        "propertyAssignments" : null,
        "stereotype" : null,
        "isDerived" : false,
        "isReadOnly" : false,
        "isOrdered" : false,
        "cardinality" : "*",
        "propertyType" : {
          "id" : "SUOJFn6GAqACAwyl",
          "type" : "Class"
        },
        "subsettedProperties" : null,
        "redefinedProperties" : null,
        "aggregationKind" : "NONE"
      }, {
        "id" : "ybJiNn6GAqACAw4V",
        "name" : null,
        "description" : null,
        "type" : "Property",
        "propertyAssignments" : null,
        "stereotype" : null,
        "isDerived" : false,
        "isReadOnly" : false,
        "isOrdered" : false,
        "cardinality" : "*",
        "propertyType" : {
          "id" : "atLBFn6GAqACAwtJ",
          "type" : "Class"
        },
        "subsettedProperties" : null,
        "redefinedProperties" : null,
        "aggregationKind" : "NONE"
      } ]
    }, {
      "id" : "hNziNn6GAqACAw48",
      "name" : "observed by",
      "description" : null,
      "type" : "Relation",
      "propertyAssignments" : null,
      "stereotype" : null,
      "isAbstract" : false,
      "isDerived" : false,
      "properties" : [ {
        "id" : "hNziNn6GAqACAw49",
        "name" : null,
        "description" : null,
        "type" : "Property",
        "propertyAssignments" : null,
        "stereotype" : null,
        "isDerived" : false,
        "isReadOnly" : false,
        "isOrdered" : false,
        "cardinality" : "*",
        "propertyType" : {
          "id" : "UZZeFn6GAqACAwmp",
          "type" : "Class"
        },
        "subsettedProperties" : null,
        "redefinedProperties" : null,
        "aggregationKind" : "NONE"
      }, {
        "id" : "hNziNn6GAqACAw4_",
        "name" : null,
        "description" : null,
        "type" : "Property",
        "propertyAssignments" : null,
        "stereotype" : null,
        "isDerived" : false,
        "isReadOnly" : false,
        "isOrdered" : false,
        "cardinality" : "*",
        "propertyType" : {
          "id" : "5XWJFn6GAqACAwyZ",
          "type" : "Class"
        },
        "subsettedProperties" : null,
        "redefinedProperties" : null,
        "aggregationKind" : "NONE"
      } ]
    }, {
      "id" : "3IGSNn6GAqACAw6p",
      "name" : "begin",
      "description" : null,
      "type" : "Relation",
      "propertyAssignments" : null,
      "stereotype" : null,
      "isAbstract" : false,
      "isDerived" : false,
      "properties" : [ {
        "id" : "3IGSNn6GAqACAw6q",
        "name" : "",
        "description" : null,
        "type" : "Property",
        "propertyAssignments" : null,
        "stereotype" : null,
        "isDerived" : false,
        "isReadOnly" : false,
        "isOrdered" : false,
        "cardinality" : "1",
        "propertyType" : {
          "id" : "_7BCNn6GAqACAw2h",
          "type" : "Class"
        },
        "subsettedProperties" : null,
        "redefinedProperties" : null,
        "aggregationKind" : "NONE"
      }, {
        "id" : "3IGSNn6GAqACAw6s",
        "name" : null,
        "description" : null,
        "type" : "Property",
        "propertyAssignments" : null,
        "stereotype" : null,
        "isDerived" : false,
        "isReadOnly" : false,
        "isOrdered" : false,
        "cardinality" : "1..*",
        "propertyType" : {
          "id" : "bR5CNn6GAqACAw29",
          "type" : "Class"
        },
        "subsettedProperties" : null,
        "redefinedProperties" : null,
        "aggregationKind" : "NONE"
      } ]
    }, {
      "id" : "p0mSNn6GAqACAw6x",
      "name" : "end",
      "description" : null,
      "type" : "Relation",
      "propertyAssignments" : null,
      "stereotype" : null,
      "isAbstract" : false,
      "isDerived" : false,
      "properties" : [ {
        "id" : "p0mSNn6GAqACAw6y",
        "name" : "",
        "description" : null,
        "type" : "Property",
        "propertyAssignments" : null,
        "stereotype" : null,
        "isDerived" : false,
        "isReadOnly" : false,
        "isOrdered" : false,
        "cardinality" : "1",
        "propertyType" : {
          "id" : "_7BCNn6GAqACAw2h",
          "type" : "Class"
        },
        "subsettedProperties" : null,
        "redefinedProperties" : null,
        "aggregationKind" : "NONE"
      }, {
        "id" : "p0mSNn6GAqACAw60",
        "name" : null,
        "description" : null,
        "type" : "Property",
        "propertyAssignments" : null,
        "stereotype" : null,
        "isDerived" : false,
        "isReadOnly" : false,
        "isOrdered" : false,
        "cardinality" : "1..*",
        "propertyType" : {
          "id" : "bR5CNn6GAqACAw29",
          "type" : "Class"
        },
        "subsettedProperties" : null,
        "redefinedProperties" : null,
        "aggregationKind" : "NONE"
      } ]
    }, {
      "id" : "4DByNn6GAqACAw.T",
      "name" : "endpoint",
      "description" : null,
      "type" : "Relation",
      "propertyAssignments" : null,
      "stereotype" : null,
      "isAbstract" : false,
      "isDerived" : false,
      "properties" : [ {
        "id" : "4DByNn6GAqACAw.U",
        "name" : null,
        "description" : null,
        "type" : "Property",
        "propertyAssignments" : null,
        "stereotype" : null,
        "isDerived" : false,
        "isReadOnly" : false,
        "isOrdered" : false,
        "cardinality" : "*",
        "propertyType" : {
          "id" : "HwUSNn6GAqACAw6J",
          "type" : "Class"
        },
        "subsettedProperties" : null,
        "redefinedProperties" : null,
        "aggregationKind" : "NONE"
      }, {
        "id" : "4DByNn6GAqACAw.W",
        "name" : null,
        "description" : null,
        "type" : "Property",
        "propertyAssignments" : null,
        "stereotype" : null,
        "isDerived" : false,
        "isReadOnly" : false,
        "isOrdered" : false,
        "cardinality" : "*",
        "propertyType" : {
          "id" : "NUfiNn6GAqACAw5X",
          "type" : "Class"
        },
        "subsettedProperties" : null,
        "redefinedProperties" : null,
        "aggregationKind" : "NONE"
      } ]
    }, {
      "id" : "GRhyNn6GAqACAw.b",
      "name" : "triggers",
      "description" : null,
      "type" : "Relation",
      "propertyAssignments" : null,
      "stereotype" : null,
      "isAbstract" : false,
      "isDerived" : false,
      "properties" : [ {
        "id" : "GRhyNn6GAqACAw.c",
        "name" : null,
        "description" : null,
        "type" : "Property",
        "propertyAssignments" : null,
        "stereotype" : null,
        "isDerived" : false,
        "isReadOnly" : false,
        "isOrdered" : false,
        "cardinality" : "*",
        "propertyType" : {
          "id" : "HwUSNn6GAqACAw6J",
          "type" : "Class"
        },
        "subsettedProperties" : null,
        "redefinedProperties" : null,
        "aggregationKind" : "NONE"
      }, {
        "id" : "GRhyNn6GAqACAw.e",
        "name" : null,
        "description" : null,
        "type" : "Property",
        "propertyAssignments" : null,
        "stereotype" : null,
        "isDerived" : false,
        "isReadOnly" : false,
        "isOrdered" : false,
        "cardinality" : "*",
        "propertyType" : {
          "id" : "XssSNn6GAqACAw6R",
          "type" : "Class"
        },
        "subsettedProperties" : null,
        "redefinedProperties" : null,
        "aggregationKind" : "NONE"
      } ]
    }, {
      "id" : "Y19yNn6GAqACAw.9",
      "name" : "participation of",
      "description" : null,
      "type" : "Relation",
      "propertyAssignments" : null,
      "stereotype" : null,
      "isAbstract" : false,
      "isDerived" : false,
      "properties" : [ {
        "id" : "Y19yNn6GAqACAw..",
        "name" : null,
        "description" : null,
        "type" : "Property",
        "propertyAssignments" : null,
        "stereotype" : null,
        "isDerived" : false,
        "isReadOnly" : false,
        "isOrdered" : false,
        "cardinality" : "*",
        "propertyType" : {
          "id" : "HwUSNn6GAqACAw6J",
          "type" : "Class"
        },
        "subsettedProperties" : null,
        "redefinedProperties" : null,
        "aggregationKind" : "NONE"
      }, {
        "id" : "Y19yNn6GAqACAw_A",
        "name" : null,
        "description" : null,
        "type" : "Property",
        "propertyAssignments" : null,
        "stereotype" : null,
        "isDerived" : false,
        "isReadOnly" : false,
        "isOrdered" : false,
        "cardinality" : "*",
        "propertyType" : {
          "id" : "b3ASNn6GAqACAw5x",
          "type" : "Class"
        },
        "subsettedProperties" : null,
        "redefinedProperties" : null,
        "aggregationKind" : "NONE"
      } ]
    }, {
      "id" : "387yNn6GAqACAw_V",
      "name" : "brings about",
      "description" : null,
      "type" : "Relation",
      "propertyAssignments" : null,
      "stereotype" : null,
      "isAbstract" : false,
      "isDerived" : false,
      "properties" : [ {
        "id" : "387yNn6GAqACAw_W",
        "name" : null,
        "description" : null,
        "type" : "Property",
        "propertyAssignments" : null,
        "stereotype" : null,
        "isDerived" : false,
        "isReadOnly" : false,
        "isOrdered" : false,
        "cardinality" : "*",
        "propertyType" : {
          "id" : "HwUSNn6GAqACAw6J",
          "type" : "Class"
        },
        "subsettedProperties" : null,
        "redefinedProperties" : null,
        "aggregationKind" : "NONE"
      }, {
        "id" : "387yNn6GAqACAw_Y",
        "name" : null,
        "description" : null,
        "type" : "Property",
        "propertyAssignments" : null,
        "stereotype" : null,
        "isDerived" : false,
        "isReadOnly" : false,
        "isOrdered" : false,
        "cardinality" : "*",
        "propertyType" : {
          "id" : "Sr_iNn6GAqACAw5j",
          "type" : "Class"
        },
        "subsettedProperties" : null,
        "redefinedProperties" : null,
        "aggregationKind" : "NONE"
      } ]
    }, {
      "id" : "o4gKNn6GAqACAw_r",
      "name" : "obtains in",
      "description" : null,
      "type" : "Relation",
      "propertyAssignments" : null,
      "stereotype" : null,
      "isAbstract" : false,
      "isDerived" : false,
      "properties" : [ {
        "id" : "o4gKNn6GAqACAw_s",
        "name" : null,
        "description" : null,
        "type" : "Property",
        "propertyAssignments" : null,
        "stereotype" : null,
        "isDerived" : false,
        "isReadOnly" : false,
        "isOrdered" : false,
        "cardinality" : "*",
        "propertyType" : {
          "id" : "Sr_iNn6GAqACAw5j",
          "type" : "Class"
        },
        "subsettedProperties" : null,
        "redefinedProperties" : null,
        "aggregationKind" : "NONE"
      }, {
        "id" : "o4gKNn6GAqACAw_u",
        "name" : null,
        "description" : null,
        "type" : "Property",
        "propertyAssignments" : null,
        "stereotype" : null,
        "isDerived" : false,
        "isReadOnly" : false,
        "isOrdered" : false,
        "cardinality" : "*",
        "propertyType" : {
          "id" : "NUfiNn6GAqACAw5X",
          "type" : "Class"
        },
        "subsettedProperties" : null,
        "redefinedProperties" : null,
        "aggregationKind" : "NONE"
      } ]
    }, {
      "id" : "3OcKNn6GAqACAxAB",
      "name" : "participation of",
      "description" : null,
      "type" : "Relation",
      "propertyAssignments" : null,
      "stereotype" : null,
      "isAbstract" : false,
      "isDerived" : false,
      "properties" : [ {
        "id" : "3OcKNn6GAqACAxAC",
        "name" : null,
        "description" : null,
        "type" : "Property",
        "propertyAssignments" : null,
        "stereotype" : null,
        "isDerived" : false,
        "isReadOnly" : false,
        "isOrdered" : false,
        "cardinality" : "*",
        "propertyType" : {
          "id" : "HwUSNn6GAqACAw6J",
          "type" : "Class"
        },
        "subsettedProperties" : null,
        "redefinedProperties" : null,
        "aggregationKind" : "NONE"
      }, {
        "id" : "3OcKNn6GAqACAxAE",
        "name" : null,
        "description" : null,
        "type" : "Property",
        "propertyAssignments" : null,
        "stereotype" : null,
        "isDerived" : false,
        "isReadOnly" : false,
        "isOrdered" : false,
        "cardinality" : "*",
        "propertyType" : {
          "id" : "L6QSNn6GAqACAw55",
          "type" : "Class"
        },
        "subsettedProperties" : null,
        "redefinedProperties" : null,
        "aggregationKind" : "NONE"
      } ]
    }, {
      "id" : "0fmKNn6GAqACAxAb",
      "name" : "present in",
      "description" : null,
      "type" : "Relation",
      "propertyAssignments" : null,
      "stereotype" : null,
      "isAbstract" : false,
      "isDerived" : false,
      "properties" : [ {
        "id" : "MfmKNn6GAqACAxAc",
        "name" : null,
        "description" : null,
        "type" : "Property",
        "propertyAssignments" : null,
        "stereotype" : null,
        "isDerived" : false,
        "isReadOnly" : false,
        "isOrdered" : false,
        "cardinality" : "*",
        "propertyType" : {
          "id" : "iZwyNn6GAqACAw86",
          "type" : "Class"
        },
        "subsettedProperties" : null,
        "redefinedProperties" : null,
        "aggregationKind" : "NONE"
      }, {
        "id" : "MfmKNn6GAqACAxAe",
        "name" : null,
        "description" : null,
        "type" : "Property",
        "propertyAssignments" : null,
        "stereotype" : null,
        "isDerived" : false,
        "isReadOnly" : false,
        "isOrdered" : false,
        "cardinality" : "*",
        "propertyType" : {
          "id" : "Sr_iNn6GAqACAw5j",
          "type" : "Class"
        },
        "subsettedProperties" : null,
        "redefinedProperties" : null,
        "aggregationKind" : "NONE"
      } ]
    }, {
      "id" : "Q9HKNn6GAqACAxBm",
      "name" : "present in",
      "description" : null,
      "type" : "Relation",
      "propertyAssignments" : null,
      "stereotype" : null,
      "isAbstract" : false,
      "isDerived" : false,
      "properties" : [ {
        "id" : "Q9HKNn6GAqACAxBn",
        "name" : null,
        "description" : null,
        "type" : "Property",
        "propertyAssignments" : null,
        "stereotype" : null,
        "isDerived" : false,
        "isReadOnly" : false,
        "isOrdered" : false,
        "cardinality" : "*",
        "propertyType" : {
          "id" : "AsuJFn6GAqACAwyz",
          "type" : "Class"
        },
        "subsettedProperties" : null,
        "redefinedProperties" : null,
        "aggregationKind" : "NONE"
      }, {
        "id" : "Q9HKNn6GAqACAxBp",
        "name" : null,
        "description" : null,
        "type" : "Property",
        "propertyAssignments" : null,
        "stereotype" : null,
        "isDerived" : false,
        "isReadOnly" : false,
        "isOrdered" : false,
        "cardinality" : "*",
        "propertyType" : {
          "id" : "Sr_iNn6GAqACAw5j",
          "type" : "Class"
        },
        "subsettedProperties" : null,
        "redefinedProperties" : null,
        "aggregationKind" : "NONE"
      } ]
    }, {
      "id" : "BD.qNn6GAqACAxCU",
      "name" : "interest of",
      "description" : null,
      "type" : "Relation",
      "propertyAssignments" : null,
      "stereotype" : null,
      "isAbstract" : false,
      "isDerived" : false,
      "properties" : [ {
        "id" : "BD.qNn6GAqACAxCV",
        "name" : null,
        "description" : null,
        "type" : "Property",
        "propertyAssignments" : null,
        "stereotype" : null,
        "isDerived" : false,
        "isReadOnly" : false,
        "isOrdered" : false,
        "cardinality" : "*",
        "propertyType" : {
          "id" : "HwUSNn6GAqACAw6J",
          "type" : "Class"
        },
        "subsettedProperties" : null,
        "redefinedProperties" : null,
        "aggregationKind" : "NONE"
      }, {
        "id" : "BD.qNn6GAqACAxCX",
        "name" : null,
        "description" : null,
        "type" : "Property",
        "propertyAssignments" : null,
        "stereotype" : null,
        "isDerived" : false,
        "isReadOnly" : false,
        "isOrdered" : false,
        "cardinality" : "*",
        "propertyType" : {
          "id" : "VAxJFn6GAqACAwzF",
          "type" : "Class"
        },
        "subsettedProperties" : null,
        "redefinedProperties" : null,
        "aggregationKind" : "NONE"
      } ]
    } ]
  },
  "diagrams" : [ {
    "id" : "7vYeFn6GAqACAwmH",
    "name" : "diagram1",
    "description" : null,
    "type" : "Diagram",
    "owner" : {
      "id" : "SCQeFn6GAqACAwWs_root",
      "type" : "Package"
    },
    "contents" : [ {
      "id" : "UZZeFn6GAqACAwmo",
      "type" : "ClassView",
      "modelElement" : {
        "id" : "UZZeFn6GAqACAwmp",
        "type" : "Class"
      },
      "shape" : {
        "id" : "UZZeFn6GAqACAwmo_shape",
        "type" : "Rectangle",
        "x" : 113,
        "y" : 547,
        "width" : 122,
        "height" : 40
      }
    }, {
      "id" : "AucKNn6GAqACAxAG",
      "type" : "RelationView",
      "modelElement" : {
        "id" : "3OcKNn6GAqACAxAB",
        "type" : "Relation"
      },
      "shape" : {
        "id" : "AucKNn6GAqACAxAG_path",
        "type" : "Path",
        "points" : [ {
          "x" : 1313,
          "y" : 1008
        }, {
          "x" : 1313,
          "y" : 1030
        }, {
          "x" : 1575,
          "y" : 1030
        }, {
          "x" : 1575,
          "y" : 1111
        } ]
      },
      "source" : {
        "id" : "HwUSNn6GAqACAw6I",
        "type" : "ClassView"
      },
      "target" : {
        "id" : "L6QSNn6GAqACAw54",
        "type" : "ClassView"
      }
    }, {
      "id" : "nssSNn6GAqACAw6Q",
      "type" : "ClassView",
      "modelElement" : {
        "id" : "XssSNn6GAqACAw6R",
        "type" : "Class"
      },
      "shape" : {
        "id" : "nssSNn6GAqACAw6Q_shape",
        "type" : "Rectangle",
        "x" : 1518,
        "y" : 968,
        "width" : 158,
        "height" : 40
      }
    }, {
      "id" : "i2rRFn6GAqACAwyA",
      "type" : "ClassView",
      "modelElement" : {
        "id" : "i2rRFn6GAqACAwyB",
        "type" : "Class"
      },
      "shape" : {
        "id" : "i2rRFn6GAqACAwyA_shape",
        "type" : "Rectangle",
        "x" : 506,
        "y" : 183,
        "width" : 80,
        "height" : 40
      }
    }, {
      "id" : "pHQRFn6GAqACAwvm",
      "type" : "GeneralizationView",
      "modelElement" : {
        "id" : "RHQRFn6GAqACAwvl",
        "type" : "Generalization"
      },
      "shape" : {
        "id" : "pHQRFn6GAqACAwvm_path",
        "type" : "Path",
        "points" : [ {
          "x" : 288,
          "y" : 711
        }, {
          "x" : 288,
          "y" : 749
        }, {
          "x" : 443,
          "y" : 749
        }, {
          "x" : 443,
          "y" : 791
        } ]
      },
      "source" : {
        "id" : "4ZDBFn6GAqACAwso",
        "type" : "ClassView"
      },
      "target" : {
        "id" : "sqzBFn6GAqACAws8",
        "type" : "ClassView"
      }
    }, {
      "id" : "W5vCNn6GAqACAw3f",
      "type" : "RelationView",
      "modelElement" : {
        "id" : "K5vCNn6GAqACAw3a",
        "type" : "Relation"
      },
      "shape" : {
        "id" : "W5vCNn6GAqACAw3f_path",
        "type" : "Path",
        "points" : [ {
          "x" : 914,
          "y" : 320
        }, {
          "x" : 1183,
          "y" : 320
        } ]
      },
      "source" : {
        "id" : "iUOJFn6GAqACAwyk",
        "type" : "ClassView"
      },
      "target" : {
        "id" : "lAxJFn6GAqACAwzE",
        "type" : "ClassView"
      }
    }, {
      "id" : "nVvBFn6GAqACAwuI",
      "type" : "ClassView",
      "modelElement" : {
        "id" : "nVvBFn6GAqACAwuJ",
        "type" : "Class"
      },
      "shape" : {
        "id" : "nVvBFn6GAqACAwuI_shape",
        "type" : "Rectangle",
        "x" : 451,
        "y" : 1295,
        "width" : 88,
        "height" : 40
      }
    }, {
      "id" : "rK0BFn6GAqACAwqr",
      "type" : "ClassView",
      "modelElement" : {
        "id" : "rK0BFn6GAqACAwqs",
        "type" : "Class"
      },
      "shape" : {
        "id" : "rK0BFn6GAqACAwqr_shape",
        "type" : "Rectangle",
        "x" : 351,
        "y" : 317,
        "width" : 88,
        "height" : 40
      }
    }, {
      "id" : "I4ZBFn6GAqACAwsV",
      "type" : "GeneralizationView",
      "modelElement" : {
        "id" : "g4ZBFn6GAqACAwsU",
        "type" : "Generalization"
      },
      "shape" : {
        "id" : "I4ZBFn6GAqACAwsV_path",
        "type" : "Path",
        "points" : [ {
          "x" : 259,
          "y" : 185
        }, {
          "x" : 297,
          "y" : 185
        }, {
          "x" : 297,
          "y" : 279
        }, {
          "x" : 323,
          "y" : 279
        } ]
      },
      "source" : {
        "id" : "kOpeFn6GAqACAwma",
        "type" : "ClassView"
      },
      "target" : {
        "id" : "wS9eFn6GAqACAwnb",
        "type" : "ClassView"
      }
    }, {
      "id" : "tGbBFn6GAqACAwtY",
      "type" : "ClassView",
      "modelElement" : {
        "id" : "tGbBFn6GAqACAwtZ",
        "type" : "Class"
      },
      "shape" : {
        "id" : "tGbBFn6GAqACAwtY_shape",
        "type" : "Rectangle",
        "x" : 78,
        "y" : 1070,
        "width" : 115,
        "height" : 40
      }
    }, {
      "id" : "Sr_iNn6GAqACAw5i",
      "type" : "ClassView",
      "modelElement" : {
        "id" : "Sr_iNn6GAqACAw5j",
        "type" : "Class"
      },
      "shape" : {
        "id" : "Sr_iNn6GAqACAw5i_shape",
        "type" : "Rectangle",
        "x" : 799,
        "y" : 1110,
        "width" : 91,
        "height" : 40
      }
    }, {
      "id" : "GbJiNn6GAqACAw4X",
      "type" : "RelationView",
      "modelElement" : {
        "id" : "ybJiNn6GAqACAw4S",
        "type" : "Relation"
      },
      "shape" : {
        "id" : "GbJiNn6GAqACAw4X_path",
        "type" : "Path",
        "points" : [ {
          "x" : 758,
          "y" : 338
        }, {
          "x" : 670,
          "y" : 338
        }, {
          "x" : 670,
          "y" : 956
        }, {
          "x" : 351,
          "y" : 956
        } ]
      },
      "source" : {
        "id" : "iUOJFn6GAqACAwyk",
        "type" : "ClassView"
      },
      "target" : {
        "id" : "atLBFn6GAqACAwtI",
        "type" : "ClassView"
      }
    }, {
      "id" : "ZJRRFn6GAqACAwxP",
      "type" : "GeneralizationView",
      "modelElement" : {
        "id" : "JJRRFn6GAqACAwxO",
        "type" : "Generalization"
      },
      "shape" : {
        "id" : "ZJRRFn6GAqACAwxP_path",
        "type" : "Path",
        "points" : [ {
          "x" : 135,
          "y" : 1109
        }, {
          "x" : 135,
          "y" : 1201
        }, {
          "x" : 311,
          "y" : 1201
        }, {
          "x" : 311,
          "y" : 1294
        } ]
      },
      "source" : {
        "id" : "tGbBFn6GAqACAwtY",
        "type" : "ClassView"
      },
      "target" : {
        "id" : "XcPBFn6GAqACAwt6",
        "type" : "ClassView"
      }
    }, {
      "id" : "nRXeFn6GAqACAwoT",
      "type" : "RelationView",
      "modelElement" : {
        "id" : "xRXeFn6GAqACAwoM",
        "type" : "Relation"
      },
      "shape" : {
        "id" : "nRXeFn6GAqACAwoT_path",
        "type" : "Path",
        "points" : [ {
          "x" : 177,
          "y" : 82
        }, {
          "x" : 177,
          "y" : 160
        } ]
      },
      "source" : {
        "id" : "SCxeFn6GAqACAwmU",
        "type" : "ClassView"
      },
      "target" : {
        "id" : "kOpeFn6GAqACAwma",
        "type" : "ClassView"
      }
    }, {
      "id" : "YZlRFn6GAqACAwxp",
      "type" : "RelationView",
      "modelElement" : {
        "id" : "gZlRFn6GAqACAwxk",
        "type" : "Relation"
      },
      "shape" : {
        "id" : "YZlRFn6GAqACAwxp_path",
        "type" : "Path",
        "points" : [ {
          "x" : 548,
          "y" : 1090
        }, {
          "x" : 619,
          "y" : 1090
        }, {
          "x" : 618,
          "y" : 1231
        }, {
          "x" : 619,
          "y" : 1315
        }, {
          "x" : 539,
          "y" : 1315
        } ]
      },
      "source" : {
        "id" : "0C7BFn6GAqACAwti",
        "type" : "ClassView"
      },
      "target" : {
        "id" : "nVvBFn6GAqACAwuI",
        "type" : "ClassView"
      }
    }, {
      "id" : "8fmKNn6GAqACAxAg",
      "type" : "RelationView",
      "modelElement" : {
        "id" : "0fmKNn6GAqACAxAb",
        "type" : "Relation"
      },
      "shape" : {
        "id" : "8fmKNn6GAqACAxAg_path",
        "type" : "Path",
        "points" : [ {
          "x" : 1555,
          "y" : 1331
        }, {
          "x" : 820,
          "y" : 1331
        }, {
          "x" : 820,
          "y" : 1151
        } ]
      },
      "source" : {
        "id" : "iZwyNn6GAqACAw85",
        "type" : "ClassView"
      },
      "target" : {
        "id" : "Sr_iNn6GAqACAw5i",
        "type" : "ClassView"
      }
    }, {
      "id" : "iUOJFn6GAqACAwyk",
      "type" : "ClassView",
      "modelElement" : {
        "id" : "SUOJFn6GAqACAwyl",
        "type" : "Class"
      },
      "shape" : {
        "id" : "iUOJFn6GAqACAwyk_shape",
        "type" : "Rectangle",
        "x" : 758,
        "y" : 298,
        "width" : 155,
        "height" : 56
      }
    }, {
      "id" : "pXWJFn6GAqACAwyY",
      "type" : "ClassView",
      "modelElement" : {
        "id" : "5XWJFn6GAqACAwyZ",
        "type" : "Class"
      },
      "shape" : {
        "id" : "pXWJFn6GAqACAwyY_shape",
        "type" : "Rectangle",
        "x" : 803,
        "y" : 143,
        "width" : 120,
        "height" : 40
      }
    }, {
      "id" : "ZD.qNn6GAqACAxCZ",
      "type" : "RelationView",
      "modelElement" : {
        "id" : "BD.qNn6GAqACAxCU",
        "type" : "Relation"
      },
      "shape" : {
        "id" : "ZD.qNn6GAqACAxCZ_path",
        "type" : "Path",
        "points" : [ {
          "x" : 1270,
          "y" : 967
        }, {
          "x" : 1270,
          "y" : 355
        } ]
      },
      "source" : {
        "id" : "HwUSNn6GAqACAw6I",
        "type" : "ClassView"
      },
      "target" : {
        "id" : "lAxJFn6GAqACAwzE",
        "type" : "ClassView"
      }
    }, {
      "id" : "hIdpFn6GAqACAw1S",
      "type" : "RelationView",
      "modelElement" : {
        "id" : "mIdpFn6GAqACAw1N",
        "type" : "Relation"
      },
      "shape" : {
        "id" : "hIdpFn6GAqACAw1S_path",
        "type" : "Path",
        "points" : [ {
          "x" : 863,
          "y" : 183
        }, {
          "x" : 863,
          "y" : 298
        } ]
      },
      "source" : {
        "id" : "pXWJFn6GAqACAwyY",
        "type" : "ClassView"
      },
      "target" : {
        "id" : "iUOJFn6GAqACAwyk",
        "type" : "ClassView"
      }
    }, {
      "id" : "_IGSNn6GAqACAw6u",
      "type" : "RelationView",
      "modelElement" : {
        "id" : "3IGSNn6GAqACAw6p",
        "type" : "Relation"
      },
      "shape" : {
        "id" : "_IGSNn6GAqACAw6u_path",
        "type" : "Path",
        "points" : [ {
          "x" : 896,
          "y" : 547
        }, {
          "x" : 896,
          "y" : 474
        }, {
          "x" : 1017,
          "y" : 474
        } ]
      },
      "source" : {
        "id" : "v7BCNn6GAqACAw2g",
        "type" : "ClassView"
      },
      "target" : {
        "id" : "bR5CNn6GAqACAw28",
        "type" : "ClassView"
      }
    }, {
      "id" : "wS9eFn6GAqACAwnb",
      "type" : "ClassView",
      "modelElement" : {
        "id" : "IS9eFn6GAqACAwnc",
        "type" : "Class"
      },
      "shape" : {
        "id" : "wS9eFn6GAqACAwnb_shape",
        "type" : "Rectangle",
        "x" : 324,
        "y" : 259,
        "width" : 135,
        "height" : 40
      }
    }, {
      "id" : "ZNziNn6GAqACAw5B",
      "type" : "RelationView",
      "modelElement" : {
        "id" : "hNziNn6GAqACAw48",
        "type" : "Relation"
      },
      "shape" : {
        "id" : "ZNziNn6GAqACAw5B_path",
        "type" : "Path",
        "points" : [ {
          "x" : 235,
          "y" : 574
        }, {
          "x" : 448,
          "y" : 574
        }, {
          "x" : 448,
          "y" : 389
        }, {
          "x" : 546,
          "y" : 389
        }, {
          "x" : 548,
          "y" : 255
        }, {
          "x" : 736,
          "y" : 255
        }, {
          "x" : 736,
          "y" : 156
        }, {
          "x" : 803,
          "y" : 156
        } ]
      },
      "source" : {
        "id" : "UZZeFn6GAqACAwmo",
        "type" : "ClassView"
      },
      "target" : {
        "id" : "pXWJFn6GAqACAwyY",
        "type" : "ClassView"
      }
    }, {
      "id" : "oGKiNn6GAqACAw4D",
      "type" : "RelationView",
      "modelElement" : {
        "id" : "gGKiNn6GAqACAw3.",
        "type" : "Relation"
      },
      "shape" : {
        "id" : "oGKiNn6GAqACAw4D_path",
        "type" : "Path",
        "points" : [ {
          "x" : 529,
          "y" : 811
        }, {
          "x" : 611,
          "y" : 811
        }, {
          "x" : 611,
          "y" : 318
        }, {
          "x" : 758,
          "y" : 318
        } ]
      },
      "source" : {
        "id" : "sqzBFn6GAqACAws8",
        "type" : "ClassView"
      },
      "target" : {
        "id" : "iUOJFn6GAqACAwyk",
        "type" : "ClassView"
      }
    }, {
      "id" : "khTBFn6GAqACAws0",
      "type" : "ClassView",
      "modelElement" : {
        "id" : "khTBFn6GAqACAws1",
        "type" : "Class"
      },
      "shape" : {
        "id" : "khTBFn6GAqACAws0_shape",
        "type" : "Rectangle",
        "x" : 78,
        "y" : 791,
        "width" : 148,
        "height" : 40
      }
    }, {
      "id" : "AsuJFn6GAqACAwyy",
      "type" : "ClassView",
      "modelElement" : {
        "id" : "AsuJFn6GAqACAwyz",
        "type" : "Class"
      },
      "shape" : {
        "id" : "AsuJFn6GAqACAwyy_shape",
        "type" : "Rectangle",
        "x" : 1140,
        "y" : 143,
        "width" : 80,
        "height" : 40
      }
    }, {
      "id" : "k4gKNn6GAqACAw_w",
      "type" : "RelationView",
      "modelElement" : {
        "id" : "o4gKNn6GAqACAw_r",
        "type" : "Relation"
      },
      "shape" : {
        "id" : "k4gKNn6GAqACAw_w_path",
        "type" : "Path",
        "points" : [ {
          "x" : 820,
          "y" : 1109
        }, {
          "x" : 820,
          "y" : 996
        }, {
          "x" : 849,
          "y" : 996
        } ]
      },
      "source" : {
        "id" : "Sr_iNn6GAqACAw5i",
        "type" : "ClassView"
      },
      "target" : {
        "id" : "NUfiNn6GAqACAw5W",
        "type" : "ClassView"
      }
    }, {
      "id" : "F0mSNn6GAqACAw62",
      "type" : "RelationView",
      "modelElement" : {
        "id" : "p0mSNn6GAqACAw6x",
        "type" : "Relation"
      },
      "shape" : {
        "id" : "F0mSNn6GAqACAw62_path",
        "type" : "Path",
        "points" : [ {
          "x" : 914,
          "y" : 561
        }, {
          "x" : 1139,
          "y" : 561
        }, {
          "x" : 1139,
          "y" : 492
        } ]
      },
      "source" : {
        "id" : "v7BCNn6GAqACAw2g",
        "type" : "ClassView"
      },
      "target" : {
        "id" : "bR5CNn6GAqACAw28",
        "type" : "ClassView"
      }
    }, {
      "id" : "lAxJFn6GAqACAwzE",
      "type" : "ClassView",
      "modelElement" : {
        "id" : "VAxJFn6GAqACAwzF",
        "type" : "Class"
      },
      "shape" : {
        "id" : "lAxJFn6GAqACAwzE_shape",
        "type" : "Rectangle",
        "x" : 1184,
        "y" : 273,
        "width" : 105,
        "height" : 81
      }
    }, {
      "id" : "SCTeFn6GAqACAwnn",
      "type" : "ClassView",
      "modelElement" : {
        "id" : "SCTeFn6GAqACAwno",
        "type" : "Class"
      },
      "shape" : {
        "id" : "SCTeFn6GAqACAwnn_shape",
        "type" : "Rectangle",
        "x" : 193,
        "y" : 473,
        "width" : 97,
        "height" : 40
      }
    }, {
      "id" : ".rNeFn6GAqACAwnL",
      "type" : "ClassView",
      "modelElement" : {
        "id" : "BrNeFn6GAqACAwnM",
        "type" : "Class"
      },
      "shape" : {
        "id" : ".rNeFn6GAqACAwnL_shape",
        "type" : "Rectangle",
        "x" : 351,
        "y" : 143,
        "width" : 88,
        "height" : 40
      }
    }, {
      "id" : "AlVBFn6GAqACAwsf",
      "type" : "GeneralizationView",
      "modelElement" : {
        "id" : "PFVBFn6GAqACAwse",
        "type" : "Generalization"
      },
      "shape" : {
        "id" : "AlVBFn6GAqACAwsf_path",
        "type" : "Path",
        "points" : [ {
          "x" : 259,
          "y" : 185
        }, {
          "x" : 297,
          "y" : 185
        }, {
          "x" : 297,
          "y" : 337
        }, {
          "x" : 350,
          "y" : 337
        } ]
      },
      "source" : {
        "id" : "kOpeFn6GAqACAwma",
        "type" : "ClassView"
      },
      "target" : {
        "id" : "rK0BFn6GAqACAwqr",
        "type" : "ClassView"
      }
    }, {
      "id" : "blKRFn6GAqACAwwd",
      "type" : "GeneralizationView",
      "modelElement" : {
        "id" : "TlKRFn6GAqACAwwc",
        "type" : "Generalization"
      },
      "shape" : {
        "id" : "blKRFn6GAqACAwwd_path",
        "type" : "Path",
        "points" : [ {
          "x" : 305,
          "y" : 968
        }, {
          "x" : 305,
          "y" : 1010
        }, {
          "x" : 480,
          "y" : 1010
        }, {
          "x" : 480,
          "y" : 1070
        } ]
      },
      "source" : {
        "id" : "atLBFn6GAqACAwtI",
        "type" : "ClassView"
      },
      "target" : {
        "id" : "0C7BFn6GAqACAwti",
        "type" : "ClassView"
      }
    }, {
      "id" : "MDByNn6GAqACAw.Y",
      "type" : "RelationView",
      "modelElement" : {
        "id" : "4DByNn6GAqACAw.T",
        "type" : "Relation"
      },
      "shape" : {
        "id" : "MDByNn6GAqACAw.Y_path",
        "type" : "Path",
        "points" : [ {
          "x" : 1196,
          "y" : 981
        }, {
          "x" : 1033,
          "y" : 981
        } ]
      },
      "source" : {
        "id" : "HwUSNn6GAqACAw6I",
        "type" : "ClassView"
      },
      "target" : {
        "id" : "NUfiNn6GAqACAw5W",
        "type" : "ClassView"
      }
    }, {
      "id" : "I0aKNn6GAqACAxAW",
      "type" : "GeneralizationView",
      "modelElement" : {
        "id" : "A0aKNn6GAqACAxAV",
        "type" : "Generalization"
      },
      "shape" : {
        "id" : "I0aKNn6GAqACAxAW_path",
        "type" : "Path",
        "points" : [ {
          "x" : 1588,
          "y" : 1311
        }, {
          "x" : 1588,
          "y" : 1151
        } ]
      },
      "source" : {
        "id" : "iZwyNn6GAqACAw85",
        "type" : "ClassView"
      },
      "target" : {
        "id" : "L6QSNn6GAqACAw54",
        "type" : "ClassView"
      }
    }, {
      "id" : "TmYiNn6GAqACAw3v",
      "type" : "RelationView",
      "modelElement" : {
        "id" : "9mYiNn6GAqACAw3q",
        "type" : "Relation"
      },
      "shape" : {
        "id" : "TmYiNn6GAqACAw3v_path",
        "type" : "Path",
        "points" : [ {
          "x" : 841,
          "y" : 355
        }, {
          "x" : 841,
          "y" : 546
        } ]
      },
      "source" : {
        "id" : "iUOJFn6GAqACAwyk",
        "type" : "ClassView"
      },
      "target" : {
        "id" : "v7BCNn6GAqACAw2g",
        "type" : "ClassView"
      }
    }, {
      "id" : "Y9HKNn6GAqACAxBr",
      "type" : "RelationView",
      "modelElement" : {
        "id" : "Q9HKNn6GAqACAxBm",
        "type" : "Relation"
      },
      "shape" : {
        "id" : "Y9HKNn6GAqACAxBr_path",
        "type" : "Path",
        "points" : [ {
          "x" : 1185,
          "y" : 184
        }, {
          "x" : 1185,
          "y" : 240
        }, {
          "x" : 1365,
          "y" : 240
        }, {
          "x" : 1365,
          "y" : 1180
        }, {
          "x" : 860,
          "y" : 1180
        }, {
          "x" : 860,
          "y" : 1151
        } ]
      },
      "source" : {
        "id" : "AsuJFn6GAqACAwyy",
        "type" : "ClassView"
      },
      "target" : {
        "id" : "Sr_iNn6GAqACAw5i",
        "type" : "ClassView"
      }
    }, {
      "id" : "sqzBFn6GAqACAws8",
      "type" : "ClassView",
      "modelElement" : {
        "id" : "sqzBFn6GAqACAws9",
        "type" : "Class"
      },
      "shape" : {
        "id" : "sqzBFn6GAqACAws8_shape",
        "type" : "Rectangle",
        "x" : 365,
        "y" : 791,
        "width" : 165,
        "height" : 40
      }
    }, {
      "id" : "oCBRFn6GAqACAwxJ",
      "type" : "GeneralizationView",
      "modelElement" : {
        "id" : "_8BRFn6GAqACAwxI",
        "type" : "Generalization"
      },
      "shape" : {
        "id" : "oCBRFn6GAqACAwxJ_path",
        "type" : "Path",
        "points" : [ {
          "x" : 135,
          "y" : 1109
        }, {
          "x" : 135,
          "y" : 1296
        } ]
      },
      "source" : {
        "id" : "tGbBFn6GAqACAwtY",
        "type" : "ClassView"
      },
      "target" : {
        "id" : "H9nBFn6GAqACAwts",
        "type" : "ClassView"
      }
    }, {
      "id" : "G9TJFn6GAqACAwzw",
      "type" : "GeneralizationView",
      "modelElement" : {
        "id" : "K9TJFn6GAqACAwzv",
        "type" : "Generalization"
      },
      "shape" : {
        "id" : "G9TJFn6GAqACAwzw_path",
        "type" : "Path",
        "points" : [ {
          "x" : 436,
          "y" : 221
        }, {
          "x" : 466,
          "y" : 221
        }, {
          "x" : 466,
          "y" : 123
        }, {
          "x" : 495,
          "y" : 123
        } ]
      },
      "source" : {
        "id" : "t1teFn6GAqACAwnT",
        "type" : "ClassView"
      },
      "target" : {
        "id" : "lCLRFn6GAqACAwx4",
        "type" : "ClassView"
      }
    }, {
      "id" : "XcPBFn6GAqACAwt6",
      "type" : "ClassView",
      "modelElement" : {
        "id" : "XcPBFn6GAqACAwt7",
        "type" : "Class"
      },
      "shape" : {
        "id" : "XcPBFn6GAqACAwt6_shape",
        "type" : "Rectangle",
        "x" : 265,
        "y" : 1295,
        "width" : 88,
        "height" : 40
      }
    }, {
      "id" : "H9nBFn6GAqACAwts",
      "type" : "ClassView",
      "modelElement" : {
        "id" : "H9nBFn6GAqACAwtt",
        "type" : "Class"
      },
      "shape" : {
        "id" : "H9nBFn6GAqACAwts_shape",
        "type" : "Rectangle",
        "x" : 80,
        "y" : 1296,
        "width" : 88,
        "height" : 40
      }
    }, {
      "id" : "v7BCNn6GAqACAw2g",
      "type" : "ClassView",
      "modelElement" : {
        "id" : "_7BCNn6GAqACAw2h",
        "type" : "Class"
      },
      "shape" : {
        "id" : "v7BCNn6GAqACAw2g_shape",
        "type" : "Rectangle",
        "x" : 827,
        "y" : 547,
        "width" : 86,
        "height" : 40
      }
    }, {
      "id" : "QqWBFn6GAqACAwrt",
      "type" : "GeneralizationView",
      "modelElement" : {
        "id" : "_KWBFn6GAqACAwrs",
        "type" : "Generalization"
      },
      "shape" : {
        "id" : "QqWBFn6GAqACAwrt_path",
        "type" : "Path",
        "points" : [ {
          "x" : 259,
          "y" : 184
        }, {
          "x" : 297,
          "y" : 184
        }, {
          "x" : 297,
          "y" : 166
        }, {
          "x" : 350,
          "y" : 166
        } ]
      },
      "source" : {
        "id" : "kOpeFn6GAqACAwma",
        "type" : "ClassView"
      },
      "target" : {
        "id" : ".rNeFn6GAqACAwnL",
        "type" : "ClassView"
      }
    }, {
      "id" : "019yNn6GAqACAw_C",
      "type" : "RelationView",
      "modelElement" : {
        "id" : "Y19yNn6GAqACAw.9",
        "type" : "Relation"
      },
      "shape" : {
        "id" : "019yNn6GAqACAw_C_path",
        "type" : "Path",
        "points" : [ {
          "x" : 1260,
          "y" : 1009
        }, {
          "x" : 1260,
          "y" : 1226
        } ]
      },
      "source" : {
        "id" : "HwUSNn6GAqACAw6I",
        "type" : "ClassView"
      },
      "target" : {
        "id" : "b3ASNn6GAqACAw5w",
        "type" : "ClassView"
      }
    }, {
      "id" : "pQTRFn6GAqACAwxy",
      "type" : "ClassView",
      "modelElement" : {
        "id" : "pQTRFn6GAqACAwxz",
        "type" : "Class"
      },
      "shape" : {
        "id" : "pQTRFn6GAqACAwxy_shape",
        "type" : "Rectangle",
        "x" : 768,
        "y" : 18,
        "width" : 190,
        "height" : 40
      }
    }, {
      "id" : "L6QSNn6GAqACAw54",
      "type" : "ClassView",
      "modelElement" : {
        "id" : "L6QSNn6GAqACAw55",
        "type" : "Class"
      },
      "shape" : {
        "id" : "L6QSNn6GAqACAw54_shape",
        "type" : "Rectangle",
        "x" : 1543,
        "y" : 1111,
        "width" : 108,
        "height" : 40
      }
    }, {
      "id" : "0C7BFn6GAqACAwti",
      "type" : "ClassView",
      "modelElement" : {
        "id" : "0C7BFn6GAqACAwtj",
        "type" : "Class"
      },
      "shape" : {
        "id" : "0C7BFn6GAqACAwti_shape",
        "type" : "Rectangle",
        "x" : 416,
        "y" : 1070,
        "width" : 131,
        "height" : 40
      }
    }, {
      "id" : "yY6BFn6GAqACAwrl",
      "type" : "GeneralizationView",
      "modelElement" : {
        "id" : "CY6BFn6GAqACAwrk",
        "type" : "Generalization"
      },
      "shape" : {
        "id" : "yY6BFn6GAqACAwrl_path",
        "type" : "Path",
        "points" : [ {
          "x" : 259,
          "y" : 185
        }, {
          "x" : 297,
          "y" : 185
        }, {
          "x" : 297,
          "y" : 107
        }, {
          "x" : 349,
          "y" : 107
        } ]
      },
      "source" : {
        "id" : "kOpeFn6GAqACAwma",
        "type" : "ClassView"
      },
      "target" : {
        "id" : "6N1eFn6GAqACAwm9",
        "type" : "ClassView"
      }
    }, {
      "id" : "6eD.Fn6GAqACAwpk",
      "type" : "GeneralizationView",
      "modelElement" : {
        "id" : "ceD.Fn6GAqACAwpj",
        "type" : "Generalization"
      },
      "shape" : {
        "id" : "6eD.Fn6GAqACAwpk_path",
        "type" : "Path",
        "points" : [ {
          "x" : 218,
          "y" : 513
        }, {
          "x" : 218,
          "y" : 546
        } ]
      },
      "source" : {
        "id" : "SCTeFn6GAqACAwnn",
        "type" : "ClassView"
      },
      "target" : {
        "id" : "UZZeFn6GAqACAwmo",
        "type" : "ClassView"
      }
    }, {
      "id" : "lCLRFn6GAqACAwx4",
      "type" : "ClassView",
      "modelElement" : {
        "id" : "lCLRFn6GAqACAwx5",
        "type" : "Class"
      },
      "shape" : {
        "id" : "lCLRFn6GAqACAwx4_shape",
        "type" : "Rectangle",
        "x" : 495,
        "y" : 103,
        "width" : 105,
        "height" : 40
      }
    }, {
      "id" : "6N1eFn6GAqACAwm9",
      "type" : "ClassView",
      "modelElement" : {
        "id" : "6N1eFn6GAqACAwm.",
        "type" : "Class"
      },
      "shape" : {
        "id" : "6N1eFn6GAqACAwm9_shape",
        "type" : "Rectangle",
        "x" : 350,
        "y" : 81,
        "width" : 88,
        "height" : 40
      }
    }, {
      "id" : "SCxeFn6GAqACAwmU",
      "type" : "ClassView",
      "modelElement" : {
        "id" : "2CxeFn6GAqACAwmV",
        "type" : "Class"
      },
      "shape" : {
        "id" : "SCxeFn6GAqACAwmU_shape",
        "type" : "Rectangle",
        "x" : 95,
        "y" : 41,
        "width" : 164,
        "height" : 40
      }
    }, {
      "id" : "CX8hFn6GAqACAwvJ",
      "type" : "RelationView",
      "modelElement" : {
        "id" : "kX8hFn6GAqACAwvE",
        "type" : "Relation"
      },
      "shape" : {
        "id" : "CX8hFn6GAqACAwvJ_path",
        "type" : "Path",
        "points" : [ {
          "x" : 226,
          "y" : 818
        }, {
          "x" : 365,
          "y" : 818
        } ]
      },
      "source" : {
        "id" : "khTBFn6GAqACAws0",
        "type" : "ClassView"
      },
      "target" : {
        "id" : "sqzBFn6GAqACAws8",
        "type" : "ClassView"
      }
    }, {
      "id" : "_KgRFn6GAqACAwvi",
      "type" : "GeneralizationView",
      "modelElement" : {
        "id" : "3KgRFn6GAqACAwvh",
        "type" : "Generalization"
      },
      "shape" : {
        "id" : "_KgRFn6GAqACAwvi_path",
        "type" : "Path",
        "points" : [ {
          "x" : 288,
          "y" : 711
        }, {
          "x" : 288,
          "y" : 749
        }, {
          "x" : 138,
          "y" : 749
        }, {
          "x" : 138,
          "y" : 791
        } ]
      },
      "source" : {
        "id" : "4ZDBFn6GAqACAwso",
        "type" : "ClassView"
      },
      "target" : {
        "id" : "khTBFn6GAqACAws0",
        "type" : "ClassView"
      }
    }, {
      "id" : "iZwyNn6GAqACAw85",
      "type" : "ClassView",
      "modelElement" : {
        "id" : "iZwyNn6GAqACAw86",
        "type" : "Class"
      },
      "shape" : {
        "id" : "iZwyNn6GAqACAw85_shape",
        "type" : "Rectangle",
        "x" : 1556,
        "y" : 1311,
        "width" : 80,
        "height" : 40
      }
    }, {
      "id" : "UqNpFn6GAqACAw1E",
      "type" : "RelationView",
      "modelElement" : {
        "id" : "IqNpFn6GAqACAw0_",
        "type" : "Relation"
      },
      "shape" : {
        "id" : "UqNpFn6GAqACAw1E_path",
        "type" : "Path",
        "points" : [ {
          "x" : 863,
          "y" : 58
        }, {
          "x" : 863,
          "y" : 143
        } ]
      },
      "source" : {
        "id" : "pQTRFn6GAqACAwxy",
        "type" : "ClassView"
      },
      "target" : {
        "id" : "pXWJFn6GAqACAwyY",
        "type" : "ClassView"
      }
    }, {
      "id" : "7v9pFn6GAqACAw1Y",
      "type" : "GeneralizationView",
      "modelElement" : {
        "id" : "jv9pFn6GAqACAw1X",
        "type" : "Generalization"
      },
      "shape" : {
        "id" : "7v9pFn6GAqACAw1Y_path",
        "type" : "Path",
        "points" : [ {
          "x" : 1140,
          "y" : 158
        }, {
          "x" : 923,
          "y" : 158
        } ]
      },
      "source" : {
        "id" : "AsuJFn6GAqACAwyy",
        "type" : "ClassView"
      },
      "target" : {
        "id" : "pXWJFn6GAqACAwyY",
        "type" : "ClassView"
      }
    }, {
      "id" : "PBrJFn6GAqACAwz7",
      "type" : "GeneralizationView",
      "modelElement" : {
        "id" : "nBrJFn6GAqACAwz6",
        "type" : "Generalization"
      },
      "shape" : {
        "id" : "PBrJFn6GAqACAwz7_path",
        "type" : "Path",
        "points" : [ {
          "x" : 436,
          "y" : 221
        }, {
          "x" : 466,
          "y" : 221
        }, {
          "x" : 466,
          "y" : 201
        }, {
          "x" : 506,
          "y" : 201
        } ]
      },
      "source" : {
        "id" : "t1teFn6GAqACAwnT",
        "type" : "ClassView"
      },
      "target" : {
        "id" : "i2rRFn6GAqACAwyA",
        "type" : "ClassView"
      }
    }, {
      "id" : "uRhyNn6GAqACAw.g",
      "type" : "RelationView",
      "modelElement" : {
        "id" : "GRhyNn6GAqACAw.b",
        "type" : "Relation"
      },
      "shape" : {
        "id" : "uRhyNn6GAqACAw.g_path",
        "type" : "Path",
        "points" : [ {
          "x" : 1334,
          "y" : 995
        }, {
          "x" : 1518,
          "y" : 995
        } ]
      },
      "source" : {
        "id" : "HwUSNn6GAqACAw6I",
        "type" : "ClassView"
      },
      "target" : {
        "id" : "nssSNn6GAqACAw6Q",
        "type" : "ClassView"
      }
    }, {
      "id" : "1fVKNn6GAqACAxBd",
      "type" : "GeneralizationView",
      "modelElement" : {
        "id" : "FfVKNn6GAqACAxBc",
        "type" : "Generalization"
      },
      "shape" : {
        "id" : "1fVKNn6GAqACAxBd_path",
        "type" : "Path",
        "points" : [ {
          "x" : 1220,
          "y" : 165
        }, {
          "x" : 1770,
          "y" : 165
        }, {
          "x" : 1770,
          "y" : 1240
        }, {
          "x" : 1305,
          "y" : 1240
        } ]
      },
      "source" : {
        "id" : "AsuJFn6GAqACAwyy",
        "type" : "ClassView"
      },
      "target" : {
        "id" : "b3ASNn6GAqACAw5w",
        "type" : "ClassView"
      }
    }, {
      "id" : "kOpeFn6GAqACAwma",
      "type" : "ClassView",
      "modelElement" : {
        "id" : "kOpeFn6GAqACAwmb",
        "type" : "Class"
      },
      "shape" : {
        "id" : "kOpeFn6GAqACAwma_shape",
        "type" : "Rectangle",
        "x" : 96,
        "y" : 161,
        "width" : 162,
        "height" : 40
      }
    }, {
      "id" : "NUfiNn6GAqACAw5W",
      "type" : "ClassView",
      "modelElement" : {
        "id" : "NUfiNn6GAqACAw5X",
        "type" : "Class"
      },
      "shape" : {
        "id" : "NUfiNn6GAqACAw5W_shape",
        "type" : "Rectangle",
        "x" : 850,
        "y" : 968,
        "width" : 183,
        "height" : 40
      }
    }, {
      "id" : "bR5CNn6GAqACAw28",
      "type" : "ClassView",
      "modelElement" : {
        "id" : "bR5CNn6GAqACAw29",
        "type" : "Class"
      },
      "shape" : {
        "id" : "bR5CNn6GAqACAw28_shape",
        "type" : "Rectangle",
        "x" : 1018,
        "y" : 451,
        "width" : 173,
        "height" : 40
      }
    }, {
      "id" : "b3ASNn6GAqACAw5w",
      "type" : "ClassView",
      "modelElement" : {
        "id" : "b3ASNn6GAqACAw5x",
        "type" : "Class"
      },
      "shape" : {
        "id" : "b3ASNn6GAqACAw5w_shape",
        "type" : "Rectangle",
        "x" : 1226,
        "y" : 1226,
        "width" : 80,
        "height" : 40
      }
    }, {
      "id" : "_87yNn6GAqACAw_a",
      "type" : "RelationView",
      "modelElement" : {
        "id" : "387yNn6GAqACAw_V",
        "type" : "Relation"
      },
      "shape" : {
        "id" : "_87yNn6GAqACAw_a_path",
        "type" : "Path",
        "points" : [ {
          "x" : 1195,
          "y" : 996
        }, {
          "x" : 1088,
          "y" : 996
        }, {
          "x" : 1088,
          "y" : 1127
        }, {
          "x" : 891,
          "y" : 1127
        } ]
      },
      "source" : {
        "id" : "HwUSNn6GAqACAw6I",
        "type" : "ClassView"
      },
      "target" : {
        "id" : "Sr_iNn6GAqACAw5i",
        "type" : "ClassView"
      }
    }, {
      "id" : "HwUSNn6GAqACAw6I",
      "type" : "ClassView",
      "modelElement" : {
        "id" : "HwUSNn6GAqACAw6J",
        "type" : "Class"
      },
      "shape" : {
        "id" : "HwUSNn6GAqACAw6I_shape",
        "type" : "Rectangle",
        "x" : 1196,
        "y" : 968,
        "width" : 138,
        "height" : 40
      }
    }, {
      "id" : "atLBFn6GAqACAwtI",
      "type" : "ClassView",
      "modelElement" : {
        "id" : "atLBFn6GAqACAwtJ",
        "type" : "Class"
      },
      "shape" : {
        "id" : "atLBFn6GAqACAwtI_shape",
        "type" : "Rectangle",
        "x" : 260,
        "y" : 928,
        "width" : 91,
        "height" : 40
      }
    }, {
      "id" : "t1teFn6GAqACAwnT",
      "type" : "ClassView",
      "modelElement" : {
        "id" : "t1teFn6GAqACAwnU",
        "type" : "Class"
      },
      "shape" : {
        "id" : "t1teFn6GAqACAwnT_shape",
        "type" : "Rectangle",
        "x" : 349,
        "y" : 201,
        "width" : 88,
        "height" : 40
      }
    }, {
      "id" : "W8qBFn6GAqACAwrf",
      "type" : "GeneralizationView",
      "modelElement" : {
        "id" : "a8qBFn6GAqACAwre",
        "type" : "Generalization"
      },
      "shape" : {
        "id" : "W8qBFn6GAqACAwrf_path",
        "type" : "Path",
        "points" : [ {
          "x" : 259,
          "y" : 184
        }, {
          "x" : 297,
          "y" : 184
        }, {
          "x" : 297,
          "y" : 39
        }, {
          "x" : 339,
          "y" : 39
        } ]
      },
      "source" : {
        "id" : "kOpeFn6GAqACAwma",
        "type" : "ClassView"
      },
      "target" : {
        "id" : "eGleFn6GAqACAwm3",
        "type" : "ClassView"
      }
    }, {
      "id" : "xwpRFn6GAqACAwxb",
      "type" : "GeneralizationView",
      "modelElement" : {
        "id" : "hwpRFn6GAqACAwxa",
        "type" : "Generalization"
      },
      "shape" : {
        "id" : "xwpRFn6GAqACAwxb_path",
        "type" : "Path",
        "points" : [ {
          "x" : 135,
          "y" : 1109
        }, {
          "x" : 135,
          "y" : 1201
        }, {
          "x" : 493,
          "y" : 1201
        }, {
          "x" : 493,
          "y" : 1294
        } ]
      },
      "source" : {
        "id" : "tGbBFn6GAqACAwtY",
        "type" : "ClassView"
      },
      "target" : {
        "id" : "nVvBFn6GAqACAwuI",
        "type" : "ClassView"
      }
    }, {
      "id" : "7pSRFn6GAqACAwwX",
      "type" : "GeneralizationView",
      "modelElement" : {
        "id" : "LpSRFn6GAqACAwwW",
        "type" : "Generalization"
      },
      "shape" : {
        "id" : "7pSRFn6GAqACAwwX_path",
        "type" : "Path",
        "points" : [ {
          "x" : 305,
          "y" : 968
        }, {
          "x" : 305,
          "y" : 1010
        }, {
          "x" : 138,
          "y" : 1010
        }, {
          "x" : 138,
          "y" : 1070
        } ]
      },
      "source" : {
        "id" : "atLBFn6GAqACAwtI",
        "type" : "ClassView"
      },
      "target" : {
        "id" : "tGbBFn6GAqACAwtY",
        "type" : "ClassView"
      }
    }, {
      "id" : "4ZDBFn6GAqACAwso",
      "type" : "ClassView",
      "modelElement" : {
        "id" : "4ZDBFn6GAqACAwsp",
        "type" : "Class"
      },
      "shape" : {
        "id" : "4ZDBFn6GAqACAwso_shape",
        "type" : "Rectangle",
        "x" : 193,
        "y" : 671,
        "width" : 223,
        "height" : 40
      }
    }, {
      "id" : "eGleFn6GAqACAwm3",
      "type" : "ClassView",
      "modelElement" : {
        "id" : "eGleFn6GAqACAwm4",
        "type" : "Class"
      },
      "shape" : {
        "id" : "eGleFn6GAqACAwm3_shape",
        "type" : "Rectangle",
        "x" : 340,
        "y" : 19,
        "width" : 111,
        "height" : 40
      }
    }, {
      "id" : "1ao.Fn6GAqACAwoo",
      "type" : "RelationView",
      "modelElement" : {
        "id" : "Zao.Fn6GAqACAwoj",
        "type" : "Relation"
      },
      "shape" : {
        "id" : "1ao.Fn6GAqACAwoo_path",
        "type" : "Path",
        "points" : [ {
          "x" : 174,
          "y" : 202
        }, {
          "x" : 174,
          "y" : 546
        } ]
      },
      "source" : {
        "id" : "kOpeFn6GAqACAwma",
        "type" : "ClassView"
      },
      "target" : {
        "id" : "UZZeFn6GAqACAwmo",
        "type" : "ClassView"
      }
    }, {
      "id" : "HxeBFn6GAqACAwr5",
      "type" : "GeneralizationView",
      "modelElement" : {
        "id" : "LxeBFn6GAqACAwr4",
        "type" : "Generalization"
      },
      "shape" : {
        "id" : "HxeBFn6GAqACAwr5_path",
        "type" : "Path",
        "points" : [ {
          "x" : 259,
          "y" : 184
        }, {
          "x" : 297,
          "y" : 184
        }, {
          "x" : 297,
          "y" : 221
        }, {
          "x" : 348,
          "y" : 221
        } ]
      },
      "source" : {
        "id" : "kOpeFn6GAqACAwma",
        "type" : "ClassView"
      },
      "target" : {
        "id" : "t1teFn6GAqACAwnT",
        "type" : "ClassView"
      }
    } ]
  } ]
}