{
  "id" : "VnlRSf6GAqAAbwBO",
  "name" : "ontology",
  "description" : null,
  "type" : "Project",
  "model" : {
    "id" : "VnlRSf6GAqAAbwBO_root",
    "name" : "ontology",
    "description" : null,
    "type" : "Package",
    "propertyAssignments" : null,
    "contents" : [ {
      "id" : "yjnzmf6GAqACC1Pb",
      "name" : "OnlineMentoring",
      "description" : null,
      "type" : "Package",
      "propertyAssignments" : null,
      "contents" : [ {
        "id" : "HwhxSf6GAqAAbwWv",
        "name" : "Agent",
        "description" : null,
        "type" : "Class",
        "propertyAssignments" : null,
        "stereotype" : "kind",
        "isAbstract" : false,
        "isDerived" : false,
        "properties" : null,
        "isExtensional" : null,
        "isPowertype" : null,
        "order" : null,
        "literals" : null,
        "restrictedTo" : [ "functional-complex" ]
      }, {
        "id" : "5oRxSf6GAqAAbwW6",
        "name" : "Organization",
        "description" : null,
        "type" : "Class",
        "propertyAssignments" : null,
        "stereotype" : "subkind",
        "isAbstract" : false,
        "isDerived" : false,
        "properties" : null,
        "isExtensional" : false,
        "isPowertype" : null,
        "order" : null,
        "literals" : null,
        "restrictedTo" : [ "functional-complex" ]
      }, {
        "id" : "cExxSf6GAqAAbwXF",
        "name" : "Person",
        "description" : null,
        "type" : "Class",
        "propertyAssignments" : null,
        "stereotype" : "subkind",
        "isAbstract" : false,
        "isDerived" : false,
        "properties" : null,
        "isExtensional" : false,
        "isPowertype" : null,
        "order" : null,
        "literals" : null,
        "restrictedTo" : [ "functional-complex" ]
      }, {
        "id" : "sIJxSf6GAqAAbwXQ",
        "name" : "EducationalInstitution",
        "description" : null,
        "type" : "Class",
        "propertyAssignments" : null,
        "stereotype" : "subkind",
        "isAbstract" : false,
        "isDerived" : false,
        "properties" : null,
        "isExtensional" : false,
        "isPowertype" : null,
        "order" : null,
        "literals" : null,
        "restrictedTo" : [ "functional-complex" ]
      }, {
        "id" : "I8VxSf6GAqAAbwX8",
        "name" : "WorkContract",
        "description" : null,
        "type" : "Class",
        "propertyAssignments" : null,
        "stereotype" : "relator",
        "isAbstract" : false,
        "isDerived" : false,
        "properties" : null,
        "isExtensional" : null,
        "isPowertype" : null,
        "order" : null,
        "literals" : null,
        "restrictedTo" : [ "relator" ]
      }, {
        "id" : "oz1xSf6GAqAAbwYH",
        "name" : "Professor",
        "description" : null,
        "type" : "Class",
        "propertyAssignments" : null,
        "stereotype" : "role",
        "isAbstract" : false,
        "isDerived" : false,
        "properties" : null,
        "isExtensional" : false,
        "isPowertype" : null,
        "order" : null,
        "literals" : null,
        "restrictedTo" : [ "functional-complex" ]
      }, {
        "id" : "ygtxSf6GAqAAbwYS",
        "name" : "Participant",
        "description" : null,
        "type" : "Class",
        "propertyAssignments" : null,
        "stereotype" : "role",
        "isAbstract" : false,
        "isDerived" : false,
        "properties" : null,
        "isExtensional" : false,
        "isPowertype" : null,
        "order" : null,
        "literals" : null,
        "restrictedTo" : [ "functional-complex" ]
      }, {
        "id" : "OSdxSf6GAqAAbwYd",
        "name" : "Student",
        "description" : null,
        "type" : "Class",
        "propertyAssignments" : null,
        "stereotype" : "role",
        "isAbstract" : false,
        "isDerived" : false,
        "properties" : null,
        "isExtensional" : false,
        "isPowertype" : null,
        "order" : null,
        "literals" : null,
        "restrictedTo" : [ "functional-complex" ]
      }, {
        "id" : "0u9xSf6GAqAAbwYo",
        "name" : "Enrollment",
        "description" : null,
        "type" : "Class",
        "propertyAssignments" : null,
        "stereotype" : "relator",
        "isAbstract" : false,
        "isDerived" : false,
        "properties" : null,
        "isExtensional" : null,
        "isPowertype" : null,
        "order" : null,
        "literals" : null,
        "restrictedTo" : [ "relator" ]
      }, {
        "id" : "4PDxSf6GAqAAbwYz",
        "name" : "ParticipantWithanswer",
        "description" : null,
        "type" : "Class",
        "propertyAssignments" : null,
        "stereotype" : "role",
        "isAbstract" : false,
        "isDerived" : false,
        "properties" : null,
        "isExtensional" : false,
        "isPowertype" : null,
        "order" : null,
        "literals" : null,
        "restrictedTo" : [ "functional-complex" ]
      }, {
        "id" : "DELxSf6GAqAAbwY.",
        "name" : "Answer",
        "description" : null,
        "type" : "Class",
        "propertyAssignments" : null,
        "stereotype" : "kind",
        "isAbstract" : false,
        "isDerived" : false,
        "properties" : null,
        "isExtensional" : null,
        "isPowertype" : null,
        "order" : null,
        "literals" : null,
        "restrictedTo" : [ "functional-complex" ]
      }, {
        "id" : "uwrxSf6GAqAAbwZJ",
        "name" : "ParticipantWithQuestion",
        "description" : null,
        "type" : "Class",
        "propertyAssignments" : null,
        "stereotype" : "role",
        "isAbstract" : false,
        "isDerived" : false,
        "properties" : null,
        "isExtensional" : false,
        "isPowertype" : null,
        "order" : null,
        "literals" : null,
        "restrictedTo" : [ "functional-complex" ]
      }, {
        "id" : ".dbxSf6GAqAAbwZU",
        "name" : "Question",
        "description" : null,
        "type" : "Class",
        "propertyAssignments" : null,
        "stereotype" : "kind",
        "isAbstract" : false,
        "isDerived" : false,
        "properties" : null,
        "isExtensional" : null,
        "isPowertype" : null,
        "order" : null,
        "literals" : null,
        "restrictedTo" : [ "functional-complex" ]
      }, {
        "id" : "ET7xSf6GAqAAbwZf",
        "name" : "AnsweredQuestion",
        "description" : null,
        "type" : "Class",
        "propertyAssignments" : null,
        "stereotype" : "role",
        "isAbstract" : false,
        "isDerived" : false,
        "properties" : null,
        "isExtensional" : false,
        "isPowertype" : null,
        "order" : null,
        "literals" : null,
        "restrictedTo" : [ "functional-complex" ]
      }, {
        "id" : "qGnxSf6GAqAAbwZq",
        "name" : "OpenQuestion",
        "description" : null,
        "type" : "Class",
        "propertyAssignments" : null,
        "stereotype" : "role",
        "isAbstract" : false,
        "isDerived" : false,
        "properties" : null,
        "isExtensional" : false,
        "isPowertype" : null,
        "order" : null,
        "literals" : null,
        "restrictedTo" : [ "functional-complex" ]
      }, {
        "id" : "BLPxSf6GAqAAbwZ6",
        "name" : "ActiveStudent",
        "description" : null,
        "type" : "Class",
        "propertyAssignments" : null,
        "stereotype" : "role",
        "isAbstract" : false,
        "isDerived" : false,
        "properties" : null,
        "isExtensional" : false,
        "isPowertype" : null,
        "order" : null,
        "literals" : null,
        "restrictedTo" : [ "functional-complex" ]
      }, {
        "id" : "54fxSf6GAqAAbwaF",
        "name" : "Course",
        "description" : null,
        "type" : "Class",
        "propertyAssignments" : null,
        "stereotype" : "kind",
        "isAbstract" : false,
        "isDerived" : false,
        "properties" : null,
        "isExtensional" : null,
        "isPowertype" : null,
        "order" : null,
        "literals" : null,
        "restrictedTo" : [ "functional-complex" ]
      }, {
        "id" : "WA_xSf6GAqAAbwaQ",
        "name" : "Curriculum",
        "description" : null,
        "type" : "Class",
        "propertyAssignments" : null,
        "stereotype" : "collective",
        "isAbstract" : false,
        "isDerived" : false,
        "properties" : null,
        "isExtensional" : false,
        "isPowertype" : null,
        "order" : null,
        "literals" : null,
        "restrictedTo" : [ "collective" ]
      }, {
        "id" : "wAgJSf6GAqAAbwab",
        "name" : "Tutor",
        "description" : null,
        "type" : "Class",
        "propertyAssignments" : null,
        "stereotype" : "role",
        "isAbstract" : false,
        "isDerived" : false,
        "properties" : null,
        "isExtensional" : false,
        "isPowertype" : null,
        "order" : null,
        "literals" : null,
        "restrictedTo" : [ "functional-complex" ]
      }, {
        "id" : "anQJSf6GAqAAbwam",
        "name" : "Tutoring",
        "description" : null,
        "type" : "Class",
        "propertyAssignments" : null,
        "stereotype" : "relator",
        "isAbstract" : false,
        "isDerived" : false,
        "properties" : null,
        "isExtensional" : null,
        "isPowertype" : null,
        "order" : null,
        "literals" : null,
        "restrictedTo" : [ "relator" ]
      }, {
        "id" : "CvIJSf6GAqAAbwax",
        "name" : "TutoredDiscipline",
        "description" : null,
        "type" : "Class",
        "propertyAssignments" : null,
        "stereotype" : "role",
        "isAbstract" : false,
        "isDerived" : false,
        "properties" : null,
        "isExtensional" : false,
        "isPowertype" : null,
        "order" : null,
        "literals" : null,
        "restrictedTo" : [ "functional-complex" ]
      }, {
        "id" : "rnYJSf6GAqAAbwa8",
        "name" : "CharacterizedQuestion",
        "description" : null,
        "type" : "Class",
        "propertyAssignments" : null,
        "stereotype" : "role",
        "isAbstract" : false,
        "isDerived" : false,
        "properties" : null,
        "isExtensional" : false,
        "isPowertype" : null,
        "order" : null,
        "literals" : null,
        "restrictedTo" : [ "functional-complex" ]
      }, {
        "id" : "EYUJSf6GAqAAbwbH",
        "name" : "NonCharacterizedQuestion",
        "description" : null,
        "type" : "Class",
        "propertyAssignments" : null,
        "stereotype" : "role",
        "isAbstract" : false,
        "isDerived" : false,
        "properties" : null,
        "isExtensional" : false,
        "isPowertype" : null,
        "order" : null,
        "literals" : null,
        "restrictedTo" : [ "functional-complex" ]
      }, {
        "id" : "tXsJSf6GAqAAbwbU",
        "name" : "Discipline",
        "description" : null,
        "type" : "Class",
        "propertyAssignments" : null,
        "stereotype" : "kind",
        "isAbstract" : false,
        "isDerived" : false,
        "properties" : null,
        "isExtensional" : null,
        "isPowertype" : null,
        "order" : null,
        "literals" : null,
        "restrictedTo" : [ "functional-complex" ]
      }, {
        "id" : "8o8JSf6GAqAAbwbf",
        "name" : "Ementa",
        "description" : null,
        "type" : "Class",
        "propertyAssignments" : null,
        "stereotype" : "collective",
        "isAbstract" : false,
        "isDerived" : false,
        "properties" : null,
        "isExtensional" : false,
        "isPowertype" : null,
        "order" : null,
        "literals" : null,
        "restrictedTo" : [ "collective" ]
      }, {
        "id" : ".XiJSf6GAqAAbwb0",
        "name" : "NonTutoredDiscipline",
        "description" : null,
        "type" : "Class",
        "propertyAssignments" : null,
        "stereotype" : "role",
        "isAbstract" : false,
        "isDerived" : false,
        "properties" : null,
        "isExtensional" : false,
        "isPowertype" : null,
        "order" : null,
        "literals" : null,
        "restrictedTo" : [ "functional-complex" ]
      }, {
        "id" : "KCKJSf6GAqAAbwcD",
        "name" : "Topic",
        "description" : null,
        "type" : "Class",
        "propertyAssignments" : null,
        "stereotype" : "kind",
        "isAbstract" : false,
        "isDerived" : false,
        "properties" : null,
        "isExtensional" : null,
        "isPowertype" : null,
        "order" : null,
        "literals" : null,
        "restrictedTo" : [ "functional-complex" ]
      }, {
        "id" : "RgqJSf6GAqAAbwcO",
        "name" : "CharacterizingTopic",
        "description" : null,
        "type" : "Class",
        "propertyAssignments" : null,
        "stereotype" : "role",
        "isAbstract" : false,
        "isDerived" : false,
        "properties" : null,
        "isExtensional" : false,
        "isPowertype" : null,
        "order" : null,
        "literals" : null,
        "restrictedTo" : [ "functional-complex" ]
      }, {
        "id" : "BdaJSf6GAqAAbwcZ",
        "name" : "NonCharacterizingTopic",
        "description" : null,
        "type" : "Class",
        "propertyAssignments" : null,
        "stereotype" : "role",
        "isAbstract" : false,
        "isDerived" : false,
        "properties" : null,
        "isExtensional" : false,
        "isPowertype" : null,
        "order" : null,
        "literals" : null,
        "restrictedTo" : [ "functional-complex" ]
      }, {
        "id" : "J_PJSf6GAqAAbwhC",
        "name" : "",
        "description" : null,
        "type" : "Generalization",
        "propertyAssignments" : null,
        "general" : {
          "id" : "HwhxSf6GAqAAbwWv",
          "type" : "Class"
        },
        "specific" : {
          "id" : "5oRxSf6GAqAAbwW6",
          "type" : "Class"
        }
      }, {
        "id" : "cCvJSf6GAqAAbwhI",
        "name" : "",
        "description" : null,
        "type" : "Generalization",
        "propertyAssignments" : null,
        "general" : {
          "id" : "HwhxSf6GAqAAbwWv",
          "type" : "Class"
        },
        "specific" : {
          "id" : "cExxSf6GAqAAbwXF",
          "type" : "Class"
        }
      }, {
        "id" : "nV8pSf6GAqAAbwiP",
        "name" : null,
        "description" : null,
        "type" : "Generalization",
        "propertyAssignments" : null,
        "general" : {
          "id" : "cExxSf6GAqAAbwXF",
          "type" : "Class"
        },
        "specific" : {
          "id" : "ygtxSf6GAqAAbwYS",
          "type" : "Class"
        }
      }, {
        "id" : "PSipSf6GAqAAbwib",
        "name" : null,
        "description" : null,
        "type" : "Generalization",
        "propertyAssignments" : null,
        "general" : {
          "id" : "5oRxSf6GAqAAbwW6",
          "type" : "Class"
        },
        "specific" : {
          "id" : "sIJxSf6GAqAAbwXQ",
          "type" : "Class"
        }
      }, {
        "id" : "HWypSf6GAqAAbwip",
        "name" : "",
        "description" : null,
        "type" : "Generalization",
        "propertyAssignments" : null,
        "general" : {
          "id" : "ygtxSf6GAqAAbwYS",
          "type" : "Class"
        },
        "specific" : {
          "id" : "oz1xSf6GAqAAbwYH",
          "type" : "Class"
        }
      }, {
        "id" : "OjypSf6GAqAAbwiv",
        "name" : "",
        "description" : null,
        "type" : "Generalization",
        "propertyAssignments" : null,
        "general" : {
          "id" : "ygtxSf6GAqAAbwYS",
          "type" : "Class"
        },
        "specific" : {
          "id" : "OSdxSf6GAqAAbwYd",
          "type" : "Class"
        }
      }, {
        "id" : "bqupSf6GAqAAbwjX",
        "name" : null,
        "description" : null,
        "type" : "Generalization",
        "propertyAssignments" : null,
        "general" : {
          "id" : "ygtxSf6GAqAAbwYS",
          "type" : "Class"
        },
        "specific" : {
          "id" : "uwrxSf6GAqAAbwZJ",
          "type" : "Class"
        }
      }, {
        "id" : "RHupSf6GAqAAbwjd",
        "name" : null,
        "description" : null,
        "type" : "Generalization",
        "propertyAssignments" : null,
        "general" : {
          "id" : "ygtxSf6GAqAAbwYS",
          "type" : "Class"
        },
        "specific" : {
          "id" : "4PDxSf6GAqAAbwYz",
          "type" : "Class"
        }
      }, {
        "id" : "MnxpSf6GAqAAbwjz",
        "name" : null,
        "description" : null,
        "type" : "Generalization",
        "propertyAssignments" : null,
        "general" : {
          "id" : "OSdxSf6GAqAAbwYd",
          "type" : "Class"
        },
        "specific" : {
          "id" : "BLPxSf6GAqAAbwZ6",
          "type" : "Class"
        }
      }, {
        "id" : "cMJpSf6GAqAAbwj5",
        "name" : null,
        "description" : null,
        "type" : "Generalization",
        "propertyAssignments" : null,
        "general" : {
          "id" : "BLPxSf6GAqAAbwZ6",
          "type" : "Class"
        },
        "specific" : {
          "id" : "wAgJSf6GAqAAbwab",
          "type" : "Class"
        }
      }, {
        "id" : "BUppSf6GAqAAbwj_",
        "name" : "",
        "description" : null,
        "type" : "Generalization",
        "propertyAssignments" : null,
        "general" : {
          "id" : "tXsJSf6GAqAAbwbU",
          "type" : "Class"
        },
        "specific" : {
          "id" : "CvIJSf6GAqAAbwax",
          "type" : "Class"
        }
      }, {
        "id" : "7dppSf6GAqAAbwkF",
        "name" : "",
        "description" : null,
        "type" : "Generalization",
        "propertyAssignments" : null,
        "general" : {
          "id" : "tXsJSf6GAqAAbwbU",
          "type" : "Class"
        },
        "specific" : {
          "id" : ".XiJSf6GAqAAbwb0",
          "type" : "Class"
        }
      }, {
        "id" : "B_LpSf6GAqAAbwlB",
        "name" : "",
        "description" : null,
        "type" : "Generalization",
        "propertyAssignments" : null,
        "general" : {
          "id" : "KCKJSf6GAqAAbwcD",
          "type" : "Class"
        },
        "specific" : {
          "id" : "RgqJSf6GAqAAbwcO",
          "type" : "Class"
        }
      }, {
        "id" : "CKrpSf6GAqAAbwlH",
        "name" : "",
        "description" : null,
        "type" : "Generalization",
        "propertyAssignments" : null,
        "general" : {
          "id" : "KCKJSf6GAqAAbwcD",
          "type" : "Class"
        },
        "specific" : {
          "id" : "BdaJSf6GAqAAbwcZ",
          "type" : "Class"
        }
      }, {
        "id" : "1HQZSf6GAqAAbwmD",
        "name" : "",
        "description" : null,
        "type" : "Generalization",
        "propertyAssignments" : null,
        "general" : {
          "id" : ".dbxSf6GAqAAbwZU",
          "type" : "Class"
        },
        "specific" : {
          "id" : "rnYJSf6GAqAAbwa8",
          "type" : "Class"
        }
      }, {
        "id" : "uUwZSf6GAqAAbwmJ",
        "name" : "",
        "description" : null,
        "type" : "Generalization",
        "propertyAssignments" : null,
        "general" : {
          "id" : ".dbxSf6GAqAAbwZU",
          "type" : "Class"
        },
        "specific" : {
          "id" : "EYUJSf6GAqAAbwbH",
          "type" : "Class"
        }
      }, {
        "id" : "qMSZSf6GAqAAbwnF",
        "name" : "",
        "description" : null,
        "type" : "Generalization",
        "propertyAssignments" : null,
        "general" : {
          "id" : ".dbxSf6GAqAAbwZU",
          "type" : "Class"
        },
        "specific" : {
          "id" : "ET7xSf6GAqAAbwZf",
          "type" : "Class"
        }
      }, {
        "id" : "UJSZSf6GAqAAbwnL",
        "name" : "",
        "description" : null,
        "type" : "Generalization",
        "propertyAssignments" : null,
        "general" : {
          "id" : ".dbxSf6GAqAAbwZU",
          "type" : "Class"
        },
        "specific" : {
          "id" : "qGnxSf6GAqAAbwZq",
          "type" : "Class"
        }
      }, {
        "id" : "bTYpSf6GAqAAbwha",
        "name" : "nature",
        "description" : null,
        "type" : "GeneralizationSet",
        "propertyAssignments" : null,
        "isDisjoint" : true,
        "isComplete" : true,
        "categorizer" : null,
        "generalizations" : [ {
          "id" : "J_PJSf6GAqAAbwhC",
          "type" : "Generalization"
        }, {
          "id" : "cCvJSf6GAqAAbwhI",
          "type" : "Generalization"
        } ]
      }, {
        "id" : "JOapSf6GAqAAbwi4",
        "name" : "function",
        "description" : null,
        "type" : "GeneralizationSet",
        "propertyAssignments" : null,
        "isDisjoint" : false,
        "isComplete" : true,
        "categorizer" : null,
        "generalizations" : [ {
          "id" : "OjypSf6GAqAAbwiv",
          "type" : "Generalization"
        }, {
          "id" : "HWypSf6GAqAAbwip",
          "type" : "Generalization"
        } ]
      }, {
        "id" : "dXlpSf6GAqAAbwkN",
        "name" : "tutoring",
        "description" : null,
        "type" : "GeneralizationSet",
        "propertyAssignments" : null,
        "isDisjoint" : true,
        "isComplete" : true,
        "categorizer" : null,
        "generalizations" : [ {
          "id" : "7dppSf6GAqAAbwkF",
          "type" : "Generalization"
        }, {
          "id" : "BUppSf6GAqAAbwj_",
          "type" : "Generalization"
        } ]
      }, {
        "id" : "jKnpSf6GAqAAbwlM",
        "name" : "characterization",
        "description" : null,
        "type" : "GeneralizationSet",
        "propertyAssignments" : null,
        "isDisjoint" : true,
        "isComplete" : true,
        "categorizer" : null,
        "generalizations" : [ {
          "id" : "B_LpSf6GAqAAbwlB",
          "type" : "Generalization"
        }, {
          "id" : "CKrpSf6GAqAAbwlH",
          "type" : "Generalization"
        } ]
      }, {
        "id" : "6gYZSf6GAqAAbwmQ",
        "name" : "characterization",
        "description" : null,
        "type" : "GeneralizationSet",
        "propertyAssignments" : null,
        "isDisjoint" : true,
        "isComplete" : true,
        "categorizer" : null,
        "generalizations" : [ {
          "id" : "1HQZSf6GAqAAbwmD",
          "type" : "Generalization"
        }, {
          "id" : "uUwZSf6GAqAAbwmJ",
          "type" : "Generalization"
        } ]
      }, {
        "id" : "AY6ZSf6GAqAAbwnS",
        "name" : "status",
        "description" : null,
        "type" : "GeneralizationSet",
        "propertyAssignments" : null,
        "isDisjoint" : true,
        "isComplete" : true,
        "categorizer" : null,
        "generalizations" : [ {
          "id" : "qMSZSf6GAqAAbwnF",
          "type" : "Generalization"
        }, {
          "id" : "UJSZSf6GAqAAbwnL",
          "type" : "Generalization"
        } ]
      }, {
        "id" : "hA0tSf6GAqAAbwoZ",
        "name" : null,
        "description" : null,
        "type" : "Relation",
        "propertyAssignments" : null,
        "stereotype" : "mediation",
        "isAbstract" : false,
        "isDerived" : false,
        "properties" : [ {
          "id" : "ZA0tSf6GAqAAbwob",
          "name" : null,
          "description" : null,
          "type" : "Property",
          "propertyAssignments" : null,
          "stereotype" : null,
          "isDerived" : false,
          "isReadOnly" : false,
          "isOrdered" : false,
          "cardinality" : "1..*",
          "propertyType" : {
            "id" : "I8VxSf6GAqAAbwX8",
            "type" : "Class"
          },
          "subsettedProperties" : null,
          "redefinedProperties" : null,
          "aggregationKind" : "NONE"
        }, {
          "id" : "FA0tSf6GAqAAbwoe",
          "name" : null,
          "description" : null,
          "type" : "Property",
          "propertyAssignments" : null,
          "stereotype" : null,
          "isDerived" : false,
          "isReadOnly" : true,
          "isOrdered" : false,
          "cardinality" : "1",
          "propertyType" : {
            "id" : "sIJxSf6GAqAAbwXQ",
            "type" : "Class"
          },
          "subsettedProperties" : null,
          "redefinedProperties" : null,
          "aggregationKind" : "NONE"
        } ]
      }, {
        "id" : "8u0tSf6GAqAAbwol",
        "name" : null,
        "description" : null,
        "type" : "Relation",
        "propertyAssignments" : null,
        "stereotype" : "mediation",
        "isAbstract" : false,
        "isDerived" : false,
        "properties" : [ {
          "id" : "8u0tSf6GAqAAbwom",
          "name" : null,
          "description" : null,
          "type" : "Property",
          "propertyAssignments" : null,
          "stereotype" : null,
          "isDerived" : false,
          "isReadOnly" : false,
          "isOrdered" : false,
          "cardinality" : "1..*",
          "propertyType" : {
            "id" : "I8VxSf6GAqAAbwX8",
            "type" : "Class"
          },
          "subsettedProperties" : null,
          "redefinedProperties" : null,
          "aggregationKind" : "NONE"
        }, {
          "id" : "8u0tSf6GAqAAbwoo",
          "name" : null,
          "description" : null,
          "type" : "Property",
          "propertyAssignments" : null,
          "stereotype" : null,
          "isDerived" : false,
          "isReadOnly" : true,
          "isOrdered" : false,
          "cardinality" : "1",
          "propertyType" : {
            "id" : "oz1xSf6GAqAAbwYH",
            "type" : "Class"
          },
          "subsettedProperties" : null,
          "redefinedProperties" : null,
          "aggregationKind" : "NONE"
        } ]
      }, {
        "id" : "YYStSf6GAqAAbwpM",
        "name" : "provides",
        "description" : null,
        "type" : "Relation",
        "propertyAssignments" : null,
        "stereotype" : "material",
        "isAbstract" : false,
        "isDerived" : false,
        "properties" : [ {
          "id" : "4YStSf6GAqAAbwpN",
          "name" : null,
          "description" : null,
          "type" : "Property",
          "propertyAssignments" : null,
          "stereotype" : null,
          "isDerived" : false,
          "isReadOnly" : false,
          "isOrdered" : false,
          "cardinality" : "1",
          "propertyType" : {
            "id" : "4PDxSf6GAqAAbwYz",
            "type" : "Class"
          },
          "subsettedProperties" : null,
          "redefinedProperties" : null,
          "aggregationKind" : "NONE"
        }, {
          "id" : "4YStSf6GAqAAbwpP",
          "name" : null,
          "description" : null,
          "type" : "Property",
          "propertyAssignments" : null,
          "stereotype" : null,
          "isDerived" : false,
          "isReadOnly" : false,
          "isOrdered" : false,
          "cardinality" : "1..*",
          "propertyType" : {
            "id" : "DELxSf6GAqAAbwY.",
            "type" : "Class"
          },
          "subsettedProperties" : null,
          "redefinedProperties" : null,
          "aggregationKind" : "NONE"
        } ]
      }, {
        "id" : "DDStSf6GAqAAbwpW",
        "name" : "answers",
        "description" : null,
        "type" : "Relation",
        "propertyAssignments" : null,
        "stereotype" : "material",
        "isAbstract" : false,
        "isDerived" : false,
        "properties" : [ {
          "id" : "DDStSf6GAqAAbwpX",
          "name" : null,
          "description" : null,
          "type" : "Property",
          "propertyAssignments" : null,
          "stereotype" : null,
          "isDerived" : false,
          "isReadOnly" : false,
          "isOrdered" : false,
          "cardinality" : "1",
          "propertyType" : {
            "id" : "DELxSf6GAqAAbwY.",
            "type" : "Class"
          },
          "subsettedProperties" : null,
          "redefinedProperties" : null,
          "aggregationKind" : "NONE"
        }, {
          "id" : "DDStSf6GAqAAbwpZ",
          "name" : null,
          "description" : null,
          "type" : "Property",
          "propertyAssignments" : null,
          "stereotype" : null,
          "isDerived" : false,
          "isReadOnly" : false,
          "isOrdered" : false,
          "cardinality" : "1",
          "propertyType" : {
            "id" : "ET7xSf6GAqAAbwZf",
            "type" : "Class"
          },
          "subsettedProperties" : null,
          "redefinedProperties" : null,
          "aggregationKind" : "NONE"
        } ]
      }, {
        "id" : "MnBtSf6GAqAAbwq1",
        "name" : "asks",
        "description" : null,
        "type" : "Relation",
        "propertyAssignments" : null,
        "stereotype" : "material",
        "isAbstract" : false,
        "isDerived" : false,
        "properties" : [ {
          "id" : "MnBtSf6GAqAAbwq2",
          "name" : null,
          "description" : null,
          "type" : "Property",
          "propertyAssignments" : null,
          "stereotype" : null,
          "isDerived" : false,
          "isReadOnly" : false,
          "isOrdered" : false,
          "cardinality" : "1",
          "propertyType" : {
            "id" : "uwrxSf6GAqAAbwZJ",
            "type" : "Class"
          },
          "subsettedProperties" : null,
          "redefinedProperties" : null,
          "aggregationKind" : "NONE"
        }, {
          "id" : "MnBtSf6GAqAAbwq4",
          "name" : null,
          "description" : null,
          "type" : "Property",
          "propertyAssignments" : null,
          "stereotype" : null,
          "isDerived" : false,
          "isReadOnly" : false,
          "isOrdered" : false,
          "cardinality" : "1..*",
          "propertyType" : {
            "id" : ".dbxSf6GAqAAbwZU",
            "type" : "Class"
          },
          "subsettedProperties" : null,
          "redefinedProperties" : null,
          "aggregationKind" : "NONE"
        } ]
      }, {
        "id" : "tuVtSf6GAqAAbwri",
        "name" : null,
        "description" : null,
        "type" : "Relation",
        "propertyAssignments" : null,
        "stereotype" : "mediation",
        "isAbstract" : false,
        "isDerived" : false,
        "properties" : [ {
          "id" : "duVtSf6GAqAAbwrj",
          "name" : null,
          "description" : null,
          "type" : "Property",
          "propertyAssignments" : null,
          "stereotype" : null,
          "isDerived" : false,
          "isReadOnly" : false,
          "isOrdered" : false,
          "cardinality" : "1..*",
          "propertyType" : {
            "id" : "0u9xSf6GAqAAbwYo",
            "type" : "Class"
          },
          "subsettedProperties" : null,
          "redefinedProperties" : null,
          "aggregationKind" : "NONE"
        }, {
          "id" : "duVtSf6GAqAAbwrl",
          "name" : null,
          "description" : null,
          "type" : "Property",
          "propertyAssignments" : null,
          "stereotype" : null,
          "isDerived" : false,
          "isReadOnly" : true,
          "isOrdered" : false,
          "cardinality" : "1",
          "propertyType" : {
            "id" : "54fxSf6GAqAAbwaF",
            "type" : "Class"
          },
          "subsettedProperties" : null,
          "redefinedProperties" : null,
          "aggregationKind" : "NONE"
        } ]
      }, {
        "id" : "g7VtSf6GAqAAbwrs",
        "name" : null,
        "description" : null,
        "type" : "Relation",
        "propertyAssignments" : null,
        "stereotype" : "mediation",
        "isAbstract" : false,
        "isDerived" : false,
        "properties" : [ {
          "id" : "g7VtSf6GAqAAbwrt",
          "name" : null,
          "description" : null,
          "type" : "Property",
          "propertyAssignments" : null,
          "stereotype" : null,
          "isDerived" : false,
          "isReadOnly" : false,
          "isOrdered" : false,
          "cardinality" : "1..*",
          "propertyType" : {
            "id" : "0u9xSf6GAqAAbwYo",
            "type" : "Class"
          },
          "subsettedProperties" : null,
          "redefinedProperties" : null,
          "aggregationKind" : "NONE"
        }, {
          "id" : "g7VtSf6GAqAAbwrv",
          "name" : null,
          "description" : null,
          "type" : "Property",
          "propertyAssignments" : null,
          "stereotype" : null,
          "isDerived" : false,
          "isReadOnly" : true,
          "isOrdered" : false,
          "cardinality" : "1",
          "propertyType" : {
            "id" : "OSdxSf6GAqAAbwYd",
            "type" : "Class"
          },
          "subsettedProperties" : null,
          "redefinedProperties" : null,
          "aggregationKind" : "NONE"
        } ]
      }, {
        "id" : "owDtSf6GAqAAbwsS",
        "name" : "has",
        "description" : null,
        "type" : "Relation",
        "propertyAssignments" : null,
        "stereotype" : "material",
        "isAbstract" : false,
        "isDerived" : false,
        "properties" : [ {
          "id" : "owDtSf6GAqAAbwsT",
          "name" : null,
          "description" : null,
          "type" : "Property",
          "propertyAssignments" : null,
          "stereotype" : null,
          "isDerived" : false,
          "isReadOnly" : false,
          "isOrdered" : false,
          "cardinality" : "1",
          "propertyType" : {
            "id" : "54fxSf6GAqAAbwaF",
            "type" : "Class"
          },
          "subsettedProperties" : null,
          "redefinedProperties" : null,
          "aggregationKind" : "NONE"
        }, {
          "id" : "owDtSf6GAqAAbwsV",
          "name" : null,
          "description" : null,
          "type" : "Property",
          "propertyAssignments" : null,
          "stereotype" : null,
          "isDerived" : false,
          "isReadOnly" : false,
          "isOrdered" : false,
          "cardinality" : "1",
          "propertyType" : {
            "id" : "WA_xSf6GAqAAbwaQ",
            "type" : "Class"
          },
          "subsettedProperties" : null,
          "redefinedProperties" : null,
          "aggregationKind" : "NONE"
        } ]
      }, {
        "id" : "64btSf6GAqAAbwtD",
        "name" : null,
        "description" : null,
        "type" : "Relation",
        "propertyAssignments" : null,
        "stereotype" : "mediation",
        "isAbstract" : false,
        "isDerived" : false,
        "properties" : [ {
          "id" : "64btSf6GAqAAbwtE",
          "name" : null,
          "description" : null,
          "type" : "Property",
          "propertyAssignments" : null,
          "stereotype" : null,
          "isDerived" : false,
          "isReadOnly" : false,
          "isOrdered" : false,
          "cardinality" : "1..*",
          "propertyType" : {
            "id" : "anQJSf6GAqAAbwam",
            "type" : "Class"
          },
          "subsettedProperties" : null,
          "redefinedProperties" : null,
          "aggregationKind" : "NONE"
        }, {
          "id" : "64btSf6GAqAAbwtG",
          "name" : null,
          "description" : null,
          "type" : "Property",
          "propertyAssignments" : null,
          "stereotype" : null,
          "isDerived" : false,
          "isReadOnly" : true,
          "isOrdered" : false,
          "cardinality" : "1",
          "propertyType" : {
            "id" : "wAgJSf6GAqAAbwab",
            "type" : "Class"
          },
          "subsettedProperties" : null,
          "redefinedProperties" : null,
          "aggregationKind" : "NONE"
        } ]
      }, {
        "id" : "HWbtSf6GAqAAbwtN",
        "name" : null,
        "description" : null,
        "type" : "Relation",
        "propertyAssignments" : null,
        "stereotype" : "mediation",
        "isAbstract" : false,
        "isDerived" : false,
        "properties" : [ {
          "id" : "HWbtSf6GAqAAbwtO",
          "name" : null,
          "description" : null,
          "type" : "Property",
          "propertyAssignments" : null,
          "stereotype" : null,
          "isDerived" : false,
          "isReadOnly" : false,
          "isOrdered" : false,
          "cardinality" : "1..*",
          "propertyType" : {
            "id" : "anQJSf6GAqAAbwam",
            "type" : "Class"
          },
          "subsettedProperties" : null,
          "redefinedProperties" : null,
          "aggregationKind" : "NONE"
        }, {
          "id" : "HWbtSf6GAqAAbwtQ",
          "name" : null,
          "description" : null,
          "type" : "Property",
          "propertyAssignments" : null,
          "stereotype" : null,
          "isDerived" : false,
          "isReadOnly" : true,
          "isOrdered" : false,
          "cardinality" : "1",
          "propertyType" : {
            "id" : "CvIJSf6GAqAAbwax",
            "type" : "Class"
          },
          "subsettedProperties" : null,
          "redefinedProperties" : null,
          "aggregationKind" : "NONE"
        } ]
      }, {
        "id" : "2DPtSf6GAqAAbwt3",
        "name" : "tutors",
        "description" : null,
        "type" : "Relation",
        "propertyAssignments" : null,
        "stereotype" : "material",
        "isAbstract" : false,
        "isDerived" : false,
        "properties" : [ {
          "id" : "2DPtSf6GAqAAbwt4",
          "name" : null,
          "description" : null,
          "type" : "Property",
          "propertyAssignments" : null,
          "stereotype" : null,
          "isDerived" : false,
          "isReadOnly" : false,
          "isOrdered" : false,
          "cardinality" : "1..*",
          "propertyType" : {
            "id" : "wAgJSf6GAqAAbwab",
            "type" : "Class"
          },
          "subsettedProperties" : null,
          "redefinedProperties" : null,
          "aggregationKind" : "NONE"
        }, {
          "id" : "2DPtSf6GAqAAbwt6",
          "name" : null,
          "description" : null,
          "type" : "Property",
          "propertyAssignments" : null,
          "stereotype" : null,
          "isDerived" : false,
          "isReadOnly" : false,
          "isOrdered" : false,
          "cardinality" : "1..*",
          "propertyType" : {
            "id" : "CvIJSf6GAqAAbwax",
            "type" : "Class"
          },
          "subsettedProperties" : null,
          "redefinedProperties" : null,
          "aggregationKind" : "NONE"
        } ]
      }, {
        "id" : "jrIdSf6GAqAAbwue",
        "name" : null,
        "description" : null,
        "type" : "Relation",
        "propertyAssignments" : null,
        "stereotype" : "memberOf",
        "isAbstract" : false,
        "isDerived" : false,
        "properties" : [ {
          "id" : "jrIdSf6GAqAAbwuf",
          "name" : null,
          "description" : null,
          "type" : "Property",
          "propertyAssignments" : null,
          "stereotype" : null,
          "isDerived" : false,
          "isReadOnly" : false,
          "isOrdered" : false,
          "cardinality" : "1..*",
          "propertyType" : {
            "id" : "tXsJSf6GAqAAbwbU",
            "type" : "Class"
          },
          "subsettedProperties" : null,
          "redefinedProperties" : null,
          "aggregationKind" : "NONE"
        }, {
          "id" : "jrIdSf6GAqAAbwuh",
          "name" : null,
          "description" : null,
          "type" : "Property",
          "propertyAssignments" : null,
          "stereotype" : null,
          "isDerived" : false,
          "isReadOnly" : false,
          "isOrdered" : false,
          "cardinality" : "1..*",
          "propertyType" : {
            "id" : "WA_xSf6GAqAAbwaQ",
            "type" : "Class"
          },
          "subsettedProperties" : null,
          "redefinedProperties" : null,
          "aggregationKind" : "SHARED"
        } ]
      }, {
        "id" : "rb4dSf6GAqAAbwu1",
        "name" : null,
        "description" : null,
        "type" : "Relation",
        "propertyAssignments" : null,
        "stereotype" : "material",
        "isAbstract" : false,
        "isDerived" : false,
        "properties" : [ {
          "id" : "rb4dSf6GAqAAbwu2",
          "name" : null,
          "description" : null,
          "type" : "Property",
          "propertyAssignments" : null,
          "stereotype" : null,
          "isDerived" : false,
          "isReadOnly" : false,
          "isOrdered" : false,
          "cardinality" : "1",
          "propertyType" : {
            "id" : "tXsJSf6GAqAAbwbU",
            "type" : "Class"
          },
          "subsettedProperties" : null,
          "redefinedProperties" : null,
          "aggregationKind" : "NONE"
        }, {
          "id" : "rb4dSf6GAqAAbwu4",
          "name" : null,
          "description" : null,
          "type" : "Property",
          "propertyAssignments" : null,
          "stereotype" : null,
          "isDerived" : false,
          "isReadOnly" : false,
          "isOrdered" : false,
          "cardinality" : "1",
          "propertyType" : {
            "id" : "8o8JSf6GAqAAbwbf",
            "type" : "Class"
          },
          "subsettedProperties" : null,
          "redefinedProperties" : null,
          "aggregationKind" : "NONE"
        } ]
      }, {
        "id" : "zfCdSf6GAqAAbwvo",
        "name" : null,
        "description" : null,
        "type" : "Relation",
        "propertyAssignments" : null,
        "stereotype" : "memberOf",
        "isAbstract" : false,
        "isDerived" : false,
        "properties" : [ {
          "id" : "zfCdSf6GAqAAbwvp",
          "name" : null,
          "description" : null,
          "type" : "Property",
          "propertyAssignments" : null,
          "stereotype" : null,
          "isDerived" : false,
          "isReadOnly" : false,
          "isOrdered" : false,
          "cardinality" : "1..*",
          "propertyType" : {
            "id" : "KCKJSf6GAqAAbwcD",
            "type" : "Class"
          },
          "subsettedProperties" : null,
          "redefinedProperties" : null,
          "aggregationKind" : "NONE"
        }, {
          "id" : "zfCdSf6GAqAAbwvr",
          "name" : null,
          "description" : null,
          "type" : "Property",
          "propertyAssignments" : null,
          "stereotype" : null,
          "isDerived" : false,
          "isReadOnly" : false,
          "isOrdered" : false,
          "cardinality" : "1..*",
          "propertyType" : {
            "id" : "8o8JSf6GAqAAbwbf",
            "type" : "Class"
          },
          "subsettedProperties" : null,
          "redefinedProperties" : null,
          "aggregationKind" : "SHARED"
        } ]
      }, {
        "id" : "zGKdSf6GAqAAbwwF",
        "name" : "characterizes",
        "description" : null,
        "type" : "Relation",
        "propertyAssignments" : null,
        "stereotype" : "material",
        "isAbstract" : false,
        "isDerived" : false,
        "properties" : [ {
          "id" : "zGKdSf6GAqAAbwwG",
          "name" : null,
          "description" : null,
          "type" : "Property",
          "propertyAssignments" : null,
          "stereotype" : null,
          "isDerived" : false,
          "isReadOnly" : false,
          "isOrdered" : false,
          "cardinality" : "1..*",
          "propertyType" : {
            "id" : "RgqJSf6GAqAAbwcO",
            "type" : "Class"
          },
          "subsettedProperties" : null,
          "redefinedProperties" : null,
          "aggregationKind" : "NONE"
        }, {
          "id" : "zGKdSf6GAqAAbwwI",
          "name" : null,
          "description" : null,
          "type" : "Property",
          "propertyAssignments" : null,
          "stereotype" : null,
          "isDerived" : false,
          "isReadOnly" : false,
          "isOrdered" : false,
          "cardinality" : "1..*",
          "propertyType" : {
            "id" : "rnYJSf6GAqAAbwa8",
            "type" : "Class"
          },
          "subsettedProperties" : null,
          "redefinedProperties" : null,
          "aggregationKind" : "NONE"
        } ]
      } ]
    }, {
      "id" : "WDRLmf6GAqACC1Sy",
      "name" : null,
      "description" : null,
      "type" : "Relation",
      "propertyAssignments" : null,
      "stereotype" : "derivation",
      "isAbstract" : false,
      "isDerived" : true,
      "properties" : [ {
        "id" : "ddf4f953-d948-4b48-a6d8-451505db9434",
        "name" : null,
        "description" : null,
        "type" : "Property",
        "propertyAssignments" : null,
        "stereotype" : null,
        "isDerived" : false,
        "isReadOnly" : false,
        "isOrdered" : false,
        "cardinality" : "1",
        "propertyType" : {
          "id" : "2DPtSf6GAqAAbwt3",
          "type" : "Relation"
        },
        "subsettedProperties" : null,
        "redefinedProperties" : null,
        "aggregationKind" : null
      }, {
        "id" : "3d30b9ea-d0a4-41bd-8e3c-09ca838d4ab3",
        "name" : null,
        "description" : null,
        "type" : "Property",
        "propertyAssignments" : null,
        "stereotype" : null,
        "isDerived" : false,
        "isReadOnly" : false,
        "isOrdered" : false,
        "cardinality" : "1",
        "propertyType" : {
          "id" : "anQJSf6GAqAAbwam",
          "type" : "Class"
        },
        "subsettedProperties" : null,
        "redefinedProperties" : null,
        "aggregationKind" : null
      } ]
    } ]
  },
  "diagrams" : [ {
    "id" : ".e.xSf6GAqAAbwWf",
    "name" : "Online Mentoring",
    "description" : null,
    "type" : "Diagram",
    "owner" : {
      "id" : "yjnzmf6GAqACC1Pb",
      "type" : "Package"
    },
    "contents" : [ {
      "id" : "cExxSf6GAqAAbwXE",
      "type" : "ClassView",
      "modelElement" : {
        "id" : "cExxSf6GAqAAbwXF",
        "type" : "Class"
      },
      "shape" : {
        "id" : "cExxSf6GAqAAbwXE_shape",
        "type" : "Rectangle",
        "x" : 588,
        "y" : 175,
        "width" : 87,
        "height" : 40
      }
    }, {
      "id" : "bwhxSf6GAqAAbwWu",
      "type" : "ClassView",
      "modelElement" : {
        "id" : "HwhxSf6GAqAAbwWv",
        "type" : "Class"
      },
      "shape" : {
        "id" : "bwhxSf6GAqAAbwWu_shape",
        "type" : "Rectangle",
        "x" : 495,
        "y" : 41,
        "width" : 80,
        "height" : 40
      }
    }, {
      "id" : "KCKJSf6GAqAAbwcC",
      "type" : "ClassView",
      "modelElement" : {
        "id" : "KCKJSf6GAqAAbwcD",
        "type" : "Class"
      },
      "shape" : {
        "id" : "KCKJSf6GAqAAbwcC_shape",
        "type" : "Rectangle",
        "x" : 592,
        "y" : 1285,
        "width" : 80,
        "height" : 40
      }
    }, {
      "id" : "XXlpSf6GAqAAbwkP",
      "type" : "GeneralizationSetView",
      "modelElement" : {
        "id" : "dXlpSf6GAqAAbwkN",
        "type" : "GeneralizationSet"
      },
      "shape" : {
        "id" : "XXlpSf6GAqAAbwkP_shape",
        "type" : "Text",
        "x" : 247,
        "y" : 1095,
        "width" : 70,
        "height" : 42,
        "value" : ""
      }
    }, {
      "id" : "RgqJSf6GAqAAbwcN",
      "type" : "ClassView",
      "modelElement" : {
        "id" : "RgqJSf6GAqAAbwcO",
        "type" : "Class"
      },
      "shape" : {
        "id" : "RgqJSf6GAqAAbwcN_shape",
        "type" : "Rectangle",
        "x" : 827,
        "y" : 1176,
        "width" : 125,
        "height" : 40
      }
    }, {
      "id" : "Y7VtSf6GAqAAbwrx",
      "type" : "RelationView",
      "modelElement" : {
        "id" : "g7VtSf6GAqAAbwrs",
        "type" : "Relation"
      },
      "shape" : {
        "id" : "Y7VtSf6GAqAAbwrx_path",
        "type" : "Path",
        "points" : [ {
          "x" : 201,
          "y" : 624
        }, {
          "x" : 402,
          "y" : 624
        } ]
      },
      "source" : {
        "id" : "Uu9xSf6GAqAAbwYn",
        "type" : "ClassView"
      },
      "target" : {
        "id" : "OSdxSf6GAqAAbwYc",
        "type" : "ClassView"
      }
    }, {
      "id" : "OSdxSf6GAqAAbwYc",
      "type" : "ClassView",
      "modelElement" : {
        "id" : "OSdxSf6GAqAAbwYd",
        "type" : "Class"
      },
      "shape" : {
        "id" : "OSdxSf6GAqAAbwYc_shape",
        "type" : "Rectangle",
        "x" : 402,
        "y" : 602,
        "width" : 80,
        "height" : 40
      }
    }, {
      "id" : "wAgJSf6GAqAAbwaa",
      "type" : "ClassView",
      "modelElement" : {
        "id" : "wAgJSf6GAqAAbwab",
        "type" : "Class"
      },
      "shape" : {
        "id" : "wAgJSf6GAqAAbwaa_shape",
        "type" : "Rectangle",
        "x" : 405,
        "y" : 852,
        "width" : 80,
        "height" : 40
      }
    }, {
      "id" : "qGnxSf6GAqAAbwZp",
      "type" : "ClassView",
      "modelElement" : {
        "id" : "qGnxSf6GAqAAbwZq",
        "type" : "Class"
      },
      "shape" : {
        "id" : "qGnxSf6GAqAAbwZp_shape",
        "type" : "Rectangle",
        "x" : 1143,
        "y" : 785,
        "width" : 92,
        "height" : 40
      }
    }, {
      "id" : "tXsJSf6GAqAAbwbT",
      "type" : "ClassView",
      "modelElement" : {
        "id" : "tXsJSf6GAqAAbwbU",
        "type" : "Class"
      },
      "shape" : {
        "id" : "tXsJSf6GAqAAbwbT_shape",
        "type" : "Rectangle",
        "x" : 121,
        "y" : 1126,
        "width" : 80,
        "height" : 40
      }
    }, {
      "id" : "LrIdSf6GAqAAbwuj",
      "type" : "RelationView",
      "modelElement" : {
        "id" : "jrIdSf6GAqAAbwue",
        "type" : "Relation"
      },
      "shape" : {
        "id" : "LrIdSf6GAqAAbwuj_path",
        "type" : "Path",
        "points" : [ {
          "x" : 157,
          "y" : 1126
        }, {
          "x" : 157,
          "y" : 973
        } ]
      },
      "source" : {
        "id" : "tXsJSf6GAqAAbwbT",
        "type" : "ClassView"
      },
      "target" : {
        "id" : "GA_xSf6GAqAAbwaP",
        "type" : "ClassView"
      }
    }, {
      "id" : "HfCdSf6GAqAAbwvt",
      "type" : "RelationView",
      "modelElement" : {
        "id" : "zfCdSf6GAqAAbwvo",
        "type" : "Relation"
      },
      "shape" : {
        "id" : "HfCdSf6GAqAAbwvt_path",
        "type" : "Path",
        "points" : [ {
          "x" : 592,
          "y" : 1305
        }, {
          "x" : 216,
          "y" : 1305
        } ]
      },
      "source" : {
        "id" : "KCKJSf6GAqAAbwcC",
        "type" : "ClassView"
      },
      "target" : {
        "id" : "8o8JSf6GAqAAbwbe",
        "type" : "ClassView"
      }
    }, {
      "id" : ".DRLmf6GAqACC1Sz",
      "type" : "RelationView",
      "modelElement" : {
        "id" : "WDRLmf6GAqACC1Sy",
        "type" : "Relation"
      },
      "shape" : {
        "id" : ".DRLmf6GAqACC1Sz_path",
        "type" : "Path",
        "points" : [ {
          "x" : 443,
          "y" : 992
        }, {
          "x" : 592,
          "y" : 992
        } ]
      },
      "source" : {
        "id" : ".DPtSf6GAqAAbwt8",
        "type" : "RelationView"
      },
      "target" : {
        "id" : "anQJSf6GAqAAbwal",
        "type" : "ClassView"
      }
    }, {
      "id" : "RUppSf6GAqAAbwkA",
      "type" : "GeneralizationView",
      "modelElement" : {
        "id" : "BUppSf6GAqAAbwj_",
        "type" : "Generalization"
      },
      "shape" : {
        "id" : "RUppSf6GAqAAbwkA_path",
        "type" : "Path",
        "points" : [ {
          "x" : 201,
          "y" : 1151
        }, {
          "x" : 324,
          "y" : 1151
        }, {
          "x" : 324,
          "y" : 1096
        }, {
          "x" : 412,
          "y" : 1096
        } ]
      },
      "source" : {
        "id" : "tXsJSf6GAqAAbwbT",
        "type" : "ClassView"
      },
      "target" : {
        "id" : "8vIJSf6GAqAAbwaw",
        "type" : "ClassView"
      }
    }, {
      "id" : "Ku0tSf6GAqAAbwoq",
      "type" : "RelationView",
      "modelElement" : {
        "id" : "8u0tSf6GAqAAbwol",
        "type" : "Relation"
      },
      "shape" : {
        "id" : "Ku0tSf6GAqAAbwoq_path",
        "type" : "Path",
        "points" : [ {
          "x" : 205,
          "y" : 482
        }, {
          "x" : 402,
          "y" : 482
        } ]
      },
      "source" : {
        "id" : "I8VxSf6GAqAAbwX7",
        "type" : "ClassView"
      },
      "target" : {
        "id" : "oz1xSf6GAqAAbwYG",
        "type" : "ClassView"
      }
    }, {
      "id" : "QzYpSf6GAqAAbwhc",
      "type" : "GeneralizationSetView",
      "modelElement" : {
        "id" : "bTYpSf6GAqAAbwha",
        "type" : "GeneralizationSet"
      },
      "shape" : {
        "id" : "QzYpSf6GAqAAbwhc_shape",
        "type" : "Text",
        "x" : 623,
        "y" : 92,
        "width" : 70,
        "height" : 42,
        "value" : ""
      }
    }, {
      "id" : "8o8JSf6GAqAAbwbe",
      "type" : "ClassView",
      "modelElement" : {
        "id" : "8o8JSf6GAqAAbwbf",
        "type" : "Class"
      },
      "shape" : {
        "id" : "8o8JSf6GAqAAbwbe_shape",
        "type" : "Rectangle",
        "x" : 121,
        "y" : 1285,
        "width" : 94,
        "height" : 40
      }
    }, {
      "id" : "YPDxSf6GAqAAbwYy",
      "type" : "ClassView",
      "modelElement" : {
        "id" : "4PDxSf6GAqAAbwYz",
        "type" : "Class"
      },
      "shape" : {
        "id" : "YPDxSf6GAqAAbwYy_shape",
        "type" : "Rectangle",
        "x" : 1118,
        "y" : 388,
        "width" : 137,
        "height" : 40
      }
    }, {
      "id" : "kY6ZSf6GAqAAbwnU",
      "type" : "GeneralizationSetView",
      "modelElement" : {
        "id" : "AY6ZSf6GAqAAbwnS",
        "type" : "GeneralizationSet"
      },
      "shape" : {
        "id" : "kY6ZSf6GAqAAbwnU_shape",
        "type" : "Text",
        "x" : 976,
        "y" : 726,
        "width" : 70,
        "height" : 42,
        "value" : ""
      }
    }, {
      "id" : "xUwZSf6GAqAAbwmK",
      "type" : "GeneralizationView",
      "modelElement" : {
        "id" : "uUwZSf6GAqAAbwmJ",
        "type" : "Generalization"
      },
      "shape" : {
        "id" : "xUwZSf6GAqAAbwmK_path",
        "type" : "Path",
        "points" : [ {
          "x" : 886,
          "y" : 783
        }, {
          "x" : 886,
          "y" : 865
        }, {
          "x" : 1071,
          "y" : 865
        }, {
          "x" : 1071,
          "y" : 931
        } ]
      },
      "source" : {
        "id" : ".dbxSf6GAqAAbwZT",
        "type" : "ClassView"
      },
      "target" : {
        "id" : "EYUJSf6GAqAAbwbG",
        "type" : "ClassView"
      }
    }, {
      "id" : ".LPxSf6GAqAAbwZ5",
      "type" : "ClassView",
      "modelElement" : {
        "id" : "BLPxSf6GAqAAbwZ6",
        "type" : "Class"
      },
      "shape" : {
        "id" : ".LPxSf6GAqAAbwZ5_shape",
        "type" : "Rectangle",
        "x" : 402,
        "y" : 726,
        "width" : 90,
        "height" : 40
      }
    }, {
      "id" : ".XiJSf6GAqAAbwbz",
      "type" : "ClassView",
      "modelElement" : {
        "id" : ".XiJSf6GAqAAbwb0",
        "type" : "Class"
      },
      "shape" : {
        "id" : ".XiJSf6GAqAAbwbz_shape",
        "type" : "Rectangle",
        "x" : 405,
        "y" : 1187,
        "width" : 134,
        "height" : 40
      }
    }, {
      "id" : "anQJSf6GAqAAbwal",
      "type" : "ClassView",
      "modelElement" : {
        "id" : "anQJSf6GAqAAbwam",
        "type" : "Class"
      },
      "shape" : {
        "id" : "anQJSf6GAqAAbwal_shape",
        "type" : "Rectangle",
        "x" : 592,
        "y" : 973,
        "width" : 81,
        "height" : 40
      }
    }, {
      "id" : "Uu9xSf6GAqAAbwYn",
      "type" : "ClassView",
      "modelElement" : {
        "id" : "0u9xSf6GAqAAbwYo",
        "type" : "Class"
      },
      "shape" : {
        "id" : "Uu9xSf6GAqAAbwYn_shape",
        "type" : "Rectangle",
        "x" : 120,
        "y" : 604,
        "width" : 81,
        "height" : 40
      }
    }, {
      "id" : "AyipSf6GAqAAbwic",
      "type" : "GeneralizationView",
      "modelElement" : {
        "id" : "PSipSf6GAqAAbwib",
        "type" : "Generalization"
      },
      "shape" : {
        "id" : "AyipSf6GAqAAbwic_path",
        "type" : "Path",
        "points" : [ {
          "x" : 423,
          "y" : 216
        }, {
          "x" : 423,
          "y" : 300
        }, {
          "x" : 232,
          "y" : 300
        } ]
      },
      "source" : {
        "id" : "5oRxSf6GAqAAbwW5",
        "type" : "ClassView"
      },
      "target" : {
        "id" : "sIJxSf6GAqAAbwXP",
        "type" : "ClassView"
      }
    }, {
      "id" : "XqupSf6GAqAAbwjY",
      "type" : "GeneralizationView",
      "modelElement" : {
        "id" : "bqupSf6GAqAAbwjX",
        "type" : "Generalization"
      },
      "shape" : {
        "id" : "XqupSf6GAqAAbwjY_path",
        "type" : "Path",
        "points" : [ {
          "x" : 741,
          "y" : 398
        }, {
          "x" : 741,
          "y" : 482
        }, {
          "x" : 906,
          "y" : 482
        }, {
          "x" : 906,
          "y" : 564
        } ]
      },
      "source" : {
        "id" : "SgtxSf6GAqAAbwYR",
        "type" : "ClassView"
      },
      "target" : {
        "id" : "uwrxSf6GAqAAbwZI",
        "type" : "ClassView"
      }
    }, {
      "id" : ".DPtSf6GAqAAbwt8",
      "type" : "RelationView",
      "modelElement" : {
        "id" : "2DPtSf6GAqAAbwt3",
        "type" : "Relation"
      },
      "shape" : {
        "id" : ".DPtSf6GAqAAbwt8_path",
        "type" : "Path",
        "points" : [ {
          "x" : 443,
          "y" : 892
        }, {
          "x" : 443,
          "y" : 1076
        } ]
      },
      "source" : {
        "id" : "wAgJSf6GAqAAbwaa",
        "type" : "ClassView"
      },
      "target" : {
        "id" : "8vIJSf6GAqAAbwaw",
        "type" : "ClassView"
      }
    }, {
      "id" : "GMSZSf6GAqAAbwnG",
      "type" : "GeneralizationView",
      "modelElement" : {
        "id" : "qMSZSf6GAqAAbwnF",
        "type" : "Generalization"
      },
      "shape" : {
        "id" : "GMSZSf6GAqAAbwnG_path",
        "type" : "Path",
        "points" : [ {
          "x" : 926,
          "y" : 774
        }, {
          "x" : 1057,
          "y" : 774
        }, {
          "x" : 1057,
          "y" : 728
        }, {
          "x" : 1131,
          "y" : 728
        } ]
      },
      "source" : {
        "id" : ".dbxSf6GAqAAbwZT",
        "type" : "ClassView"
      },
      "target" : {
        "id" : "ET7xSf6GAqAAbwZe",
        "type" : "ClassView"
      }
    }, {
      "id" : "sIJxSf6GAqAAbwXP",
      "type" : "ClassView",
      "modelElement" : {
        "id" : "sIJxSf6GAqAAbwXQ",
        "type" : "Class"
      },
      "shape" : {
        "id" : "sIJxSf6GAqAAbwXP_shape",
        "type" : "Rectangle",
        "x" : 96,
        "y" : 280,
        "width" : 135,
        "height" : 40
      }
    }, {
      "id" : "7GKdSf6GAqAAbwwK",
      "type" : "RelationView",
      "modelElement" : {
        "id" : "zGKdSf6GAqAAbwwF",
        "type" : "Relation"
      },
      "shape" : {
        "id" : "7GKdSf6GAqAAbwwK_path",
        "type" : "Path",
        "points" : [ {
          "x" : 886,
          "y" : 1176
        }, {
          "x" : 886,
          "y" : 973
        } ]
      },
      "source" : {
        "id" : "RgqJSf6GAqAAbwcN",
        "type" : "ClassView"
      },
      "target" : {
        "id" : "LnYJSf6GAqAAbwa7",
        "type" : "ClassView"
      }
    }, {
      "id" : "uwrxSf6GAqAAbwZI",
      "type" : "ClassView",
      "modelElement" : {
        "id" : "uwrxSf6GAqAAbwZJ",
        "type" : "Class"
      },
      "shape" : {
        "id" : "uwrxSf6GAqAAbwZI_shape",
        "type" : "Rectangle",
        "x" : 811,
        "y" : 564,
        "width" : 147,
        "height" : 40
      }
    }, {
      "id" : "iCvJSf6GAqAAbwhJ",
      "type" : "GeneralizationView",
      "modelElement" : {
        "id" : "cCvJSf6GAqAAbwhI",
        "type" : "Generalization"
      },
      "shape" : {
        "id" : "iCvJSf6GAqAAbwhJ_path",
        "type" : "Path",
        "points" : [ {
          "x" : 533,
          "y" : 81
        }, {
          "x" : 533,
          "y" : 121
        }, {
          "x" : 625,
          "y" : 121
        }, {
          "x" : 625,
          "y" : 175
        } ]
      },
      "source" : {
        "id" : "bwhxSf6GAqAAbwWu",
        "type" : "ClassView"
      },
      "target" : {
        "id" : "cExxSf6GAqAAbwXE",
        "type" : "ClassView"
      }
    }, {
      "id" : "l_PJSf6GAqAAbwhD",
      "type" : "GeneralizationView",
      "modelElement" : {
        "id" : "J_PJSf6GAqAAbwhC",
        "type" : "Generalization"
      },
      "shape" : {
        "id" : "l_PJSf6GAqAAbwhD_path",
        "type" : "Path",
        "points" : [ {
          "x" : 534,
          "y" : 81
        }, {
          "x" : 534,
          "y" : 121
        }, {
          "x" : 432,
          "y" : 121
        }, {
          "x" : 432,
          "y" : 175
        } ]
      },
      "source" : {
        "id" : "bwhxSf6GAqAAbwWu",
        "type" : "ClassView"
      },
      "target" : {
        "id" : "5oRxSf6GAqAAbwW5",
        "type" : "ClassView"
      }
    }, {
      "id" : "fWypSf6GAqAAbwiq",
      "type" : "GeneralizationView",
      "modelElement" : {
        "id" : "HWypSf6GAqAAbwip",
        "type" : "Generalization"
      },
      "shape" : {
        "id" : "fWypSf6GAqAAbwiq_path",
        "type" : "Path",
        "points" : [ {
          "x" : 701,
          "y" : 378
        }, {
          "x" : 635,
          "y" : 378
        }, {
          "x" : 635,
          "y" : 482
        }, {
          "x" : 482,
          "y" : 482
        } ]
      },
      "source" : {
        "id" : "SgtxSf6GAqAAbwYR",
        "type" : "ClassView"
      },
      "target" : {
        "id" : "oz1xSf6GAqAAbwYG",
        "type" : "ClassView"
      }
    }, {
      "id" : ".daJSf6GAqAAbwcY",
      "type" : "ClassView",
      "modelElement" : {
        "id" : "BdaJSf6GAqAAbwcZ",
        "type" : "Class"
      },
      "shape" : {
        "id" : ".daJSf6GAqAAbwcY_shape",
        "type" : "Rectangle",
        "x" : 816,
        "y" : 1305,
        "width" : 147,
        "height" : 40
      }
    }, {
      "id" : "LnYJSf6GAqAAbwa7",
      "type" : "ClassView",
      "modelElement" : {
        "id" : "rnYJSf6GAqAAbwa8",
        "type" : "Class"
      },
      "shape" : {
        "id" : "LnYJSf6GAqAAbwa7_shape",
        "type" : "Rectangle",
        "x" : 820,
        "y" : 933,
        "width" : 140,
        "height" : 40
      }
    }, {
      "id" : "bDStSf6GAqAAbwpb",
      "type" : "RelationView",
      "modelElement" : {
        "id" : "DDStSf6GAqAAbwpW",
        "type" : "Relation"
      },
      "shape" : {
        "id" : "bDStSf6GAqAAbwpb_path",
        "type" : "Path",
        "points" : [ {
          "x" : 1188,
          "y" : 604
        }, {
          "x" : 1188,
          "y" : 708
        } ]
      },
      "source" : {
        "id" : "DELxSf6GAqAAbwY9",
        "type" : "ClassView"
      },
      "target" : {
        "id" : "ET7xSf6GAqAAbwZe",
        "type" : "ClassView"
      }
    }, {
      "id" : "8vIJSf6GAqAAbwaw",
      "type" : "ClassView",
      "modelElement" : {
        "id" : "CvIJSf6GAqAAbwax",
        "type" : "Class"
      },
      "shape" : {
        "id" : "8vIJSf6GAqAAbwaw_shape",
        "type" : "Rectangle",
        "x" : 412,
        "y" : 1076,
        "width" : 112,
        "height" : 40
      }
    }, {
      "id" : "XdppSf6GAqAAbwkG",
      "type" : "GeneralizationView",
      "modelElement" : {
        "id" : "7dppSf6GAqAAbwkF",
        "type" : "Generalization"
      },
      "shape" : {
        "id" : "XdppSf6GAqAAbwkG_path",
        "type" : "Path",
        "points" : [ {
          "x" : 201,
          "y" : 1151
        }, {
          "x" : 324,
          "y" : 1151
        }, {
          "x" : 324,
          "y" : 1207
        }, {
          "x" : 405,
          "y" : 1207
        } ]
      },
      "source" : {
        "id" : "tXsJSf6GAqAAbwbT",
        "type" : "ClassView"
      },
      "target" : {
        "id" : ".XiJSf6GAqAAbwbz",
        "type" : "ClassView"
      }
    }, {
      "id" : "tHQZSf6GAqAAbwmE",
      "type" : "GeneralizationView",
      "modelElement" : {
        "id" : "1HQZSf6GAqAAbwmD",
        "type" : "Generalization"
      },
      "shape" : {
        "id" : "tHQZSf6GAqAAbwmE_path",
        "type" : "Path",
        "points" : [ {
          "x" : 886,
          "y" : 783
        }, {
          "x" : 886,
          "y" : 865
        }, {
          "x" : 825,
          "y" : 865
        }, {
          "x" : 825,
          "y" : 933
        } ]
      },
      "source" : {
        "id" : ".dbxSf6GAqAAbwZT",
        "type" : "ClassView"
      },
      "target" : {
        "id" : "LnYJSf6GAqAAbwa7",
        "type" : "ClassView"
      }
    }, {
      "id" : "oz1xSf6GAqAAbwYG",
      "type" : "ClassView",
      "modelElement" : {
        "id" : "oz1xSf6GAqAAbwYH",
        "type" : "Class"
      },
      "shape" : {
        "id" : "oz1xSf6GAqAAbwYG_shape",
        "type" : "Rectangle",
        "x" : 402,
        "y" : 456,
        "width" : 80,
        "height" : 40
      }
    }, {
      "id" : "BgYZSf6GAqAAbwmS",
      "type" : "GeneralizationSetView",
      "modelElement" : {
        "id" : "6gYZSf6GAqAAbwmQ",
        "type" : "GeneralizationSet"
      },
      "shape" : {
        "id" : "BgYZSf6GAqAAbwmS_shape",
        "type" : "Text",
        "x" : 775,
        "y" : 810,
        "width" : 95,
        "height" : 42,
        "value" : ""
      }
    }, {
      "id" : "juVtSf6GAqAAbwrn",
      "type" : "RelationView",
      "modelElement" : {
        "id" : "tuVtSf6GAqAAbwri",
        "type" : "Relation"
      },
      "shape" : {
        "id" : "juVtSf6GAqAAbwrn_path",
        "type" : "Path",
        "points" : [ {
          "x" : 155,
          "y" : 644
        }, {
          "x" : 155,
          "y" : 785
        } ]
      },
      "source" : {
        "id" : "Uu9xSf6GAqAAbwYn",
        "type" : "ClassView"
      },
      "target" : {
        "id" : "54fxSf6GAqAAbwaE",
        "type" : "ClassView"
      }
    }, {
      "id" : "SgtxSf6GAqAAbwYR",
      "type" : "ClassView",
      "modelElement" : {
        "id" : "ygtxSf6GAqAAbwYS",
        "type" : "Class"
      },
      "shape" : {
        "id" : "SgtxSf6GAqAAbwYR_shape",
        "type" : "Rectangle",
        "x" : 701,
        "y" : 358,
        "width" : 80,
        "height" : 40
      }
    }, {
      "id" : "I8VxSf6GAqAAbwX7",
      "type" : "ClassView",
      "modelElement" : {
        "id" : "I8VxSf6GAqAAbwX8",
        "type" : "Class"
      },
      "shape" : {
        "id" : "I8VxSf6GAqAAbwX7_shape",
        "type" : "Rectangle",
        "x" : 116,
        "y" : 457,
        "width" : 88,
        "height" : 40
      }
    }, {
      "id" : "0YStSf6GAqAAbwpR",
      "type" : "RelationView",
      "modelElement" : {
        "id" : "YYStSf6GAqAAbwpM",
        "type" : "Relation"
      },
      "shape" : {
        "id" : "0YStSf6GAqAAbwpR_path",
        "type" : "Path",
        "points" : [ {
          "x" : 1190,
          "y" : 428
        }, {
          "x" : 1190,
          "y" : 564
        } ]
      },
      "source" : {
        "id" : "YPDxSf6GAqAAbwYy",
        "type" : "ClassView"
      },
      "target" : {
        "id" : "DELxSf6GAqAAbwY9",
        "type" : "ClassView"
      }
    }, {
      "id" : "hjypSf6GAqAAbwiw",
      "type" : "GeneralizationView",
      "modelElement" : {
        "id" : "OjypSf6GAqAAbwiv",
        "type" : "Generalization"
      },
      "shape" : {
        "id" : "hjypSf6GAqAAbwiw_path",
        "type" : "Path",
        "points" : [ {
          "x" : 701,
          "y" : 378
        }, {
          "x" : 635,
          "y" : 378
        }, {
          "x" : 635,
          "y" : 622
        }, {
          "x" : 483,
          "y" : 622
        } ]
      },
      "source" : {
        "id" : "SgtxSf6GAqAAbwYR",
        "type" : "ClassView"
      },
      "target" : {
        "id" : "OSdxSf6GAqAAbwYc",
        "type" : "ClassView"
      }
    }, {
      "id" : "9A0tSf6GAqAAbwog",
      "type" : "RelationView",
      "modelElement" : {
        "id" : "hA0tSf6GAqAAbwoZ",
        "type" : "Relation"
      },
      "shape" : {
        "id" : "9A0tSf6GAqAAbwog_path",
        "type" : "Path",
        "points" : [ {
          "x" : 166,
          "y" : 457
        }, {
          "x" : 166,
          "y" : 320
        } ]
      },
      "source" : {
        "id" : "I8VxSf6GAqAAbwX7",
        "type" : "ClassView"
      },
      "target" : {
        "id" : "sIJxSf6GAqAAbwXP",
        "type" : "ClassView"
      }
    }, {
      "id" : "vV8pSf6GAqAAbwiQ",
      "type" : "GeneralizationView",
      "modelElement" : {
        "id" : "nV8pSf6GAqAAbwiP",
        "type" : "Generalization"
      },
      "shape" : {
        "id" : "vV8pSf6GAqAAbwiQ_path",
        "type" : "Path",
        "points" : [ {
          "x" : 626,
          "y" : 216
        }, {
          "x" : 626,
          "y" : 286
        }, {
          "x" : 741,
          "y" : 286
        }, {
          "x" : 741,
          "y" : 358
        } ]
      },
      "source" : {
        "id" : "cExxSf6GAqAAbwXE",
        "type" : "ClassView"
      },
      "target" : {
        "id" : "SgtxSf6GAqAAbwYR",
        "type" : "ClassView"
      }
    }, {
      "id" : "vWbtSf6GAqAAbwtS",
      "type" : "RelationView",
      "modelElement" : {
        "id" : "HWbtSf6GAqAAbwtN",
        "type" : "Relation"
      },
      "shape" : {
        "id" : "vWbtSf6GAqAAbwtS_path",
        "type" : "Path",
        "points" : [ {
          "x" : 631,
          "y" : 1013
        }, {
          "x" : 631,
          "y" : 1097
        }, {
          "x" : 524,
          "y" : 1097
        } ]
      },
      "source" : {
        "id" : "anQJSf6GAqAAbwal",
        "type" : "ClassView"
      },
      "target" : {
        "id" : "8vIJSf6GAqAAbwaw",
        "type" : "ClassView"
      }
    }, {
      "id" : "inBtSf6GAqAAbwq6",
      "type" : "RelationView",
      "modelElement" : {
        "id" : "MnBtSf6GAqAAbwq1",
        "type" : "Relation"
      },
      "shape" : {
        "id" : "inBtSf6GAqAAbwq6_path",
        "type" : "Path",
        "points" : [ {
          "x" : 885,
          "y" : 604
        }, {
          "x" : 885,
          "y" : 742
        } ]
      },
      "source" : {
        "id" : "uwrxSf6GAqAAbwZI",
        "type" : "ClassView"
      },
      "target" : {
        "id" : ".dbxSf6GAqAAbwZT",
        "type" : "ClassView"
      }
    }, {
      "id" : "7KnpSf6GAqAAbwlO",
      "type" : "GeneralizationSetView",
      "modelElement" : {
        "id" : "jKnpSf6GAqAAbwlM",
        "type" : "GeneralizationSet"
      },
      "shape" : {
        "id" : "7KnpSf6GAqAAbwlO_shape",
        "type" : "Text",
        "x" : 665,
        "y" : 1223,
        "width" : 95,
        "height" : 42,
        "value" : ""
      }
    }, {
      "id" : "GA_xSf6GAqAAbwaP",
      "type" : "ClassView",
      "modelElement" : {
        "id" : "WA_xSf6GAqAAbwaQ",
        "type" : "Class"
      },
      "shape" : {
        "id" : "GA_xSf6GAqAAbwaP_shape",
        "type" : "Rectangle",
        "x" : 120,
        "y" : 933,
        "width" : 95,
        "height" : 40
      }
    }, {
      "id" : ".dbxSf6GAqAAbwZT",
      "type" : "ClassView",
      "modelElement" : {
        "id" : ".dbxSf6GAqAAbwZU",
        "type" : "Class"
      },
      "shape" : {
        "id" : ".dbxSf6GAqAAbwZT_shape",
        "type" : "Rectangle",
        "x" : 845,
        "y" : 743,
        "width" : 80,
        "height" : 40
      }
    }, {
      "id" : "sJSZSf6GAqAAbwnM",
      "type" : "GeneralizationView",
      "modelElement" : {
        "id" : "UJSZSf6GAqAAbwnL",
        "type" : "Generalization"
      },
      "shape" : {
        "id" : "sJSZSf6GAqAAbwnM_path",
        "type" : "Path",
        "points" : [ {
          "x" : 926,
          "y" : 774
        }, {
          "x" : 1057,
          "y" : 774
        }, {
          "x" : 1057,
          "y" : 805
        }, {
          "x" : 1142,
          "y" : 806
        } ]
      },
      "source" : {
        "id" : ".dbxSf6GAqAAbwZT",
        "type" : "ClassView"
      },
      "target" : {
        "id" : "qGnxSf6GAqAAbwZp",
        "type" : "ClassView"
      }
    }, {
      "id" : "DELxSf6GAqAAbwY9",
      "type" : "ClassView",
      "modelElement" : {
        "id" : "DELxSf6GAqAAbwY.",
        "type" : "Class"
      },
      "shape" : {
        "id" : "DELxSf6GAqAAbwY9_shape",
        "type" : "Rectangle",
        "x" : 1147,
        "y" : 564,
        "width" : 80,
        "height" : 40
      }
    }, {
      "id" : "yKrpSf6GAqAAbwlI",
      "type" : "GeneralizationView",
      "modelElement" : {
        "id" : "CKrpSf6GAqAAbwlH",
        "type" : "Generalization"
      },
      "shape" : {
        "id" : "yKrpSf6GAqAAbwlI_path",
        "type" : "Path",
        "points" : [ {
          "x" : 672,
          "y" : 1285
        }, {
          "x" : 724,
          "y" : 1285
        }, {
          "x" : 724,
          "y" : 1325
        }, {
          "x" : 816,
          "y" : 1325
        } ]
      },
      "source" : {
        "id" : "KCKJSf6GAqAAbwcC",
        "type" : "ClassView"
      },
      "target" : {
        "id" : ".daJSf6GAqAAbwcY",
        "type" : "ClassView"
      }
    }, {
      "id" : "5oRxSf6GAqAAbwW5",
      "type" : "ClassView",
      "modelElement" : {
        "id" : "5oRxSf6GAqAAbwW6",
        "type" : "Class"
      },
      "shape" : {
        "id" : "5oRxSf6GAqAAbwW5_shape",
        "type" : "Rectangle",
        "x" : 385,
        "y" : 175,
        "width" : 87,
        "height" : 40
      }
    }, {
      "id" : "24btSf6GAqAAbwtI",
      "type" : "RelationView",
      "modelElement" : {
        "id" : "64btSf6GAqAAbwtD",
        "type" : "Relation"
      },
      "shape" : {
        "id" : "24btSf6GAqAAbwtI_path",
        "type" : "Path",
        "points" : [ {
          "x" : 632,
          "y" : 972
        }, {
          "x" : 632,
          "y" : 872
        }, {
          "x" : 486,
          "y" : 872
        } ]
      },
      "source" : {
        "id" : "anQJSf6GAqAAbwal",
        "type" : "ClassView"
      },
      "target" : {
        "id" : "wAgJSf6GAqAAbwaa",
        "type" : "ClassView"
      }
    }, {
      "id" : "CnxpSf6GAqAAbwj0",
      "type" : "GeneralizationView",
      "modelElement" : {
        "id" : "MnxpSf6GAqAAbwjz",
        "type" : "Generalization"
      },
      "shape" : {
        "id" : "CnxpSf6GAqAAbwj0_path",
        "type" : "Path",
        "points" : [ {
          "x" : 444,
          "y" : 642
        }, {
          "x" : 444,
          "y" : 726
        } ]
      },
      "source" : {
        "id" : "OSdxSf6GAqAAbwYc",
        "type" : "ClassView"
      },
      "target" : {
        "id" : ".LPxSf6GAqAAbwZ5",
        "type" : "ClassView"
      }
    }, {
      "id" : "ET7xSf6GAqAAbwZe",
      "type" : "ClassView",
      "modelElement" : {
        "id" : "ET7xSf6GAqAAbwZf",
        "type" : "Class"
      },
      "shape" : {
        "id" : "ET7xSf6GAqAAbwZe_shape",
        "type" : "Rectangle",
        "x" : 1131,
        "y" : 708,
        "width" : 117,
        "height" : 40
      }
    }, {
      "id" : "yMJpSf6GAqAAbwj6",
      "type" : "GeneralizationView",
      "modelElement" : {
        "id" : "cMJpSf6GAqAAbwj5",
        "type" : "Generalization"
      },
      "shape" : {
        "id" : "yMJpSf6GAqAAbwj6_path",
        "type" : "Path",
        "points" : [ {
          "x" : 444,
          "y" : 767
        }, {
          "x" : 444,
          "y" : 852
        } ]
      },
      "source" : {
        "id" : ".LPxSf6GAqAAbwZ5",
        "type" : "ClassView"
      },
      "target" : {
        "id" : "wAgJSf6GAqAAbwaa",
        "type" : "ClassView"
      }
    }, {
      "id" : "nb4dSf6GAqAAbwu6",
      "type" : "RelationView",
      "modelElement" : {
        "id" : "rb4dSf6GAqAAbwu1",
        "type" : "Relation"
      },
      "shape" : {
        "id" : "nb4dSf6GAqAAbwu6_path",
        "type" : "Path",
        "points" : [ {
          "x" : 158,
          "y" : 1167
        }, {
          "x" : 158,
          "y" : 1284
        } ]
      },
      "source" : {
        "id" : "tXsJSf6GAqAAbwbT",
        "type" : "ClassView"
      },
      "target" : {
        "id" : "8o8JSf6GAqAAbwbe",
        "type" : "ClassView"
      }
    }, {
      "id" : "J_LpSf6GAqAAbwlC",
      "type" : "GeneralizationView",
      "modelElement" : {
        "id" : "B_LpSf6GAqAAbwlB",
        "type" : "Generalization"
      },
      "shape" : {
        "id" : "J_LpSf6GAqAAbwlC_path",
        "type" : "Path",
        "points" : [ {
          "x" : 672,
          "y" : 1284
        }, {
          "x" : 724,
          "y" : 1284
        }, {
          "x" : 724,
          "y" : 1195
        }, {
          "x" : 827,
          "y" : 1195
        } ]
      },
      "source" : {
        "id" : "KCKJSf6GAqAAbwcC",
        "type" : "ClassView"
      },
      "target" : {
        "id" : "RgqJSf6GAqAAbwcN",
        "type" : "ClassView"
      }
    }, {
      "id" : "dOapSf6GAqAAbwi6",
      "type" : "GeneralizationSetView",
      "modelElement" : {
        "id" : "JOapSf6GAqAAbwi4",
        "type" : "GeneralizationSet"
      },
      "shape" : {
        "id" : "dOapSf6GAqAAbwi6_shape",
        "type" : "Text",
        "x" : 552,
        "y" : 404,
        "width" : 76,
        "height" : 41,
        "value" : ""
      }
    }, {
      "id" : "UwDtSf6GAqAAbwsX",
      "type" : "RelationView",
      "modelElement" : {
        "id" : "owDtSf6GAqAAbwsS",
        "type" : "Relation"
      },
      "shape" : {
        "id" : "UwDtSf6GAqAAbwsX_path",
        "type" : "Path",
        "points" : [ {
          "x" : 154,
          "y" : 826
        }, {
          "x" : 154,
          "y" : 932
        } ]
      },
      "source" : {
        "id" : "54fxSf6GAqAAbwaE",
        "type" : "ClassView"
      },
      "target" : {
        "id" : "GA_xSf6GAqAAbwaP",
        "type" : "ClassView"
      }
    }, {
      "id" : "ZHupSf6GAqAAbwje",
      "type" : "GeneralizationView",
      "modelElement" : {
        "id" : "RHupSf6GAqAAbwjd",
        "type" : "Generalization"
      },
      "shape" : {
        "id" : "ZHupSf6GAqAAbwje_path",
        "type" : "Path",
        "points" : [ {
          "x" : 781,
          "y" : 378
        }, {
          "x" : 1163,
          "y" : 378
        }, {
          "x" : 1163,
          "y" : 388
        } ]
      },
      "source" : {
        "id" : "SgtxSf6GAqAAbwYR",
        "type" : "ClassView"
      },
      "target" : {
        "id" : "YPDxSf6GAqAAbwYy",
        "type" : "ClassView"
      }
    }, {
      "id" : "EYUJSf6GAqAAbwbG",
      "type" : "ClassView",
      "modelElement" : {
        "id" : "EYUJSf6GAqAAbwbH",
        "type" : "Class"
      },
      "shape" : {
        "id" : "EYUJSf6GAqAAbwbG_shape",
        "type" : "Rectangle",
        "x" : 995,
        "y" : 931,
        "width" : 162,
        "height" : 40
      }
    }, {
      "id" : "54fxSf6GAqAAbwaE",
      "type" : "ClassView",
      "modelElement" : {
        "id" : "54fxSf6GAqAAbwaF",
        "type" : "Class"
      },
      "shape" : {
        "id" : "54fxSf6GAqAAbwaE_shape",
        "type" : "Rectangle",
        "x" : 121,
        "y" : 785,
        "width" : 80,
        "height" : 40
      }
    } ]
  } ]
}