{
  "id" : "VemFyn6GAqACAwxd",
  "name" : "photo2015ontology",
  "description" : null,
  "type" : "Project",
  "model" : {
    "id" : "VemFyn6GAqACAwxd_root",
    "name" : "photo2015ontology",
    "description" : null,
    "type" : "Package",
    "propertyAssignments" : null,
    "contents" : [ {
      "id" : "tBgVyn6GAqACAxBB",
      "name" : "Organization",
      "description" : null,
      "type" : "Class",
      "propertyAssignments" : null,
      "stereotype" : "kind",
      "isAbstract" : false,
      "isDerived" : false,
      "properties" : null,
      "isExtensional" : null,
      "isPowertype" : null,
      "order" : null,
      "literals" : null,
      "restrictedTo" : [ "functional-complex" ]
    }, {
      "id" : "VxoVyn6GAqACAxBZ",
      "name" : "Archive",
      "description" : null,
      "type" : "Class",
      "propertyAssignments" : null,
      "stereotype" : "subkind",
      "isAbstract" : false,
      "isDerived" : false,
      "properties" : null,
      "isExtensional" : false,
      "isPowertype" : null,
      "order" : null,
      "literals" : null,
      "restrictedTo" : [ "functional-complex" ]
    }, {
      "id" : "KXkVyn6GAqACAxBy",
      "name" : "Principle of Respect for Original Order",
      "description" : null,
      "type" : "Class",
      "propertyAssignments" : null,
      "stereotype" : "kind",
      "isAbstract" : false,
      "isDerived" : false,
      "properties" : null,
      "isExtensional" : null,
      "isPowertype" : null,
      "order" : null,
      "literals" : null,
      "restrictedTo" : [ "functional-complex" ]
    }, {
      "id" : "LgyVyn6GAqACAxCI",
      "name" : "Theory of the Tree Ages",
      "description" : null,
      "type" : "Class",
      "propertyAssignments" : null,
      "stereotype" : "kind",
      "isAbstract" : false,
      "isDerived" : false,
      "properties" : null,
      "isExtensional" : null,
      "isPowertype" : null,
      "order" : null,
      "literals" : null,
      "restrictedTo" : [ "functional-complex" ]
    }, {
      "id" : "mF2Vyn6GAqACAxCY",
      "name" : "Principle of Provenance",
      "description" : null,
      "type" : "Class",
      "propertyAssignments" : null,
      "stereotype" : "kind",
      "isAbstract" : false,
      "isDerived" : false,
      "properties" : null,
      "isExtensional" : null,
      "isPowertype" : null,
      "order" : null,
      "literals" : null,
      "restrictedTo" : [ "functional-complex" ]
    }, {
      "id" : "YPxVyn6GAqACAxCs",
      "name" : "ArchiveManaged",
      "description" : null,
      "type" : "Class",
      "propertyAssignments" : null,
      "stereotype" : "role",
      "isAbstract" : false,
      "isDerived" : false,
      "properties" : null,
      "isExtensional" : false,
      "isPowertype" : null,
      "order" : null,
      "literals" : null,
      "restrictedTo" : [ "functional-complex" ]
    }, {
      "id" : "qotVyn6GAqACAxDF",
      "name" : "Funds",
      "description" : null,
      "type" : "Class",
      "propertyAssignments" : null,
      "stereotype" : "collective",
      "isAbstract" : false,
      "isDerived" : false,
      "properties" : null,
      "isExtensional" : false,
      "isPowertype" : null,
      "order" : null,
      "literals" : null,
      "restrictedTo" : [ "collective" ]
    }, {
      "id" : "L3TVyn6GAqACAxDi",
      "name" : "Document",
      "description" : null,
      "type" : "Class",
      "propertyAssignments" : null,
      "stereotype" : "kind",
      "isAbstract" : false,
      "isDerived" : false,
      "properties" : null,
      "isExtensional" : null,
      "isPowertype" : null,
      "order" : null,
      "literals" : null,
      "restrictedTo" : [ "functional-complex" ]
    }, {
      "id" : "YEnVyn6GAqACAxD2",
      "name" : "Photography",
      "description" : null,
      "type" : "Class",
      "propertyAssignments" : null,
      "stereotype" : "subkind",
      "isAbstract" : false,
      "isDerived" : false,
      "properties" : null,
      "isExtensional" : false,
      "isPowertype" : null,
      "order" : null,
      "literals" : null,
      "restrictedTo" : [ "functional-complex" ]
    }, {
      "id" : "AoA1yn6GAqACAxEI",
      "name" : "Digital",
      "description" : null,
      "type" : "Class",
      "propertyAssignments" : null,
      "stereotype" : "kind",
      "isAbstract" : false,
      "isDerived" : false,
      "properties" : null,
      "isExtensional" : null,
      "isPowertype" : null,
      "order" : null,
      "literals" : null,
      "restrictedTo" : [ "functional-complex" ]
    }, {
      "id" : "Aeo1yn6GAqACAxEa",
      "name" : "Traditional",
      "description" : null,
      "type" : "Class",
      "propertyAssignments" : null,
      "stereotype" : "kind",
      "isAbstract" : false,
      "isDerived" : false,
      "properties" : null,
      "isExtensional" : null,
      "isPowertype" : null,
      "order" : null,
      "literals" : null,
      "restrictedTo" : [ "functional-complex" ]
    }, {
      "id" : "iGs1yn6GAqACAxEy",
      "name" : "Archivist",
      "description" : null,
      "type" : "Class",
      "propertyAssignments" : null,
      "stereotype" : "role",
      "isAbstract" : false,
      "isDerived" : false,
      "properties" : null,
      "isExtensional" : false,
      "isPowertype" : null,
      "order" : null,
      "literals" : null,
      "restrictedTo" : [ "functional-complex" ]
    }, {
      "id" : "K7a1yn6GAqACAxFF",
      "name" : "Collection",
      "description" : null,
      "type" : "Class",
      "propertyAssignments" : null,
      "stereotype" : "collective",
      "isAbstract" : false,
      "isDerived" : false,
      "properties" : null,
      "isExtensional" : false,
      "isPowertype" : null,
      "order" : null,
      "literals" : null,
      "restrictedTo" : [ "collective" ]
    }, {
      "id" : "8IR1yn6GAqACAxFe",
      "name" : "Individual",
      "description" : null,
      "type" : "Class",
      "propertyAssignments" : null,
      "stereotype" : "kind",
      "isAbstract" : false,
      "isDerived" : false,
      "properties" : null,
      "isExtensional" : null,
      "isPowertype" : null,
      "order" : null,
      "literals" : null,
      "restrictedTo" : [ "functional-complex" ]
    }, {
      "id" : "U551yn6GAqACAxF2",
      "name" : "Management",
      "description" : null,
      "type" : "Class",
      "propertyAssignments" : null,
      "stereotype" : "relator",
      "isAbstract" : false,
      "isDerived" : false,
      "properties" : null,
      "isExtensional" : null,
      "isPowertype" : null,
      "order" : null,
      "literals" : null,
      "restrictedTo" : [ "relator" ]
    }, {
      "id" : "Ogd1yn6GAqACAxGI",
      "name" : "Operation",
      "description" : null,
      "type" : "Class",
      "propertyAssignments" : null,
      "stereotype" : "relator",
      "isAbstract" : false,
      "isDerived" : false,
      "properties" : null,
      "isExtensional" : null,
      "isPowertype" : null,
      "order" : null,
      "literals" : null,
      "restrictedTo" : [ "relator" ]
    }, {
      "id" : "mBL1yn6GAqACAxGa",
      "name" : "Document Operated",
      "description" : null,
      "type" : "Class",
      "propertyAssignments" : null,
      "stereotype" : "relator",
      "isAbstract" : false,
      "isDerived" : false,
      "properties" : null,
      "isExtensional" : null,
      "isPowertype" : null,
      "order" : null,
      "literals" : null,
      "restrictedTo" : [ "relator" ]
    }, {
      "id" : "utv1yn6GAqACAxGs",
      "name" : "Operator",
      "description" : null,
      "type" : "Class",
      "propertyAssignments" : null,
      "stereotype" : "role",
      "isAbstract" : false,
      "isDerived" : false,
      "properties" : null,
      "isExtensional" : false,
      "isPowertype" : null,
      "order" : null,
      "literals" : null,
      "restrictedTo" : [ "functional-complex" ]
    }, {
      "id" : "EUUDyn6GAqACAxG.",
      "name" : "ArchiveSection",
      "description" : null,
      "type" : "Generalization",
      "propertyAssignments" : null,
      "general" : {
        "id" : "tBgVyn6GAqACAxBB",
        "type" : "Class"
      },
      "specific" : {
        "id" : "VxoVyn6GAqACAxBZ",
        "type" : "Class"
      }
    }, {
      "id" : "UAhDyn6GAqACAxIy",
      "name" : null,
      "description" : null,
      "type" : "Generalization",
      "propertyAssignments" : null,
      "general" : {
        "id" : "VxoVyn6GAqACAxBZ",
        "type" : "Class"
      },
      "specific" : {
        "id" : "YPxVyn6GAqACAxCs",
        "type" : "Class"
      }
    }, {
      "id" : "vPVDyn6GAqACAxJR",
      "name" : null,
      "description" : null,
      "type" : "Generalization",
      "propertyAssignments" : null,
      "general" : {
        "id" : "YEnVyn6GAqACAxD2",
        "type" : "Class"
      },
      "specific" : {
        "id" : "AoA1yn6GAqACAxEI",
        "type" : "Class"
      }
    }, {
      "id" : ".N1Dyn6GAqACAxJV",
      "name" : null,
      "description" : null,
      "type" : "Generalization",
      "propertyAssignments" : null,
      "general" : {
        "id" : "YEnVyn6GAqACAxD2",
        "type" : "Class"
      },
      "specific" : {
        "id" : "Aeo1yn6GAqACAxEa",
        "type" : "Class"
      }
    }, {
      "id" : "dvNDyn6GAqACAxJZ",
      "name" : null,
      "description" : null,
      "type" : "Generalization",
      "propertyAssignments" : null,
      "general" : {
        "id" : "L3TVyn6GAqACAxDi",
        "type" : "Class"
      },
      "specific" : {
        "id" : "YEnVyn6GAqACAxD2",
        "type" : "Class"
      }
    }, {
      "id" : "mdAjyn6GAqACAxKa",
      "name" : null,
      "description" : null,
      "type" : "Generalization",
      "propertyAssignments" : null,
      "general" : {
        "id" : "8IR1yn6GAqACAxFe",
        "type" : "Class"
      },
      "specific" : {
        "id" : "iGs1yn6GAqACAxEy",
        "type" : "Class"
      }
    }, {
      "id" : "tkmjyn6GAqACAxLS",
      "name" : null,
      "description" : null,
      "type" : "Generalization",
      "propertyAssignments" : null,
      "general" : {
        "id" : "8IR1yn6GAqACAxFe",
        "type" : "Class"
      },
      "specific" : {
        "id" : "utv1yn6GAqACAxGs",
        "type" : "Class"
      }
    }, {
      "id" : "Ulzjyn6GAqACAxMh",
      "name" : null,
      "description" : null,
      "type" : "Generalization",
      "propertyAssignments" : null,
      "general" : {
        "id" : "L3TVyn6GAqACAxDi",
        "type" : "Class"
      },
      "specific" : {
        "id" : "mBL1yn6GAqACAxGa",
        "type" : "Class"
      }
    }, {
      "id" : "XjMDyn6GAqACAxHC",
      "name" : null,
      "description" : null,
      "type" : "Relation",
      "propertyAssignments" : null,
      "stereotype" : "memberOf",
      "isAbstract" : false,
      "isDerived" : false,
      "properties" : [ {
        "id" : "XjMDyn6GAqACAxHD",
        "name" : null,
        "description" : null,
        "type" : "Property",
        "propertyAssignments" : null,
        "stereotype" : null,
        "isDerived" : false,
        "isReadOnly" : false,
        "isOrdered" : false,
        "cardinality" : "1",
        "propertyType" : {
          "id" : "KXkVyn6GAqACAxBy",
          "type" : "Class"
        },
        "subsettedProperties" : null,
        "redefinedProperties" : null,
        "aggregationKind" : "NONE"
      }, {
        "id" : "XjMDyn6GAqACAxHF",
        "name" : null,
        "description" : null,
        "type" : "Property",
        "propertyAssignments" : null,
        "stereotype" : null,
        "isDerived" : false,
        "isReadOnly" : false,
        "isOrdered" : false,
        "cardinality" : "1",
        "propertyType" : {
          "id" : "VxoVyn6GAqACAxBZ",
          "type" : "Class"
        },
        "subsettedProperties" : null,
        "redefinedProperties" : null,
        "aggregationKind" : "COMPOSITE"
      } ]
    }, {
      "id" : "iQcDyn6GAqACAxHK",
      "name" : null,
      "description" : null,
      "type" : "Relation",
      "propertyAssignments" : null,
      "stereotype" : "memberOf",
      "isAbstract" : false,
      "isDerived" : false,
      "properties" : [ {
        "id" : "iQcDyn6GAqACAxHL",
        "name" : null,
        "description" : null,
        "type" : "Property",
        "propertyAssignments" : null,
        "stereotype" : null,
        "isDerived" : false,
        "isReadOnly" : false,
        "isOrdered" : false,
        "cardinality" : "1",
        "propertyType" : {
          "id" : "LgyVyn6GAqACAxCI",
          "type" : "Class"
        },
        "subsettedProperties" : null,
        "redefinedProperties" : null,
        "aggregationKind" : "NONE"
      }, {
        "id" : "SQcDyn6GAqACAxHN",
        "name" : null,
        "description" : null,
        "type" : "Property",
        "propertyAssignments" : null,
        "stereotype" : null,
        "isDerived" : false,
        "isReadOnly" : false,
        "isOrdered" : false,
        "cardinality" : "1",
        "propertyType" : {
          "id" : "VxoVyn6GAqACAxBZ",
          "type" : "Class"
        },
        "subsettedProperties" : null,
        "redefinedProperties" : null,
        "aggregationKind" : "COMPOSITE"
      } ]
    }, {
      "id" : "Q4SDyn6GAqACAxHX",
      "name" : null,
      "description" : null,
      "type" : "Relation",
      "propertyAssignments" : null,
      "stereotype" : "memberOf",
      "isAbstract" : false,
      "isDerived" : false,
      "properties" : [ {
        "id" : "Q4SDyn6GAqACAxHY",
        "name" : null,
        "description" : null,
        "type" : "Property",
        "propertyAssignments" : null,
        "stereotype" : null,
        "isDerived" : false,
        "isReadOnly" : false,
        "isOrdered" : false,
        "cardinality" : "1",
        "propertyType" : {
          "id" : "mF2Vyn6GAqACAxCY",
          "type" : "Class"
        },
        "subsettedProperties" : null,
        "redefinedProperties" : null,
        "aggregationKind" : "NONE"
      }, {
        "id" : "Q4SDyn6GAqACAxHa",
        "name" : null,
        "description" : null,
        "type" : "Property",
        "propertyAssignments" : null,
        "stereotype" : null,
        "isDerived" : false,
        "isReadOnly" : false,
        "isOrdered" : false,
        "cardinality" : "1",
        "propertyType" : {
          "id" : "VxoVyn6GAqACAxBZ",
          "type" : "Class"
        },
        "subsettedProperties" : null,
        "redefinedProperties" : null,
        "aggregationKind" : "COMPOSITE"
      } ]
    }, {
      "id" : "A8pDyn6GAqACAxI2",
      "name" : null,
      "description" : null,
      "type" : "Relation",
      "propertyAssignments" : null,
      "stereotype" : "memberOf",
      "isAbstract" : false,
      "isDerived" : false,
      "properties" : [ {
        "id" : "A8pDyn6GAqACAxI3",
        "name" : null,
        "description" : null,
        "type" : "Property",
        "propertyAssignments" : null,
        "stereotype" : null,
        "isDerived" : false,
        "isReadOnly" : false,
        "isOrdered" : false,
        "cardinality" : "1..*",
        "propertyType" : {
          "id" : "qotVyn6GAqACAxDF",
          "type" : "Class"
        },
        "subsettedProperties" : null,
        "redefinedProperties" : null,
        "aggregationKind" : "COMPOSITE"
      }, {
        "id" : "A8pDyn6GAqACAxI5",
        "name" : null,
        "description" : null,
        "type" : "Property",
        "propertyAssignments" : null,
        "stereotype" : null,
        "isDerived" : false,
        "isReadOnly" : false,
        "isOrdered" : false,
        "cardinality" : "1..*",
        "propertyType" : {
          "id" : "L3TVyn6GAqACAxDi",
          "type" : "Class"
        },
        "subsettedProperties" : null,
        "redefinedProperties" : null,
        "aggregationKind" : "NONE"
      } ]
    }, {
      "id" : "6ZDDyn6GAqACAxJd",
      "name" : null,
      "description" : null,
      "type" : "Relation",
      "propertyAssignments" : null,
      "stereotype" : "mediation",
      "isAbstract" : false,
      "isDerived" : false,
      "properties" : [ {
        "id" : "6ZDDyn6GAqACAxJe",
        "name" : null,
        "description" : null,
        "type" : "Property",
        "propertyAssignments" : null,
        "stereotype" : null,
        "isDerived" : false,
        "isReadOnly" : false,
        "isOrdered" : false,
        "cardinality" : "1..*",
        "propertyType" : {
          "id" : "U551yn6GAqACAxF2",
          "type" : "Class"
        },
        "subsettedProperties" : null,
        "redefinedProperties" : null,
        "aggregationKind" : "NONE"
      }, {
        "id" : "6ZDDyn6GAqACAxJg",
        "name" : null,
        "description" : null,
        "type" : "Property",
        "propertyAssignments" : null,
        "stereotype" : null,
        "isDerived" : false,
        "isReadOnly" : true,
        "isOrdered" : false,
        "cardinality" : "1",
        "propertyType" : {
          "id" : "YPxVyn6GAqACAxCs",
          "type" : "Class"
        },
        "subsettedProperties" : null,
        "redefinedProperties" : null,
        "aggregationKind" : "NONE"
      } ]
    }, {
      "id" : "iajDyn6GAqACAxJl",
      "name" : null,
      "description" : null,
      "type" : "Relation",
      "propertyAssignments" : null,
      "stereotype" : "mediation",
      "isAbstract" : false,
      "isDerived" : false,
      "properties" : [ {
        "id" : "iajDyn6GAqACAxJm",
        "name" : null,
        "description" : null,
        "type" : "Property",
        "propertyAssignments" : null,
        "stereotype" : null,
        "isDerived" : false,
        "isReadOnly" : false,
        "isOrdered" : false,
        "cardinality" : "1..*",
        "propertyType" : {
          "id" : "U551yn6GAqACAxF2",
          "type" : "Class"
        },
        "subsettedProperties" : null,
        "redefinedProperties" : null,
        "aggregationKind" : "NONE"
      }, {
        "id" : "iajDyn6GAqACAxJo",
        "name" : null,
        "description" : null,
        "type" : "Property",
        "propertyAssignments" : null,
        "stereotype" : null,
        "isDerived" : false,
        "isReadOnly" : true,
        "isOrdered" : false,
        "cardinality" : "1",
        "propertyType" : {
          "id" : "iGs1yn6GAqACAxEy",
          "type" : "Class"
        },
        "subsettedProperties" : null,
        "redefinedProperties" : null,
        "aggregationKind" : "NONE"
      } ]
    }, {
      "id" : "MW3Dyn6GAqACAxKD",
      "name" : null,
      "description" : null,
      "type" : "Relation",
      "propertyAssignments" : null,
      "stereotype" : "material",
      "isAbstract" : false,
      "isDerived" : false,
      "properties" : [ {
        "id" : "MW3Dyn6GAqACAxKE",
        "name" : null,
        "description" : null,
        "type" : "Property",
        "propertyAssignments" : null,
        "stereotype" : null,
        "isDerived" : false,
        "isReadOnly" : false,
        "isOrdered" : false,
        "cardinality" : "1..*",
        "propertyType" : {
          "id" : "YPxVyn6GAqACAxCs",
          "type" : "Class"
        },
        "subsettedProperties" : null,
        "redefinedProperties" : null,
        "aggregationKind" : "NONE"
      }, {
        "id" : "MW3Dyn6GAqACAxKG",
        "name" : null,
        "description" : null,
        "type" : "Property",
        "propertyAssignments" : null,
        "stereotype" : null,
        "isDerived" : false,
        "isReadOnly" : false,
        "isOrdered" : false,
        "cardinality" : "1..*",
        "propertyType" : {
          "id" : "iGs1yn6GAqACAxEy",
          "type" : "Class"
        },
        "subsettedProperties" : null,
        "redefinedProperties" : null,
        "aggregationKind" : "NONE"
      } ]
    }, {
      "id" : "bkYjyn6GAqACAxKg",
      "name" : null,
      "description" : null,
      "type" : "Relation",
      "propertyAssignments" : null,
      "stereotype" : "memberOf",
      "isAbstract" : false,
      "isDerived" : false,
      "properties" : [ {
        "id" : "bkYjyn6GAqACAxKh",
        "name" : null,
        "description" : null,
        "type" : "Property",
        "propertyAssignments" : null,
        "stereotype" : null,
        "isDerived" : false,
        "isReadOnly" : false,
        "isOrdered" : false,
        "cardinality" : "1",
        "propertyType" : {
          "id" : "K7a1yn6GAqACAxFF",
          "type" : "Class"
        },
        "subsettedProperties" : null,
        "redefinedProperties" : null,
        "aggregationKind" : "COMPOSITE"
      }, {
        "id" : "7kYjyn6GAqACAxKj",
        "name" : null,
        "description" : null,
        "type" : "Property",
        "propertyAssignments" : null,
        "stereotype" : null,
        "isDerived" : false,
        "isReadOnly" : false,
        "isOrdered" : false,
        "cardinality" : "1",
        "propertyType" : {
          "id" : "L3TVyn6GAqACAxDi",
          "type" : "Class"
        },
        "subsettedProperties" : null,
        "redefinedProperties" : null,
        "aggregationKind" : "NONE"
      } ]
    }, {
      "id" : "eqejyn6GAqACAxLW",
      "name" : null,
      "description" : null,
      "type" : "Relation",
      "propertyAssignments" : null,
      "stereotype" : "mediation",
      "isAbstract" : false,
      "isDerived" : false,
      "properties" : [ {
        "id" : "eqejyn6GAqACAxLX",
        "name" : null,
        "description" : null,
        "type" : "Property",
        "propertyAssignments" : null,
        "stereotype" : null,
        "isDerived" : false,
        "isReadOnly" : false,
        "isOrdered" : false,
        "cardinality" : "1..*",
        "propertyType" : {
          "id" : "Ogd1yn6GAqACAxGI",
          "type" : "Class"
        },
        "subsettedProperties" : null,
        "redefinedProperties" : null,
        "aggregationKind" : "NONE"
      }, {
        "id" : "eqejyn6GAqACAxLZ",
        "name" : null,
        "description" : null,
        "type" : "Property",
        "propertyAssignments" : null,
        "stereotype" : null,
        "isDerived" : false,
        "isReadOnly" : true,
        "isOrdered" : false,
        "cardinality" : "1",
        "propertyType" : {
          "id" : "utv1yn6GAqACAxGs",
          "type" : "Class"
        },
        "subsettedProperties" : null,
        "redefinedProperties" : null,
        "aggregationKind" : "NONE"
      } ]
    }, {
      "id" : "nWhjyn6GAqACAxLe",
      "name" : null,
      "description" : null,
      "type" : "Relation",
      "propertyAssignments" : null,
      "stereotype" : "material",
      "isAbstract" : false,
      "isDerived" : false,
      "properties" : [ {
        "id" : "nWhjyn6GAqACAxLf",
        "name" : null,
        "description" : null,
        "type" : "Property",
        "propertyAssignments" : null,
        "stereotype" : null,
        "isDerived" : false,
        "isReadOnly" : false,
        "isOrdered" : false,
        "cardinality" : "0..*",
        "propertyType" : {
          "id" : "utv1yn6GAqACAxGs",
          "type" : "Class"
        },
        "subsettedProperties" : null,
        "redefinedProperties" : null,
        "aggregationKind" : "NONE"
      }, {
        "id" : "nWhjyn6GAqACAxLh",
        "name" : null,
        "description" : null,
        "type" : "Property",
        "propertyAssignments" : null,
        "stereotype" : null,
        "isDerived" : false,
        "isReadOnly" : false,
        "isOrdered" : false,
        "cardinality" : "1..*",
        "propertyType" : {
          "id" : "mBL1yn6GAqACAxGa",
          "type" : "Class"
        },
        "subsettedProperties" : null,
        "redefinedProperties" : null,
        "aggregationKind" : "NONE"
      } ]
    }, {
      "id" : "jCxjyn6GAqACAxLm",
      "name" : null,
      "description" : null,
      "type" : "Relation",
      "propertyAssignments" : null,
      "stereotype" : "mediation",
      "isAbstract" : false,
      "isDerived" : false,
      "properties" : [ {
        "id" : "jCxjyn6GAqACAxLn",
        "name" : null,
        "description" : null,
        "type" : "Property",
        "propertyAssignments" : null,
        "stereotype" : null,
        "isDerived" : false,
        "isReadOnly" : false,
        "isOrdered" : false,
        "cardinality" : "1",
        "propertyType" : {
          "id" : "mBL1yn6GAqACAxGa",
          "type" : "Class"
        },
        "subsettedProperties" : null,
        "redefinedProperties" : null,
        "aggregationKind" : "NONE"
      }, {
        "id" : "jCxjyn6GAqACAxLp",
        "name" : null,
        "description" : null,
        "type" : "Property",
        "propertyAssignments" : null,
        "stereotype" : null,
        "isDerived" : false,
        "isReadOnly" : true,
        "isOrdered" : false,
        "cardinality" : "1..*",
        "propertyType" : {
          "id" : "Ogd1yn6GAqACAxGI",
          "type" : "Class"
        },
        "subsettedProperties" : null,
        "redefinedProperties" : null,
        "aggregationKind" : "NONE"
      } ]
    } ]
  },
  "diagrams" : [ {
    "id" : "v0OFyn6GAqACAxA4",
    "name" : "diagram1",
    "description" : null,
    "type" : "Diagram",
    "owner" : {
      "id" : "VemFyn6GAqACAwxd_root",
      "type" : "Package"
    },
    "contents" : [ {
      "id" : "GBL1yn6GAqACAxGZ",
      "type" : "ClassView",
      "modelElement" : {
        "id" : "mBL1yn6GAqACAxGa",
        "type" : "Class"
      },
      "shape" : {
        "id" : "GBL1yn6GAqACAxGZ_shape",
        "type" : "Rectangle",
        "x" : 1656,
        "y" : 186,
        "width" : 125,
        "height" : 40
      }
    }, {
      "id" : "k551yn6GAqACAxF1",
      "type" : "ClassView",
      "modelElement" : {
        "id" : "U551yn6GAqACAxF2",
        "type" : "Class"
      },
      "shape" : {
        "id" : "k551yn6GAqACAxF1_shape",
        "type" : "Rectangle",
        "x" : 934,
        "y" : 0,
        "width" : 82,
        "height" : 40
      }
    }, {
      "id" : "Rqejyn6GAqACAxLb",
      "type" : "RelationView",
      "modelElement" : {
        "id" : "eqejyn6GAqACAxLW",
        "type" : "Relation"
      },
      "shape" : {
        "id" : "Rqejyn6GAqACAxLb_path",
        "type" : "Path",
        "points" : [ {
          "x" : 1354,
          "y" : 194
        }, {
          "x" : 1354,
          "y" : 51
        }, {
          "x" : 1680,
          "y" : 51
        } ]
      },
      "source" : {
        "id" : "Ogd1yn6GAqACAxGH",
        "type" : "ClassView"
      },
      "target" : {
        "id" : "utv1yn6GAqACAxGr",
        "type" : "ClassView"
      }
    }, {
      "id" : "f64jyn6GAqACAxKt",
      "type" : "RelationView",
      "modelElement" : {
        "id" : "bkYjyn6GAqACAxKg",
        "type" : "Relation"
      },
      "shape" : {
        "id" : "f64jyn6GAqACAxKt_path",
        "type" : "Path",
        "points" : [ {
          "x" : 1090,
          "y" : 216
        }, {
          "x" : 840,
          "y" : 216
        } ]
      },
      "source" : {
        "id" : "K7a1yn6GAqACAxFE",
        "type" : "ClassView"
      },
      "target" : {
        "id" : "z3TVyn6GAqACAxDh",
        "type" : "ClassView"
      }
    }, {
      "id" : "vWhjyn6GAqACAxLj",
      "type" : "RelationView",
      "modelElement" : {
        "id" : "nWhjyn6GAqACAxLe",
        "type" : "Relation"
      },
      "shape" : {
        "id" : "vWhjyn6GAqACAxLj_path",
        "type" : "Path",
        "points" : [ {
          "x" : 1721,
          "y" : 58
        }, {
          "x" : 1721,
          "y" : 187
        } ]
      },
      "source" : {
        "id" : "utv1yn6GAqACAxGr",
        "type" : "ClassView"
      },
      "target" : {
        "id" : "GBL1yn6GAqACAxGZ",
        "type" : "ClassView"
      }
    }, {
      "id" : "AvVDyn6GAqACAxJS",
      "type" : "GeneralizationView",
      "modelElement" : {
        "id" : "vPVDyn6GAqACAxJR",
        "type" : "Generalization"
      },
      "shape" : {
        "id" : "AvVDyn6GAqACAxJS_path",
        "type" : "Path",
        "points" : [ {
          "x" : 798,
          "y" : 364
        }, {
          "x" : 798,
          "y" : 403
        }, {
          "x" : 690,
          "y" : 403
        }, {
          "x" : 690,
          "y" : 432
        } ]
      },
      "source" : {
        "id" : "YEnVyn6GAqACAxD1",
        "type" : "ClassView"
      },
      "target" : {
        "id" : "AoA1yn6GAqACAxEH",
        "type" : "ClassView"
      }
    }, {
      "id" : "YEnVyn6GAqACAxD1",
      "type" : "ClassView",
      "modelElement" : {
        "id" : "YEnVyn6GAqACAxD2",
        "type" : "Class"
      },
      "shape" : {
        "id" : "YEnVyn6GAqACAxD1_shape",
        "type" : "Rectangle",
        "x" : 756,
        "y" : 324,
        "width" : 85,
        "height" : 40
      }
    }, {
      "id" : "qotVyn6GAqACAxDE",
      "type" : "ClassView",
      "modelElement" : {
        "id" : "qotVyn6GAqACAxDF",
        "type" : "Class"
      },
      "shape" : {
        "id" : "qotVyn6GAqACAxDE_shape",
        "type" : "Rectangle",
        "x" : 507,
        "y" : 194,
        "width" : 95,
        "height" : 40
      }
    }, {
      "id" : "NBgVyn6GAqACAxBA",
      "type" : "ClassView",
      "modelElement" : {
        "id" : "tBgVyn6GAqACAxBB",
        "type" : "Class"
      },
      "shape" : {
        "id" : "NBgVyn6GAqACAxBA_shape",
        "type" : "Rectangle",
        "x" : 275,
        "y" : 40,
        "width" : 83,
        "height" : 40
      }
    }, {
      "id" : "YPxVyn6GAqACAxCr",
      "type" : "ClassView",
      "modelElement" : {
        "id" : "YPxVyn6GAqACAxCs",
        "type" : "Class"
      },
      "shape" : {
        "id" : "YPxVyn6GAqACAxCr_shape",
        "type" : "Rectangle",
        "x" : 503,
        "y" : 77,
        "width" : 103,
        "height" : 40
      }
    }, {
      "id" : "JN1Dyn6GAqACAxJW",
      "type" : "GeneralizationView",
      "modelElement" : {
        "id" : ".N1Dyn6GAqACAxJV",
        "type" : "Generalization"
      },
      "shape" : {
        "id" : "JN1Dyn6GAqACAxJW_path",
        "type" : "Path",
        "points" : [ {
          "x" : 798,
          "y" : 364
        }, {
          "x" : 798,
          "y" : 403
        }, {
          "x" : 905,
          "y" : 403
        }, {
          "x" : 905,
          "y" : 432
        } ]
      },
      "source" : {
        "id" : "YEnVyn6GAqACAxD1",
        "type" : "ClassView"
      },
      "target" : {
        "id" : "Aeo1yn6GAqACAxEZ",
        "type" : "ClassView"
      }
    }, {
      "id" : "sAhDyn6GAqACAxIz",
      "type" : "GeneralizationView",
      "modelElement" : {
        "id" : "UAhDyn6GAqACAxIy",
        "type" : "Generalization"
      },
      "shape" : {
        "id" : "sAhDyn6GAqACAxIz_path",
        "type" : "Path",
        "points" : [ {
          "x" : 376,
          "y" : 154
        }, {
          "x" : 376,
          "y" : 98
        }, {
          "x" : 503,
          "y" : 98
        } ]
      },
      "source" : {
        "id" : "VxoVyn6GAqACAxBY",
        "type" : "ClassView"
      },
      "target" : {
        "id" : "YPxVyn6GAqACAxCr",
        "type" : "ClassView"
      }
    }, {
      "id" : "_K5Dyn6GAqACAxJD",
      "type" : "RelationView",
      "modelElement" : {
        "id" : "A8pDyn6GAqACAxI2",
        "type" : "Relation"
      },
      "shape" : {
        "id" : "_K5Dyn6GAqACAxJD_path",
        "type" : "Path",
        "points" : [ {
          "x" : 574,
          "y" : 194
        }, {
          "x" : 574,
          "y" : 155
        }, {
          "x" : 775,
          "y" : 155
        }, {
          "x" : 775,
          "y" : 194
        } ]
      },
      "source" : {
        "id" : "qotVyn6GAqACAxDE",
        "type" : "ClassView"
      },
      "target" : {
        "id" : "z3TVyn6GAqACAxDh",
        "type" : "ClassView"
      }
    }, {
      "id" : "BdAjyn6GAqACAxKb",
      "type" : "GeneralizationView",
      "modelElement" : {
        "id" : "mdAjyn6GAqACAxKa",
        "type" : "Generalization"
      },
      "shape" : {
        "id" : "BdAjyn6GAqACAxKb_path",
        "type" : "Path",
        "points" : [ {
          "x" : 1172,
          "y" : 51
        }, {
          "x" : 1014,
          "y" : 127
        } ]
      },
      "source" : {
        "id" : "8IR1yn6GAqACAxFd",
        "type" : "ClassView"
      },
      "target" : {
        "id" : "iGs1yn6GAqACAxEx",
        "type" : "ClassView"
      }
    }, {
      "id" : "slzjyn6GAqACAxMi",
      "type" : "GeneralizationView",
      "modelElement" : {
        "id" : "Ulzjyn6GAqACAxMh",
        "type" : "Generalization"
      },
      "shape" : {
        "id" : "slzjyn6GAqACAxMi_path",
        "type" : "Path",
        "points" : [ {
          "x" : 840,
          "y" : 247
        }, {
          "x" : 874,
          "y" : 247
        }, {
          "x" : 874,
          "y" : 306
        }, {
          "x" : 1755,
          "y" : 306
        }, {
          "x" : 1755,
          "y" : 227
        } ]
      },
      "source" : {
        "id" : "z3TVyn6GAqACAxDh",
        "type" : "ClassView"
      },
      "target" : {
        "id" : "GBL1yn6GAqACAxGZ",
        "type" : "ClassView"
      }
    }, {
      "id" : "mF2Vyn6GAqACAxCX",
      "type" : "ClassView",
      "modelElement" : {
        "id" : "mF2Vyn6GAqACAxCY",
        "type" : "Class"
      },
      "shape" : {
        "id" : "mF2Vyn6GAqACAxCX_shape",
        "type" : "Rectangle",
        "x" : 475,
        "y" : 275,
        "width" : 143,
        "height" : 40
      }
    }, {
      "id" : "iW3Dyn6GAqACAxKI",
      "type" : "RelationView",
      "modelElement" : {
        "id" : "MW3Dyn6GAqACAxKD",
        "type" : "Relation"
      },
      "shape" : {
        "id" : "iW3Dyn6GAqACAxKI_path",
        "type" : "Path",
        "points" : [ {
          "x" : 607,
          "y" : 105
        }, {
          "x" : 843,
          "y" : 105
        }, {
          "x" : 843,
          "y" : 147
        }, {
          "x" : 934,
          "y" : 147
        } ]
      },
      "source" : {
        "id" : "YPxVyn6GAqACAxCr",
        "type" : "ClassView"
      },
      "target" : {
        "id" : "iGs1yn6GAqACAxEx",
        "type" : "ClassView"
      }
    }, {
      "id" : "Aeo1yn6GAqACAxEZ",
      "type" : "ClassView",
      "modelElement" : {
        "id" : "Aeo1yn6GAqACAxEa",
        "type" : "Class"
      },
      "shape" : {
        "id" : "Aeo1yn6GAqACAxEZ_shape",
        "type" : "Rectangle",
        "x" : 865,
        "y" : 433,
        "width" : 80,
        "height" : 40
      }
    }, {
      "id" : "K7a1yn6GAqACAxFE",
      "type" : "ClassView",
      "modelElement" : {
        "id" : "K7a1yn6GAqACAxFF",
        "type" : "Class"
      },
      "shape" : {
        "id" : "K7a1yn6GAqACAxFE_shape",
        "type" : "Rectangle",
        "x" : 1090,
        "y" : 194,
        "width" : 95,
        "height" : 40
      }
    }, {
      "id" : "AoA1yn6GAqACAxEH",
      "type" : "ClassView",
      "modelElement" : {
        "id" : "AoA1yn6GAqACAxEI",
        "type" : "Class"
      },
      "shape" : {
        "id" : "AoA1yn6GAqACAxEH_shape",
        "type" : "Rectangle",
        "x" : 637,
        "y" : 433,
        "width" : 80,
        "height" : 40
      }
    }, {
      "id" : "iGs1yn6GAqACAxEx",
      "type" : "ClassView",
      "modelElement" : {
        "id" : "iGs1yn6GAqACAxEy",
        "type" : "Class"
      },
      "shape" : {
        "id" : "iGs1yn6GAqACAxEx_shape",
        "type" : "Rectangle",
        "x" : 934,
        "y" : 127,
        "width" : 80,
        "height" : 40
      }
    }, {
      "id" : "VxoVyn6GAqACAxBY",
      "type" : "ClassView",
      "modelElement" : {
        "id" : "VxoVyn6GAqACAxBZ",
        "type" : "Class"
      },
      "shape" : {
        "id" : "VxoVyn6GAqACAxBY_shape",
        "type" : "Rectangle",
        "x" : 275,
        "y" : 155,
        "width" : 117,
        "height" : 52
      }
    }, {
      "id" : "HCxjyn6GAqACAxLr",
      "type" : "RelationView",
      "modelElement" : {
        "id" : "jCxjyn6GAqACAxLm",
        "type" : "Relation"
      },
      "shape" : {
        "id" : "HCxjyn6GAqACAxLr_path",
        "type" : "Path",
        "points" : [ {
          "x" : 1657,
          "y" : 210
        }, {
          "x" : 1380,
          "y" : 210
        } ]
      },
      "source" : {
        "id" : "GBL1yn6GAqACAxGZ",
        "type" : "ClassView"
      },
      "target" : {
        "id" : "Ogd1yn6GAqACAxGH",
        "type" : "ClassView"
      }
    }, {
      "id" : "U9qDyn6GAqACAxH5",
      "type" : "RelationView",
      "modelElement" : {
        "id" : "XjMDyn6GAqACAxHC",
        "type" : "Relation"
      },
      "shape" : {
        "id" : "U9qDyn6GAqACAxH5_path",
        "type" : "Path",
        "points" : [ {
          "x" : 115,
          "y" : 275
        }, {
          "x" : 115,
          "y" : 195
        }, {
          "x" : 274,
          "y" : 195
        } ]
      },
      "source" : {
        "id" : "yXkVyn6GAqACAxBx",
        "type" : "ClassView"
      },
      "target" : {
        "id" : "VxoVyn6GAqACAxBY",
        "type" : "ClassView"
      }
    }, {
      "id" : "yXkVyn6GAqACAxBx",
      "type" : "ClassView",
      "modelElement" : {
        "id" : "KXkVyn6GAqACAxBy",
        "type" : "Class"
      },
      "shape" : {
        "id" : "yXkVyn6GAqACAxBx_shape",
        "type" : "Rectangle",
        "x" : 51,
        "y" : 275,
        "width" : 112,
        "height" : 70
      }
    }, {
      "id" : "FtqDyn6GAqACAxHn",
      "type" : "RelationView",
      "modelElement" : {
        "id" : "iQcDyn6GAqACAxHK",
        "type" : "Relation"
      },
      "shape" : {
        "id" : "FtqDyn6GAqACAxHn_path",
        "type" : "Path",
        "points" : [ {
          "x" : 316,
          "y" : 315
        }, {
          "x" : 316,
          "y" : 207
        } ]
      },
      "source" : {
        "id" : "LgyVyn6GAqACAxCH",
        "type" : "ClassView"
      },
      "target" : {
        "id" : "VxoVyn6GAqACAxBY",
        "type" : "ClassView"
      }
    }, {
      "id" : "WajDyn6GAqACAxJq",
      "type" : "RelationView",
      "modelElement" : {
        "id" : "iajDyn6GAqACAxJl",
        "type" : "Relation"
      },
      "shape" : {
        "id" : "WajDyn6GAqACAxJq_path",
        "type" : "Path",
        "points" : [ {
          "x" : 975,
          "y" : 40
        }, {
          "x" : 975,
          "y" : 127
        } ]
      },
      "source" : {
        "id" : "k551yn6GAqACAxF1",
        "type" : "ClassView"
      },
      "target" : {
        "id" : "iGs1yn6GAqACAxEx",
        "type" : "ClassView"
      }
    }, {
      "id" : "LvNDyn6GAqACAxJa",
      "type" : "GeneralizationView",
      "modelElement" : {
        "id" : "dvNDyn6GAqACAxJZ",
        "type" : "Generalization"
      },
      "shape" : {
        "id" : "LvNDyn6GAqACAxJa_path",
        "type" : "Path",
        "points" : [ {
          "x" : 791,
          "y" : 261
        }, {
          "x" : 791,
          "y" : 324
        } ]
      },
      "source" : {
        "id" : "z3TVyn6GAqACAxDh",
        "type" : "ClassView"
      },
      "target" : {
        "id" : "YEnVyn6GAqACAxD1",
        "type" : "ClassView"
      }
    }, {
      "id" : "LgyVyn6GAqACAxCH",
      "type" : "ClassView",
      "modelElement" : {
        "id" : "LgyVyn6GAqACAxCI",
        "type" : "Class"
      },
      "shape" : {
        "id" : "LgyVyn6GAqACAxCH_shape",
        "type" : "Rectangle",
        "x" : 245,
        "y" : 315,
        "width" : 147,
        "height" : 40
      }
    }, {
      "id" : "Dkmjyn6GAqACAxLT",
      "type" : "GeneralizationView",
      "modelElement" : {
        "id" : "tkmjyn6GAqACAxLS",
        "type" : "Generalization"
      },
      "shape" : {
        "id" : "Dkmjyn6GAqACAxLT_path",
        "type" : "Path",
        "points" : [ {
          "x" : 1251,
          "y" : 24
        }, {
          "x" : 1680,
          "y" : 24
        } ]
      },
      "source" : {
        "id" : "8IR1yn6GAqACAxFd",
        "type" : "ClassView"
      },
      "target" : {
        "id" : "utv1yn6GAqACAxGr",
        "type" : "ClassView"
      }
    }, {
      "id" : "Ogd1yn6GAqACAxGH",
      "type" : "ClassView",
      "modelElement" : {
        "id" : "Ogd1yn6GAqACAxGI",
        "type" : "Class"
      },
      "shape" : {
        "id" : "Ogd1yn6GAqACAxGH_shape",
        "type" : "Rectangle",
        "x" : 1297,
        "y" : 194,
        "width" : 81,
        "height" : 40
      }
    }, {
      "id" : "cUUDyn6GAqACAxG_",
      "type" : "GeneralizationView",
      "modelElement" : {
        "id" : "EUUDyn6GAqACAxG.",
        "type" : "Generalization"
      },
      "shape" : {
        "id" : "cUUDyn6GAqACAxG__path",
        "type" : "Path",
        "points" : [ {
          "x" : 317,
          "y" : 80
        }, {
          "x" : 317,
          "y" : 154
        } ]
      },
      "source" : {
        "id" : "NBgVyn6GAqACAxBA",
        "type" : "ClassView"
      },
      "target" : {
        "id" : "VxoVyn6GAqACAxBY",
        "type" : "ClassView"
      }
    }, {
      "id" : "hdqDyn6GAqACAxHw",
      "type" : "RelationView",
      "modelElement" : {
        "id" : "Q4SDyn6GAqACAxHX",
        "type" : "Relation"
      },
      "shape" : {
        "id" : "hdqDyn6GAqACAxHw_path",
        "type" : "Path",
        "points" : [ {
          "x" : 475,
          "y" : 295
        }, {
          "x" : 425,
          "y" : 295
        }, {
          "x" : 425,
          "y" : 186
        }, {
          "x" : 393,
          "y" : 186
        } ]
      },
      "source" : {
        "id" : "mF2Vyn6GAqACAxCX",
        "type" : "ClassView"
      },
      "target" : {
        "id" : "VxoVyn6GAqACAxBY",
        "type" : "ClassView"
      }
    }, {
      "id" : "utv1yn6GAqACAxGr",
      "type" : "ClassView",
      "modelElement" : {
        "id" : "utv1yn6GAqACAxGs",
        "type" : "Class"
      },
      "shape" : {
        "id" : "utv1yn6GAqACAxGr_shape",
        "type" : "Rectangle",
        "x" : 1680,
        "y" : 17,
        "width" : 80,
        "height" : 40
      }
    }, {
      "id" : "2ZDDyn6GAqACAxJi",
      "type" : "RelationView",
      "modelElement" : {
        "id" : "6ZDDyn6GAqACAxJd",
        "type" : "Relation"
      },
      "shape" : {
        "id" : "2ZDDyn6GAqACAxJi_path",
        "type" : "Path",
        "points" : [ {
          "x" : 934,
          "y" : 23
        }, {
          "x" : 568,
          "y" : 23
        }, {
          "x" : 568,
          "y" : 77
        } ]
      },
      "source" : {
        "id" : "k551yn6GAqACAxF1",
        "type" : "ClassView"
      },
      "target" : {
        "id" : "YPxVyn6GAqACAxCr",
        "type" : "ClassView"
      }
    }, {
      "id" : "8IR1yn6GAqACAxFd",
      "type" : "ClassView",
      "modelElement" : {
        "id" : "8IR1yn6GAqACAxFe",
        "type" : "Class"
      },
      "shape" : {
        "id" : "8IR1yn6GAqACAxFd_shape",
        "type" : "Rectangle",
        "x" : 1171,
        "y" : 11,
        "width" : 80,
        "height" : 40
      }
    }, {
      "id" : "z3TVyn6GAqACAxDh",
      "type" : "ClassView",
      "modelElement" : {
        "id" : "L3TVyn6GAqACAxDi",
        "type" : "Class"
      },
      "shape" : {
        "id" : "z3TVyn6GAqACAxDh_shape",
        "type" : "Rectangle",
        "x" : 745,
        "y" : 194,
        "width" : 93,
        "height" : 66
      }
    } ]
  } ]
}