{
  "id" : "nc3ouZ6GAqACCwWz",
  "name" : "Core Ontology of Economic Exchanges",
  "description" : null,
  "type" : "Project",
  "model" : {
    "id" : "nc3ouZ6GAqACCwWz_root",
    "name" : "Core Ontology of Economic Exchanges",
    "description" : null,
    "type" : "Package",
    "propertyAssignments" : null,
    "contents" : [ {
      "id" : "w._ouZ6GAqACCwmW",
      "name" : "UFO",
      "description" : null,
      "type" : "Package",
      "propertyAssignments" : null,
      "contents" : [ {
        "id" : "4oJsuZ6GAqACCxna",
        "name" : "Agent",
        "description" : null,
        "type" : "Class",
        "propertyAssignments" : null,
        "stereotype" : "category",
        "isAbstract" : true,
        "isDerived" : false,
        "properties" : null,
        "isExtensional" : false,
        "isPowertype" : null,
        "order" : null,
        "literals" : null,
        "restrictedTo" : [ "functional-complex" ]
      }, {
        "id" : "mojsuZ6GAqACCxoD",
        "name" : null,
        "description" : null,
        "type" : "Generalization",
        "propertyAssignments" : null,
        "general" : {
          "id" : "4oJsuZ6GAqACCxna",
          "type" : "Class"
        },
        "specific" : {
          "id" : "xtdsuZ6GAqACCxn6",
          "type" : "Class"
        }
      }, {
        "id" : "oYIcuZ6GAqACCxpV",
        "name" : null,
        "description" : null,
        "type" : "Generalization",
        "propertyAssignments" : null,
        "general" : {
          "id" : "4oJsuZ6GAqACCxna",
          "type" : "Class"
        },
        "specific" : {
          "id" : "_gXsuZ6GAqACCxoq",
          "type" : "Class"
        }
      } ]
    }, {
      "id" : "Qo4YuZ6GAqACCwmb",
      "name" : "COEX",
      "description" : null,
      "type" : "Package",
      "propertyAssignments" : null,
      "contents" : [ {
        "id" : "jYmsuZ6GAqACCxmd",
        "name" : "Economic Offering",
        "description" : null,
        "type" : "Class",
        "propertyAssignments" : null,
        "stereotype" : "relator",
        "isAbstract" : false,
        "isDerived" : false,
        "properties" : null,
        "isExtensional" : null,
        "isPowertype" : null,
        "order" : null,
        "literals" : null,
        "restrictedTo" : [ "relator" ]
      }, {
        "id" : "TvOsuZ6GAqACCxmu",
        "name" : "Offer",
        "description" : null,
        "type" : "Class",
        "propertyAssignments" : null,
        "stereotype" : "event",
        "isAbstract" : false,
        "isDerived" : false,
        "properties" : null,
        "isExtensional" : null,
        "isPowertype" : null,
        "order" : null,
        "literals" : null,
        "restrictedTo" : [ "event" ]
      }, {
        "id" : "iaBsuZ6GAqACCxnH",
        "name" : "Preference",
        "description" : null,
        "type" : "Class",
        "propertyAssignments" : null,
        "stereotype" : "mode",
        "isAbstract" : false,
        "isDerived" : false,
        "properties" : null,
        "isExtensional" : null,
        "isPowertype" : null,
        "order" : null,
        "literals" : null,
        "restrictedTo" : [ "intrinsic-mode" ]
      }, {
        "id" : "xtdsuZ6GAqACCxn6",
        "name" : "Offeror",
        "description" : null,
        "type" : "Class",
        "propertyAssignments" : null,
        "stereotype" : "roleMixin",
        "isAbstract" : true,
        "isDerived" : false,
        "properties" : null,
        "isExtensional" : false,
        "isPowertype" : null,
        "order" : null,
        "literals" : null,
        "restrictedTo" : [ "functional-complex" ]
      }, {
        "id" : "_gXsuZ6GAqACCxoq",
        "name" : "Offeree",
        "description" : null,
        "type" : "Class",
        "propertyAssignments" : null,
        "stereotype" : "roleMixin",
        "isAbstract" : true,
        "isDerived" : false,
        "properties" : null,
        "isExtensional" : false,
        "isPowertype" : null,
        "order" : null,
        "literals" : null,
        "restrictedTo" : [ "functional-complex" ]
      }, {
        "id" : "bh0cuZ6GAqACCxpy",
        "name" : "Conditional Commitment",
        "description" : null,
        "type" : "Class",
        "propertyAssignments" : null,
        "stereotype" : "mode",
        "isAbstract" : false,
        "isDerived" : false,
        "properties" : null,
        "isExtensional" : null,
        "isPowertype" : null,
        "order" : null,
        "literals" : null,
        "restrictedTo" : [ "intrinsic-mode" ]
      }, {
        "id" : "aWccuZ6GAqACCxp9",
        "name" : "Conditional Claim",
        "description" : null,
        "type" : "Class",
        "propertyAssignments" : null,
        "stereotype" : "mode",
        "isAbstract" : false,
        "isDerived" : false,
        "properties" : null,
        "isExtensional" : null,
        "isPowertype" : null,
        "order" : null,
        "literals" : null,
        "restrictedTo" : [ "intrinsic-mode" ]
      }, {
        "id" : "A6mcuZ6GAqACCxqn",
        "name" : "Offered Contribution Type",
        "description" : null,
        "type" : "Class",
        "propertyAssignments" : null,
        "stereotype" : "type",
        "isAbstract" : false,
        "isDerived" : false,
        "properties" : null,
        "isExtensional" : null,
        "isPowertype" : false,
        "order" : "2",
        "literals" : null,
        "restrictedTo" : [ "type" ]
      }, {
        "id" : "4lecuZ6GAqACCxq4",
        "name" : "Counterpart Contribution Type",
        "description" : null,
        "type" : "Class",
        "propertyAssignments" : null,
        "stereotype" : "type",
        "isAbstract" : false,
        "isDerived" : false,
        "properties" : null,
        "isExtensional" : null,
        "isPowertype" : false,
        "order" : "2",
        "literals" : null,
        "restrictedTo" : [ "type" ]
      }, {
        "id" : "6mFcuZ6GAqACCxrj",
        "name" : "Economic Exchange Type",
        "description" : null,
        "type" : "Class",
        "propertyAssignments" : null,
        "stereotype" : "type",
        "isAbstract" : false,
        "isDerived" : false,
        "properties" : null,
        "isExtensional" : null,
        "isPowertype" : false,
        "order" : "2",
        "literals" : null,
        "restrictedTo" : [ "type" ]
      }, {
        "id" : "QJl6uZ6GAqACCyHh",
        "name" : "Economic Agreement",
        "description" : null,
        "type" : "Class",
        "propertyAssignments" : null,
        "stereotype" : "relator",
        "isAbstract" : false,
        "isDerived" : false,
        "properties" : null,
        "isExtensional" : null,
        "isPowertype" : null,
        "order" : null,
        "literals" : null,
        "restrictedTo" : [ "relator" ]
      }, {
        "id" : "mE6puZ6GAqACCxC2",
        "name" : "Offeror Unconditional Agreement",
        "description" : null,
        "type" : "Class",
        "propertyAssignments" : null,
        "stereotype" : "mode",
        "isAbstract" : false,
        "isDerived" : false,
        "properties" : null,
        "isExtensional" : null,
        "isPowertype" : null,
        "order" : null,
        "literals" : null,
        "restrictedTo" : [ "intrinsic-mode" ]
      }, {
        "id" : "tKupuZ6GAqACCxDO",
        "name" : "Offeree Unconditional Agreement",
        "description" : null,
        "type" : "Class",
        "propertyAssignments" : null,
        "stereotype" : "mode",
        "isAbstract" : false,
        "isDerived" : false,
        "properties" : null,
        "isExtensional" : null,
        "isPowertype" : null,
        "order" : null,
        "literals" : null,
        "restrictedTo" : [ "intrinsic-mode" ]
      }, {
        "id" : "LZAZuZ6GAqACCxML",
        "name" : "Economic Exchange",
        "description" : null,
        "type" : "Class",
        "propertyAssignments" : null,
        "stereotype" : "event",
        "isAbstract" : false,
        "isDerived" : false,
        "properties" : null,
        "isExtensional" : null,
        "isPowertype" : null,
        "order" : null,
        "literals" : null,
        "restrictedTo" : [ "event" ]
      }, {
        "id" : "cl8ZuZ6GAqACCxNV",
        "name" : "Offered Contribution",
        "description" : null,
        "type" : "Class",
        "propertyAssignments" : null,
        "stereotype" : "event",
        "isAbstract" : false,
        "isDerived" : false,
        "properties" : null,
        "isExtensional" : null,
        "isPowertype" : null,
        "order" : null,
        "literals" : null,
        "restrictedTo" : [ "event" ]
      }, {
        "id" : "XMaZuZ6GAqACCxPI",
        "name" : "Counterpart Contribution",
        "description" : null,
        "type" : "Class",
        "propertyAssignments" : null,
        "stereotype" : "event",
        "isAbstract" : false,
        "isDerived" : false,
        "properties" : null,
        "isExtensional" : null,
        "isPowertype" : null,
        "order" : null,
        "literals" : null,
        "restrictedTo" : [ "event" ]
      }, {
        "id" : "5VTcuZ6GAqACCxsA",
        "name" : "held by",
        "description" : null,
        "type" : "Relation",
        "propertyAssignments" : null,
        "stereotype" : "characterization",
        "isAbstract" : false,
        "isDerived" : false,
        "properties" : [ {
          "id" : "5VTcuZ6GAqACCxsB",
          "name" : null,
          "description" : null,
          "type" : "Property",
          "propertyAssignments" : null,
          "stereotype" : null,
          "isDerived" : false,
          "isReadOnly" : false,
          "isOrdered" : false,
          "cardinality" : "0..*",
          "propertyType" : {
            "id" : "iaBsuZ6GAqACCxnH",
            "type" : "Class"
          },
          "subsettedProperties" : null,
          "redefinedProperties" : null,
          "aggregationKind" : "NONE"
        }, {
          "id" : "5VTcuZ6GAqACCxsD",
          "name" : "",
          "description" : null,
          "type" : "Property",
          "propertyAssignments" : null,
          "stereotype" : null,
          "isDerived" : false,
          "isReadOnly" : true,
          "isOrdered" : false,
          "cardinality" : "1",
          "propertyType" : {
            "id" : "4oJsuZ6GAqACCxna",
            "type" : "Class"
          },
          "subsettedProperties" : null,
          "redefinedProperties" : null,
          "aggregationKind" : "NONE"
        } ]
      }, {
        "id" : "1ZB8uZ6GAqACCxtY",
        "name" : "motivated by",
        "description" : null,
        "type" : "Relation",
        "propertyAssignments" : null,
        "stereotype" : "manifestation",
        "isAbstract" : false,
        "isDerived" : false,
        "properties" : [ {
          "id" : "1ZB8uZ6GAqACCxtZ",
          "name" : null,
          "description" : null,
          "type" : "Property",
          "propertyAssignments" : null,
          "stereotype" : null,
          "isDerived" : false,
          "isReadOnly" : true,
          "isOrdered" : false,
          "cardinality" : "0..*",
          "propertyType" : {
            "id" : "TvOsuZ6GAqACCxmu",
            "type" : "Class"
          },
          "subsettedProperties" : null,
          "redefinedProperties" : null,
          "aggregationKind" : "NONE"
        }, {
          "id" : "1ZB8uZ6GAqACCxtb",
          "name" : null,
          "description" : null,
          "type" : "Property",
          "propertyAssignments" : null,
          "stereotype" : null,
          "isDerived" : false,
          "isReadOnly" : true,
          "isOrdered" : false,
          "cardinality" : "1",
          "propertyType" : {
            "id" : "iaBsuZ6GAqACCxnH",
            "type" : "Class"
          },
          "subsettedProperties" : null,
          "redefinedProperties" : null,
          "aggregationKind" : "NONE"
        } ]
      }, {
        "id" : "EeX8uZ6GAqACCxvG",
        "name" : "participates",
        "description" : null,
        "type" : "Relation",
        "propertyAssignments" : null,
        "stereotype" : "participation",
        "isAbstract" : false,
        "isDerived" : false,
        "properties" : [ {
          "id" : "keX8uZ6GAqACCxvH",
          "name" : null,
          "description" : null,
          "type" : "Property",
          "propertyAssignments" : null,
          "stereotype" : null,
          "isDerived" : false,
          "isReadOnly" : true,
          "isOrdered" : false,
          "cardinality" : "1",
          "propertyType" : {
            "id" : "xtdsuZ6GAqACCxn6",
            "type" : "Class"
          },
          "subsettedProperties" : null,
          "redefinedProperties" : null,
          "aggregationKind" : "NONE"
        }, {
          "id" : "keX8uZ6GAqACCxvJ",
          "name" : null,
          "description" : null,
          "type" : "Property",
          "propertyAssignments" : null,
          "stereotype" : null,
          "isDerived" : false,
          "isReadOnly" : false,
          "isOrdered" : false,
          "cardinality" : "1..*",
          "propertyType" : {
            "id" : "TvOsuZ6GAqACCxmu",
            "type" : "Class"
          },
          "subsettedProperties" : null,
          "redefinedProperties" : null,
          "aggregationKind" : "NONE"
        } ]
      }, {
        "id" : "e2oCuZ6GAqACCxv5",
        "name" : "participates",
        "description" : null,
        "type" : "Relation",
        "propertyAssignments" : null,
        "stereotype" : "participation",
        "isAbstract" : false,
        "isDerived" : false,
        "properties" : [ {
          "id" : "e2oCuZ6GAqACCxv6",
          "name" : null,
          "description" : null,
          "type" : "Property",
          "propertyAssignments" : null,
          "stereotype" : null,
          "isDerived" : false,
          "isReadOnly" : true,
          "isOrdered" : false,
          "cardinality" : "1",
          "propertyType" : {
            "id" : "_gXsuZ6GAqACCxoq",
            "type" : "Class"
          },
          "subsettedProperties" : null,
          "redefinedProperties" : null,
          "aggregationKind" : "NONE"
        }, {
          "id" : ".2oCuZ6GAqACCxv8",
          "name" : null,
          "description" : null,
          "type" : "Property",
          "propertyAssignments" : null,
          "stereotype" : null,
          "isDerived" : false,
          "isReadOnly" : false,
          "isOrdered" : false,
          "cardinality" : "1..*",
          "propertyType" : {
            "id" : "TvOsuZ6GAqACCxmu",
            "type" : "Class"
          },
          "subsettedProperties" : null,
          "redefinedProperties" : null,
          "aggregationKind" : "NONE"
        } ]
      }, {
        "id" : "ojqCuZ6GAqACCxxR",
        "name" : "creates",
        "description" : null,
        "type" : "Relation",
        "propertyAssignments" : null,
        "stereotype" : "creation",
        "isAbstract" : false,
        "isDerived" : false,
        "properties" : [ {
          "id" : "ojqCuZ6GAqACCxxS",
          "name" : null,
          "description" : null,
          "type" : "Property",
          "propertyAssignments" : null,
          "stereotype" : null,
          "isDerived" : false,
          "isReadOnly" : true,
          "isOrdered" : false,
          "cardinality" : "1",
          "propertyType" : {
            "id" : "TvOsuZ6GAqACCxmu",
            "type" : "Class"
          },
          "subsettedProperties" : null,
          "redefinedProperties" : null,
          "aggregationKind" : "NONE"
        }, {
          "id" : "YjqCuZ6GAqACCxxU",
          "name" : null,
          "description" : null,
          "type" : "Property",
          "propertyAssignments" : null,
          "stereotype" : null,
          "isDerived" : false,
          "isReadOnly" : true,
          "isOrdered" : false,
          "cardinality" : "1",
          "propertyType" : {
            "id" : "jYmsuZ6GAqACCxmd",
            "type" : "Class"
          },
          "subsettedProperties" : null,
          "redefinedProperties" : null,
          "aggregationKind" : "NONE"
        } ]
      }, {
        "id" : "M2tCuZ6GAqACCxy6",
        "name" : "made by",
        "description" : null,
        "type" : "Relation",
        "propertyAssignments" : null,
        "stereotype" : "mediation",
        "isAbstract" : false,
        "isDerived" : false,
        "properties" : [ {
          "id" : "M2tCuZ6GAqACCxy7",
          "name" : null,
          "description" : null,
          "type" : "Property",
          "propertyAssignments" : null,
          "stereotype" : null,
          "isDerived" : false,
          "isReadOnly" : false,
          "isOrdered" : false,
          "cardinality" : "1..*",
          "propertyType" : {
            "id" : "jYmsuZ6GAqACCxmd",
            "type" : "Class"
          },
          "subsettedProperties" : null,
          "redefinedProperties" : null,
          "aggregationKind" : "NONE"
        }, {
          "id" : "s2tCuZ6GAqACCxy9",
          "name" : null,
          "description" : null,
          "type" : "Property",
          "propertyAssignments" : null,
          "stereotype" : null,
          "isDerived" : false,
          "isReadOnly" : true,
          "isOrdered" : false,
          "cardinality" : "1",
          "propertyType" : {
            "id" : "xtdsuZ6GAqACCxn6",
            "type" : "Class"
          },
          "subsettedProperties" : null,
          "redefinedProperties" : null,
          "aggregationKind" : "NONE"
        } ]
      }, {
        "id" : "nWnCuZ6GAqACCxzr",
        "name" : "made towards",
        "description" : null,
        "type" : "Relation",
        "propertyAssignments" : null,
        "stereotype" : "mediation",
        "isAbstract" : false,
        "isDerived" : false,
        "properties" : [ {
          "id" : "nWnCuZ6GAqACCxzs",
          "name" : null,
          "description" : null,
          "type" : "Property",
          "propertyAssignments" : null,
          "stereotype" : null,
          "isDerived" : false,
          "isReadOnly" : false,
          "isOrdered" : false,
          "cardinality" : "1..*",
          "propertyType" : {
            "id" : "jYmsuZ6GAqACCxmd",
            "type" : "Class"
          },
          "subsettedProperties" : null,
          "redefinedProperties" : null,
          "aggregationKind" : "NONE"
        }, {
          "id" : "nWnCuZ6GAqACCxzu",
          "name" : null,
          "description" : null,
          "type" : "Property",
          "propertyAssignments" : null,
          "stereotype" : null,
          "isDerived" : false,
          "isReadOnly" : true,
          "isOrdered" : false,
          "cardinality" : "1",
          "propertyType" : {
            "id" : "_gXsuZ6GAqACCxoq",
            "type" : "Class"
          },
          "subsettedProperties" : null,
          "redefinedProperties" : null,
          "aggregationKind" : "NONE"
        } ]
      }, {
        "id" : "PHwiuZ6GAqACCx0S",
        "name" : null,
        "description" : null,
        "type" : "Relation",
        "propertyAssignments" : null,
        "stereotype" : null,
        "isAbstract" : false,
        "isDerived" : false,
        "properties" : [ {
          "id" : "PHwiuZ6GAqACCx0T",
          "name" : null,
          "description" : null,
          "type" : "Property",
          "propertyAssignments" : null,
          "stereotype" : null,
          "isDerived" : false,
          "isReadOnly" : false,
          "isOrdered" : false,
          "cardinality" : "1..*",
          "propertyType" : {
            "id" : "bh0cuZ6GAqACCxpy",
            "type" : "Class"
          },
          "subsettedProperties" : null,
          "redefinedProperties" : null,
          "aggregationKind" : "NONE"
        }, {
          "id" : "PHwiuZ6GAqACCx0V",
          "name" : null,
          "description" : null,
          "type" : "Property",
          "propertyAssignments" : null,
          "stereotype" : null,
          "isDerived" : false,
          "isReadOnly" : false,
          "isOrdered" : false,
          "cardinality" : "1",
          "propertyType" : {
            "id" : "jYmsuZ6GAqACCxmd",
            "type" : "Class"
          },
          "subsettedProperties" : null,
          "redefinedProperties" : null,
          "aggregationKind" : "COMPOSITE"
        } ]
      }, {
        "id" : "Ez4iuZ6GAqACCx0m",
        "name" : null,
        "description" : null,
        "type" : "Relation",
        "propertyAssignments" : null,
        "stereotype" : null,
        "isAbstract" : false,
        "isDerived" : false,
        "properties" : [ {
          "id" : "Ez4iuZ6GAqACCx0n",
          "name" : null,
          "description" : null,
          "type" : "Property",
          "propertyAssignments" : null,
          "stereotype" : null,
          "isDerived" : false,
          "isReadOnly" : false,
          "isOrdered" : false,
          "cardinality" : "1..*",
          "propertyType" : {
            "id" : "aWccuZ6GAqACCxp9",
            "type" : "Class"
          },
          "subsettedProperties" : null,
          "redefinedProperties" : null,
          "aggregationKind" : "NONE"
        }, {
          "id" : "Ez4iuZ6GAqACCx0p",
          "name" : null,
          "description" : null,
          "type" : "Property",
          "propertyAssignments" : null,
          "stereotype" : null,
          "isDerived" : false,
          "isReadOnly" : false,
          "isOrdered" : false,
          "cardinality" : "1",
          "propertyType" : {
            "id" : "jYmsuZ6GAqACCxmd",
            "type" : "Class"
          },
          "subsettedProperties" : null,
          "redefinedProperties" : null,
          "aggregationKind" : "COMPOSITE"
        } ]
      }, {
        "id" : "ylaiuZ6GAqACCx16",
        "name" : "inheres in",
        "description" : null,
        "type" : "Relation",
        "propertyAssignments" : null,
        "stereotype" : "characterization",
        "isAbstract" : false,
        "isDerived" : false,
        "properties" : [ {
          "id" : "ylaiuZ6GAqACCx17",
          "name" : null,
          "description" : null,
          "type" : "Property",
          "propertyAssignments" : null,
          "stereotype" : null,
          "isDerived" : false,
          "isReadOnly" : false,
          "isOrdered" : false,
          "cardinality" : "1..*",
          "propertyType" : {
            "id" : "bh0cuZ6GAqACCxpy",
            "type" : "Class"
          },
          "subsettedProperties" : null,
          "redefinedProperties" : null,
          "aggregationKind" : "NONE"
        }, {
          "id" : "ylaiuZ6GAqACCx19",
          "name" : null,
          "description" : null,
          "type" : "Property",
          "propertyAssignments" : null,
          "stereotype" : null,
          "isDerived" : false,
          "isReadOnly" : true,
          "isOrdered" : false,
          "cardinality" : "1",
          "propertyType" : {
            "id" : "xtdsuZ6GAqACCxn6",
            "type" : "Class"
          },
          "subsettedProperties" : null,
          "redefinedProperties" : null,
          "aggregationKind" : "NONE"
        } ]
      }, {
        "id" : "kn1iuZ6GAqACCx3Q",
        "name" : "inheres in",
        "description" : null,
        "type" : "Relation",
        "propertyAssignments" : null,
        "stereotype" : "characterization",
        "isAbstract" : false,
        "isDerived" : false,
        "properties" : [ {
          "id" : "kn1iuZ6GAqACCx3R",
          "name" : null,
          "description" : null,
          "type" : "Property",
          "propertyAssignments" : null,
          "stereotype" : null,
          "isDerived" : false,
          "isReadOnly" : false,
          "isOrdered" : false,
          "cardinality" : "1..*",
          "propertyType" : {
            "id" : "aWccuZ6GAqACCxp9",
            "type" : "Class"
          },
          "subsettedProperties" : null,
          "redefinedProperties" : null,
          "aggregationKind" : "NONE"
        }, {
          "id" : "Un1iuZ6GAqACCx3T",
          "name" : null,
          "description" : null,
          "type" : "Property",
          "propertyAssignments" : null,
          "stereotype" : null,
          "isDerived" : false,
          "isReadOnly" : true,
          "isOrdered" : false,
          "cardinality" : "1",
          "propertyType" : {
            "id" : "_gXsuZ6GAqACCxoq",
            "type" : "Class"
          },
          "subsettedProperties" : null,
          "redefinedProperties" : null,
          "aggregationKind" : "NONE"
        } ]
      }, {
        "id" : "4MPiuZ6GAqACCx33",
        "name" : "ext dep of",
        "description" : null,
        "type" : "Relation",
        "propertyAssignments" : null,
        "stereotype" : "externalDependence",
        "isAbstract" : false,
        "isDerived" : false,
        "properties" : [ {
          "id" : "4MPiuZ6GAqACCx34",
          "name" : null,
          "description" : null,
          "type" : "Property",
          "propertyAssignments" : null,
          "stereotype" : null,
          "isDerived" : false,
          "isReadOnly" : false,
          "isOrdered" : false,
          "cardinality" : "1..*",
          "propertyType" : {
            "id" : "bh0cuZ6GAqACCxpy",
            "type" : "Class"
          },
          "subsettedProperties" : null,
          "redefinedProperties" : null,
          "aggregationKind" : "NONE"
        }, {
          "id" : "EMPiuZ6GAqACCx36",
          "name" : null,
          "description" : null,
          "type" : "Property",
          "propertyAssignments" : null,
          "stereotype" : null,
          "isDerived" : false,
          "isReadOnly" : true,
          "isOrdered" : false,
          "cardinality" : "1",
          "propertyType" : {
            "id" : "_gXsuZ6GAqACCxoq",
            "type" : "Class"
          },
          "subsettedProperties" : null,
          "redefinedProperties" : null,
          "aggregationKind" : "NONE"
        } ]
      }, {
        "id" : "NKNSuZ6GAqACCx5I",
        "name" : "ext dep of",
        "description" : null,
        "type" : "Relation",
        "propertyAssignments" : null,
        "stereotype" : "externalDependence",
        "isAbstract" : false,
        "isDerived" : false,
        "properties" : [ {
          "id" : "NKNSuZ6GAqACCx5J",
          "name" : null,
          "description" : null,
          "type" : "Property",
          "propertyAssignments" : null,
          "stereotype" : null,
          "isDerived" : false,
          "isReadOnly" : false,
          "isOrdered" : false,
          "cardinality" : "1..*",
          "propertyType" : {
            "id" : "aWccuZ6GAqACCxp9",
            "type" : "Class"
          },
          "subsettedProperties" : null,
          "redefinedProperties" : null,
          "aggregationKind" : "NONE"
        }, {
          "id" : "tKNSuZ6GAqACCx5L",
          "name" : null,
          "description" : null,
          "type" : "Property",
          "propertyAssignments" : null,
          "stereotype" : null,
          "isDerived" : false,
          "isReadOnly" : true,
          "isOrdered" : false,
          "cardinality" : "1",
          "propertyType" : {
            "id" : "xtdsuZ6GAqACCxn6",
            "type" : "Class"
          },
          "subsettedProperties" : null,
          "redefinedProperties" : null,
          "aggregationKind" : "NONE"
        } ]
      }, {
        "id" : "pNqyuZ6GAqACCx7d",
        "name" : "commits to",
        "description" : null,
        "type" : "Relation",
        "propertyAssignments" : null,
        "stereotype" : null,
        "isAbstract" : false,
        "isDerived" : false,
        "properties" : [ {
          "id" : "pNqyuZ6GAqACCx7e",
          "name" : null,
          "description" : null,
          "type" : "Property",
          "propertyAssignments" : null,
          "stereotype" : null,
          "isDerived" : false,
          "isReadOnly" : false,
          "isOrdered" : false,
          "cardinality" : "1..*",
          "propertyType" : {
            "id" : "bh0cuZ6GAqACCxpy",
            "type" : "Class"
          },
          "subsettedProperties" : null,
          "redefinedProperties" : null,
          "aggregationKind" : "NONE"
        }, {
          "id" : "pNqyuZ6GAqACCx7g",
          "name" : null,
          "description" : null,
          "type" : "Property",
          "propertyAssignments" : null,
          "stereotype" : null,
          "isDerived" : false,
          "isReadOnly" : false,
          "isOrdered" : false,
          "cardinality" : "1..*",
          "propertyType" : {
            "id" : "A6mcuZ6GAqACCxqn",
            "type" : "Class"
          },
          "subsettedProperties" : null,
          "redefinedProperties" : null,
          "aggregationKind" : "NONE"
        } ]
      }, {
        "id" : ".VlyuZ6GAqACCx8f",
        "name" : "in return for",
        "description" : null,
        "type" : "Relation",
        "propertyAssignments" : null,
        "stereotype" : null,
        "isAbstract" : false,
        "isDerived" : false,
        "properties" : [ {
          "id" : ".VlyuZ6GAqACCx8g",
          "name" : null,
          "description" : null,
          "type" : "Property",
          "propertyAssignments" : null,
          "stereotype" : null,
          "isDerived" : false,
          "isReadOnly" : false,
          "isOrdered" : false,
          "cardinality" : "1..*",
          "propertyType" : {
            "id" : "bh0cuZ6GAqACCxpy",
            "type" : "Class"
          },
          "subsettedProperties" : null,
          "redefinedProperties" : null,
          "aggregationKind" : "NONE"
        }, {
          "id" : ".VlyuZ6GAqACCx8i",
          "name" : null,
          "description" : null,
          "type" : "Property",
          "propertyAssignments" : null,
          "stereotype" : null,
          "isDerived" : false,
          "isReadOnly" : false,
          "isOrdered" : false,
          "cardinality" : "1..*",
          "propertyType" : {
            "id" : "4lecuZ6GAqACCxq4",
            "type" : "Class"
          },
          "subsettedProperties" : null,
          "redefinedProperties" : null,
          "aggregationKind" : "NONE"
        } ]
      }, {
        "id" : "_hIKuZ6GAqACCx.L",
        "name" : "participates to events of type",
        "description" : null,
        "type" : "Relation",
        "propertyAssignments" : null,
        "stereotype" : null,
        "isAbstract" : false,
        "isDerived" : false,
        "properties" : [ {
          "id" : "_hIKuZ6GAqACCx.M",
          "name" : null,
          "description" : null,
          "type" : "Property",
          "propertyAssignments" : null,
          "stereotype" : null,
          "isDerived" : false,
          "isReadOnly" : false,
          "isOrdered" : false,
          "cardinality" : "1",
          "propertyType" : {
            "id" : "xtdsuZ6GAqACCxn6",
            "type" : "Class"
          },
          "subsettedProperties" : null,
          "redefinedProperties" : null,
          "aggregationKind" : "NONE"
        }, {
          "id" : "_hIKuZ6GAqACCx.O",
          "name" : null,
          "description" : null,
          "type" : "Property",
          "propertyAssignments" : null,
          "stereotype" : null,
          "isDerived" : false,
          "isReadOnly" : false,
          "isOrdered" : false,
          "cardinality" : "0..*",
          "propertyType" : {
            "id" : "A6mcuZ6GAqACCxqn",
            "type" : "Class"
          },
          "subsettedProperties" : null,
          "redefinedProperties" : null,
          "aggregationKind" : "NONE"
        } ]
      }, {
        "id" : "GPSKuZ6GAqACCx.n",
        "name" : "participates to events of type",
        "description" : null,
        "type" : "Relation",
        "propertyAssignments" : null,
        "stereotype" : null,
        "isAbstract" : false,
        "isDerived" : false,
        "properties" : [ {
          "id" : "GPSKuZ6GAqACCx.o",
          "name" : null,
          "description" : null,
          "type" : "Property",
          "propertyAssignments" : null,
          "stereotype" : null,
          "isDerived" : false,
          "isReadOnly" : false,
          "isOrdered" : false,
          "cardinality" : "1",
          "propertyType" : {
            "id" : "_gXsuZ6GAqACCxoq",
            "type" : "Class"
          },
          "subsettedProperties" : null,
          "redefinedProperties" : null,
          "aggregationKind" : "NONE"
        }, {
          "id" : "GPSKuZ6GAqACCx.q",
          "name" : null,
          "description" : null,
          "type" : "Property",
          "propertyAssignments" : null,
          "stereotype" : null,
          "isDerived" : false,
          "isReadOnly" : false,
          "isOrdered" : false,
          "cardinality" : "0..*",
          "propertyType" : {
            "id" : "4lecuZ6GAqACCxq4",
            "type" : "Class"
          },
          "subsettedProperties" : null,
          "redefinedProperties" : null,
          "aggregationKind" : "NONE"
        } ]
      }, {
        "id" : "I3ZKuZ6GAqACCx_l",
        "name" : "requires",
        "description" : null,
        "type" : "Relation",
        "propertyAssignments" : null,
        "stereotype" : null,
        "isAbstract" : false,
        "isDerived" : false,
        "properties" : [ {
          "id" : "I3ZKuZ6GAqACCx_m",
          "name" : null,
          "description" : null,
          "type" : "Property",
          "propertyAssignments" : null,
          "stereotype" : null,
          "isDerived" : false,
          "isReadOnly" : false,
          "isOrdered" : false,
          "cardinality" : "1..*",
          "propertyType" : {
            "id" : "6mFcuZ6GAqACCxrj",
            "type" : "Class"
          },
          "subsettedProperties" : null,
          "redefinedProperties" : null,
          "aggregationKind" : "NONE"
        }, {
          "id" : "I3ZKuZ6GAqACCx_o",
          "name" : "",
          "description" : null,
          "type" : "Property",
          "propertyAssignments" : null,
          "stereotype" : null,
          "isDerived" : false,
          "isReadOnly" : false,
          "isOrdered" : false,
          "cardinality" : "1..*",
          "propertyType" : {
            "id" : "A6mcuZ6GAqACCxqn",
            "type" : "Class"
          },
          "subsettedProperties" : null,
          "redefinedProperties" : null,
          "aggregationKind" : "NONE"
        } ]
      }, {
        "id" : "1elKuZ6GAqACCx_1",
        "name" : "requires",
        "description" : null,
        "type" : "Relation",
        "propertyAssignments" : null,
        "stereotype" : null,
        "isAbstract" : false,
        "isDerived" : false,
        "properties" : [ {
          "id" : "1elKuZ6GAqACCx_2",
          "name" : "",
          "description" : null,
          "type" : "Property",
          "propertyAssignments" : null,
          "stereotype" : null,
          "isDerived" : false,
          "isReadOnly" : false,
          "isOrdered" : false,
          "cardinality" : "1..*",
          "propertyType" : {
            "id" : "6mFcuZ6GAqACCxrj",
            "type" : "Class"
          },
          "subsettedProperties" : null,
          "redefinedProperties" : null,
          "aggregationKind" : "NONE"
        }, {
          "id" : "NelKuZ6GAqACCx_4",
          "name" : "",
          "description" : null,
          "type" : "Property",
          "propertyAssignments" : null,
          "stereotype" : null,
          "isDerived" : false,
          "isReadOnly" : false,
          "isOrdered" : false,
          "cardinality" : "1..*",
          "propertyType" : {
            "id" : "4lecuZ6GAqACCxq4",
            "type" : "Class"
          },
          "subsettedProperties" : null,
          "redefinedProperties" : null,
          "aggregationKind" : "NONE"
        } ]
      }, {
        "id" : "v32quZ6GAqACCyDa",
        "name" : "towards",
        "description" : null,
        "type" : "Relation",
        "propertyAssignments" : null,
        "stereotype" : null,
        "isAbstract" : false,
        "isDerived" : false,
        "properties" : [ {
          "id" : "v32quZ6GAqACCyDb",
          "name" : null,
          "description" : null,
          "type" : "Property",
          "propertyAssignments" : null,
          "stereotype" : null,
          "isDerived" : false,
          "isReadOnly" : false,
          "isOrdered" : false,
          "cardinality" : "1..*",
          "propertyType" : {
            "id" : "iaBsuZ6GAqACCxnH",
            "type" : "Class"
          },
          "subsettedProperties" : null,
          "redefinedProperties" : null,
          "aggregationKind" : "NONE"
        }, {
          "id" : "v32quZ6GAqACCyDd",
          "name" : null,
          "description" : null,
          "type" : "Property",
          "propertyAssignments" : null,
          "stereotype" : null,
          "isDerived" : false,
          "isReadOnly" : false,
          "isOrdered" : false,
          "cardinality" : "0..1",
          "propertyType" : {
            "id" : "6mFcuZ6GAqACCxrj",
            "type" : "Class"
          },
          "subsettedProperties" : null,
          "redefinedProperties" : null,
          "aggregationKind" : "NONE"
        } ]
      }, {
        "id" : "GktZuZ6GAqACCxQY",
        "name" : "involves provider",
        "description" : null,
        "type" : "Relation",
        "propertyAssignments" : null,
        "stereotype" : "mediation",
        "isAbstract" : false,
        "isDerived" : false,
        "properties" : [ {
          "id" : "GktZuZ6GAqACCxQZ",
          "name" : null,
          "description" : null,
          "type" : "Property",
          "propertyAssignments" : null,
          "stereotype" : null,
          "isDerived" : false,
          "isReadOnly" : false,
          "isOrdered" : false,
          "cardinality" : "0..1",
          "propertyType" : {
            "id" : "QJl6uZ6GAqACCyHh",
            "type" : "Class"
          },
          "subsettedProperties" : null,
          "redefinedProperties" : null,
          "aggregationKind" : "NONE"
        }, {
          "id" : "GktZuZ6GAqACCxQb",
          "name" : null,
          "description" : null,
          "type" : "Property",
          "propertyAssignments" : null,
          "stereotype" : null,
          "isDerived" : false,
          "isReadOnly" : true,
          "isOrdered" : false,
          "cardinality" : "1",
          "propertyType" : {
            "id" : "xtdsuZ6GAqACCxn6",
            "type" : "Class"
          },
          "subsettedProperties" : null,
          "redefinedProperties" : null,
          "aggregationKind" : "NONE"
        } ]
      }, {
        "id" : "QF9ZuZ6GAqACCxQi",
        "name" : "involves customer",
        "description" : null,
        "type" : "Relation",
        "propertyAssignments" : null,
        "stereotype" : "mediation",
        "isAbstract" : false,
        "isDerived" : false,
        "properties" : [ {
          "id" : "QF9ZuZ6GAqACCxQj",
          "name" : null,
          "description" : null,
          "type" : "Property",
          "propertyAssignments" : null,
          "stereotype" : null,
          "isDerived" : false,
          "isReadOnly" : false,
          "isOrdered" : false,
          "cardinality" : "0..*",
          "propertyType" : {
            "id" : "QJl6uZ6GAqACCyHh",
            "type" : "Class"
          },
          "subsettedProperties" : null,
          "redefinedProperties" : null,
          "aggregationKind" : "NONE"
        }, {
          "id" : "QF9ZuZ6GAqACCxQl",
          "name" : null,
          "description" : null,
          "type" : "Property",
          "propertyAssignments" : null,
          "stereotype" : null,
          "isDerived" : false,
          "isReadOnly" : true,
          "isOrdered" : false,
          "cardinality" : "1",
          "propertyType" : {
            "id" : "_gXsuZ6GAqACCxoq",
            "type" : "Class"
          },
          "subsettedProperties" : null,
          "redefinedProperties" : null,
          "aggregationKind" : "NONE"
        } ]
      }, {
        "id" : "PsY5uZ6GAqACCxTZ",
        "name" : "conforms to",
        "description" : null,
        "type" : "Relation",
        "propertyAssignments" : null,
        "stereotype" : "historicalDependence",
        "isAbstract" : false,
        "isDerived" : false,
        "properties" : [ {
          "id" : "PsY5uZ6GAqACCxTa",
          "name" : null,
          "description" : null,
          "type" : "Property",
          "propertyAssignments" : null,
          "stereotype" : null,
          "isDerived" : false,
          "isReadOnly" : false,
          "isOrdered" : false,
          "cardinality" : "0..*",
          "propertyType" : {
            "id" : "QJl6uZ6GAqACCyHh",
            "type" : "Class"
          },
          "subsettedProperties" : null,
          "redefinedProperties" : null,
          "aggregationKind" : "NONE"
        }, {
          "id" : "vsY5uZ6GAqACCxTc",
          "name" : null,
          "description" : null,
          "type" : "Property",
          "propertyAssignments" : null,
          "stereotype" : null,
          "isDerived" : false,
          "isReadOnly" : true,
          "isOrdered" : false,
          "cardinality" : "1",
          "propertyType" : {
            "id" : "jYmsuZ6GAqACCxmd",
            "type" : "Class"
          },
          "subsettedProperties" : null,
          "redefinedProperties" : null,
          "aggregationKind" : "NONE"
        } ]
      }, {
        "id" : "MgK5uZ6GAqACCxUO",
        "name" : "inheres in",
        "description" : null,
        "type" : "Relation",
        "propertyAssignments" : null,
        "stereotype" : "characterization",
        "isAbstract" : false,
        "isDerived" : false,
        "properties" : [ {
          "id" : "MgK5uZ6GAqACCxUP",
          "name" : null,
          "description" : null,
          "type" : "Property",
          "propertyAssignments" : null,
          "stereotype" : null,
          "isDerived" : false,
          "isReadOnly" : false,
          "isOrdered" : false,
          "cardinality" : "0..*",
          "propertyType" : {
            "id" : "mE6puZ6GAqACCxC2",
            "type" : "Class"
          },
          "subsettedProperties" : null,
          "redefinedProperties" : null,
          "aggregationKind" : "NONE"
        }, {
          "id" : "MgK5uZ6GAqACCxUR",
          "name" : null,
          "description" : null,
          "type" : "Property",
          "propertyAssignments" : null,
          "stereotype" : null,
          "isDerived" : false,
          "isReadOnly" : true,
          "isOrdered" : false,
          "cardinality" : "1",
          "propertyType" : {
            "id" : "xtdsuZ6GAqACCxn6",
            "type" : "Class"
          },
          "subsettedProperties" : null,
          "redefinedProperties" : null,
          "aggregationKind" : "NONE"
        } ]
      }, {
        "id" : "a5q5uZ6GAqACCxUY",
        "name" : "inheres in",
        "description" : null,
        "type" : "Relation",
        "propertyAssignments" : null,
        "stereotype" : "characterization",
        "isAbstract" : false,
        "isDerived" : false,
        "properties" : [ {
          "id" : "a5q5uZ6GAqACCxUZ",
          "name" : null,
          "description" : null,
          "type" : "Property",
          "propertyAssignments" : null,
          "stereotype" : null,
          "isDerived" : false,
          "isReadOnly" : false,
          "isOrdered" : false,
          "cardinality" : "0..*",
          "propertyType" : {
            "id" : "tKupuZ6GAqACCxDO",
            "type" : "Class"
          },
          "subsettedProperties" : null,
          "redefinedProperties" : null,
          "aggregationKind" : "NONE"
        }, {
          "id" : "a5q5uZ6GAqACCxUb",
          "name" : null,
          "description" : null,
          "type" : "Property",
          "propertyAssignments" : null,
          "stereotype" : null,
          "isDerived" : false,
          "isReadOnly" : true,
          "isOrdered" : false,
          "cardinality" : "1",
          "propertyType" : {
            "id" : "_gXsuZ6GAqACCxoq",
            "type" : "Class"
          },
          "subsettedProperties" : null,
          "redefinedProperties" : null,
          "aggregationKind" : "NONE"
        } ]
      }, {
        "id" : "MPp5uZ6GAqACCxVY",
        "name" : null,
        "description" : null,
        "type" : "Relation",
        "propertyAssignments" : null,
        "stereotype" : "componentOf",
        "isAbstract" : false,
        "isDerived" : false,
        "properties" : [ {
          "id" : "MPp5uZ6GAqACCxVZ",
          "name" : null,
          "description" : null,
          "type" : "Property",
          "propertyAssignments" : null,
          "stereotype" : null,
          "isDerived" : false,
          "isReadOnly" : false,
          "isOrdered" : false,
          "cardinality" : "1..*",
          "propertyType" : {
            "id" : "mE6puZ6GAqACCxC2",
            "type" : "Class"
          },
          "subsettedProperties" : null,
          "redefinedProperties" : null,
          "aggregationKind" : "NONE"
        }, {
          "id" : "MPp5uZ6GAqACCxVb",
          "name" : null,
          "description" : null,
          "type" : "Property",
          "propertyAssignments" : null,
          "stereotype" : null,
          "isDerived" : false,
          "isReadOnly" : false,
          "isOrdered" : false,
          "cardinality" : "1",
          "propertyType" : {
            "id" : "QJl6uZ6GAqACCyHh",
            "type" : "Class"
          },
          "subsettedProperties" : null,
          "redefinedProperties" : null,
          "aggregationKind" : "COMPOSITE"
        } ]
      }, {
        "id" : "b1Z5uZ6GAqACCxVg",
        "name" : null,
        "description" : null,
        "type" : "Relation",
        "propertyAssignments" : null,
        "stereotype" : "componentOf",
        "isAbstract" : false,
        "isDerived" : false,
        "properties" : [ {
          "id" : "b1Z5uZ6GAqACCxVh",
          "name" : null,
          "description" : null,
          "type" : "Property",
          "propertyAssignments" : null,
          "stereotype" : null,
          "isDerived" : false,
          "isReadOnly" : false,
          "isOrdered" : false,
          "cardinality" : "1..*",
          "propertyType" : {
            "id" : "tKupuZ6GAqACCxDO",
            "type" : "Class"
          },
          "subsettedProperties" : null,
          "redefinedProperties" : null,
          "aggregationKind" : "NONE"
        }, {
          "id" : "b1Z5uZ6GAqACCxVj",
          "name" : null,
          "description" : null,
          "type" : "Property",
          "propertyAssignments" : null,
          "stereotype" : null,
          "isDerived" : false,
          "isReadOnly" : false,
          "isOrdered" : false,
          "cardinality" : "1",
          "propertyType" : {
            "id" : "QJl6uZ6GAqACCyHh",
            "type" : "Class"
          },
          "subsettedProperties" : null,
          "redefinedProperties" : null,
          "aggregationKind" : "COMPOSITE"
        } ]
      }, {
        "id" : "4QL5uZ6GAqACCxWK",
        "name" : "ext dep of",
        "description" : null,
        "type" : "Relation",
        "propertyAssignments" : null,
        "stereotype" : "externalDependence",
        "isAbstract" : false,
        "isDerived" : false,
        "properties" : [ {
          "id" : "4QL5uZ6GAqACCxWL",
          "name" : null,
          "description" : null,
          "type" : "Property",
          "propertyAssignments" : null,
          "stereotype" : null,
          "isDerived" : false,
          "isReadOnly" : false,
          "isOrdered" : false,
          "cardinality" : "0..*",
          "propertyType" : {
            "id" : "mE6puZ6GAqACCxC2",
            "type" : "Class"
          },
          "subsettedProperties" : null,
          "redefinedProperties" : null,
          "aggregationKind" : "NONE"
        }, {
          "id" : "4QL5uZ6GAqACCxWN",
          "name" : null,
          "description" : null,
          "type" : "Property",
          "propertyAssignments" : null,
          "stereotype" : null,
          "isDerived" : false,
          "isReadOnly" : true,
          "isOrdered" : false,
          "cardinality" : "1",
          "propertyType" : {
            "id" : "_gXsuZ6GAqACCxoq",
            "type" : "Class"
          },
          "subsettedProperties" : null,
          "redefinedProperties" : null,
          "aggregationKind" : "NONE"
        } ]
      }, {
        "id" : "MXRFuZ6GAqACCxZU",
        "name" : "ext dep of",
        "description" : null,
        "type" : "Relation",
        "propertyAssignments" : null,
        "stereotype" : "externalDependence",
        "isAbstract" : false,
        "isDerived" : false,
        "properties" : [ {
          "id" : "MXRFuZ6GAqACCxZV",
          "name" : null,
          "description" : null,
          "type" : "Property",
          "propertyAssignments" : null,
          "stereotype" : null,
          "isDerived" : false,
          "isReadOnly" : false,
          "isOrdered" : false,
          "cardinality" : "0..*",
          "propertyType" : {
            "id" : "tKupuZ6GAqACCxDO",
            "type" : "Class"
          },
          "subsettedProperties" : null,
          "redefinedProperties" : null,
          "aggregationKind" : "NONE"
        }, {
          "id" : "MXRFuZ6GAqACCxZX",
          "name" : null,
          "description" : null,
          "type" : "Property",
          "propertyAssignments" : null,
          "stereotype" : null,
          "isDerived" : false,
          "isReadOnly" : true,
          "isOrdered" : false,
          "cardinality" : "1",
          "propertyType" : {
            "id" : "xtdsuZ6GAqACCxn6",
            "type" : "Class"
          },
          "subsettedProperties" : null,
          "redefinedProperties" : null,
          "aggregationKind" : "NONE"
        } ]
      }, {
        "id" : "LEEluZ6GAqACCxaf",
        "name" : "refers to",
        "description" : null,
        "type" : "Relation",
        "propertyAssignments" : null,
        "stereotype" : "externalDependence",
        "isAbstract" : false,
        "isDerived" : false,
        "properties" : [ {
          "id" : "LEEluZ6GAqACCxag",
          "name" : null,
          "description" : null,
          "type" : "Property",
          "propertyAssignments" : null,
          "stereotype" : null,
          "isDerived" : false,
          "isReadOnly" : false,
          "isOrdered" : false,
          "cardinality" : "0..*",
          "propertyType" : {
            "id" : "mE6puZ6GAqACCxC2",
            "type" : "Class"
          },
          "subsettedProperties" : null,
          "redefinedProperties" : null,
          "aggregationKind" : "NONE"
        }, {
          "id" : "LEEluZ6GAqACCxai",
          "name" : null,
          "description" : null,
          "type" : "Property",
          "propertyAssignments" : null,
          "stereotype" : null,
          "isDerived" : false,
          "isReadOnly" : true,
          "isOrdered" : false,
          "cardinality" : "1..*",
          "propertyType" : {
            "id" : "A6mcuZ6GAqACCxqn",
            "type" : "Class"
          },
          "subsettedProperties" : null,
          "redefinedProperties" : null,
          "aggregationKind" : "NONE"
        } ]
      }, {
        "id" : "VvkluZ6GAqACCxap",
        "name" : "refers to",
        "description" : null,
        "type" : "Relation",
        "propertyAssignments" : null,
        "stereotype" : "externalDependence",
        "isAbstract" : false,
        "isDerived" : false,
        "properties" : [ {
          "id" : "VvkluZ6GAqACCxaq",
          "name" : null,
          "description" : null,
          "type" : "Property",
          "propertyAssignments" : null,
          "stereotype" : null,
          "isDerived" : false,
          "isReadOnly" : false,
          "isOrdered" : false,
          "cardinality" : "0..*",
          "propertyType" : {
            "id" : "tKupuZ6GAqACCxDO",
            "type" : "Class"
          },
          "subsettedProperties" : null,
          "redefinedProperties" : null,
          "aggregationKind" : "NONE"
        }, {
          "id" : "VvkluZ6GAqACCxas",
          "name" : null,
          "description" : null,
          "type" : "Property",
          "propertyAssignments" : null,
          "stereotype" : null,
          "isDerived" : false,
          "isReadOnly" : true,
          "isOrdered" : false,
          "cardinality" : "1..*",
          "propertyType" : {
            "id" : "4lecuZ6GAqACCxq4",
            "type" : "Class"
          },
          "subsettedProperties" : null,
          "redefinedProperties" : null,
          "aggregationKind" : "NONE"
        } ]
      }, {
        "id" : "AFlluZ6GAqACCxcW",
        "name" : null,
        "description" : null,
        "type" : "Relation",
        "propertyAssignments" : null,
        "stereotype" : "instantiation",
        "isAbstract" : false,
        "isDerived" : false,
        "properties" : [ {
          "id" : "AFlluZ6GAqACCxcX",
          "name" : null,
          "description" : null,
          "type" : "Property",
          "propertyAssignments" : null,
          "stereotype" : null,
          "isDerived" : false,
          "isReadOnly" : false,
          "isOrdered" : false,
          "cardinality" : "0..*",
          "propertyType" : {
            "id" : "cl8ZuZ6GAqACCxNV",
            "type" : "Class"
          },
          "subsettedProperties" : null,
          "redefinedProperties" : null,
          "aggregationKind" : "NONE"
        }, {
          "id" : "AFlluZ6GAqACCxcZ",
          "name" : null,
          "description" : null,
          "type" : "Property",
          "propertyAssignments" : null,
          "stereotype" : null,
          "isDerived" : false,
          "isReadOnly" : false,
          "isOrdered" : false,
          "cardinality" : "1..*",
          "propertyType" : {
            "id" : "A6mcuZ6GAqACCxqn",
            "type" : "Class"
          },
          "subsettedProperties" : null,
          "redefinedProperties" : null,
          "aggregationKind" : "NONE"
        } ]
      }, {
        "id" : "fIDluZ6GAqACCxdD",
        "name" : null,
        "description" : null,
        "type" : "Relation",
        "propertyAssignments" : null,
        "stereotype" : "instantiation",
        "isAbstract" : false,
        "isDerived" : false,
        "properties" : [ {
          "id" : "fIDluZ6GAqACCxdE",
          "name" : null,
          "description" : null,
          "type" : "Property",
          "propertyAssignments" : null,
          "stereotype" : null,
          "isDerived" : false,
          "isReadOnly" : false,
          "isOrdered" : false,
          "cardinality" : "1..*",
          "propertyType" : {
            "id" : "4lecuZ6GAqACCxq4",
            "type" : "Class"
          },
          "subsettedProperties" : null,
          "redefinedProperties" : null,
          "aggregationKind" : "NONE"
        }, {
          "id" : "_IDluZ6GAqACCxdG",
          "name" : null,
          "description" : null,
          "type" : "Property",
          "propertyAssignments" : null,
          "stereotype" : null,
          "isDerived" : false,
          "isReadOnly" : false,
          "isOrdered" : false,
          "cardinality" : "0..*",
          "propertyType" : {
            "id" : "XMaZuZ6GAqACCxPI",
            "type" : "Class"
          },
          "subsettedProperties" : null,
          "redefinedProperties" : null,
          "aggregationKind" : "NONE"
        } ]
      }, {
        "id" : "_I7luZ6GAqACCxd2",
        "name" : "participates",
        "description" : null,
        "type" : "Relation",
        "propertyAssignments" : null,
        "stereotype" : "participation",
        "isAbstract" : false,
        "isDerived" : false,
        "properties" : [ {
          "id" : "_I7luZ6GAqACCxd3",
          "name" : null,
          "description" : null,
          "type" : "Property",
          "propertyAssignments" : null,
          "stereotype" : null,
          "isDerived" : false,
          "isReadOnly" : true,
          "isOrdered" : false,
          "cardinality" : "1",
          "propertyType" : {
            "id" : "xtdsuZ6GAqACCxn6",
            "type" : "Class"
          },
          "subsettedProperties" : null,
          "redefinedProperties" : null,
          "aggregationKind" : "NONE"
        }, {
          "id" : "_I7luZ6GAqACCxd5",
          "name" : null,
          "description" : null,
          "type" : "Property",
          "propertyAssignments" : null,
          "stereotype" : null,
          "isDerived" : false,
          "isReadOnly" : false,
          "isOrdered" : false,
          "cardinality" : "0..*",
          "propertyType" : {
            "id" : "cl8ZuZ6GAqACCxNV",
            "type" : "Class"
          },
          "subsettedProperties" : null,
          "redefinedProperties" : null,
          "aggregationKind" : "NONE"
        } ]
      }, {
        "id" : "qRnluZ6GAqACCxeE",
        "name" : "participates",
        "description" : null,
        "type" : "Relation",
        "propertyAssignments" : null,
        "stereotype" : "participation",
        "isAbstract" : false,
        "isDerived" : false,
        "properties" : [ {
          "id" : "qRnluZ6GAqACCxeF",
          "name" : null,
          "description" : null,
          "type" : "Property",
          "propertyAssignments" : null,
          "stereotype" : null,
          "isDerived" : false,
          "isReadOnly" : true,
          "isOrdered" : false,
          "cardinality" : "1",
          "propertyType" : {
            "id" : "_gXsuZ6GAqACCxoq",
            "type" : "Class"
          },
          "subsettedProperties" : null,
          "redefinedProperties" : null,
          "aggregationKind" : "NONE"
        }, {
          "id" : "qRnluZ6GAqACCxeH",
          "name" : null,
          "description" : null,
          "type" : "Property",
          "propertyAssignments" : null,
          "stereotype" : null,
          "isDerived" : false,
          "isReadOnly" : false,
          "isOrdered" : false,
          "cardinality" : "0..*",
          "propertyType" : {
            "id" : "XMaZuZ6GAqACCxPI",
            "type" : "Class"
          },
          "subsettedProperties" : null,
          "redefinedProperties" : null,
          "aggregationKind" : "NONE"
        } ]
      }, {
        "id" : "FgaVuZ6GAqACCxgM",
        "name" : null,
        "description" : null,
        "type" : "Relation",
        "propertyAssignments" : null,
        "stereotype" : null,
        "isAbstract" : false,
        "isDerived" : false,
        "properties" : [ {
          "id" : "FgaVuZ6GAqACCxgN",
          "name" : null,
          "description" : null,
          "type" : "Property",
          "propertyAssignments" : null,
          "stereotype" : null,
          "isDerived" : false,
          "isReadOnly" : false,
          "isOrdered" : false,
          "cardinality" : "1",
          "propertyType" : {
            "id" : "cl8ZuZ6GAqACCxNV",
            "type" : "Class"
          },
          "subsettedProperties" : null,
          "redefinedProperties" : null,
          "aggregationKind" : "NONE"
        }, {
          "id" : "FgaVuZ6GAqACCxgP",
          "name" : null,
          "description" : null,
          "type" : "Property",
          "propertyAssignments" : null,
          "stereotype" : null,
          "isDerived" : false,
          "isReadOnly" : false,
          "isOrdered" : false,
          "cardinality" : "1",
          "propertyType" : {
            "id" : "LZAZuZ6GAqACCxML",
            "type" : "Class"
          },
          "subsettedProperties" : null,
          "redefinedProperties" : null,
          "aggregationKind" : "COMPOSITE"
        } ]
      }, {
        "id" : "8vWVuZ6GAqACCxgs",
        "name" : null,
        "description" : null,
        "type" : "Relation",
        "propertyAssignments" : null,
        "stereotype" : null,
        "isAbstract" : false,
        "isDerived" : false,
        "properties" : [ {
          "id" : "8vWVuZ6GAqACCxgt",
          "name" : null,
          "description" : null,
          "type" : "Property",
          "propertyAssignments" : null,
          "stereotype" : null,
          "isDerived" : false,
          "isReadOnly" : false,
          "isOrdered" : false,
          "cardinality" : "1",
          "propertyType" : {
            "id" : "XMaZuZ6GAqACCxPI",
            "type" : "Class"
          },
          "subsettedProperties" : null,
          "redefinedProperties" : null,
          "aggregationKind" : "NONE"
        }, {
          "id" : "8vWVuZ6GAqACCxgv",
          "name" : null,
          "description" : null,
          "type" : "Property",
          "propertyAssignments" : null,
          "stereotype" : null,
          "isDerived" : false,
          "isReadOnly" : false,
          "isOrdered" : false,
          "cardinality" : "1",
          "propertyType" : {
            "id" : "LZAZuZ6GAqACCxML",
            "type" : "Class"
          },
          "subsettedProperties" : null,
          "redefinedProperties" : null,
          "aggregationKind" : "COMPOSITE"
        } ]
      } ]
    } ]
  },
  "diagrams" : [ {
    "id" : "Oe44uZ6GAqACCxOh",
    "name" : "?Economic Offering",
    "description" : null,
    "type" : "Diagram",
    "owner" : {
      "id" : "Qo4YuZ6GAqACCwmb",
      "type" : "Package"
    },
    "contents" : [ {
      "id" : "A2nCuZ6GAqACCxzw",
      "type" : "RelationView",
      "modelElement" : {
        "id" : "nWnCuZ6GAqACCxzr",
        "type" : "Relation"
      },
      "shape" : {
        "id" : "A2nCuZ6GAqACCxzw_path",
        "type" : "Path",
        "points" : [ {
          "x" : 600,
          "y" : 288
        }, {
          "x" : 834,
          "y" : 288
        } ]
      },
      "source" : {
        "id" : "jYmsuZ6GAqACCxmc",
        "type" : "ClassView"
      },
      "target" : {
        "id" : "_gXsuZ6GAqACCxop",
        "type" : "ClassView"
      }
    }, {
      "id" : "wnwiuZ6GAqACCx0X",
      "type" : "RelationView",
      "modelElement" : {
        "id" : "PHwiuZ6GAqACCx0S",
        "type" : "Relation"
      },
      "shape" : {
        "id" : "wnwiuZ6GAqACCx0X_path",
        "type" : "Path",
        "points" : [ {
          "x" : 507,
          "y" : 369
        }, {
          "x" : 507,
          "y" : 311
        } ]
      },
      "source" : {
        "id" : "bh0cuZ6GAqACCxpx",
        "type" : "ClassView"
      },
      "target" : {
        "id" : "jYmsuZ6GAqACCxmc",
        "type" : "ClassView"
      }
    }, {
      "id" : "cjqCuZ6GAqACCxxW",
      "type" : "RelationView",
      "modelElement" : {
        "id" : "ojqCuZ6GAqACCxxR",
        "type" : "Relation"
      },
      "shape" : {
        "id" : "cjqCuZ6GAqACCxxW_path",
        "type" : "Path",
        "points" : [ {
          "x" : 538,
          "y" : 206
        }, {
          "x" : 538,
          "y" : 269
        } ]
      },
      "source" : {
        "id" : "TvOsuZ6GAqACCxmt",
        "type" : "ClassView"
      },
      "target" : {
        "id" : "jYmsuZ6GAqACCxmc",
        "type" : "ClassView"
      }
    }, {
      "id" : "4lecuZ6GAqACCxq3",
      "type" : "ClassView",
      "modelElement" : {
        "id" : "4lecuZ6GAqACCxq4",
        "type" : "Class"
      },
      "shape" : {
        "id" : "4lecuZ6GAqACCxq3_shape",
        "type" : "Rectangle",
        "x" : 516,
        "y" : 508,
        "width" : 186,
        "height" : 40
      }
    }, {
      "id" : "Cn1iuZ6GAqACCx3V",
      "type" : "RelationView",
      "modelElement" : {
        "id" : "kn1iuZ6GAqACCx3Q",
        "type" : "Relation"
      },
      "shape" : {
        "id" : "Cn1iuZ6GAqACCx3V_path",
        "type" : "Path",
        "points" : [ {
          "x" : 672,
          "y" : 390
        }, {
          "x" : 862,
          "y" : 390
        }, {
          "x" : 862,
          "y" : 311
        } ]
      },
      "source" : {
        "id" : "aWccuZ6GAqACCxp8",
        "type" : "ClassView"
      },
      "target" : {
        "id" : "_gXsuZ6GAqACCxop",
        "type" : "ClassView"
      }
    }, {
      "id" : "jelKuZ6GAqACCx_6",
      "type" : "RelationView",
      "modelElement" : {
        "id" : "1elKuZ6GAqACCx_1",
        "type" : "Relation"
      },
      "shape" : {
        "id" : "jelKuZ6GAqACCx_6_path",
        "type" : "Path",
        "points" : [ {
          "x" : 539,
          "y" : 603
        }, {
          "x" : 609,
          "y" : 603
        }, {
          "x" : 609,
          "y" : 549
        } ]
      },
      "source" : {
        "id" : "amFcuZ6GAqACCxri",
        "type" : "ClassView"
      },
      "target" : {
        "id" : "4lecuZ6GAqACCxq3",
        "type" : "ClassView"
      }
    }, {
      "id" : "ePSKuZ6GAqACCx.s",
      "type" : "RelationView",
      "modelElement" : {
        "id" : "GPSKuZ6GAqACCx.n",
        "type" : "Relation"
      },
      "shape" : {
        "id" : "ePSKuZ6GAqACCx.s_path",
        "type" : "Path",
        "points" : [ {
          "x" : 931,
          "y" : 290
        }, {
          "x" : 965,
          "y" : 290
        }, {
          "x" : 965,
          "y" : 528
        }, {
          "x" : 703,
          "y" : 528
        } ]
      },
      "source" : {
        "id" : "_gXsuZ6GAqACCxop",
        "type" : "ClassView"
      },
      "target" : {
        "id" : "4lecuZ6GAqACCxq3",
        "type" : "ClassView"
      }
    }, {
      "id" : "RtdsuZ6GAqACCxn5",
      "type" : "ClassView",
      "modelElement" : {
        "id" : "xtdsuZ6GAqACCxn6",
        "type" : "Class"
      },
      "shape" : {
        "id" : "RtdsuZ6GAqACCxn5_shape",
        "type" : "Rectangle",
        "x" : 182,
        "y" : 270,
        "width" : 95,
        "height" : 40
      }
    }, {
      "id" : "A6mcuZ6GAqACCxqm",
      "type" : "ClassView",
      "modelElement" : {
        "id" : "A6mcuZ6GAqACCxqn",
        "type" : "Class"
      },
      "shape" : {
        "id" : "A6mcuZ6GAqACCxqm_shape",
        "type" : "Rectangle",
        "x" : 232,
        "y" : 514,
        "width" : 161,
        "height" : 40
      }
    }, {
      "id" : "eojsuZ6GAqACCxoE",
      "type" : "GeneralizationView",
      "modelElement" : {
        "id" : "mojsuZ6GAqACCxoD",
        "type" : "Generalization"
      },
      "shape" : {
        "id" : "eojsuZ6GAqACCxoE_path",
        "type" : "Path",
        "points" : [ {
          "x" : 862,
          "y" : 80
        }, {
          "x" : 862,
          "y" : 137
        }, {
          "x" : 204,
          "y" : 137
        }, {
          "x" : 204,
          "y" : 269
        } ]
      },
      "source" : {
        "id" : "4oJsuZ6GAqACCxnZ",
        "type" : "ClassView"
      },
      "target" : {
        "id" : "RtdsuZ6GAqACCxn5",
        "type" : "ClassView"
      }
    }, {
      "id" : "mlaiuZ6GAqACCx1_",
      "type" : "RelationView",
      "modelElement" : {
        "id" : "ylaiuZ6GAqACCx16",
        "type" : "Relation"
      },
      "shape" : {
        "id" : "mlaiuZ6GAqACCx1__path",
        "type" : "Path",
        "points" : [ {
          "x" : 385,
          "y" : 390
        }, {
          "x" : 229,
          "y" : 390
        }, {
          "x" : 229,
          "y" : 311
        } ]
      },
      "source" : {
        "id" : "bh0cuZ6GAqACCxpx",
        "type" : "ClassView"
      },
      "target" : {
        "id" : "RtdsuZ6GAqACCxn5",
        "type" : "ClassView"
      }
    }, {
      "id" : "TvOsuZ6GAqACCxmt",
      "type" : "ClassView",
      "modelElement" : {
        "id" : "TvOsuZ6GAqACCxmu",
        "type" : "Class"
      },
      "shape" : {
        "id" : "TvOsuZ6GAqACCxmt_shape",
        "type" : "Rectangle",
        "x" : 501,
        "y" : 165,
        "width" : 80,
        "height" : 40
      }
    }, {
      "id" : "4oJsuZ6GAqACCxnZ",
      "type" : "ClassView",
      "modelElement" : {
        "id" : "4oJsuZ6GAqACCxna",
        "type" : "Class"
      },
      "shape" : {
        "id" : "4oJsuZ6GAqACCxnZ_shape",
        "type" : "Rectangle",
        "x" : 812,
        "y" : 33,
        "width" : 91,
        "height" : 46
      }
    }, {
      "id" : "0YIcuZ6GAqACCxpW",
      "type" : "GeneralizationView",
      "modelElement" : {
        "id" : "oYIcuZ6GAqACCxpV",
        "type" : "Generalization"
      },
      "shape" : {
        "id" : "0YIcuZ6GAqACCxpW_path",
        "type" : "Path",
        "points" : [ {
          "x" : 862,
          "y" : 80
        }, {
          "x" : 862,
          "y" : 137
        }, {
          "x" : 909,
          "y" : 137
        }, {
          "x" : 909,
          "y" : 269
        } ]
      },
      "source" : {
        "id" : "4oJsuZ6GAqACCxnZ",
        "type" : "ClassView"
      },
      "target" : {
        "id" : "_gXsuZ6GAqACCxop",
        "type" : "ClassView"
      }
    }, {
      "id" : "tNqyuZ6GAqACCx7i",
      "type" : "RelationView",
      "modelElement" : {
        "id" : "pNqyuZ6GAqACCx7d",
        "type" : "Relation"
      },
      "shape" : {
        "id" : "tNqyuZ6GAqACCx7i_path",
        "type" : "Path",
        "points" : [ {
          "x" : 437,
          "y" : 411
        }, {
          "x" : 437,
          "y" : 534
        }, {
          "x" : 394,
          "y" : 534
        } ]
      },
      "source" : {
        "id" : "bh0cuZ6GAqACCxpx",
        "type" : "ClassView"
      },
      "target" : {
        "id" : "A6mcuZ6GAqACCxqm",
        "type" : "ClassView"
      }
    }, {
      "id" : "IP2quZ6GAqACCyDf",
      "type" : "RelationView",
      "modelElement" : {
        "id" : "v32quZ6GAqACCyDa",
        "type" : "Relation"
      },
      "shape" : {
        "id" : "IP2quZ6GAqACCyDf_path",
        "type" : "Path",
        "points" : [ {
          "x" : 500,
          "y" : 56
        }, {
          "x" : 45,
          "y" : 56
        }, {
          "x" : 45,
          "y" : 623
        }, {
          "x" : 384,
          "y" : 623
        } ]
      },
      "source" : {
        "id" : "iaBsuZ6GAqACCxnG",
        "type" : "ClassView"
      },
      "target" : {
        "id" : "amFcuZ6GAqACCxri",
        "type" : "ClassView"
      }
    }, {
      "id" : "SeX8uZ6GAqACCxvL",
      "type" : "RelationView",
      "modelElement" : {
        "id" : "EeX8uZ6GAqACCxvG",
        "type" : "Relation"
      },
      "shape" : {
        "id" : "SeX8uZ6GAqACCxvL_path",
        "type" : "Path",
        "points" : [ {
          "x" : 245,
          "y" : 269
        }, {
          "x" : 245,
          "y" : 179
        }, {
          "x" : 500,
          "y" : 179
        } ]
      },
      "source" : {
        "id" : "RtdsuZ6GAqACCxn5",
        "type" : "ClassView"
      },
      "target" : {
        "id" : "TvOsuZ6GAqACCxmt",
        "type" : "ClassView"
      }
    }, {
      "id" : "y2tCuZ6GAqACCxy_",
      "type" : "RelationView",
      "modelElement" : {
        "id" : "M2tCuZ6GAqACCxy6",
        "type" : "Relation"
      },
      "shape" : {
        "id" : "y2tCuZ6GAqACCxy__path",
        "type" : "Path",
        "points" : [ {
          "x" : 482,
          "y" : 285
        }, {
          "x" : 278,
          "y" : 285
        } ]
      },
      "source" : {
        "id" : "jYmsuZ6GAqACCxmc",
        "type" : "ClassView"
      },
      "target" : {
        "id" : "RtdsuZ6GAqACCxn5",
        "type" : "ClassView"
      }
    }, {
      "id" : "Cz4iuZ6GAqACCx0r",
      "type" : "RelationView",
      "modelElement" : {
        "id" : "Ez4iuZ6GAqACCx0m",
        "type" : "Relation"
      },
      "shape" : {
        "id" : "Cz4iuZ6GAqACCx0r_path",
        "type" : "Path",
        "points" : [ {
          "x" : 573,
          "y" : 369
        }, {
          "x" : 573,
          "y" : 311
        } ]
      },
      "source" : {
        "id" : "aWccuZ6GAqACCxp8",
        "type" : "ClassView"
      },
      "target" : {
        "id" : "jYmsuZ6GAqACCxmc",
        "type" : "ClassView"
      }
    }, {
      "id" : "amFcuZ6GAqACCxri",
      "type" : "ClassView",
      "modelElement" : {
        "id" : "6mFcuZ6GAqACCxrj",
        "type" : "Class"
      },
      "shape" : {
        "id" : "amFcuZ6GAqACCxri_shape",
        "type" : "Rectangle",
        "x" : 385,
        "y" : 592,
        "width" : 153,
        "height" : 40
      }
    }, {
      "id" : "p2oCuZ6GAqACCxv.",
      "type" : "RelationView",
      "modelElement" : {
        "id" : "e2oCuZ6GAqACCxv5",
        "type" : "Relation"
      },
      "shape" : {
        "id" : "p2oCuZ6GAqACCxv._path",
        "type" : "Path",
        "points" : [ {
          "x" : 862,
          "y" : 269
        }, {
          "x" : 862,
          "y" : 179
        }, {
          "x" : 582,
          "y" : 179
        } ]
      },
      "source" : {
        "id" : "_gXsuZ6GAqACCxop",
        "type" : "ClassView"
      },
      "target" : {
        "id" : "TvOsuZ6GAqACCxmt",
        "type" : "ClassView"
      }
    }, {
      "id" : "YRIKuZ6GAqACCx.Q",
      "type" : "RelationView",
      "modelElement" : {
        "id" : "_hIKuZ6GAqACCx.L",
        "type" : "Relation"
      },
      "shape" : {
        "id" : "YRIKuZ6GAqACCx.Q_path",
        "type" : "Path",
        "points" : [ {
          "x" : 181,
          "y" : 290
        }, {
          "x" : 149,
          "y" : 290
        }, {
          "x" : 149,
          "y" : 534
        }, {
          "x" : 231,
          "y" : 534
        } ]
      },
      "source" : {
        "id" : "RtdsuZ6GAqACCxn5",
        "type" : "ClassView"
      },
      "target" : {
        "id" : "A6mcuZ6GAqACCxqm",
        "type" : "ClassView"
      }
    }, {
      "id" : "dVTcuZ6GAqACCxsF",
      "type" : "RelationView",
      "modelElement" : {
        "id" : "5VTcuZ6GAqACCxsA",
        "type" : "Relation"
      },
      "shape" : {
        "id" : "dVTcuZ6GAqACCxsF_path",
        "type" : "Path",
        "points" : [ {
          "x" : 582,
          "y" : 56
        }, {
          "x" : 811,
          "y" : 56
        } ]
      },
      "source" : {
        "id" : "iaBsuZ6GAqACCxnG",
        "type" : "ClassView"
      },
      "target" : {
        "id" : "4oJsuZ6GAqACCxnZ",
        "type" : "ClassView"
      }
    }, {
      "id" : "iaBsuZ6GAqACCxnG",
      "type" : "ClassView",
      "modelElement" : {
        "id" : "iaBsuZ6GAqACCxnH",
        "type" : "Class"
      },
      "shape" : {
        "id" : "iaBsuZ6GAqACCxnG_shape",
        "type" : "Rectangle",
        "x" : 501,
        "y" : 36,
        "width" : 80,
        "height" : 40
      }
    }, {
      "id" : "bh0cuZ6GAqACCxpx",
      "type" : "ClassView",
      "modelElement" : {
        "id" : "bh0cuZ6GAqACCxpy",
        "type" : "Class"
      },
      "shape" : {
        "id" : "bh0cuZ6GAqACCxpx_shape",
        "type" : "Rectangle",
        "x" : 386,
        "y" : 370,
        "width" : 152,
        "height" : 40
      }
    }, {
      "id" : "rKNSuZ6GAqACCx5N",
      "type" : "RelationView",
      "modelElement" : {
        "id" : "NKNSuZ6GAqACCx5I",
        "type" : "Relation"
      },
      "shape" : {
        "id" : "rKNSuZ6GAqACCx5N_path",
        "type" : "Path",
        "points" : [ {
          "x" : 622,
          "y" : 411
        }, {
          "x" : 622,
          "y" : 465
        }, {
          "x" : 204,
          "y" : 465
        }, {
          "x" : 204,
          "y" : 311
        } ]
      },
      "source" : {
        "id" : "aWccuZ6GAqACCxp8",
        "type" : "ClassView"
      },
      "target" : {
        "id" : "RtdsuZ6GAqACCxn5",
        "type" : "ClassView"
      }
    }, {
      "id" : "ZVlyuZ6GAqACCx8k",
      "type" : "RelationView",
      "modelElement" : {
        "id" : ".VlyuZ6GAqACCx8f",
        "type" : "Relation"
      },
      "shape" : {
        "id" : "ZVlyuZ6GAqACCx8k_path",
        "type" : "Path",
        "points" : [ {
          "x" : 468,
          "y" : 411
        }, {
          "x" : 468,
          "y" : 534
        }, {
          "x" : 515,
          "y" : 534
        } ]
      },
      "source" : {
        "id" : "bh0cuZ6GAqACCxpx",
        "type" : "ClassView"
      },
      "target" : {
        "id" : "4lecuZ6GAqACCxq3",
        "type" : "ClassView"
      }
    }, {
      "id" : "03ZKuZ6GAqACCx_q",
      "type" : "RelationView",
      "modelElement" : {
        "id" : "I3ZKuZ6GAqACCx_l",
        "type" : "Relation"
      },
      "shape" : {
        "id" : "03ZKuZ6GAqACCx_q_path",
        "type" : "Path",
        "points" : [ {
          "x" : 384,
          "y" : 603
        }, {
          "x" : 296,
          "y" : 603
        }, {
          "x" : 296,
          "y" : 555
        } ]
      },
      "source" : {
        "id" : "amFcuZ6GAqACCxri",
        "type" : "ClassView"
      },
      "target" : {
        "id" : "A6mcuZ6GAqACCxqm",
        "type" : "ClassView"
      }
    }, {
      "id" : "_gXsuZ6GAqACCxop",
      "type" : "ClassView",
      "modelElement" : {
        "id" : "_gXsuZ6GAqACCxoq",
        "type" : "Class"
      },
      "shape" : {
        "id" : "_gXsuZ6GAqACCxop_shape",
        "type" : "Rectangle",
        "x" : 835,
        "y" : 270,
        "width" : 95,
        "height" : 40
      }
    }, {
      "id" : "jYmsuZ6GAqACCxmc",
      "type" : "ClassView",
      "modelElement" : {
        "id" : "jYmsuZ6GAqACCxmd",
        "type" : "Class"
      },
      "shape" : {
        "id" : "jYmsuZ6GAqACCxmc_shape",
        "type" : "Rectangle",
        "x" : 483,
        "y" : 270,
        "width" : 116,
        "height" : 40
      }
    }, {
      "id" : "cMPiuZ6GAqACCx38",
      "type" : "RelationView",
      "modelElement" : {
        "id" : "4MPiuZ6GAqACCx33",
        "type" : "Relation"
      },
      "shape" : {
        "id" : "cMPiuZ6GAqACCx38_path",
        "type" : "Path",
        "points" : [ {
          "x" : 515,
          "y" : 411
        }, {
          "x" : 515,
          "y" : 441
        }, {
          "x" : 909,
          "y" : 441
        }, {
          "x" : 909,
          "y" : 311
        } ]
      },
      "source" : {
        "id" : "bh0cuZ6GAqACCxpx",
        "type" : "ClassView"
      },
      "target" : {
        "id" : "_gXsuZ6GAqACCxop",
        "type" : "ClassView"
      }
    }, {
      "id" : "TZB8uZ6GAqACCxtd",
      "type" : "RelationView",
      "modelElement" : {
        "id" : "1ZB8uZ6GAqACCxtY",
        "type" : "Relation"
      },
      "shape" : {
        "id" : "TZB8uZ6GAqACCxtd_path",
        "type" : "Path",
        "points" : [ {
          "x" : 538,
          "y" : 164
        }, {
          "x" : 538,
          "y" : 77
        } ]
      },
      "source" : {
        "id" : "TvOsuZ6GAqACCxmt",
        "type" : "ClassView"
      },
      "target" : {
        "id" : "iaBsuZ6GAqACCxnG",
        "type" : "ClassView"
      }
    }, {
      "id" : "aWccuZ6GAqACCxp8",
      "type" : "ClassView",
      "modelElement" : {
        "id" : "aWccuZ6GAqACCxp9",
        "type" : "Class"
      },
      "shape" : {
        "id" : "aWccuZ6GAqACCxp8_shape",
        "type" : "Rectangle",
        "x" : 559,
        "y" : 370,
        "width" : 112,
        "height" : 40
      }
    } ]
  }, {
    "id" : "7h_auZ6GAqACCyFP",
    "name" : "Economic Exchange",
    "description" : null,
    "type" : "Diagram",
    "owner" : {
      "id" : "Qo4YuZ6GAqACCwmb",
      "type" : "Package"
    },
    "contents" : [ {
      "id" : "SgK5uZ6GAqACCxUT",
      "type" : "RelationView",
      "modelElement" : {
        "id" : "MgK5uZ6GAqACCxUO",
        "type" : "Relation"
      },
      "shape" : {
        "id" : "SgK5uZ6GAqACCxUT_path",
        "type" : "Path",
        "points" : [ {
          "x" : 383,
          "y" : 281
        }, {
          "x" : 238,
          "y" : 281
        }, {
          "x" : 238,
          "y" : 178
        } ]
      },
      "source" : {
        "id" : "6E6puZ6GAqACCxC1",
        "type" : "ClassView"
      },
      "target" : {
        "id" : "xc66uZ6GAqACCyF8",
        "type" : "ClassView"
      }
    }, {
      "id" : "LZAZuZ6GAqACCxMK",
      "type" : "ClassView",
      "modelElement" : {
        "id" : "LZAZuZ6GAqACCxML",
        "type" : "Class"
      },
      "shape" : {
        "id" : "LZAZuZ6GAqACCxMK_shape",
        "type" : "Rectangle",
        "x" : 530,
        "y" : 499,
        "width" : 122,
        "height" : 40
      }
    }, {
      "id" : "cl8ZuZ6GAqACCxNU",
      "type" : "ClassView",
      "modelElement" : {
        "id" : "cl8ZuZ6GAqACCxNV",
        "type" : "Class"
      },
      "shape" : {
        "id" : "cl8ZuZ6GAqACCxNU_shape",
        "type" : "Rectangle",
        "x" : 99,
        "y" : 417,
        "width" : 129,
        "height" : 40
      }
    }, {
      "id" : "XMaZuZ6GAqACCxPH",
      "type" : "ClassView",
      "modelElement" : {
        "id" : "XMaZuZ6GAqACCxPI",
        "type" : "Class"
      },
      "shape" : {
        "id" : "XMaZuZ6GAqACCxPH_shape",
        "type" : "Rectangle",
        "x" : 979,
        "y" : 417,
        "width" : 154,
        "height" : 40
      }
    }, {
      "id" : "WRnluZ6GAqACCxeJ",
      "type" : "RelationView",
      "modelElement" : {
        "id" : "qRnluZ6GAqACCxeE",
        "type" : "Relation"
      },
      "shape" : {
        "id" : "WRnluZ6GAqACCxeJ_path",
        "type" : "Path",
        "points" : [ {
          "x" : 1020,
          "y" : 160
        }, {
          "x" : 1056,
          "y" : 160
        }, {
          "x" : 1056,
          "y" : 416
        } ]
      },
      "source" : {
        "id" : "edG6uZ6GAqACCyGM",
        "type" : "ClassView"
      },
      "target" : {
        "id" : "XMaZuZ6GAqACCxPH",
        "type" : "ClassView"
      }
    }, {
      "id" : "xc66uZ6GAqACCyF8",
      "type" : "ClassView",
      "modelElement" : {
        "id" : "xtdsuZ6GAqACCxn6",
        "type" : "Class"
      },
      "shape" : {
        "id" : "xc66uZ6GAqACCyF8_shape",
        "type" : "Rectangle",
        "x" : 191,
        "y" : 137,
        "width" : 95,
        "height" : 40
      }
    }, {
      "id" : "DgaVuZ6GAqACCxgR",
      "type" : "RelationView",
      "modelElement" : {
        "id" : "FgaVuZ6GAqACCxgM",
        "type" : "Relation"
      },
      "shape" : {
        "id" : "DgaVuZ6GAqACCxgR_path",
        "type" : "Path",
        "points" : [ {
          "x" : 163,
          "y" : 458
        }, {
          "x" : 163,
          "y" : 519
        }, {
          "x" : 529,
          "y" : 519
        } ]
      },
      "source" : {
        "id" : "cl8ZuZ6GAqACCxNU",
        "type" : "ClassView"
      },
      "target" : {
        "id" : "LZAZuZ6GAqACCxMK",
        "type" : "ClassView"
      }
    }, {
      "id" : "XEEluZ6GAqACCxak",
      "type" : "RelationView",
      "modelElement" : {
        "id" : "LEEluZ6GAqACCxaf",
        "type" : "Relation"
      },
      "shape" : {
        "id" : "XEEluZ6GAqACCxak_path",
        "type" : "Path",
        "points" : [ {
          "x" : 473,
          "y" : 302
        }, {
          "x" : 473,
          "y" : 416
        } ]
      },
      "source" : {
        "id" : "6E6puZ6GAqACCxC1",
        "type" : "ClassView"
      },
      "target" : {
        "id" : "c7tpuZ6GAqACCxJH",
        "type" : "ClassView"
      }
    }, {
      "id" : "Yo7luZ6GAqACCxd7",
      "type" : "RelationView",
      "modelElement" : {
        "id" : "_I7luZ6GAqACCxd2",
        "type" : "Relation"
      },
      "shape" : {
        "id" : "Yo7luZ6GAqACCxd7_path",
        "type" : "Path",
        "points" : [ {
          "x" : 190,
          "y" : 157
        }, {
          "x" : 163,
          "y" : 157
        }, {
          "x" : 163,
          "y" : 416
        } ]
      },
      "source" : {
        "id" : "xc66uZ6GAqACCyF8",
        "type" : "ClassView"
      },
      "target" : {
        "id" : "cl8ZuZ6GAqACCxNU",
        "type" : "ClassView"
      }
    }, {
      "id" : "tKupuZ6GAqACCxDN",
      "type" : "ClassView",
      "modelElement" : {
        "id" : "tKupuZ6GAqACCxDO",
        "type" : "Class"
      },
      "shape" : {
        "id" : "tKupuZ6GAqACCxDN_shape",
        "type" : "Rectangle",
        "x" : 612,
        "y" : 261,
        "width" : 201,
        "height" : 40
      }
    }, {
      "id" : "ooDluZ6GAqACCxdI",
      "type" : "RelationView",
      "modelElement" : {
        "id" : "fIDluZ6GAqACCxdD",
        "type" : "Relation"
      },
      "shape" : {
        "id" : "ooDluZ6GAqACCxdI_path",
        "type" : "Path",
        "points" : [ {
          "x" : 799,
          "y" : 434
        }, {
          "x" : 978,
          "y" : 434
        } ]
      },
      "source" : {
        "id" : "nrnpuZ6GAqACCxLo",
        "type" : "ClassView"
      },
      "target" : {
        "id" : "XMaZuZ6GAqACCxPH",
        "type" : "ClassView"
      }
    }, {
      "id" : "c7tpuZ6GAqACCxJH",
      "type" : "ClassView",
      "modelElement" : {
        "id" : "A6mcuZ6GAqACCxqn",
        "type" : "Class"
      },
      "shape" : {
        "id" : "c7tpuZ6GAqACCxJH_shape",
        "type" : "Rectangle",
        "x" : 384,
        "y" : 417,
        "width" : 161,
        "height" : 40
      }
    }, {
      "id" : "DvkluZ6GAqACCxau",
      "type" : "RelationView",
      "modelElement" : {
        "id" : "VvkluZ6GAqACCxap",
        "type" : "Relation"
      },
      "shape" : {
        "id" : "DvkluZ6GAqACCxau_path",
        "type" : "Path",
        "points" : [ {
          "x" : 733,
          "y" : 302
        }, {
          "x" : 733,
          "y" : 416
        } ]
      },
      "source" : {
        "id" : "tKupuZ6GAqACCxDN",
        "type" : "ClassView"
      },
      "target" : {
        "id" : "nrnpuZ6GAqACCxLo",
        "type" : "ClassView"
      }
    }, {
      "id" : "SXRFuZ6GAqACCxZZ",
      "type" : "RelationView",
      "modelElement" : {
        "id" : "MXRFuZ6GAqACCxZU",
        "type" : "Relation"
      },
      "shape" : {
        "id" : "SXRFuZ6GAqACCxZZ_path",
        "type" : "Path",
        "points" : [ {
          "x" : 630,
          "y" : 302
        }, {
          "x" : 630,
          "y" : 361
        }, {
          "x" : 213,
          "y" : 361
        }, {
          "x" : 213,
          "y" : 178
        } ]
      },
      "source" : {
        "id" : "tKupuZ6GAqACCxDN",
        "type" : "ClassView"
      },
      "target" : {
        "id" : "xc66uZ6GAqACCyF8",
        "type" : "ClassView"
      }
    }, {
      "id" : "6E6puZ6GAqACCxC1",
      "type" : "ClassView",
      "modelElement" : {
        "id" : "mE6puZ6GAqACCxC2",
        "type" : "Class"
      },
      "shape" : {
        "id" : "6E6puZ6GAqACCxC1_shape",
        "type" : "Rectangle",
        "x" : 384,
        "y" : 261,
        "width" : 200,
        "height" : 40
      }
    }, {
      "id" : "gcY5uZ6GAqACCxTe",
      "type" : "RelationView",
      "modelElement" : {
        "id" : "PsY5uZ6GAqACCxTZ",
        "type" : "Relation"
      },
      "shape" : {
        "id" : "gcY5uZ6GAqACCxTe_path",
        "type" : "Path",
        "points" : [ {
          "x" : 590,
          "y" : 136
        }, {
          "x" : 590,
          "y" : 62
        } ]
      },
      "source" : {
        "id" : "gJl6uZ6GAqACCyHg",
        "type" : "ClassView"
      },
      "target" : {
        "id" : "P5K6uZ6GAqACCyFn",
        "type" : "ClassView"
      }
    }, {
      "id" : "KvWVuZ6GAqACCxgx",
      "type" : "RelationView",
      "modelElement" : {
        "id" : "8vWVuZ6GAqACCxgs",
        "type" : "Relation"
      },
      "shape" : {
        "id" : "KvWVuZ6GAqACCxgx_path",
        "type" : "Path",
        "points" : [ {
          "x" : 1056,
          "y" : 458
        }, {
          "x" : 1056,
          "y" : 519
        }, {
          "x" : 653,
          "y" : 519
        } ]
      },
      "source" : {
        "id" : "XMaZuZ6GAqACCxPH",
        "type" : "ClassView"
      },
      "target" : {
        "id" : "LZAZuZ6GAqACCxMK",
        "type" : "ClassView"
      }
    }, {
      "id" : "yPp5uZ6GAqACCxVd",
      "type" : "RelationView",
      "modelElement" : {
        "id" : "MPp5uZ6GAqACCxVY",
        "type" : "Relation"
      },
      "shape" : {
        "id" : "yPp5uZ6GAqACCxVd_path",
        "type" : "Path",
        "points" : [ {
          "x" : 555,
          "y" : 260
        }, {
          "x" : 555,
          "y" : 178
        } ]
      },
      "source" : {
        "id" : "6E6puZ6GAqACCxC1",
        "type" : "ClassView"
      },
      "target" : {
        "id" : "gJl6uZ6GAqACCyHg",
        "type" : "ClassView"
      }
    }, {
      "id" : ".5q5uZ6GAqACCxUd",
      "type" : "RelationView",
      "modelElement" : {
        "id" : "a5q5uZ6GAqACCxUY",
        "type" : "Relation"
      },
      "shape" : {
        "id" : ".5q5uZ6GAqACCxUd_path",
        "type" : "Path",
        "points" : [ {
          "x" : 814,
          "y" : 281
        }, {
          "x" : 965,
          "y" : 281
        }, {
          "x" : 965,
          "y" : 178
        } ]
      },
      "source" : {
        "id" : "tKupuZ6GAqACCxDN",
        "type" : "ClassView"
      },
      "target" : {
        "id" : "edG6uZ6GAqACCyGM",
        "type" : "ClassView"
      }
    }, {
      "id" : "YFlluZ6GAqACCxcb",
      "type" : "RelationView",
      "modelElement" : {
        "id" : "AFlluZ6GAqACCxcW",
        "type" : "Relation"
      },
      "shape" : {
        "id" : "YFlluZ6GAqACCxcb_path",
        "type" : "Path",
        "points" : [ {
          "x" : 229,
          "y" : 439
        }, {
          "x" : 383,
          "y" : 439
        } ]
      },
      "source" : {
        "id" : "cl8ZuZ6GAqACCxNU",
        "type" : "ClassView"
      },
      "target" : {
        "id" : "c7tpuZ6GAqACCxJH",
        "type" : "ClassView"
      }
    }, {
      "id" : "gJl6uZ6GAqACCyHg",
      "type" : "ClassView",
      "modelElement" : {
        "id" : "QJl6uZ6GAqACCyHh",
        "type" : "Class"
      },
      "shape" : {
        "id" : "gJl6uZ6GAqACCyHg_shape",
        "type" : "Rectangle",
        "x" : 526,
        "y" : 137,
        "width" : 130,
        "height" : 40
      }
    }, {
      "id" : "P5K6uZ6GAqACCyFn",
      "type" : "ClassView",
      "modelElement" : {
        "id" : "jYmsuZ6GAqACCxmd",
        "type" : "Class"
      },
      "shape" : {
        "id" : "P5K6uZ6GAqACCyFn_shape",
        "type" : "Rectangle",
        "x" : 533,
        "y" : 21,
        "width" : 116,
        "height" : 40
      }
    }, {
      "id" : "X1Z5uZ6GAqACCxVl",
      "type" : "RelationView",
      "modelElement" : {
        "id" : "b1Z5uZ6GAqACCxVg",
        "type" : "Relation"
      },
      "shape" : {
        "id" : "X1Z5uZ6GAqACCxVl_path",
        "type" : "Path",
        "points" : [ {
          "x" : 630,
          "y" : 260
        }, {
          "x" : 630,
          "y" : 178
        } ]
      },
      "source" : {
        "id" : "tKupuZ6GAqACCxDN",
        "type" : "ClassView"
      },
      "target" : {
        "id" : "gJl6uZ6GAqACCyHg",
        "type" : "ClassView"
      }
    }, {
      "id" : "Fc66uZ6GAqACCyF.",
      "type" : "RelationView",
      "modelElement" : {
        "id" : "M2tCuZ6GAqACCxy6",
        "type" : "Relation"
      },
      "shape" : {
        "id" : "Fc66uZ6GAqACCyF._path",
        "type" : "Path",
        "points" : [ {
          "x" : 532,
          "y" : 41
        }, {
          "x" : 238,
          "y" : 41
        }, {
          "x" : 238,
          "y" : 136
        } ]
      },
      "source" : {
        "id" : "P5K6uZ6GAqACCyFn",
        "type" : "ClassView"
      },
      "target" : {
        "id" : "xc66uZ6GAqACCyF8",
        "type" : "ClassView"
      }
    }, {
      "id" : "xdG6uZ6GAqACCyGO",
      "type" : "RelationView",
      "modelElement" : {
        "id" : "nWnCuZ6GAqACCxzr",
        "type" : "Relation"
      },
      "shape" : {
        "id" : "xdG6uZ6GAqACCyGO_path",
        "type" : "Path",
        "points" : [ {
          "x" : 650,
          "y" : 41
        }, {
          "x" : 965,
          "y" : 41
        }, {
          "x" : 965,
          "y" : 136
        } ]
      },
      "source" : {
        "id" : "P5K6uZ6GAqACCyFn",
        "type" : "ClassView"
      },
      "target" : {
        "id" : "edG6uZ6GAqACCyGM",
        "type" : "ClassView"
      }
    }, {
      "id" : "nrnpuZ6GAqACCxLo",
      "type" : "ClassView",
      "modelElement" : {
        "id" : "4lecuZ6GAqACCxq4",
        "type" : "Class"
      },
      "shape" : {
        "id" : "nrnpuZ6GAqACCxLo_shape",
        "type" : "Rectangle",
        "x" : 612,
        "y" : 417,
        "width" : 186,
        "height" : 40
      }
    }, {
      "id" : "edG6uZ6GAqACCyGM",
      "type" : "ClassView",
      "modelElement" : {
        "id" : "_gXsuZ6GAqACCxoq",
        "type" : "Class"
      },
      "shape" : {
        "id" : "edG6uZ6GAqACCyGM_shape",
        "type" : "Rectangle",
        "x" : 924,
        "y" : 137,
        "width" : 95,
        "height" : 40
      }
    }, {
      "id" : "xktZuZ6GAqACCxQd",
      "type" : "RelationView",
      "modelElement" : {
        "id" : "GktZuZ6GAqACCxQY",
        "type" : "Relation"
      },
      "shape" : {
        "id" : "xktZuZ6GAqACCxQd_path",
        "type" : "Path",
        "points" : [ {
          "x" : 525,
          "y" : 155
        }, {
          "x" : 287,
          "y" : 155
        } ]
      },
      "source" : {
        "id" : "gJl6uZ6GAqACCyHg",
        "type" : "ClassView"
      },
      "target" : {
        "id" : "xc66uZ6GAqACCyF8",
        "type" : "ClassView"
      }
    }, {
      "id" : "kF9ZuZ6GAqACCxQn",
      "type" : "RelationView",
      "modelElement" : {
        "id" : "QF9ZuZ6GAqACCxQi",
        "type" : "Relation"
      },
      "shape" : {
        "id" : "kF9ZuZ6GAqACCxQn_path",
        "type" : "Path",
        "points" : [ {
          "x" : 657,
          "y" : 160
        }, {
          "x" : 923,
          "y" : 160
        } ]
      },
      "source" : {
        "id" : "gJl6uZ6GAqACCyHg",
        "type" : "ClassView"
      },
      "target" : {
        "id" : "edG6uZ6GAqACCyGM",
        "type" : "ClassView"
      }
    }, {
      "id" : "sQL5uZ6GAqACCxWP",
      "type" : "RelationView",
      "modelElement" : {
        "id" : "4QL5uZ6GAqACCxWK",
        "type" : "Relation"
      },
      "shape" : {
        "id" : "sQL5uZ6GAqACCxWP_path",
        "type" : "Path",
        "points" : [ {
          "x" : 532,
          "y" : 302
        }, {
          "x" : 532,
          "y" : 344
        }, {
          "x" : 991,
          "y" : 344
        }, {
          "x" : 991,
          "y" : 178
        } ]
      },
      "source" : {
        "id" : "6E6puZ6GAqACCxC1",
        "type" : "ClassView"
      },
      "target" : {
        "id" : "edG6uZ6GAqACCyGM",
        "type" : "ClassView"
      }
    } ]
  } ]
}