{
  "id" : "c7pXO76GAqBwAQBO",
  "name" : "Project Management Ontology",
  "description" : null,
  "type" : "Project",
  "model" : {
    "id" : "c7pXO76GAqBwAQBO_root",
    "name" : "Project Management Ontology",
    "description" : null,
    "type" : "Package",
    "propertyAssignments" : null,
    "contents" : [ {
      "id" : "i4DXO76GAqBwAQWg",
      "name" : "Project Management Ontology",
      "description" : null,
      "type" : "Package",
      "propertyAssignments" : null,
      "contents" : [ {
        "id" : "Q9rXO76GAqBwAQW6",
        "name" : "Project",
        "description" : null,
        "type" : "Class",
        "propertyAssignments" : null,
        "stereotype" : "kind",
        "isAbstract" : false,
        "isDerived" : false,
        "properties" : null,
        "isExtensional" : null,
        "isPowertype" : null,
        "order" : null,
        "literals" : null,
        "restrictedTo" : [ "functional-complex" ]
      }, {
        "id" : "sW7XO76GAqBwAQXF",
        "name" : "Performed Schedule",
        "description" : null,
        "type" : "Class",
        "propertyAssignments" : null,
        "stereotype" : "mode",
        "isAbstract" : false,
        "isDerived" : false,
        "properties" : null,
        "isExtensional" : null,
        "isPowertype" : null,
        "order" : null,
        "literals" : null,
        "restrictedTo" : [ "intrinsic-mode" ]
      }, {
        "id" : "rSA3O76GAqBwAQXQ",
        "name" : "Planned Schedule",
        "description" : null,
        "type" : "Class",
        "propertyAssignments" : null,
        "stereotype" : "mode",
        "isAbstract" : false,
        "isDerived" : false,
        "properties" : null,
        "isExtensional" : null,
        "isPowertype" : null,
        "order" : null,
        "literals" : null,
        "restrictedTo" : [ "intrinsic-mode" ]
      }, {
        "id" : "rjQ3O76GAqBwAQXs",
        "name" : "Planned Activity",
        "description" : null,
        "type" : "Class",
        "propertyAssignments" : null,
        "stereotype" : "phase",
        "isAbstract" : false,
        "isDerived" : false,
        "properties" : null,
        "isExtensional" : false,
        "isPowertype" : null,
        "order" : null,
        "literals" : null,
        "restrictedTo" : [ "functional-complex" ]
      }, {
        "id" : "IGI3O76GAqBwAQX3",
        "name" : "Performed Activity",
        "description" : null,
        "type" : "Class",
        "propertyAssignments" : null,
        "stereotype" : "phase",
        "isAbstract" : false,
        "isDerived" : false,
        "properties" : null,
        "isExtensional" : false,
        "isPowertype" : null,
        "order" : null,
        "literals" : null,
        "restrictedTo" : [ "functional-complex" ]
      }, {
        "id" : "oaY3O76GAqBwAQYC",
        "name" : "Activity",
        "description" : null,
        "type" : "Class",
        "propertyAssignments" : null,
        "stereotype" : "kind",
        "isAbstract" : false,
        "isDerived" : false,
        "properties" : null,
        "isExtensional" : null,
        "isPowertype" : null,
        "order" : null,
        "literals" : null,
        "restrictedTo" : [ "functional-complex" ]
      }, {
        "id" : "LD43O76GAqBwAQYN",
        "name" : "Composed",
        "description" : null,
        "type" : "Class",
        "propertyAssignments" : null,
        "stereotype" : "subkind",
        "isAbstract" : false,
        "isDerived" : false,
        "properties" : null,
        "isExtensional" : false,
        "isPowertype" : null,
        "order" : null,
        "literals" : null,
        "restrictedTo" : [ "functional-complex" ]
      }, {
        "id" : "o5k3O76GAqBwAQYe",
        "name" : "Atomic",
        "description" : null,
        "type" : "Class",
        "propertyAssignments" : null,
        "stereotype" : "subkind",
        "isAbstract" : false,
        "isDerived" : false,
        "properties" : null,
        "isExtensional" : false,
        "isPowertype" : null,
        "order" : null,
        "literals" : null,
        "restrictedTo" : [ "functional-complex" ]
      }, {
        "id" : "KD03O76GAqBwAQYt",
        "name" : "Resource Allocation",
        "description" : null,
        "type" : "Class",
        "propertyAssignments" : null,
        "stereotype" : "relator",
        "isAbstract" : false,
        "isDerived" : false,
        "properties" : null,
        "isExtensional" : null,
        "isPowertype" : null,
        "order" : null,
        "literals" : null,
        "restrictedTo" : [ "relator" ]
      }, {
        "id" : "pns3O76GAqBwAQY4",
        "name" : "Resource",
        "description" : null,
        "type" : "Class",
        "propertyAssignments" : null,
        "stereotype" : "roleMixin",
        "isAbstract" : false,
        "isDerived" : false,
        "properties" : null,
        "isExtensional" : false,
        "isPowertype" : null,
        "order" : null,
        "literals" : null,
        "restrictedTo" : [ "functional-complex" ]
      }, {
        "id" : "Pw83O76GAqBwAQZD",
        "name" : "Person",
        "description" : null,
        "type" : "Class",
        "propertyAssignments" : null,
        "stereotype" : "kind",
        "isAbstract" : false,
        "isDerived" : false,
        "properties" : null,
        "isExtensional" : null,
        "isPowertype" : null,
        "order" : null,
        "literals" : null,
        "restrictedTo" : [ "functional-complex" ]
      }, {
        "id" : "0T83O76GAqBwAQZO",
        "name" : "Human Resource",
        "description" : null,
        "type" : "Class",
        "propertyAssignments" : null,
        "stereotype" : "role",
        "isAbstract" : false,
        "isDerived" : false,
        "properties" : null,
        "isExtensional" : false,
        "isPowertype" : null,
        "order" : null,
        "literals" : null,
        "restrictedTo" : [ "functional-complex" ]
      }, {
        "id" : "qPC3O76GAqBwAQZZ",
        "name" : "Financial Resource",
        "description" : null,
        "type" : "Class",
        "propertyAssignments" : null,
        "stereotype" : "role",
        "isAbstract" : false,
        "isDerived" : false,
        "properties" : null,
        "isExtensional" : false,
        "isPowertype" : null,
        "order" : null,
        "literals" : null,
        "restrictedTo" : [ "functional-complex" ]
      }, {
        "id" : "NiS3O76GAqBwAQZk",
        "name" : "Money",
        "description" : null,
        "type" : "Class",
        "propertyAssignments" : null,
        "stereotype" : "kind",
        "isAbstract" : false,
        "isDerived" : false,
        "properties" : null,
        "isExtensional" : null,
        "isPowertype" : null,
        "order" : null,
        "literals" : null,
        "restrictedTo" : [ "functional-complex" ]
      }, {
        "id" : "Xil3O76GAqBwAQck",
        "name" : null,
        "description" : null,
        "type" : "Generalization",
        "propertyAssignments" : null,
        "general" : {
          "id" : "pns3O76GAqBwAQY4",
          "type" : "Class"
        },
        "specific" : {
          "id" : "0T83O76GAqBwAQZO",
          "type" : "Class"
        }
      }, {
        "id" : "Url3O76GAqBwAQcu",
        "name" : null,
        "description" : null,
        "type" : "Generalization",
        "propertyAssignments" : null,
        "general" : {
          "id" : "pns3O76GAqBwAQY4",
          "type" : "Class"
        },
        "specific" : {
          "id" : "qPC3O76GAqBwAQZZ",
          "type" : "Class"
        }
      }, {
        "id" : "0GV3O76GAqBwAQc4",
        "name" : null,
        "description" : null,
        "type" : "Generalization",
        "propertyAssignments" : null,
        "general" : {
          "id" : "Pw83O76GAqBwAQZD",
          "type" : "Class"
        },
        "specific" : {
          "id" : "0T83O76GAqBwAQZO",
          "type" : "Class"
        }
      }, {
        "id" : "UnV3O76GAqBwAQdC",
        "name" : null,
        "description" : null,
        "type" : "Generalization",
        "propertyAssignments" : null,
        "general" : {
          "id" : "NiS3O76GAqBwAQZk",
          "type" : "Class"
        },
        "specific" : {
          "id" : "qPC3O76GAqBwAQZZ",
          "type" : "Class"
        }
      }, {
        "id" : "1H13O76GAqBwAQdM",
        "name" : null,
        "description" : null,
        "type" : "Generalization",
        "propertyAssignments" : null,
        "general" : {
          "id" : "oaY3O76GAqBwAQYC",
          "type" : "Class"
        },
        "specific" : {
          "id" : "LD43O76GAqBwAQYN",
          "type" : "Class"
        }
      }, {
        "id" : "0yN3O76GAqBwAQdW",
        "name" : null,
        "description" : null,
        "type" : "Generalization",
        "propertyAssignments" : null,
        "general" : {
          "id" : "oaY3O76GAqBwAQYC",
          "type" : "Class"
        },
        "specific" : {
          "id" : "o5k3O76GAqBwAQYe",
          "type" : "Class"
        }
      }, {
        "id" : "NPN3O76GAqBwAQdg",
        "name" : null,
        "description" : null,
        "type" : "Generalization",
        "propertyAssignments" : null,
        "general" : {
          "id" : "oaY3O76GAqBwAQYC",
          "type" : "Class"
        },
        "specific" : {
          "id" : "rjQ3O76GAqBwAQXs",
          "type" : "Class"
        }
      }, {
        "id" : "MOt3O76GAqBwAQdq",
        "name" : null,
        "description" : null,
        "type" : "Generalization",
        "propertyAssignments" : null,
        "general" : {
          "id" : "oaY3O76GAqBwAQYC",
          "type" : "Class"
        },
        "specific" : {
          "id" : "IGI3O76GAqBwAQX3",
          "type" : "Class"
        }
      }, {
        "id" : "RkbPO76GAqBwAQjC",
        "name" : "",
        "description" : null,
        "type" : "GeneralizationSet",
        "propertyAssignments" : null,
        "isDisjoint" : true,
        "isComplete" : true,
        "categorizer" : null,
        "generalizations" : [ {
          "id" : "NPN3O76GAqBwAQdg",
          "type" : "Generalization"
        }, {
          "id" : "MOt3O76GAqBwAQdq",
          "type" : "Generalization"
        } ]
      }, {
        "id" : "dffPO76GAqBwAQjY",
        "name" : "",
        "description" : null,
        "type" : "GeneralizationSet",
        "propertyAssignments" : null,
        "isDisjoint" : true,
        "isComplete" : true,
        "categorizer" : null,
        "generalizations" : [ {
          "id" : "0yN3O76GAqBwAQdW",
          "type" : "Generalization"
        }, {
          "id" : "1H13O76GAqBwAQdM",
          "type" : "Generalization"
        } ]
      }, {
        "id" : ".ymvO76GAqBwAQlm",
        "name" : "",
        "description" : null,
        "type" : "GeneralizationSet",
        "propertyAssignments" : null,
        "isDisjoint" : true,
        "isComplete" : true,
        "categorizer" : null,
        "generalizations" : [ {
          "id" : "Url3O76GAqBwAQcu",
          "type" : "Generalization"
        }, {
          "id" : "Xil3O76GAqBwAQck",
          "type" : "Generalization"
        } ]
      }, {
        "id" : "Ys33O76GAqBwAQeg",
        "name" : null,
        "description" : null,
        "type" : "Relation",
        "propertyAssignments" : null,
        "stereotype" : "characterization",
        "isAbstract" : false,
        "isDerived" : false,
        "properties" : [ {
          "id" : "8s33O76GAqBwAQei",
          "name" : null,
          "description" : null,
          "type" : "Property",
          "propertyAssignments" : null,
          "stereotype" : null,
          "isDerived" : false,
          "isReadOnly" : false,
          "isOrdered" : false,
          "cardinality" : "1",
          "propertyType" : {
            "id" : "rSA3O76GAqBwAQXQ",
            "type" : "Class"
          },
          "subsettedProperties" : null,
          "redefinedProperties" : null,
          "aggregationKind" : "NONE"
        }, {
          "id" : "Ss33O76GAqBwAQel",
          "name" : null,
          "description" : null,
          "type" : "Property",
          "propertyAssignments" : null,
          "stereotype" : null,
          "isDerived" : false,
          "isReadOnly" : true,
          "isOrdered" : false,
          "cardinality" : "1",
          "propertyType" : {
            "id" : "Q9rXO76GAqBwAQW6",
            "type" : "Class"
          },
          "subsettedProperties" : null,
          "redefinedProperties" : null,
          "aggregationKind" : "NONE"
        } ]
      }, {
        "id" : "Rt33O76GAqBwAQes",
        "name" : null,
        "description" : null,
        "type" : "Relation",
        "propertyAssignments" : null,
        "stereotype" : "characterization",
        "isAbstract" : false,
        "isDerived" : false,
        "properties" : [ {
          "id" : "Rt33O76GAqBwAQet",
          "name" : null,
          "description" : null,
          "type" : "Property",
          "propertyAssignments" : null,
          "stereotype" : null,
          "isDerived" : false,
          "isReadOnly" : false,
          "isOrdered" : false,
          "cardinality" : "1",
          "propertyType" : {
            "id" : "sW7XO76GAqBwAQXF",
            "type" : "Class"
          },
          "subsettedProperties" : null,
          "redefinedProperties" : null,
          "aggregationKind" : "NONE"
        }, {
          "id" : "Rt33O76GAqBwAQev",
          "name" : null,
          "description" : null,
          "type" : "Property",
          "propertyAssignments" : null,
          "stereotype" : null,
          "isDerived" : false,
          "isReadOnly" : true,
          "isOrdered" : false,
          "cardinality" : "1",
          "propertyType" : {
            "id" : "Q9rXO76GAqBwAQW6",
            "type" : "Class"
          },
          "subsettedProperties" : null,
          "redefinedProperties" : null,
          "aggregationKind" : "NONE"
        } ]
      }, {
        "id" : "WWP3O76GAqBwAQe2",
        "name" : null,
        "description" : null,
        "type" : "Relation",
        "propertyAssignments" : null,
        "stereotype" : "formal",
        "isAbstract" : false,
        "isDerived" : false,
        "properties" : [ {
          "id" : "WWP3O76GAqBwAQe3",
          "name" : null,
          "description" : null,
          "type" : "Property",
          "propertyAssignments" : null,
          "stereotype" : null,
          "isDerived" : false,
          "isReadOnly" : false,
          "isOrdered" : false,
          "cardinality" : "1",
          "propertyType" : {
            "id" : "rSA3O76GAqBwAQXQ",
            "type" : "Class"
          },
          "subsettedProperties" : null,
          "redefinedProperties" : null,
          "aggregationKind" : "NONE"
        }, {
          "id" : "WWP3O76GAqBwAQe5",
          "name" : null,
          "description" : null,
          "type" : "Property",
          "propertyAssignments" : null,
          "stereotype" : null,
          "isDerived" : false,
          "isReadOnly" : true,
          "isOrdered" : false,
          "cardinality" : "1..*",
          "propertyType" : {
            "id" : "rjQ3O76GAqBwAQXs",
            "type" : "Class"
          },
          "subsettedProperties" : null,
          "redefinedProperties" : null,
          "aggregationKind" : "NONE"
        } ]
      }, {
        "id" : "Vgv3O76GAqBwAQfA",
        "name" : null,
        "description" : null,
        "type" : "Relation",
        "propertyAssignments" : null,
        "stereotype" : "formal",
        "isAbstract" : false,
        "isDerived" : false,
        "properties" : [ {
          "id" : "Vgv3O76GAqBwAQfB",
          "name" : null,
          "description" : null,
          "type" : "Property",
          "propertyAssignments" : null,
          "stereotype" : null,
          "isDerived" : false,
          "isReadOnly" : false,
          "isOrdered" : false,
          "cardinality" : "1",
          "propertyType" : {
            "id" : "sW7XO76GAqBwAQXF",
            "type" : "Class"
          },
          "subsettedProperties" : null,
          "redefinedProperties" : null,
          "aggregationKind" : "NONE"
        }, {
          "id" : "Vgv3O76GAqBwAQfD",
          "name" : null,
          "description" : null,
          "type" : "Property",
          "propertyAssignments" : null,
          "stereotype" : null,
          "isDerived" : false,
          "isReadOnly" : false,
          "isOrdered" : false,
          "cardinality" : "1..*",
          "propertyType" : {
            "id" : "IGI3O76GAqBwAQX3",
            "type" : "Class"
          },
          "subsettedProperties" : null,
          "redefinedProperties" : null,
          "aggregationKind" : "NONE"
        } ]
      }, {
        "id" : "QewPO76GAqBwAQfx",
        "name" : null,
        "description" : null,
        "type" : "Relation",
        "propertyAssignments" : null,
        "stereotype" : "componentOf",
        "isAbstract" : false,
        "isDerived" : false,
        "properties" : [ {
          "id" : "QewPO76GAqBwAQfy",
          "name" : null,
          "description" : null,
          "type" : "Property",
          "propertyAssignments" : null,
          "stereotype" : null,
          "isDerived" : false,
          "isReadOnly" : false,
          "isOrdered" : false,
          "cardinality" : "2..*",
          "propertyType" : {
            "id" : "o5k3O76GAqBwAQYe",
            "type" : "Class"
          },
          "subsettedProperties" : null,
          "redefinedProperties" : null,
          "aggregationKind" : "NONE"
        }, {
          "id" : "QewPO76GAqBwAQf0",
          "name" : null,
          "description" : null,
          "type" : "Property",
          "propertyAssignments" : null,
          "stereotype" : null,
          "isDerived" : false,
          "isReadOnly" : false,
          "isOrdered" : false,
          "cardinality" : "1",
          "propertyType" : {
            "id" : "LD43O76GAqBwAQYN",
            "type" : "Class"
          },
          "subsettedProperties" : null,
          "redefinedProperties" : null,
          "aggregationKind" : "COMPOSITE"
        } ]
      }, {
        "id" : "WEKPO76GAqBwAQg0",
        "name" : null,
        "description" : null,
        "type" : "Relation",
        "propertyAssignments" : null,
        "stereotype" : "mediation",
        "isAbstract" : false,
        "isDerived" : false,
        "properties" : [ {
          "id" : "WEKPO76GAqBwAQg1",
          "name" : null,
          "description" : null,
          "type" : "Property",
          "propertyAssignments" : null,
          "stereotype" : null,
          "isDerived" : false,
          "isReadOnly" : false,
          "isOrdered" : false,
          "cardinality" : "1..*",
          "propertyType" : {
            "id" : "KD03O76GAqBwAQYt",
            "type" : "Class"
          },
          "subsettedProperties" : null,
          "redefinedProperties" : null,
          "aggregationKind" : "NONE"
        }, {
          "id" : "WEKPO76GAqBwAQg3",
          "name" : null,
          "description" : null,
          "type" : "Property",
          "propertyAssignments" : null,
          "stereotype" : null,
          "isDerived" : false,
          "isReadOnly" : true,
          "isOrdered" : false,
          "cardinality" : "1",
          "propertyType" : {
            "id" : "IGI3O76GAqBwAQX3",
            "type" : "Class"
          },
          "subsettedProperties" : null,
          "redefinedProperties" : null,
          "aggregationKind" : "NONE"
        } ]
      }, {
        "id" : "RGuPO76GAqBwAQhh",
        "name" : null,
        "description" : null,
        "type" : "Relation",
        "propertyAssignments" : null,
        "stereotype" : "mediation",
        "isAbstract" : false,
        "isDerived" : false,
        "properties" : [ {
          "id" : "RGuPO76GAqBwAQhi",
          "name" : null,
          "description" : null,
          "type" : "Property",
          "propertyAssignments" : null,
          "stereotype" : null,
          "isDerived" : false,
          "isReadOnly" : false,
          "isOrdered" : false,
          "cardinality" : "1..*",
          "propertyType" : {
            "id" : "KD03O76GAqBwAQYt",
            "type" : "Class"
          },
          "subsettedProperties" : null,
          "redefinedProperties" : null,
          "aggregationKind" : "NONE"
        }, {
          "id" : "RGuPO76GAqBwAQhk",
          "name" : null,
          "description" : null,
          "type" : "Property",
          "propertyAssignments" : null,
          "stereotype" : null,
          "isDerived" : false,
          "isReadOnly" : true,
          "isOrdered" : false,
          "cardinality" : "1",
          "propertyType" : {
            "id" : "pns3O76GAqBwAQY4",
            "type" : "Class"
          },
          "subsettedProperties" : null,
          "redefinedProperties" : null,
          "aggregationKind" : "NONE"
        } ]
      } ]
    } ]
  },
  "diagrams" : [ {
    "id" : "u4rXO76GAqBwAQWo",
    "name" : "Project Management Ontology",
    "description" : null,
    "type" : "Diagram",
    "owner" : {
      "id" : "i4DXO76GAqBwAQWg",
      "type" : "Package"
    },
    "contents" : [ {
      "id" : "qPC3O76GAqBwAQZY",
      "type" : "ClassView",
      "modelElement" : {
        "id" : "qPC3O76GAqBwAQZZ",
        "type" : "Class"
      },
      "shape" : {
        "id" : "qPC3O76GAqBwAQZY_shape",
        "type" : "Rectangle",
        "x" : 542,
        "y" : 631,
        "width" : 117,
        "height" : 40
      }
    }, {
      "id" : "KD03O76GAqBwAQYs",
      "type" : "ClassView",
      "modelElement" : {
        "id" : "KD03O76GAqBwAQYt",
        "type" : "Class"
      },
      "shape" : {
        "id" : "KD03O76GAqBwAQYs_shape",
        "type" : "Rectangle",
        "x" : 698,
        "y" : 340,
        "width" : 117,
        "height" : 40
      }
    }, {
      "id" : "9kbPO76GAqBwAQjE",
      "type" : "GeneralizationSetView",
      "modelElement" : {
        "id" : "RkbPO76GAqBwAQjC",
        "type" : "GeneralizationSet"
      },
      "shape" : {
        "id" : "9kbPO76GAqBwAQjE_shape",
        "type" : "Text",
        "x" : 1049,
        "y" : 216,
        "width" : 65,
        "height" : 45,
        "value" : ""
      }
    }, {
      "id" : "vdrXO76GAqBwAQW5",
      "type" : "ClassView",
      "modelElement" : {
        "id" : "Q9rXO76GAqBwAQW6",
        "type" : "Class"
      },
      "shape" : {
        "id" : "vdrXO76GAqBwAQW5_shape",
        "type" : "Rectangle",
        "x" : 366,
        "y" : 193,
        "width" : 117,
        "height" : 40
      }
    }, {
      "id" : "chRPO76GAqBwAQhz",
      "type" : "RelationView",
      "modelElement" : {
        "id" : "Rt33O76GAqBwAQes",
        "type" : "Relation"
      },
      "shape" : {
        "id" : "chRPO76GAqBwAQhz_path",
        "type" : "Path",
        "points" : [ {
          "x" : 612,
          "y" : 71
        }, {
          "x" : 424,
          "y" : 71
        }, {
          "x" : 424,
          "y" : 192
        } ]
      },
      "source" : {
        "id" : "sW7XO76GAqBwAQXE",
        "type" : "ClassView"
      },
      "target" : {
        "id" : "vdrXO76GAqBwAQW5",
        "type" : "ClassView"
      }
    }, {
      "id" : "I5k3O76GAqBwAQYd",
      "type" : "ClassView",
      "modelElement" : {
        "id" : "o5k3O76GAqBwAQYe",
        "type" : "Class"
      },
      "shape" : {
        "id" : "I5k3O76GAqBwAQYd_shape",
        "type" : "Rectangle",
        "x" : 1119,
        "y" : 453,
        "width" : 117,
        "height" : 40
      }
    }, {
      "id" : "5GuPO76GAqBwAQhm",
      "type" : "RelationView",
      "modelElement" : {
        "id" : "RGuPO76GAqBwAQhh",
        "type" : "Relation"
      },
      "shape" : {
        "id" : "5GuPO76GAqBwAQhm_path",
        "type" : "Path",
        "points" : [ {
          "x" : 697,
          "y" : 360
        }, {
          "x" : 504,
          "y" : 360
        }, {
          "x" : 504,
          "y" : 492
        } ]
      },
      "source" : {
        "id" : "KD03O76GAqBwAQYs",
        "type" : "ClassView"
      },
      "target" : {
        "id" : "pns3O76GAqBwAQY3",
        "type" : "ClassView"
      }
    }, {
      "id" : "8yN3O76GAqBwAQdX",
      "type" : "GeneralizationView",
      "modelElement" : {
        "id" : "0yN3O76GAqBwAQdW",
        "type" : "Generalization"
      },
      "shape" : {
        "id" : "8yN3O76GAqBwAQdX_path",
        "type" : "Path",
        "points" : [ {
          "x" : 1060,
          "y" : 367
        }, {
          "x" : 1060,
          "y" : 414
        }, {
          "x" : 1161,
          "y" : 414
        }, {
          "x" : 1161,
          "y" : 452
        } ]
      },
      "source" : {
        "id" : "IaY3O76GAqBwAQYB",
        "type" : "ClassView"
      },
      "target" : {
        "id" : "I5k3O76GAqBwAQYd",
        "type" : "ClassView"
      }
    }, {
      "id" : "NiS3O76GAqBwAQZj",
      "type" : "ClassView",
      "modelElement" : {
        "id" : "NiS3O76GAqBwAQZk",
        "type" : "Class"
      },
      "shape" : {
        "id" : "NiS3O76GAqBwAQZj_shape",
        "type" : "Rectangle",
        "x" : 649,
        "y" : 493,
        "width" : 117,
        "height" : 40
      }
    }, {
      "id" : "dH13O76GAqBwAQdN",
      "type" : "GeneralizationView",
      "modelElement" : {
        "id" : "1H13O76GAqBwAQdM",
        "type" : "Generalization"
      },
      "shape" : {
        "id" : "dH13O76GAqBwAQdN_path",
        "type" : "Path",
        "points" : [ {
          "x" : 1060,
          "y" : 367
        }, {
          "x" : 1060,
          "y" : 414
        }, {
          "x" : 954,
          "y" : 414
        }, {
          "x" : 954,
          "y" : 452
        } ]
      },
      "source" : {
        "id" : "IaY3O76GAqBwAQYB",
        "type" : "ClassView"
      },
      "target" : {
        "id" : "LD43O76GAqBwAQYM",
        "type" : "ClassView"
      }
    }, {
      "id" : "8GV3O76GAqBwAQc5",
      "type" : "GeneralizationView",
      "modelElement" : {
        "id" : "0GV3O76GAqBwAQc4",
        "type" : "Generalization"
      },
      "shape" : {
        "id" : "8GV3O76GAqBwAQc5_path",
        "type" : "Path",
        "points" : [ {
          "x" : 301,
          "y" : 534
        }, {
          "x" : 301,
          "y" : 662
        }, {
          "x" : 359,
          "y" : 662
        } ]
      },
      "source" : {
        "id" : "Pw83O76GAqBwAQZC",
        "type" : "ClassView"
      },
      "target" : {
        "id" : "0T83O76GAqBwAQZN",
        "type" : "ClassView"
      }
    }, {
      "id" : "IaY3O76GAqBwAQYB",
      "type" : "ClassView",
      "modelElement" : {
        "id" : "oaY3O76GAqBwAQYC",
        "type" : "Class"
      },
      "shape" : {
        "id" : "IaY3O76GAqBwAQYB_shape",
        "type" : "Rectangle",
        "x" : 1002,
        "y" : 326,
        "width" : 117,
        "height" : 40
      }
    }, {
      "id" : "9PN3O76GAqBwAQdh",
      "type" : "GeneralizationView",
      "modelElement" : {
        "id" : "NPN3O76GAqBwAQdg",
        "type" : "Generalization"
      },
      "shape" : {
        "id" : "9PN3O76GAqBwAQdh_path",
        "type" : "Path",
        "points" : [ {
          "x" : 1060,
          "y" : 325
        }, {
          "x" : 1060,
          "y" : 270
        }, {
          "x" : 954,
          "y" : 270
        }, {
          "x" : 954,
          "y" : 234
        } ]
      },
      "source" : {
        "id" : "IaY3O76GAqBwAQYB",
        "type" : "ClassView"
      },
      "target" : {
        "id" : "rjQ3O76GAqBwAQXr",
        "type" : "ClassView"
      }
    }, {
      "id" : "5ymvO76GAqBwAQlo",
      "type" : "GeneralizationSetView",
      "modelElement" : {
        "id" : ".ymvO76GAqBwAQlm",
        "type" : "GeneralizationSet"
      },
      "shape" : {
        "id" : "5ymvO76GAqBwAQlo_shape",
        "type" : "Text",
        "x" : 479,
        "y" : 574,
        "width" : 65,
        "height" : 45,
        "value" : ""
      }
    }, {
      "id" : "0T83O76GAqBwAQZN",
      "type" : "ClassView",
      "modelElement" : {
        "id" : "0T83O76GAqBwAQZO",
        "type" : "Class"
      },
      "shape" : {
        "id" : "0T83O76GAqBwAQZN_shape",
        "type" : "Rectangle",
        "x" : 360,
        "y" : 631,
        "width" : 117,
        "height" : 40
      }
    }, {
      "id" : "Pw83O76GAqBwAQZC",
      "type" : "ClassView",
      "modelElement" : {
        "id" : "Pw83O76GAqBwAQZD",
        "type" : "Class"
      },
      "shape" : {
        "id" : "Pw83O76GAqBwAQZC_shape",
        "type" : "Rectangle",
        "x" : 243,
        "y" : 493,
        "width" : 117,
        "height" : 40
      }
    }, {
      "id" : "rWjPO76GAqBwAQi0",
      "type" : "RelationView",
      "modelElement" : {
        "id" : "QewPO76GAqBwAQfx",
        "type" : "Relation"
      },
      "shape" : {
        "id" : "rWjPO76GAqBwAQi0_path",
        "type" : "Path",
        "points" : [ {
          "x" : 1118,
          "y" : 475
        }, {
          "x" : 1002,
          "y" : 475
        } ]
      },
      "source" : {
        "id" : "I5k3O76GAqBwAQYd",
        "type" : "ClassView"
      },
      "target" : {
        "id" : "LD43O76GAqBwAQYM",
        "type" : "ClassView"
      }
    }, {
      "id" : ".WP3O76GAqBwAQe7",
      "type" : "RelationView",
      "modelElement" : {
        "id" : "WWP3O76GAqBwAQe2",
        "type" : "Relation"
      },
      "shape" : {
        "id" : ".WP3O76GAqBwAQe7_path",
        "type" : "Path",
        "points" : [ {
          "x" : 731,
          "y" : 213
        }, {
          "x" : 895,
          "y" : 213
        } ]
      },
      "source" : {
        "id" : "LSA3O76GAqBwAQXP",
        "type" : "ClassView"
      },
      "target" : {
        "id" : "rjQ3O76GAqBwAQXr",
        "type" : "ClassView"
      }
    }, {
      "id" : "7ffPO76GAqBwAQja",
      "type" : "GeneralizationSetView",
      "modelElement" : {
        "id" : "dffPO76GAqBwAQjY",
        "type" : "GeneralizationSet"
      },
      "shape" : {
        "id" : "7ffPO76GAqBwAQja_shape",
        "type" : "Text",
        "x" : 1061,
        "y" : 373,
        "width" : 65,
        "height" : 45,
        "value" : ""
      }
    }, {
      "id" : "COt3O76GAqBwAQdr",
      "type" : "GeneralizationView",
      "modelElement" : {
        "id" : "MOt3O76GAqBwAQdq",
        "type" : "Generalization"
      },
      "shape" : {
        "id" : "COt3O76GAqBwAQdr_path",
        "type" : "Path",
        "points" : [ {
          "x" : 1060,
          "y" : 325
        }, {
          "x" : 1060,
          "y" : 270
        }, {
          "x" : 1204,
          "y" : 270
        }, {
          "x" : 1204,
          "y" : 234
        } ]
      },
      "source" : {
        "id" : "IaY3O76GAqBwAQYB",
        "type" : "ClassView"
      },
      "target" : {
        "id" : "wGI3O76GAqBwAQX2",
        "type" : "ClassView"
      }
    }, {
      "id" : "LD43O76GAqBwAQYM",
      "type" : "ClassView",
      "modelElement" : {
        "id" : "LD43O76GAqBwAQYN",
        "type" : "Class"
      },
      "shape" : {
        "id" : "LD43O76GAqBwAQYM_shape",
        "type" : "Rectangle",
        "x" : 884,
        "y" : 453,
        "width" : 117,
        "height" : 40
      }
    }, {
      "id" : "HSNPO76GAqBwAQiZ",
      "type" : "RelationView",
      "modelElement" : {
        "id" : "WEKPO76GAqBwAQg0",
        "type" : "Relation"
      },
      "shape" : {
        "id" : "HSNPO76GAqBwAQiZ_path",
        "type" : "Path",
        "points" : [ {
          "x" : 803,
          "y" : 381
        }, {
          "x" : 803,
          "y" : 590
        }, {
          "x" : 1259,
          "y" : 590
        }, {
          "x" : 1259,
          "y" : 234
        } ]
      },
      "source" : {
        "id" : "KD03O76GAqBwAQYs",
        "type" : "ClassView"
      },
      "target" : {
        "id" : "wGI3O76GAqBwAQX2",
        "type" : "ClassView"
      }
    }, {
      "id" : "sW7XO76GAqBwAQXE",
      "type" : "ClassView",
      "modelElement" : {
        "id" : "sW7XO76GAqBwAQXF",
        "type" : "Class"
      },
      "shape" : {
        "id" : "sW7XO76GAqBwAQXE_shape",
        "type" : "Rectangle",
        "x" : 613,
        "y" : 53,
        "width" : 117,
        "height" : 40
      }
    }, {
      "id" : "dgv3O76GAqBwAQfF",
      "type" : "RelationView",
      "modelElement" : {
        "id" : "Vgv3O76GAqBwAQfA",
        "type" : "Relation"
      },
      "shape" : {
        "id" : "dgv3O76GAqBwAQfF_path",
        "type" : "Path",
        "points" : [ {
          "x" : 731,
          "y" : 71
        }, {
          "x" : 1237,
          "y" : 71
        }, {
          "x" : 1237,
          "y" : 192
        } ]
      },
      "source" : {
        "id" : "sW7XO76GAqBwAQXE",
        "type" : "ClassView"
      },
      "target" : {
        "id" : "wGI3O76GAqBwAQX2",
        "type" : "ClassView"
      }
    }, {
      "id" : "wGI3O76GAqBwAQX2",
      "type" : "ClassView",
      "modelElement" : {
        "id" : "IGI3O76GAqBwAQX3",
        "type" : "Class"
      },
      "shape" : {
        "id" : "wGI3O76GAqBwAQX2_shape",
        "type" : "Rectangle",
        "x" : 1179,
        "y" : 193,
        "width" : 117,
        "height" : 40
      }
    }, {
      "id" : "kSl3O76GAqBwAQcl",
      "type" : "GeneralizationView",
      "modelElement" : {
        "id" : "Xil3O76GAqBwAQck",
        "type" : "Generalization"
      },
      "shape" : {
        "id" : "kSl3O76GAqBwAQcl_path",
        "type" : "Path",
        "points" : [ {
          "x" : 504,
          "y" : 534
        }, {
          "x" : 504,
          "y" : 575
        }, {
          "x" : 418,
          "y" : 575
        }, {
          "x" : 418,
          "y" : 630
        } ]
      },
      "source" : {
        "id" : "pns3O76GAqBwAQY3",
        "type" : "ClassView"
      },
      "target" : {
        "id" : "0T83O76GAqBwAQZN",
        "type" : "ClassView"
      }
    }, {
      "id" : "pns3O76GAqBwAQY3",
      "type" : "ClassView",
      "modelElement" : {
        "id" : "pns3O76GAqBwAQY4",
        "type" : "Class"
      },
      "shape" : {
        "id" : "pns3O76GAqBwAQY3_shape",
        "type" : "Rectangle",
        "x" : 446,
        "y" : 493,
        "width" : 117,
        "height" : 40
      }
    }, {
      "id" : "snV3O76GAqBwAQdD",
      "type" : "GeneralizationView",
      "modelElement" : {
        "id" : "UnV3O76GAqBwAQdC",
        "type" : "Generalization"
      },
      "shape" : {
        "id" : "snV3O76GAqBwAQdD_path",
        "type" : "Path",
        "points" : [ {
          "x" : 719,
          "y" : 534
        }, {
          "x" : 719,
          "y" : 662
        }, {
          "x" : 660,
          "y" : 662
        } ]
      },
      "source" : {
        "id" : "NiS3O76GAqBwAQZj",
        "type" : "ClassView"
      },
      "target" : {
        "id" : "qPC3O76GAqBwAQZY",
        "type" : "ClassView"
      }
    }, {
      "id" : "crl3O76GAqBwAQcv",
      "type" : "GeneralizationView",
      "modelElement" : {
        "id" : "Url3O76GAqBwAQcu",
        "type" : "Generalization"
      },
      "shape" : {
        "id" : "crl3O76GAqBwAQcv_path",
        "type" : "Path",
        "points" : [ {
          "x" : 504,
          "y" : 534
        }, {
          "x" : 504,
          "y" : 575
        }, {
          "x" : 600,
          "y" : 575
        }, {
          "x" : 600,
          "y" : 630
        } ]
      },
      "source" : {
        "id" : "pns3O76GAqBwAQY3",
        "type" : "ClassView"
      },
      "target" : {
        "id" : "qPC3O76GAqBwAQZY",
        "type" : "ClassView"
      }
    }, {
      "id" : "LSA3O76GAqBwAQXP",
      "type" : "ClassView",
      "modelElement" : {
        "id" : "rSA3O76GAqBwAQXQ",
        "type" : "Class"
      },
      "shape" : {
        "id" : "LSA3O76GAqBwAQXP_shape",
        "type" : "Rectangle",
        "x" : 613,
        "y" : 193,
        "width" : 117,
        "height" : 40
      }
    }, {
      "id" : "piXvO76GAqBwAQm8",
      "type" : "RelationView",
      "modelElement" : {
        "id" : "Ys33O76GAqBwAQeg",
        "type" : "Relation"
      },
      "shape" : {
        "id" : "piXvO76GAqBwAQm8_path",
        "type" : "Path",
        "points" : [ {
          "x" : 612,
          "y" : 213
        }, {
          "x" : 484,
          "y" : 213
        } ]
      },
      "source" : {
        "id" : "LSA3O76GAqBwAQXP",
        "type" : "ClassView"
      },
      "target" : {
        "id" : "vdrXO76GAqBwAQW5",
        "type" : "ClassView"
      }
    }, {
      "id" : "rjQ3O76GAqBwAQXr",
      "type" : "ClassView",
      "modelElement" : {
        "id" : "rjQ3O76GAqBwAQXs",
        "type" : "Class"
      },
      "shape" : {
        "id" : "rjQ3O76GAqBwAQXr_shape",
        "type" : "Rectangle",
        "x" : 896,
        "y" : 193,
        "width" : 117,
        "height" : 40
      }
    } ]
  } ]
}