{
  "id" : "70MSnn6GAqAAbwza",
  "name" : "ontology",
  "description" : null,
  "type" : "Project",
  "model" : {
    "id" : "70MSnn6GAqAAbwza_root",
    "name" : "ontology",
    "description" : null,
    "type" : "Package",
    "propertyAssignments" : null,
    "contents" : [ {
      "id" : "RaqSnn6GAqAAbxDG",
      "name" : "Person as Lessor",
      "description" : null,
      "type" : "Class",
      "propertyAssignments" : null,
      "stereotype" : "role",
      "isAbstract" : false,
      "isDerived" : false,
      "properties" : null,
      "isExtensional" : false,
      "isPowertype" : null,
      "order" : null,
      "literals" : null,
      "restrictedTo" : [ "functional-complex" ]
    }, {
      "id" : "ytaSnn6GAqAAbxDR",
      "name" : "Company as Lessor",
      "description" : null,
      "type" : "Class",
      "propertyAssignments" : null,
      "stereotype" : "role",
      "isAbstract" : false,
      "isDerived" : false,
      "properties" : null,
      "isExtensional" : false,
      "isPowertype" : null,
      "order" : null,
      "literals" : null,
      "restrictedTo" : [ "functional-complex" ]
    }, {
      "id" : "2EmSnn6GAqAAbxDc",
      "name" : "Land Lord (Lessor)",
      "description" : null,
      "type" : "Class",
      "propertyAssignments" : null,
      "stereotype" : "roleMixin",
      "isAbstract" : true,
      "isDerived" : false,
      "properties" : null,
      "isExtensional" : false,
      "isPowertype" : null,
      "order" : null,
      "literals" : null,
      "restrictedTo" : [ "functional-complex" ]
    }, {
      "id" : "Ro2Snn6GAqAAbxDn",
      "name" : "Person",
      "description" : null,
      "type" : "Class",
      "propertyAssignments" : null,
      "stereotype" : "kind",
      "isAbstract" : false,
      "isDerived" : false,
      "properties" : null,
      "isExtensional" : null,
      "isPowertype" : null,
      "order" : null,
      "literals" : null,
      "restrictedTo" : [ "functional-complex" ]
    }, {
      "id" : "nWOSnn6GAqAAbxDy",
      "name" : "Company",
      "description" : null,
      "type" : "Class",
      "propertyAssignments" : null,
      "stereotype" : "kind",
      "isAbstract" : false,
      "isDerived" : false,
      "properties" : null,
      "isExtensional" : null,
      "isPowertype" : null,
      "order" : null,
      "literals" : null,
      "restrictedTo" : [ "functional-complex" ]
    }, {
      "id" : "sTuSnn6GAqAAbxD9",
      "name" : "Company as Owner",
      "description" : null,
      "type" : "Class",
      "propertyAssignments" : null,
      "stereotype" : "role",
      "isAbstract" : false,
      "isDerived" : false,
      "properties" : null,
      "isExtensional" : false,
      "isPowertype" : null,
      "order" : null,
      "literals" : null,
      "restrictedTo" : [ "functional-complex" ]
    }, {
      "id" : "NO.Snn6GAqAAbxEI",
      "name" : "Person as Owner",
      "description" : null,
      "type" : "Class",
      "propertyAssignments" : null,
      "stereotype" : "role",
      "isAbstract" : false,
      "isDerived" : false,
      "properties" : null,
      "isExtensional" : false,
      "isPowertype" : null,
      "order" : null,
      "literals" : null,
      "restrictedTo" : [ "functional-complex" ]
    }, {
      "id" : "T0hSnn6GAqAAbxET",
      "name" : "Owner",
      "description" : null,
      "type" : "Class",
      "propertyAssignments" : null,
      "stereotype" : "roleMixin",
      "isAbstract" : true,
      "isDerived" : false,
      "properties" : null,
      "isExtensional" : false,
      "isPowertype" : null,
      "order" : null,
      "literals" : null,
      "restrictedTo" : [ "functional-complex" ]
    }, {
      "id" : "rsRSnn6GAqAAbxEe",
      "name" : "Person as Tenant",
      "description" : null,
      "type" : "Class",
      "propertyAssignments" : null,
      "stereotype" : "role",
      "isAbstract" : false,
      "isDerived" : false,
      "properties" : null,
      "isExtensional" : false,
      "isPowertype" : null,
      "order" : null,
      "literals" : null,
      "restrictedTo" : [ "functional-complex" ]
    }, {
      "id" : "3nxSnn6GAqAAbxEp",
      "name" : "Company as Tenant",
      "description" : null,
      "type" : "Class",
      "propertyAssignments" : null,
      "stereotype" : "role",
      "isAbstract" : false,
      "isDerived" : false,
      "properties" : null,
      "isExtensional" : false,
      "isPowertype" : null,
      "order" : null,
      "literals" : null,
      "restrictedTo" : [ "functional-complex" ]
    }, {
      "id" : "SjpSnn6GAqAAbxE0",
      "name" : "Tenant (Lessee)",
      "description" : null,
      "type" : "Class",
      "propertyAssignments" : null,
      "stereotype" : "roleMixin",
      "isAbstract" : true,
      "isDerived" : false,
      "properties" : null,
      "isExtensional" : false,
      "isPowertype" : null,
      "order" : null,
      "literals" : null,
      "restrictedTo" : [ "functional-complex" ]
    }, {
      "id" : "oTFSnn6GAqAAbxE_",
      "name" : "Rental Agreement (Lease)",
      "description" : null,
      "type" : "Class",
      "propertyAssignments" : null,
      "stereotype" : "relator",
      "isAbstract" : false,
      "isDerived" : false,
      "properties" : null,
      "isExtensional" : null,
      "isPowertype" : null,
      "order" : null,
      "literals" : null,
      "restrictedTo" : [ "relator" ]
    }, {
      "id" : "WE1Snn6GAqAAbxFK",
      "name" : "Rented Realty",
      "description" : null,
      "type" : "Class",
      "propertyAssignments" : null,
      "stereotype" : "role",
      "isAbstract" : false,
      "isDerived" : false,
      "properties" : null,
      "isExtensional" : false,
      "isPowertype" : null,
      "order" : null,
      "literals" : null,
      "restrictedTo" : [ "functional-complex" ]
    }, {
      "id" : "RDtSnn6GAqAAbxFV",
      "name" : "Realty",
      "description" : null,
      "type" : "Class",
      "propertyAssignments" : null,
      "stereotype" : "kind",
      "isAbstract" : false,
      "isDerived" : false,
      "properties" : null,
      "isExtensional" : null,
      "isPowertype" : null,
      "order" : null,
      "literals" : null,
      "restrictedTo" : [ "functional-complex" ]
    }, {
      "id" : "lA9Snn6GAqAAbxFg",
      "name" : "Deed",
      "description" : null,
      "type" : "Class",
      "propertyAssignments" : null,
      "stereotype" : "relator",
      "isAbstract" : false,
      "isDerived" : false,
      "properties" : null,
      "isExtensional" : null,
      "isPowertype" : null,
      "order" : null,
      "literals" : null,
      "restrictedTo" : [ "relator" ]
    }, {
      "id" : "FNLSnn6GAqAAbxGJ",
      "name" : null,
      "description" : null,
      "type" : "Generalization",
      "propertyAssignments" : null,
      "general" : {
        "id" : "Ro2Snn6GAqAAbxDn",
        "type" : "Class"
      },
      "specific" : {
        "id" : "NO.Snn6GAqAAbxEI",
        "type" : "Class"
      }
    }, {
      "id" : "corSnn6GAqAAbxGP",
      "name" : null,
      "description" : null,
      "type" : "Generalization",
      "propertyAssignments" : null,
      "general" : {
        "id" : "nWOSnn6GAqAAbxDy",
        "type" : "Class"
      },
      "specific" : {
        "id" : "sTuSnn6GAqAAbxD9",
        "type" : "Class"
      }
    }, {
      "id" : "FQbSnn6GAqAAbxGV",
      "name" : null,
      "description" : null,
      "type" : "Generalization",
      "propertyAssignments" : null,
      "general" : {
        "id" : "nWOSnn6GAqAAbxDy",
        "type" : "Class"
      },
      "specific" : {
        "id" : "3nxSnn6GAqAAbxEp",
        "type" : "Class"
      }
    }, {
      "id" : "amnSnn6GAqAAbxGn",
      "name" : null,
      "description" : null,
      "type" : "Generalization",
      "propertyAssignments" : null,
      "general" : {
        "id" : "sTuSnn6GAqAAbxD9",
        "type" : "Class"
      },
      "specific" : {
        "id" : "ytaSnn6GAqAAbxDR",
        "type" : "Class"
      }
    }, {
      "id" : "FkXSnn6GAqAAbxGt",
      "name" : null,
      "description" : null,
      "type" : "Generalization",
      "propertyAssignments" : null,
      "general" : {
        "id" : "NO.Snn6GAqAAbxEI",
        "type" : "Class"
      },
      "specific" : {
        "id" : "RaqSnn6GAqAAbxDG",
        "type" : "Class"
      }
    }, {
      "id" : "U93Snn6GAqAAbxGz",
      "name" : null,
      "description" : null,
      "type" : "Generalization",
      "propertyAssignments" : null,
      "general" : {
        "id" : "Ro2Snn6GAqAAbxDn",
        "type" : "Class"
      },
      "specific" : {
        "id" : "rsRSnn6GAqAAbxEe",
        "type" : "Class"
      }
    }, {
      "id" : "kpvSnn6GAqAAbxG9",
      "name" : null,
      "description" : null,
      "type" : "Generalization",
      "propertyAssignments" : null,
      "general" : {
        "id" : "T0hSnn6GAqAAbxET",
        "type" : "Class"
      },
      "specific" : {
        "id" : "NO.Snn6GAqAAbxEI",
        "type" : "Class"
      }
    }, {
      "id" : "jw_Snn6GAqAAbxHH",
      "name" : null,
      "description" : null,
      "type" : "Generalization",
      "propertyAssignments" : null,
      "general" : {
        "id" : "T0hSnn6GAqAAbxET",
        "type" : "Class"
      },
      "specific" : {
        "id" : "sTuSnn6GAqAAbxD9",
        "type" : "Class"
      }
    }, {
      "id" : "czgynn6GAqAAbxHR",
      "name" : null,
      "description" : null,
      "type" : "Generalization",
      "propertyAssignments" : null,
      "general" : {
        "id" : "SjpSnn6GAqAAbxE0",
        "type" : "Class"
      },
      "specific" : {
        "id" : "rsRSnn6GAqAAbxEe",
        "type" : "Class"
      }
    }, {
      "id" : "u8Qynn6GAqAAbxHX",
      "name" : null,
      "description" : null,
      "type" : "Generalization",
      "propertyAssignments" : null,
      "general" : {
        "id" : "SjpSnn6GAqAAbxE0",
        "type" : "Class"
      },
      "specific" : {
        "id" : "3nxSnn6GAqAAbxEp",
        "type" : "Class"
      }
    }, {
      "id" : "3U0ynn6GAqAAbxIB",
      "name" : null,
      "description" : null,
      "type" : "Generalization",
      "propertyAssignments" : null,
      "general" : {
        "id" : "2EmSnn6GAqAAbxDc",
        "type" : "Class"
      },
      "specific" : {
        "id" : "ytaSnn6GAqAAbxDR",
        "type" : "Class"
      }
    }, {
      "id" : "kr0ynn6GAqAAbxIH",
      "name" : null,
      "description" : null,
      "type" : "Generalization",
      "propertyAssignments" : null,
      "general" : {
        "id" : "2EmSnn6GAqAAbxDc",
        "type" : "Class"
      },
      "specific" : {
        "id" : "RaqSnn6GAqAAbxDG",
        "type" : "Class"
      }
    }, {
      "id" : "jocynn6GAqAAbxIR",
      "name" : null,
      "description" : null,
      "type" : "Generalization",
      "propertyAssignments" : null,
      "general" : {
        "id" : "RDtSnn6GAqAAbxFV",
        "type" : "Class"
      },
      "specific" : {
        "id" : "WE1Snn6GAqAAbxFK",
        "type" : "Class"
      }
    }, {
      "id" : "HVpynn6GAqAAbxKf",
      "name" : null,
      "description" : null,
      "type" : "Relation",
      "propertyAssignments" : null,
      "stereotype" : "mediation",
      "isAbstract" : false,
      "isDerived" : false,
      "properties" : [ {
        "id" : "HVpynn6GAqAAbxKg",
        "name" : "",
        "description" : null,
        "type" : "Property",
        "propertyAssignments" : null,
        "stereotype" : null,
        "isDerived" : false,
        "isReadOnly" : false,
        "isOrdered" : false,
        "cardinality" : "1..*",
        "propertyType" : {
          "id" : "oTFSnn6GAqAAbxE_",
          "type" : "Class"
        },
        "subsettedProperties" : null,
        "redefinedProperties" : null,
        "aggregationKind" : "NONE"
      }, {
        "id" : "HVpynn6GAqAAbxKi",
        "name" : null,
        "description" : null,
        "type" : "Property",
        "propertyAssignments" : null,
        "stereotype" : null,
        "isDerived" : false,
        "isReadOnly" : true,
        "isOrdered" : false,
        "cardinality" : "1",
        "propertyType" : {
          "id" : "2EmSnn6GAqAAbxDc",
          "type" : "Class"
        },
        "subsettedProperties" : null,
        "redefinedProperties" : null,
        "aggregationKind" : "NONE"
      } ]
    }, {
      "id" : "xnNynn6GAqAAbxLP",
      "name" : null,
      "description" : null,
      "type" : "Relation",
      "propertyAssignments" : null,
      "stereotype" : "mediation",
      "isAbstract" : false,
      "isDerived" : false,
      "properties" : [ {
        "id" : "xnNynn6GAqAAbxLQ",
        "name" : "",
        "description" : null,
        "type" : "Property",
        "propertyAssignments" : null,
        "stereotype" : null,
        "isDerived" : false,
        "isReadOnly" : false,
        "isOrdered" : false,
        "cardinality" : "1..*",
        "propertyType" : {
          "id" : "oTFSnn6GAqAAbxE_",
          "type" : "Class"
        },
        "subsettedProperties" : null,
        "redefinedProperties" : null,
        "aggregationKind" : "NONE"
      }, {
        "id" : "xnNynn6GAqAAbxLS",
        "name" : null,
        "description" : null,
        "type" : "Property",
        "propertyAssignments" : null,
        "stereotype" : null,
        "isDerived" : false,
        "isReadOnly" : true,
        "isOrdered" : false,
        "cardinality" : "1",
        "propertyType" : {
          "id" : "SjpSnn6GAqAAbxE0",
          "type" : "Class"
        },
        "subsettedProperties" : null,
        "redefinedProperties" : null,
        "aggregationKind" : "NONE"
      } ]
    }, {
      "id" : "AJTynn6GAqAAbxL.",
      "name" : null,
      "description" : null,
      "type" : "Relation",
      "propertyAssignments" : null,
      "stereotype" : "mediation",
      "isAbstract" : false,
      "isDerived" : false,
      "properties" : [ {
        "id" : "AJTynn6GAqAAbxL_",
        "name" : "",
        "description" : null,
        "type" : "Property",
        "propertyAssignments" : null,
        "stereotype" : null,
        "isDerived" : false,
        "isReadOnly" : false,
        "isOrdered" : false,
        "cardinality" : "1..*",
        "propertyType" : {
          "id" : "oTFSnn6GAqAAbxE_",
          "type" : "Class"
        },
        "subsettedProperties" : null,
        "redefinedProperties" : null,
        "aggregationKind" : "NONE"
      }, {
        "id" : "AJTynn6GAqAAbxMB",
        "name" : null,
        "description" : null,
        "type" : "Property",
        "propertyAssignments" : null,
        "stereotype" : null,
        "isDerived" : false,
        "isReadOnly" : true,
        "isOrdered" : false,
        "cardinality" : "1",
        "propertyType" : {
          "id" : "WE1Snn6GAqAAbxFK",
          "type" : "Class"
        },
        "subsettedProperties" : null,
        "redefinedProperties" : null,
        "aggregationKind" : "NONE"
      } ]
    }, {
      "id" : "kQ7ynn6GAqAAbxMo",
      "name" : null,
      "description" : null,
      "type" : "Relation",
      "propertyAssignments" : null,
      "stereotype" : "mediation",
      "isAbstract" : false,
      "isDerived" : false,
      "properties" : [ {
        "id" : "kQ7ynn6GAqAAbxMp",
        "name" : "",
        "description" : null,
        "type" : "Property",
        "propertyAssignments" : null,
        "stereotype" : null,
        "isDerived" : false,
        "isReadOnly" : false,
        "isOrdered" : false,
        "cardinality" : "1",
        "propertyType" : {
          "id" : "lA9Snn6GAqAAbxFg",
          "type" : "Class"
        },
        "subsettedProperties" : null,
        "redefinedProperties" : null,
        "aggregationKind" : "NONE"
      }, {
        "id" : "kQ7ynn6GAqAAbxMr",
        "name" : null,
        "description" : null,
        "type" : "Property",
        "propertyAssignments" : null,
        "stereotype" : null,
        "isDerived" : false,
        "isReadOnly" : true,
        "isOrdered" : false,
        "cardinality" : "1",
        "propertyType" : {
          "id" : "RDtSnn6GAqAAbxFV",
          "type" : "Class"
        },
        "subsettedProperties" : null,
        "redefinedProperties" : null,
        "aggregationKind" : "NONE"
      } ]
    }, {
      "id" : "axPynn6GAqAAbxNs",
      "name" : null,
      "description" : null,
      "type" : "Relation",
      "propertyAssignments" : null,
      "stereotype" : "mediation",
      "isAbstract" : false,
      "isDerived" : false,
      "properties" : [ {
        "id" : "axPynn6GAqAAbxNt",
        "name" : "",
        "description" : null,
        "type" : "Property",
        "propertyAssignments" : null,
        "stereotype" : null,
        "isDerived" : false,
        "isReadOnly" : false,
        "isOrdered" : false,
        "cardinality" : "1..*",
        "propertyType" : {
          "id" : "lA9Snn6GAqAAbxFg",
          "type" : "Class"
        },
        "subsettedProperties" : null,
        "redefinedProperties" : null,
        "aggregationKind" : "NONE"
      }, {
        "id" : "axPynn6GAqAAbxNv",
        "name" : null,
        "description" : null,
        "type" : "Property",
        "propertyAssignments" : null,
        "stereotype" : null,
        "isDerived" : false,
        "isReadOnly" : true,
        "isOrdered" : false,
        "cardinality" : "1",
        "propertyType" : {
          "id" : "T0hSnn6GAqAAbxET",
          "type" : "Class"
        },
        "subsettedProperties" : null,
        "redefinedProperties" : null,
        "aggregationKind" : "NONE"
      } ]
    } ]
  },
  "diagrams" : [ {
    "id" : "G5ySnn6GAqAAbxC1",
    "name" : "realStateModel",
    "description" : null,
    "type" : "Diagram",
    "owner" : {
      "id" : "70MSnn6GAqAAbwza_root",
      "type" : "Package"
    },
    "contents" : [ {
      "id" : "QYcynn6GAqAAbxIS",
      "type" : "GeneralizationView",
      "modelElement" : {
        "id" : "jocynn6GAqAAbxIR",
        "type" : "Generalization"
      },
      "shape" : {
        "id" : "QYcynn6GAqAAbxIS_path",
        "type" : "Path",
        "points" : [ {
          "x" : 74,
          "y" : 479
        }, {
          "x" : 74,
          "y" : 614
        } ]
      },
      "source" : {
        "id" : "hDtSnn6GAqAAbxFU",
        "type" : "ClassView"
      },
      "target" : {
        "id" : "WE1Snn6GAqAAbxFJ",
        "type" : "ClassView"
      }
    }, {
      "id" : "er0ynn6GAqAAbxII",
      "type" : "GeneralizationView",
      "modelElement" : {
        "id" : "kr0ynn6GAqAAbxIH",
        "type" : "Generalization"
      },
      "shape" : {
        "id" : "er0ynn6GAqAAbxII_path",
        "type" : "Path",
        "points" : [ {
          "x" : 1037,
          "y" : 73
        }, {
          "x" : 1037,
          "y" : 44
        }, {
          "x" : 306,
          "y" : 44
        }, {
          "x" : 306,
          "y" : 71
        } ]
      },
      "source" : {
        "id" : "WEmSnn6GAqAAbxDb",
        "type" : "ClassView"
      },
      "target" : {
        "id" : "RaqSnn6GAqAAbxDF",
        "type" : "ClassView"
      }
    }, {
      "id" : "O93Snn6GAqAAbxG0",
      "type" : "GeneralizationView",
      "modelElement" : {
        "id" : "U93Snn6GAqAAbxGz",
        "type" : "Generalization"
      },
      "shape" : {
        "id" : "O93Snn6GAqAAbxG0_path",
        "type" : "Path",
        "points" : [ {
          "x" : 409,
          "y" : 220
        }, {
          "x" : 409,
          "y" : 412
        }, {
          "x" : 650,
          "y" : 412
        } ]
      },
      "source" : {
        "id" : "Ro2Snn6GAqAAbxDm",
        "type" : "ClassView"
      },
      "target" : {
        "id" : "rsRSnn6GAqAAbxEd",
        "type" : "ClassView"
      }
    }, {
      "id" : "J37ynn6GAqAAbxM3",
      "type" : "RelationView",
      "modelElement" : {
        "id" : "kQ7ynn6GAqAAbxMo",
        "type" : "Relation"
      },
      "shape" : {
        "id" : "J37ynn6GAqAAbxM3_path",
        "type" : "Path",
        "points" : [ {
          "x" : 230,
          "y" : 464
        }, {
          "x" : 114,
          "y" : 464
        } ]
      },
      "source" : {
        "id" : "lA9Snn6GAqAAbxFf",
        "type" : "ClassView"
      },
      "target" : {
        "id" : "hDtSnn6GAqAAbxFU",
        "type" : "ClassView"
      }
    }, {
      "id" : "Wzgynn6GAqAAbxHS",
      "type" : "GeneralizationView",
      "modelElement" : {
        "id" : "czgynn6GAqAAbxHR",
        "type" : "Generalization"
      },
      "shape" : {
        "id" : "Wzgynn6GAqAAbxHS_path",
        "type" : "Path",
        "points" : [ {
          "x" : 799,
          "y" : 512
        }, {
          "x" : 799,
          "y" : 464
        }, {
          "x" : 702,
          "y" : 464
        }, {
          "x" : 702,
          "y" : 433
        } ]
      },
      "source" : {
        "id" : "SjpSnn6GAqAAbxEz",
        "type" : "ClassView"
      },
      "target" : {
        "id" : "rsRSnn6GAqAAbxEd",
        "type" : "ClassView"
      }
    }, {
      "id" : "vw_Snn6GAqAAbxHI",
      "type" : "GeneralizationView",
      "modelElement" : {
        "id" : "jw_Snn6GAqAAbxHH",
        "type" : "Generalization"
      },
      "shape" : {
        "id" : "vw_Snn6GAqAAbxHI_path",
        "type" : "Path",
        "points" : [ {
          "x" : 469,
          "y" : 437
        }, {
          "x" : 469,
          "y" : 384
        }, {
          "x" : 587,
          "y" : 384
        }, {
          "x" : 587,
          "y" : 325
        } ]
      },
      "source" : {
        "id" : "T0hSnn6GAqAAbxES",
        "type" : "ClassView"
      },
      "target" : {
        "id" : "MTuSnn6GAqAAbxD8",
        "type" : "ClassView"
      }
    }, {
      "id" : "nWOSnn6GAqAAbxDx",
      "type" : "ClassView",
      "modelElement" : {
        "id" : "nWOSnn6GAqAAbxDy",
        "type" : "Class"
      },
      "shape" : {
        "id" : "nWOSnn6GAqAAbxDx_shape",
        "type" : "Rectangle",
        "x" : 494,
        "y" : 176,
        "width" : 80,
        "height" : 40
      }
    }, {
      "id" : "Y00ynn6GAqAAbxIC",
      "type" : "GeneralizationView",
      "modelElement" : {
        "id" : "3U0ynn6GAqAAbxIB",
        "type" : "Generalization"
      },
      "shape" : {
        "id" : "Y00ynn6GAqAAbxIC_path",
        "type" : "Path",
        "points" : [ {
          "x" : 981,
          "y" : 91
        }, {
          "x" : 690,
          "y" : 91
        } ]
      },
      "source" : {
        "id" : "WEmSnn6GAqAAbxDb",
        "type" : "ClassView"
      },
      "target" : {
        "id" : "ytaSnn6GAqAAbxDQ",
        "type" : "ClassView"
      }
    }, {
      "id" : "NO.Snn6GAqAAbxEH",
      "type" : "ClassView",
      "modelElement" : {
        "id" : "NO.Snn6GAqAAbxEI",
        "type" : "Class"
      },
      "shape" : {
        "id" : "NO.Snn6GAqAAbxEH_shape",
        "type" : "Rectangle",
        "x" : 268,
        "y" : 292,
        "width" : 131,
        "height" : 40
      }
    }, {
      "id" : "rsRSnn6GAqAAbxEd",
      "type" : "ClassView",
      "modelElement" : {
        "id" : "rsRSnn6GAqAAbxEe",
        "type" : "Class"
      },
      "shape" : {
        "id" : "rsRSnn6GAqAAbxEd_shape",
        "type" : "Rectangle",
        "x" : 651,
        "y" : 392,
        "width" : 102,
        "height" : 40
      }
    }, {
      "id" : "RaqSnn6GAqAAbxDF",
      "type" : "ClassView",
      "modelElement" : {
        "id" : "RaqSnn6GAqAAbxDG",
        "type" : "Class"
      },
      "shape" : {
        "id" : "RaqSnn6GAqAAbxDF_shape",
        "type" : "Rectangle",
        "x" : 255,
        "y" : 72,
        "width" : 102,
        "height" : 40
      }
    }, {
      "id" : "xmnSnn6GAqAAbxGo",
      "type" : "GeneralizationView",
      "modelElement" : {
        "id" : "amnSnn6GAqAAbxGn",
        "type" : "Generalization"
      },
      "shape" : {
        "id" : "xmnSnn6GAqAAbxGo_path",
        "type" : "Path",
        "points" : [ {
          "x" : 637,
          "y" : 283
        }, {
          "x" : 637,
          "y" : 115
        } ]
      },
      "source" : {
        "id" : "MTuSnn6GAqAAbxD8",
        "type" : "ClassView"
      },
      "target" : {
        "id" : "ytaSnn6GAqAAbxDQ",
        "type" : "ClassView"
      }
    }, {
      "id" : "JxPynn6GAqAAbxNx",
      "type" : "RelationView",
      "modelElement" : {
        "id" : "axPynn6GAqAAbxNs",
        "type" : "Relation"
      },
      "shape" : {
        "id" : "JxPynn6GAqAAbxNx_path",
        "type" : "Path",
        "points" : [ {
          "x" : 312,
          "y" : 458
        }, {
          "x" : 428,
          "y" : 458
        } ]
      },
      "source" : {
        "id" : "lA9Snn6GAqAAbxFf",
        "type" : "ClassView"
      },
      "target" : {
        "id" : "T0hSnn6GAqAAbxES",
        "type" : "ClassView"
      }
    }, {
      "id" : "lA9Snn6GAqAAbxFf",
      "type" : "ClassView",
      "modelElement" : {
        "id" : "lA9Snn6GAqAAbxFg",
        "type" : "Class"
      },
      "shape" : {
        "id" : "lA9Snn6GAqAAbxFf_shape",
        "type" : "Rectangle",
        "x" : 231,
        "y" : 438,
        "width" : 80,
        "height" : 40
      }
    }, {
      "id" : "ytaSnn6GAqAAbxDQ",
      "type" : "ClassView",
      "modelElement" : {
        "id" : "ytaSnn6GAqAAbxDR",
        "type" : "Class"
      },
      "shape" : {
        "id" : "ytaSnn6GAqAAbxDQ_shape",
        "type" : "Rectangle",
        "x" : 574,
        "y" : 74,
        "width" : 115,
        "height" : 40
      }
    }, {
      "id" : "nQbSnn6GAqAAbxGW",
      "type" : "GeneralizationView",
      "modelElement" : {
        "id" : "FQbSnn6GAqAAbxGV",
        "type" : "Generalization"
      },
      "shape" : {
        "id" : "nQbSnn6GAqAAbxGW_path",
        "type" : "Path",
        "points" : [ {
          "x" : 561,
          "y" : 217
        }, {
          "x" : 561,
          "y" : 247
        }, {
          "x" : 869,
          "y" : 247
        }, {
          "x" : 869,
          "y" : 391
        } ]
      },
      "source" : {
        "id" : "nWOSnn6GAqAAbxDx",
        "type" : "ClassView"
      },
      "target" : {
        "id" : "3nxSnn6GAqAAbxEo",
        "type" : "ClassView"
      }
    }, {
      "id" : "bNLSnn6GAqAAbxGK",
      "type" : "GeneralizationView",
      "modelElement" : {
        "id" : "FNLSnn6GAqAAbxGJ",
        "type" : "Generalization"
      },
      "shape" : {
        "id" : "bNLSnn6GAqAAbxGK_path",
        "type" : "Path",
        "points" : [ {
          "x" : 374,
          "y" : 220
        }, {
          "x" : 374,
          "y" : 291
        } ]
      },
      "source" : {
        "id" : "Ro2Snn6GAqAAbxDm",
        "type" : "ClassView"
      },
      "target" : {
        "id" : "NO.Snn6GAqAAbxEH",
        "type" : "ClassView"
      }
    }, {
      "id" : "SpvSnn6GAqAAbxG.",
      "type" : "GeneralizationView",
      "modelElement" : {
        "id" : "kpvSnn6GAqAAbxG9",
        "type" : "Generalization"
      },
      "shape" : {
        "id" : "SpvSnn6GAqAAbxG._path",
        "type" : "Path",
        "points" : [ {
          "x" : 469,
          "y" : 437
        }, {
          "x" : 469,
          "y" : 384
        }, {
          "x" : 333,
          "y" : 384
        }, {
          "x" : 333,
          "y" : 333
        } ]
      },
      "source" : {
        "id" : "T0hSnn6GAqAAbxES",
        "type" : "ClassView"
      },
      "target" : {
        "id" : "NO.Snn6GAqAAbxEH",
        "type" : "ClassView"
      }
    }, {
      "id" : "WE1Snn6GAqAAbxFJ",
      "type" : "ClassView",
      "modelElement" : {
        "id" : "WE1Snn6GAqAAbxFK",
        "type" : "Class"
      },
      "shape" : {
        "id" : "WE1Snn6GAqAAbxFJ_shape",
        "type" : "Rectangle",
        "x" : 29,
        "y" : 615,
        "width" : 84,
        "height" : 40
      }
    }, {
      "id" : "MTuSnn6GAqAAbxD8",
      "type" : "ClassView",
      "modelElement" : {
        "id" : "sTuSnn6GAqAAbxD9",
        "type" : "Class"
      },
      "shape" : {
        "id" : "MTuSnn6GAqAAbxD8_shape",
        "type" : "Rectangle",
        "x" : 494,
        "y" : 284,
        "width" : 195,
        "height" : 40
      }
    }, {
      "id" : "T0hSnn6GAqAAbxES",
      "type" : "ClassView",
      "modelElement" : {
        "id" : "T0hSnn6GAqAAbxET",
        "type" : "Class"
      },
      "shape" : {
        "id" : "T0hSnn6GAqAAbxES_shape",
        "type" : "Rectangle",
        "x" : 429,
        "y" : 438,
        "width" : 80,
        "height" : 40
      }
    }, {
      "id" : "zkXSnn6GAqAAbxGu",
      "type" : "GeneralizationView",
      "modelElement" : {
        "id" : "FkXSnn6GAqAAbxGt",
        "type" : "Generalization"
      },
      "shape" : {
        "id" : "zkXSnn6GAqAAbxGu_path",
        "type" : "Path",
        "points" : [ {
          "x" : 311,
          "y" : 291
        }, {
          "x" : 311,
          "y" : 113
        } ]
      },
      "source" : {
        "id" : "NO.Snn6GAqAAbxEH",
        "type" : "ClassView"
      },
      "target" : {
        "id" : "RaqSnn6GAqAAbxDF",
        "type" : "ClassView"
      }
    }, {
      "id" : "hDtSnn6GAqAAbxFU",
      "type" : "ClassView",
      "modelElement" : {
        "id" : "RDtSnn6GAqAAbxFV",
        "type" : "Class"
      },
      "shape" : {
        "id" : "hDtSnn6GAqAAbxFU_shape",
        "type" : "Rectangle",
        "x" : 33,
        "y" : 438,
        "width" : 80,
        "height" : 40
      }
    }, {
      "id" : "3nxSnn6GAqAAbxEo",
      "type" : "ClassView",
      "modelElement" : {
        "id" : "3nxSnn6GAqAAbxEp",
        "type" : "Class"
      },
      "shape" : {
        "id" : "3nxSnn6GAqAAbxEo_shape",
        "type" : "Rectangle",
        "x" : 812,
        "y" : 392,
        "width" : 115,
        "height" : 40
      }
    }, {
      "id" : "8JTynn6GAqAAbxMD",
      "type" : "RelationView",
      "modelElement" : {
        "id" : "AJTynn6GAqAAbxL.",
        "type" : "Relation"
      },
      "shape" : {
        "id" : "8JTynn6GAqAAbxMD_path",
        "type" : "Path",
        "points" : [ {
          "x" : 963,
          "y" : 635
        }, {
          "x" : 114,
          "y" : 635
        } ]
      },
      "source" : {
        "id" : "oTFSnn6GAqAAbxE.",
        "type" : "ClassView"
      },
      "target" : {
        "id" : "WE1Snn6GAqAAbxFJ",
        "type" : "ClassView"
      }
    }, {
      "id" : "SjpSnn6GAqAAbxEz",
      "type" : "ClassView",
      "modelElement" : {
        "id" : "SjpSnn6GAqAAbxE0",
        "type" : "Class"
      },
      "shape" : {
        "id" : "SjpSnn6GAqAAbxEz_shape",
        "type" : "Rectangle",
        "x" : 752,
        "y" : 513,
        "width" : 94,
        "height" : 40
      }
    }, {
      "id" : "WEmSnn6GAqAAbxDb",
      "type" : "ClassView",
      "modelElement" : {
        "id" : "2EmSnn6GAqAAbxDc",
        "type" : "Class"
      },
      "shape" : {
        "id" : "WEmSnn6GAqAAbxDb_shape",
        "type" : "Rectangle",
        "x" : 982,
        "y" : 74,
        "width" : 111,
        "height" : 40
      }
    }, {
      "id" : "Ro2Snn6GAqAAbxDm",
      "type" : "ClassView",
      "modelElement" : {
        "id" : "Ro2Snn6GAqAAbxDn",
        "type" : "Class"
      },
      "shape" : {
        "id" : "Ro2Snn6GAqAAbxDm_shape",
        "type" : "Rectangle",
        "x" : 359,
        "y" : 179,
        "width" : 80,
        "height" : 40
      }
    }, {
      "id" : "BorSnn6GAqAAbxGQ",
      "type" : "GeneralizationView",
      "modelElement" : {
        "id" : "corSnn6GAqAAbxGP",
        "type" : "Generalization"
      },
      "shape" : {
        "id" : "BorSnn6GAqAAbxGQ_path",
        "type" : "Path",
        "points" : [ {
          "x" : 522,
          "y" : 217
        }, {
          "x" : 522,
          "y" : 283
        } ]
      },
      "source" : {
        "id" : "nWOSnn6GAqAAbxDx",
        "type" : "ClassView"
      },
      "target" : {
        "id" : "MTuSnn6GAqAAbxD8",
        "type" : "ClassView"
      }
    }, {
      "id" : "y1pynn6GAqAAbxKk",
      "type" : "RelationView",
      "modelElement" : {
        "id" : "HVpynn6GAqAAbxKf",
        "type" : "Relation"
      },
      "shape" : {
        "id" : "y1pynn6GAqAAbxKk_path",
        "type" : "Path",
        "points" : [ {
          "x" : 1077,
          "y" : 620
        }, {
          "x" : 1077,
          "y" : 115
        } ]
      },
      "source" : {
        "id" : "oTFSnn6GAqAAbxE.",
        "type" : "ClassView"
      },
      "target" : {
        "id" : "WEmSnn6GAqAAbxDb",
        "type" : "ClassView"
      }
    }, {
      "id" : "bnNynn6GAqAAbxLU",
      "type" : "RelationView",
      "modelElement" : {
        "id" : "xnNynn6GAqAAbxLP",
        "type" : "Relation"
      },
      "shape" : {
        "id" : "bnNynn6GAqAAbxLU_path",
        "type" : "Path",
        "points" : [ {
          "x" : 981,
          "y" : 620
        }, {
          "x" : 981,
          "y" : 533
        }, {
          "x" : 847,
          "y" : 533
        } ]
      },
      "source" : {
        "id" : "oTFSnn6GAqAAbxE.",
        "type" : "ClassView"
      },
      "target" : {
        "id" : "SjpSnn6GAqAAbxEz",
        "type" : "ClassView"
      }
    }, {
      "id" : "oTFSnn6GAqAAbxE.",
      "type" : "ClassView",
      "modelElement" : {
        "id" : "oTFSnn6GAqAAbxE_",
        "type" : "Class"
      },
      "shape" : {
        "id" : "oTFSnn6GAqAAbxE._shape",
        "type" : "Rectangle",
        "x" : 964,
        "y" : 621,
        "width" : 146,
        "height" : 40
      }
    }, {
      "id" : "58Qynn6GAqAAbxHY",
      "type" : "GeneralizationView",
      "modelElement" : {
        "id" : "u8Qynn6GAqAAbxHX",
        "type" : "Generalization"
      },
      "shape" : {
        "id" : "58Qynn6GAqAAbxHY_path",
        "type" : "Path",
        "points" : [ {
          "x" : 799,
          "y" : 512
        }, {
          "x" : 799,
          "y" : 464
        }, {
          "x" : 869,
          "y" : 464
        }, {
          "x" : 869,
          "y" : 433
        } ]
      },
      "source" : {
        "id" : "SjpSnn6GAqAAbxEz",
        "type" : "ClassView"
      },
      "target" : {
        "id" : "3nxSnn6GAqAAbxEo",
        "type" : "ClassView"
      }
    } ]
  } ]
}