{
  "id" : "LZ8.I76AUBQI9gBO",
  "name" : "Recommendation Ontology",
  "description" : null,
  "type" : "Project",
  "model" : {
    "id" : "LZ8.I76AUBQI9gBO_root",
    "name" : "Recommendation Ontology",
    "description" : null,
    "type" : "Package",
    "propertyAssignments" : null,
    "contents" : [ {
      "id" : "pkm.I76AUBQI9gWf",
      "name" : "Recommendation Ontology",
      "description" : null,
      "type" : "Package",
      "propertyAssignments" : null,
      "contents" : [ {
        "id" : "Rd5.I76AUBQI9gW5",
        "name" : "Indirectly Recommendation Referencing Recomendation",
        "description" : null,
        "type" : "Class",
        "propertyAssignments" : null,
        "stereotype" : "subkind",
        "isAbstract" : false,
        "isDerived" : false,
        "properties" : null,
        "isExtensional" : false,
        "isPowertype" : null,
        "order" : null,
        "literals" : null,
        "restrictedTo" : [ "functional-complex" ]
      }, {
        "id" : "pWbhI76AUBQI9gXM",
        "name" : "Indirectly Recommendation Referenced Recomendation",
        "description" : null,
        "type" : "Class",
        "propertyAssignments" : null,
        "stereotype" : "subkind",
        "isAbstract" : false,
        "isDerived" : false,
        "properties" : null,
        "isExtensional" : false,
        "isPowertype" : null,
        "order" : null,
        "literals" : null,
        "restrictedTo" : [ "functional-complex" ]
      }, {
        "id" : "3VvhI76AUBQI9gXX",
        "name" : "Recommendation Referencing Recomendation",
        "description" : null,
        "type" : "Class",
        "propertyAssignments" : null,
        "stereotype" : "subkind",
        "isAbstract" : false,
        "isDerived" : false,
        "properties" : null,
        "isExtensional" : false,
        "isPowertype" : null,
        "order" : null,
        "literals" : null,
        "restrictedTo" : [ "functional-complex" ]
      }, {
        "id" : "iZQRI76AUBQI9gXi",
        "name" : "Recommendation Referenced Recomendation",
        "description" : null,
        "type" : "Class",
        "propertyAssignments" : null,
        "stereotype" : "subkind",
        "isAbstract" : false,
        "isDerived" : false,
        "properties" : null,
        "isExtensional" : false,
        "isPowertype" : null,
        "order" : null,
        "literals" : null,
        "restrictedTo" : [ "functional-complex" ]
      }, {
        "id" : "Xh4RI76AUBQI9gXw",
        "name" : "Possibly Problematic Recommendation",
        "description" : null,
        "type" : "Class",
        "propertyAssignments" : null,
        "stereotype" : "subkind",
        "isAbstract" : false,
        "isDerived" : false,
        "properties" : null,
        "isExtensional" : false,
        "isPowertype" : null,
        "order" : null,
        "literals" : null,
        "restrictedTo" : [ "functional-complex" ]
      }, {
        "id" : "gZ0RI76AUBQI9gX7",
        "name" : "Problematic Recommendation",
        "description" : null,
        "type" : "Class",
        "propertyAssignments" : null,
        "stereotype" : "subkind",
        "isAbstract" : false,
        "isDerived" : false,
        "properties" : null,
        "isExtensional" : false,
        "isPowertype" : null,
        "order" : null,
        "literals" : null,
        "restrictedTo" : [ "functional-complex" ]
      }, {
        "id" : "M.7RI76AUBQI9gc4",
        "name" : "Recommendation Version",
        "description" : null,
        "type" : "Class",
        "propertyAssignments" : null,
        "stereotype" : "kind",
        "isAbstract" : false,
        "isDerived" : false,
        "properties" : null,
        "isExtensional" : null,
        "isPowertype" : null,
        "order" : null,
        "literals" : null,
        "restrictedTo" : [ "functional-complex" ]
      }, {
        "id" : "XbXRI76AUBQI9gdF",
        "name" : "Publication",
        "description" : null,
        "type" : "Class",
        "propertyAssignments" : null,
        "stereotype" : "relator",
        "isAbstract" : false,
        "isDerived" : false,
        "properties" : [ {
          "id" : "nQ0xI76AUBQI9geE",
          "name" : "PublicationDate",
          "description" : null,
          "type" : "Property",
          "propertyAssignments" : null,
          "stereotype" : null,
          "isDerived" : false,
          "isReadOnly" : false,
          "isOrdered" : false,
          "cardinality" : null,
          "propertyType" : null,
          "subsettedProperties" : null,
          "redefinedProperties" : null,
          "aggregationKind" : "NONE"
        } ],
        "isExtensional" : null,
        "isPowertype" : null,
        "order" : null,
        "literals" : null,
        "restrictedTo" : [ "relator" ]
      }, {
        "id" : "NMvRI76AUBQI9gdS",
        "name" : "Recommendation",
        "description" : null,
        "type" : "Class",
        "propertyAssignments" : null,
        "stereotype" : "kind",
        "isAbstract" : false,
        "isDerived" : false,
        "properties" : [ {
          "id" : "IPgxI76AUBQI9gdl",
          "name" : "Number",
          "description" : null,
          "type" : "Property",
          "propertyAssignments" : null,
          "stereotype" : null,
          "isDerived" : false,
          "isReadOnly" : false,
          "isOrdered" : false,
          "cardinality" : null,
          "propertyType" : {
            "id" : "C58.I76AUBQI9gBV",
            "type" : "Class"
          },
          "subsettedProperties" : null,
          "redefinedProperties" : null,
          "aggregationKind" : "NONE"
        }, {
          "id" : "JYwxI76AUBQI9gdq",
          "name" : "Series",
          "description" : null,
          "type" : "Property",
          "propertyAssignments" : null,
          "stereotype" : null,
          "isDerived" : false,
          "isReadOnly" : false,
          "isOrdered" : false,
          "cardinality" : null,
          "propertyType" : {
            "id" : "858.I76AUBQI9gBS",
            "type" : "Class"
          },
          "subsettedProperties" : null,
          "redefinedProperties" : null,
          "aggregationKind" : "NONE"
        }, {
          "id" : "JZIxI76AUBQI9gdu",
          "name" : "Title",
          "description" : null,
          "type" : "Property",
          "propertyAssignments" : null,
          "stereotype" : null,
          "isDerived" : false,
          "isReadOnly" : false,
          "isOrdered" : false,
          "cardinality" : null,
          "propertyType" : null,
          "subsettedProperties" : null,
          "redefinedProperties" : null,
          "aggregationKind" : "NONE"
        } ],
        "isExtensional" : null,
        "isPowertype" : null,
        "order" : null,
        "literals" : null,
        "restrictedTo" : [ "functional-complex" ]
      }, {
        "id" : "AIMJI76AUBQI9gh_",
        "name" : "Concept Defining Recommendation",
        "description" : null,
        "type" : "Class",
        "propertyAssignments" : null,
        "stereotype" : "subkind",
        "isAbstract" : false,
        "isDerived" : false,
        "properties" : null,
        "isExtensional" : false,
        "isPowertype" : null,
        "order" : null,
        "literals" : null,
        "restrictedTo" : [ "functional-complex" ]
      }, {
        "id" : "ZM8JI76AUBQI9giK",
        "name" : "Concept Referencing Recommendation",
        "description" : null,
        "type" : "Class",
        "propertyAssignments" : null,
        "stereotype" : "subkind",
        "isAbstract" : false,
        "isDerived" : false,
        "properties" : null,
        "isExtensional" : false,
        "isPowertype" : null,
        "order" : null,
        "literals" : null,
        "restrictedTo" : [ "functional-complex" ]
      }, {
        "id" : "YIqJI76AUBQI9gij",
        "name" : "Concept Definition",
        "description" : null,
        "type" : "Class",
        "propertyAssignments" : null,
        "stereotype" : "relator",
        "isAbstract" : false,
        "isDerived" : false,
        "properties" : [ {
          "id" : "RClJI76AUBQI9gj1",
          "name" : "definition",
          "description" : null,
          "type" : "Property",
          "propertyAssignments" : null,
          "stereotype" : null,
          "isDerived" : false,
          "isReadOnly" : false,
          "isOrdered" : false,
          "cardinality" : null,
          "propertyType" : null,
          "subsettedProperties" : null,
          "redefinedProperties" : null,
          "aggregationKind" : "NONE"
        } ],
        "isExtensional" : null,
        "isPowertype" : null,
        "order" : null,
        "literals" : null,
        "restrictedTo" : [ "relator" ]
      }, {
        "id" : "YEmJI76AUBQI9gi0",
        "name" : "Concept",
        "description" : null,
        "type" : "Class",
        "propertyAssignments" : null,
        "stereotype" : "kind",
        "isAbstract" : false,
        "isDerived" : false,
        "properties" : [ {
          "id" : "o4NJI76AUBQI9gj_",
          "name" : "Abbreviation",
          "description" : null,
          "type" : "Property",
          "propertyAssignments" : null,
          "stereotype" : null,
          "isDerived" : false,
          "isReadOnly" : false,
          "isOrdered" : false,
          "cardinality" : null,
          "propertyType" : null,
          "subsettedProperties" : null,
          "redefinedProperties" : null,
          "aggregationKind" : "NONE"
        } ],
        "isExtensional" : null,
        "isPowertype" : null,
        "order" : null,
        "literals" : null,
        "restrictedTo" : [ "functional-complex" ]
      }, {
        "id" : "92WJI76AUBQI9gi_",
        "name" : "Referenced Concept",
        "description" : null,
        "type" : "Class",
        "propertyAssignments" : null,
        "stereotype" : "subkind",
        "isAbstract" : false,
        "isDerived" : false,
        "properties" : null,
        "isExtensional" : false,
        "isPowertype" : null,
        "order" : null,
        "literals" : null,
        "restrictedTo" : [ "functional-complex" ]
      }, {
        "id" : "MThUo76AUBQI9goO",
        "name" : "Problematic Concetp",
        "description" : null,
        "type" : "Class",
        "propertyAssignments" : null,
        "stereotype" : "subkind",
        "isAbstract" : false,
        "isDerived" : false,
        "properties" : null,
        "isExtensional" : false,
        "isPowertype" : null,
        "order" : null,
        "literals" : null,
        "restrictedTo" : [ "functional-complex" ]
      }, {
        "id" : "JTFUo76AUBQI9gof",
        "name" : "Correct Concept",
        "description" : null,
        "type" : "Class",
        "propertyAssignments" : null,
        "stereotype" : "subkind",
        "isAbstract" : false,
        "isDerived" : false,
        "properties" : null,
        "isExtensional" : false,
        "isPowertype" : null,
        "order" : null,
        "literals" : null,
        "restrictedTo" : [ "functional-complex" ]
      }, {
        "id" : "nRGRI76AUBQI9gaP",
        "name" : null,
        "description" : null,
        "type" : "Generalization",
        "propertyAssignments" : null,
        "general" : {
          "id" : "3VvhI76AUBQI9gXX",
          "type" : "Class"
        },
        "specific" : {
          "id" : "Rd5.I76AUBQI9gW5",
          "type" : "Class"
        }
      }, {
        "id" : "CkmRI76AUBQI9gaZ",
        "name" : null,
        "description" : null,
        "type" : "Generalization",
        "propertyAssignments" : null,
        "general" : {
          "id" : "iZQRI76AUBQI9gXi",
          "type" : "Class"
        },
        "specific" : {
          "id" : "pWbhI76AUBQI9gXM",
          "type" : "Class"
        }
      }, {
        "id" : "CYWRI76AUBQI9gaj",
        "name" : null,
        "description" : null,
        "type" : "Generalization",
        "propertyAssignments" : null,
        "general" : {
          "id" : "3VvhI76AUBQI9gXX",
          "type" : "Class"
        },
        "specific" : {
          "id" : "Xh4RI76AUBQI9gXw",
          "type" : "Class"
        }
      }, {
        "id" : "CUCxI76AUBQI9gej",
        "name" : "",
        "description" : null,
        "type" : "Generalization",
        "propertyAssignments" : null,
        "general" : {
          "id" : "M.7RI76AUBQI9gc4",
          "type" : "Class"
        },
        "specific" : {
          "id" : "3VvhI76AUBQI9gXX",
          "type" : "Class"
        }
      }, {
        "id" : "mjixI76AUBQI9ge3",
        "name" : null,
        "description" : null,
        "type" : "Generalization",
        "propertyAssignments" : null,
        "general" : {
          "id" : "M.7RI76AUBQI9gc4",
          "type" : "Class"
        },
        "specific" : {
          "id" : "iZQRI76AUBQI9gXi",
          "type" : "Class"
        }
      }, {
        "id" : "QT6xI76AUBQI9gfP",
        "name" : null,
        "description" : null,
        "type" : "Generalization",
        "propertyAssignments" : null,
        "general" : {
          "id" : "M.7RI76AUBQI9gc4",
          "type" : "Class"
        },
        "specific" : {
          "id" : "gZ0RI76AUBQI9gX7",
          "type" : "Class"
        }
      }, {
        "id" : "mkbJI76AUBQI9gkv",
        "name" : null,
        "description" : null,
        "type" : "Generalization",
        "propertyAssignments" : null,
        "general" : {
          "id" : "YEmJI76AUBQI9gi0",
          "type" : "Class"
        },
        "specific" : {
          "id" : "92WJI76AUBQI9gi_",
          "type" : "Class"
        }
      }, {
        "id" : "S_bJI76AUBQI9gk5",
        "name" : null,
        "description" : null,
        "type" : "Generalization",
        "propertyAssignments" : null,
        "general" : {
          "id" : "M.7RI76AUBQI9gc4",
          "type" : "Class"
        },
        "specific" : {
          "id" : "AIMJI76AUBQI9gh_",
          "type" : "Class"
        }
      }, {
        "id" : "gB7JI76AUBQI9glD",
        "name" : null,
        "description" : null,
        "type" : "Generalization",
        "propertyAssignments" : null,
        "general" : {
          "id" : "M.7RI76AUBQI9gc4",
          "type" : "Class"
        },
        "specific" : {
          "id" : "ZM8JI76AUBQI9giK",
          "type" : "Class"
        }
      }, {
        "id" : "OyrUo76AUBQI9gpG",
        "name" : null,
        "description" : null,
        "type" : "Generalization",
        "propertyAssignments" : null,
        "general" : {
          "id" : "YEmJI76AUBQI9gi0",
          "type" : "Class"
        },
        "specific" : {
          "id" : "MThUo76AUBQI9goO",
          "type" : "Class"
        }
      }, {
        "id" : "efrUo76AUBQI9gpQ",
        "name" : null,
        "description" : null,
        "type" : "Generalization",
        "propertyAssignments" : null,
        "general" : {
          "id" : "YEmJI76AUBQI9gi0",
          "type" : "Class"
        },
        "specific" : {
          "id" : "JTFUo76AUBQI9gof",
          "type" : "Class"
        }
      }, {
        "id" : "kTXUo76AUBQI9gpY",
        "name" : "CSet",
        "description" : null,
        "type" : "GeneralizationSet",
        "propertyAssignments" : null,
        "isDisjoint" : true,
        "isComplete" : true,
        "categorizer" : null,
        "generalizations" : [ {
          "id" : "OyrUo76AUBQI9gpG",
          "type" : "Generalization"
        }, {
          "id" : "efrUo76AUBQI9gpQ",
          "type" : "Generalization"
        } ]
      }, {
        "id" : "ytuRI76AUBQI9ga6",
        "name" : "indirectlyReferencesRecommendation",
        "description" : null,
        "type" : "Relation",
        "propertyAssignments" : null,
        "stereotype" : "formal",
        "isAbstract" : false,
        "isDerived" : false,
        "properties" : [ {
          "id" : "2tuRI76AUBQI9ga8",
          "name" : null,
          "description" : null,
          "type" : "Property",
          "propertyAssignments" : null,
          "stereotype" : null,
          "isDerived" : false,
          "isReadOnly" : false,
          "isOrdered" : false,
          "cardinality" : "1..*",
          "propertyType" : {
            "id" : "Rd5.I76AUBQI9gW5",
            "type" : "Class"
          },
          "subsettedProperties" : null,
          "redefinedProperties" : null,
          "aggregationKind" : "NONE"
        }, {
          "id" : "etuRI76AUBQI9ga_",
          "name" : null,
          "description" : null,
          "type" : "Property",
          "propertyAssignments" : null,
          "stereotype" : null,
          "isDerived" : false,
          "isReadOnly" : false,
          "isOrdered" : false,
          "cardinality" : "1..*",
          "propertyType" : {
            "id" : "pWbhI76AUBQI9gXM",
            "type" : "Class"
          },
          "subsettedProperties" : null,
          "redefinedProperties" : null,
          "aggregationKind" : "NONE"
        } ]
      }, {
        "id" : "7qZRI76AUBQI9gbq",
        "name" : "directlyReferencesRecommendation",
        "description" : null,
        "type" : "Relation",
        "propertyAssignments" : null,
        "stereotype" : "formal",
        "isAbstract" : false,
        "isDerived" : false,
        "properties" : [ {
          "id" : "7qZRI76AUBQI9gbr",
          "name" : null,
          "description" : null,
          "type" : "Property",
          "propertyAssignments" : null,
          "stereotype" : null,
          "isDerived" : false,
          "isReadOnly" : false,
          "isOrdered" : false,
          "cardinality" : "1..*",
          "propertyType" : {
            "id" : "3VvhI76AUBQI9gXX",
            "type" : "Class"
          },
          "subsettedProperties" : null,
          "redefinedProperties" : null,
          "aggregationKind" : "NONE"
        }, {
          "id" : "7qZRI76AUBQI9gbt",
          "name" : null,
          "description" : null,
          "type" : "Property",
          "propertyAssignments" : null,
          "stereotype" : null,
          "isDerived" : false,
          "isReadOnly" : false,
          "isOrdered" : false,
          "cardinality" : "1..*",
          "propertyType" : {
            "id" : "iZQRI76AUBQI9gXi",
            "type" : "Class"
          },
          "subsettedProperties" : null,
          "redefinedProperties" : null,
          "aggregationKind" : "NONE"
        } ]
      }, {
        "id" : "nQuxI76AUBQI9gfp",
        "name" : "publishesVersion",
        "description" : null,
        "type" : "Relation",
        "propertyAssignments" : null,
        "stereotype" : "mediation",
        "isAbstract" : false,
        "isDerived" : false,
        "properties" : [ {
          "id" : "nQuxI76AUBQI9gfq",
          "name" : null,
          "description" : null,
          "type" : "Property",
          "propertyAssignments" : null,
          "stereotype" : null,
          "isDerived" : false,
          "isReadOnly" : false,
          "isOrdered" : false,
          "cardinality" : "1",
          "propertyType" : {
            "id" : "XbXRI76AUBQI9gdF",
            "type" : "Class"
          },
          "subsettedProperties" : null,
          "redefinedProperties" : null,
          "aggregationKind" : "NONE"
        }, {
          "id" : "nQuxI76AUBQI9gfs",
          "name" : null,
          "description" : null,
          "type" : "Property",
          "propertyAssignments" : null,
          "stereotype" : null,
          "isDerived" : false,
          "isReadOnly" : true,
          "isOrdered" : false,
          "cardinality" : "1",
          "propertyType" : {
            "id" : "M.7RI76AUBQI9gc4",
            "type" : "Class"
          },
          "subsettedProperties" : null,
          "redefinedProperties" : null,
          "aggregationKind" : "NONE"
        } ]
      }, {
        "id" : "8ZuxI76AUBQI9gfz",
        "name" : "hasPublication",
        "description" : null,
        "type" : "Relation",
        "propertyAssignments" : null,
        "stereotype" : "mediation",
        "isAbstract" : false,
        "isDerived" : false,
        "properties" : [ {
          "id" : "8ZuxI76AUBQI9gf0",
          "name" : null,
          "description" : null,
          "type" : "Property",
          "propertyAssignments" : null,
          "stereotype" : null,
          "isDerived" : false,
          "isReadOnly" : false,
          "isOrdered" : false,
          "cardinality" : "1..*",
          "propertyType" : {
            "id" : "XbXRI76AUBQI9gdF",
            "type" : "Class"
          },
          "subsettedProperties" : null,
          "redefinedProperties" : null,
          "aggregationKind" : "NONE"
        }, {
          "id" : "8ZuxI76AUBQI9gf2",
          "name" : null,
          "description" : null,
          "type" : "Property",
          "propertyAssignments" : null,
          "stereotype" : null,
          "isDerived" : false,
          "isReadOnly" : true,
          "isOrdered" : false,
          "cardinality" : "1",
          "propertyType" : {
            "id" : "NMvRI76AUBQI9gdS",
            "type" : "Class"
          },
          "subsettedProperties" : null,
          "redefinedProperties" : null,
          "aggregationKind" : "NONE"
        } ]
      }, {
        "id" : "De7xI76AUBQI9gg7",
        "name" : "hasVersion",
        "description" : null,
        "type" : "Relation",
        "propertyAssignments" : null,
        "stereotype" : "material",
        "isAbstract" : false,
        "isDerived" : false,
        "properties" : [ {
          "id" : "De7xI76AUBQI9gg8",
          "name" : null,
          "description" : null,
          "type" : "Property",
          "propertyAssignments" : null,
          "stereotype" : null,
          "isDerived" : false,
          "isReadOnly" : false,
          "isOrdered" : false,
          "cardinality" : "1",
          "propertyType" : {
            "id" : "NMvRI76AUBQI9gdS",
            "type" : "Class"
          },
          "subsettedProperties" : null,
          "redefinedProperties" : null,
          "aggregationKind" : "NONE"
        }, {
          "id" : "De7xI76AUBQI9gg.",
          "name" : null,
          "description" : null,
          "type" : "Property",
          "propertyAssignments" : null,
          "stereotype" : null,
          "isDerived" : false,
          "isReadOnly" : false,
          "isOrdered" : false,
          "cardinality" : "1..*",
          "propertyType" : {
            "id" : "M.7RI76AUBQI9gc4",
            "type" : "Class"
          },
          "subsettedProperties" : null,
          "redefinedProperties" : null,
          "aggregationKind" : "NONE"
        } ]
      }, {
        "id" : "1b7ko76AUBQI9glZ",
        "name" : "hasDefinition",
        "description" : null,
        "type" : "Relation",
        "propertyAssignments" : null,
        "stereotype" : "mediation",
        "isAbstract" : false,
        "isDerived" : false,
        "properties" : [ {
          "id" : "1b7ko76AUBQI9gla",
          "name" : null,
          "description" : null,
          "type" : "Property",
          "propertyAssignments" : null,
          "stereotype" : null,
          "isDerived" : false,
          "isReadOnly" : false,
          "isOrdered" : false,
          "cardinality" : "1..*",
          "propertyType" : {
            "id" : "YIqJI76AUBQI9gij",
            "type" : "Class"
          },
          "subsettedProperties" : null,
          "redefinedProperties" : null,
          "aggregationKind" : "NONE"
        }, {
          "id" : "1b7ko76AUBQI9glc",
          "name" : null,
          "description" : null,
          "type" : "Property",
          "propertyAssignments" : null,
          "stereotype" : null,
          "isDerived" : false,
          "isReadOnly" : true,
          "isOrdered" : false,
          "cardinality" : "1",
          "propertyType" : {
            "id" : "AIMJI76AUBQI9gh_",
            "type" : "Class"
          },
          "subsettedProperties" : null,
          "redefinedProperties" : null,
          "aggregationKind" : "NONE"
        } ]
      }, {
        "id" : "0Ynko76AUBQI9glj",
        "name" : "defines",
        "description" : null,
        "type" : "Relation",
        "propertyAssignments" : null,
        "stereotype" : "mediation",
        "isAbstract" : false,
        "isDerived" : false,
        "properties" : [ {
          "id" : "0Ynko76AUBQI9glk",
          "name" : null,
          "description" : null,
          "type" : "Property",
          "propertyAssignments" : null,
          "stereotype" : null,
          "isDerived" : false,
          "isReadOnly" : false,
          "isOrdered" : false,
          "cardinality" : "1",
          "propertyType" : {
            "id" : "YIqJI76AUBQI9gij",
            "type" : "Class"
          },
          "subsettedProperties" : null,
          "redefinedProperties" : null,
          "aggregationKind" : "NONE"
        }, {
          "id" : "MYnko76AUBQI9glm",
          "name" : null,
          "description" : null,
          "type" : "Property",
          "propertyAssignments" : null,
          "stereotype" : null,
          "isDerived" : false,
          "isReadOnly" : true,
          "isOrdered" : false,
          "cardinality" : "1",
          "propertyType" : {
            "id" : "YEmJI76AUBQI9gi0",
            "type" : "Class"
          },
          "subsettedProperties" : null,
          "redefinedProperties" : null,
          "aggregationKind" : "NONE"
        } ]
      }, {
        "id" : "VlUUo76AUBQI9gm6",
        "name" : "referencesConcept",
        "description" : null,
        "type" : "Relation",
        "propertyAssignments" : null,
        "stereotype" : "formal",
        "isAbstract" : false,
        "isDerived" : false,
        "properties" : [ {
          "id" : "VlUUo76AUBQI9gm7",
          "name" : null,
          "description" : null,
          "type" : "Property",
          "propertyAssignments" : null,
          "stereotype" : null,
          "isDerived" : false,
          "isReadOnly" : false,
          "isOrdered" : false,
          "cardinality" : "1..*",
          "propertyType" : {
            "id" : "ZM8JI76AUBQI9giK",
            "type" : "Class"
          },
          "subsettedProperties" : null,
          "redefinedProperties" : null,
          "aggregationKind" : "NONE"
        }, {
          "id" : "1lUUo76AUBQI9gm9",
          "name" : null,
          "description" : null,
          "type" : "Property",
          "propertyAssignments" : null,
          "stereotype" : null,
          "isDerived" : false,
          "isReadOnly" : false,
          "isOrdered" : false,
          "cardinality" : "1..*",
          "propertyType" : {
            "id" : "92WJI76AUBQI9gi_",
            "type" : "Class"
          },
          "subsettedProperties" : null,
          "redefinedProperties" : null,
          "aggregationKind" : "NONE"
        } ]
      }, {
        "id" : "0ySUo76AUBQI9gna",
        "name" : "usesConcept",
        "description" : null,
        "type" : "Relation",
        "propertyAssignments" : null,
        "stereotype" : "material",
        "isAbstract" : false,
        "isDerived" : false,
        "properties" : [ {
          "id" : "0ySUo76AUBQI9gnb",
          "name" : null,
          "description" : null,
          "type" : "Property",
          "propertyAssignments" : null,
          "stereotype" : null,
          "isDerived" : false,
          "isReadOnly" : false,
          "isOrdered" : false,
          "cardinality" : "1..*",
          "propertyType" : {
            "id" : "M.7RI76AUBQI9gc4",
            "type" : "Class"
          },
          "subsettedProperties" : null,
          "redefinedProperties" : null,
          "aggregationKind" : "NONE"
        }, {
          "id" : "MySUo76AUBQI9gnd",
          "name" : null,
          "description" : null,
          "type" : "Property",
          "propertyAssignments" : null,
          "stereotype" : null,
          "isDerived" : false,
          "isReadOnly" : false,
          "isOrdered" : false,
          "cardinality" : "1..*",
          "propertyType" : {
            "id" : "YEmJI76AUBQI9gi0",
            "type" : "Class"
          },
          "subsettedProperties" : null,
          "redefinedProperties" : null,
          "aggregationKind" : "NONE"
        } ]
      }, {
        "id" : "b0YJI76AUBQI9ghs",
        "name" : null,
        "description" : null,
        "type" : "Relation",
        "propertyAssignments" : null,
        "stereotype" : "derivation",
        "isAbstract" : false,
        "isDerived" : true,
        "properties" : [ {
          "id" : "6a2ad66e-2171-49e7-a52d-ff943a1104cf",
          "name" : null,
          "description" : null,
          "type" : "Property",
          "propertyAssignments" : null,
          "stereotype" : null,
          "isDerived" : false,
          "isReadOnly" : false,
          "isOrdered" : false,
          "cardinality" : "1",
          "propertyType" : {
            "id" : "XbXRI76AUBQI9gdF",
            "type" : "Class"
          },
          "subsettedProperties" : null,
          "redefinedProperties" : null,
          "aggregationKind" : null
        }, {
          "id" : "33fce71f-c7f2-4e53-85d5-2613c37ea0fc",
          "name" : null,
          "description" : null,
          "type" : "Property",
          "propertyAssignments" : null,
          "stereotype" : null,
          "isDerived" : false,
          "isReadOnly" : false,
          "isOrdered" : false,
          "cardinality" : "1",
          "propertyType" : {
            "id" : "De7xI76AUBQI9gg7",
            "type" : "Relation"
          },
          "subsettedProperties" : null,
          "redefinedProperties" : null,
          "aggregationKind" : null
        } ]
      } ]
    }, {
      "id" : "858.I76AUBQI9gBS",
      "name" : "char",
      "description" : null,
      "type" : "Class",
      "propertyAssignments" : null,
      "stereotype" : "datatype",
      "isAbstract" : false,
      "isDerived" : false,
      "properties" : null,
      "isExtensional" : null,
      "isPowertype" : null,
      "order" : null,
      "literals" : null,
      "restrictedTo" : [ "abstract" ]
    }, {
      "id" : "C58.I76AUBQI9gBV",
      "name" : "int",
      "description" : null,
      "type" : "Class",
      "propertyAssignments" : null,
      "stereotype" : "datatype",
      "isAbstract" : false,
      "isDerived" : false,
      "properties" : null,
      "isExtensional" : null,
      "isPowertype" : null,
      "order" : null,
      "literals" : null,
      "restrictedTo" : [ "abstract" ]
    } ]
  },
  "diagrams" : [ {
    "id" : ".1u.I76AUBQI9gWl",
    "name" : "Recommendation Ontology",
    "description" : null,
    "type" : "Diagram",
    "owner" : {
      "id" : "pkm.I76AUBQI9gWf",
      "type" : "Package"
    },
    "contents" : [ {
      "id" : "KkmRI76AUBQI9gaa",
      "type" : "GeneralizationView",
      "modelElement" : {
        "id" : "CkmRI76AUBQI9gaZ",
        "type" : "Generalization"
      },
      "shape" : {
        "id" : "KkmRI76AUBQI9gaa_path",
        "type" : "Path",
        "points" : [ {
          "x" : 795,
          "y" : 260
        }, {
          "x" : 795,
          "y" : 141
        } ]
      },
      "source" : {
        "id" : "iZQRI76AUBQI9gXh",
        "type" : "ClassView"
      },
      "target" : {
        "id" : "JWbhI76AUBQI9gXL",
        "type" : "ClassView"
      }
    }, {
      "id" : "YT6xI76AUBQI9gfQ",
      "type" : "GeneralizationView",
      "modelElement" : {
        "id" : "QT6xI76AUBQI9gfP",
        "type" : "Generalization"
      },
      "shape" : {
        "id" : "YT6xI76AUBQI9gfQ_path",
        "type" : "Path",
        "points" : [ {
          "x" : 725,
          "y" : 463
        }, {
          "x" : 625,
          "y" : 463
        } ]
      },
      "source" : {
        "id" : "M.7RI76AUBQI9gc3",
        "type" : "ClassView"
      },
      "target" : {
        "id" : "gZ0RI76AUBQI9gX6",
        "type" : "ClassView"
      }
    }, {
      "id" : "FfrUo76AUBQI9gpR",
      "type" : "GeneralizationView",
      "modelElement" : {
        "id" : "efrUo76AUBQI9gpQ",
        "type" : "Generalization"
      },
      "shape" : {
        "id" : "FfrUo76AUBQI9gpR_path",
        "type" : "Path",
        "points" : [ {
          "x" : 662,
          "y" : 967
        }, {
          "x" : 662,
          "y" : 1038
        }, {
          "x" : 795,
          "y" : 1038
        }, {
          "x" : 795,
          "y" : 1091
        } ]
      },
      "source" : {
        "id" : "oEmJI76AUBQI9giz",
        "type" : "ClassView"
      },
      "target" : {
        "id" : "JTFUo76AUBQI9goe",
        "type" : "ClassView"
      }
    }, {
      "id" : "ud5.I76AUBQI9gW4",
      "type" : "ClassView",
      "modelElement" : {
        "id" : "Rd5.I76AUBQI9gW5",
        "type" : "Class"
      },
      "shape" : {
        "id" : "ud5.I76AUBQI9gW4_shape",
        "type" : "Rectangle",
        "x" : 366,
        "y" : 57,
        "width" : 146,
        "height" : 83
      }
    }, {
      "id" : ".UtxI76AUBQI9ggK",
      "type" : "RelationView",
      "modelElement" : {
        "id" : "8ZuxI76AUBQI9gfz",
        "type" : "Relation"
      },
      "shape" : {
        "id" : ".UtxI76AUBQI9ggK_path",
        "type" : "Path",
        "points" : [ {
          "x" : 1101,
          "y" : 374
        }, {
          "x" : 1268,
          "y" : 374
        }, {
          "x" : 1268,
          "y" : 441
        } ]
      },
      "source" : {
        "id" : "XbXRI76AUBQI9gdE",
        "type" : "ClassView"
      },
      "target" : {
        "id" : "NMvRI76AUBQI9gdR",
        "type" : "ClassView"
      }
    }, {
      "id" : "fQuxI76AUBQI9gfu",
      "type" : "RelationView",
      "modelElement" : {
        "id" : "nQuxI76AUBQI9gfp",
        "type" : "Relation"
      },
      "shape" : {
        "id" : "fQuxI76AUBQI9gfu_path",
        "type" : "Path",
        "points" : [ {
          "x" : 955,
          "y" : 374
        }, {
          "x" : 848,
          "y" : 374
        }, {
          "x" : 848,
          "y" : 441
        } ]
      },
      "source" : {
        "id" : "XbXRI76AUBQI9gdE",
        "type" : "ClassView"
      },
      "target" : {
        "id" : "M.7RI76AUBQI9gc3",
        "type" : "ClassView"
      }
    }, {
      "id" : "oEmJI76AUBQI9giz",
      "type" : "ClassView",
      "modelElement" : {
        "id" : "YEmJI76AUBQI9gi0",
        "type" : "Class"
      },
      "shape" : {
        "id" : "oEmJI76AUBQI9giz_shape",
        "type" : "Rectangle",
        "x" : 587,
        "y" : 883,
        "width" : 146,
        "height" : 83
      }
    }, {
      "id" : "XVvhI76AUBQI9gXW",
      "type" : "ClassView",
      "modelElement" : {
        "id" : "3VvhI76AUBQI9gXX",
        "type" : "Class"
      },
      "shape" : {
        "id" : "XVvhI76AUBQI9gXW_shape",
        "type" : "Rectangle",
        "x" : 366,
        "y" : 260,
        "width" : 146,
        "height" : 82
      }
    }, {
      "id" : "VtuRI76AUBQI9gbB",
      "type" : "RelationView",
      "modelElement" : {
        "id" : "ytuRI76AUBQI9ga6",
        "type" : "Relation"
      },
      "shape" : {
        "id" : "VtuRI76AUBQI9gbB_path",
        "type" : "Path",
        "points" : [ {
          "x" : 511,
          "y" : 96
        }, {
          "x" : 725,
          "y" : 96
        } ]
      },
      "source" : {
        "id" : "ud5.I76AUBQI9gW4",
        "type" : "ClassView"
      },
      "target" : {
        "id" : "JWbhI76AUBQI9gXL",
        "type" : "ClassView"
      }
    }, {
      "id" : "ujixI76AUBQI9ge4",
      "type" : "GeneralizationView",
      "modelElement" : {
        "id" : "mjixI76AUBQI9ge3",
        "type" : "Generalization"
      },
      "shape" : {
        "id" : "ujixI76AUBQI9ge4_path",
        "type" : "Path",
        "points" : [ {
          "x" : 795,
          "y" : 441
        }, {
          "x" : 795,
          "y" : 343
        } ]
      },
      "source" : {
        "id" : "M.7RI76AUBQI9gc3",
        "type" : "ClassView"
      },
      "target" : {
        "id" : "iZQRI76AUBQI9gXh",
        "type" : "ClassView"
      }
    }, {
      "id" : "Xh4RI76AUBQI9gXv",
      "type" : "ClassView",
      "modelElement" : {
        "id" : "Xh4RI76AUBQI9gXw",
        "type" : "Class"
      },
      "shape" : {
        "id" : "Xh4RI76AUBQI9gXv_shape",
        "type" : "Rectangle",
        "x" : 195,
        "y" : 373,
        "width" : 146,
        "height" : 83
      }
    }, {
      "id" : "re7xI76AUBQI9ghA",
      "type" : "RelationView",
      "modelElement" : {
        "id" : "De7xI76AUBQI9gg7",
        "type" : "Relation"
      },
      "shape" : {
        "id" : "re7xI76AUBQI9ghA_path",
        "type" : "Path",
        "points" : [ {
          "x" : 1189,
          "y" : 471
        }, {
          "x" : 871,
          "y" : 471
        } ]
      },
      "source" : {
        "id" : "NMvRI76AUBQI9gdR",
        "type" : "ClassView"
      },
      "target" : {
        "id" : "M.7RI76AUBQI9gc3",
        "type" : "ClassView"
      }
    }, {
      "id" : "yYWRI76AUBQI9gak",
      "type" : "GeneralizationView",
      "modelElement" : {
        "id" : "CYWRI76AUBQI9gaj",
        "type" : "Generalization"
      },
      "shape" : {
        "id" : "yYWRI76AUBQI9gak_path",
        "type" : "Path",
        "points" : [ {
          "x" : 365,
          "y" : 298
        }, {
          "x" : 261,
          "y" : 298
        }, {
          "x" : 261,
          "y" : 373
        } ]
      },
      "source" : {
        "id" : "XVvhI76AUBQI9gXW",
        "type" : "ClassView"
      },
      "target" : {
        "id" : "Xh4RI76AUBQI9gXv",
        "type" : "ClassView"
      }
    }, {
      "id" : "HlUUo76AUBQI9gm_",
      "type" : "RelationView",
      "modelElement" : {
        "id" : "VlUUo76AUBQI9gm6",
        "type" : "Relation"
      },
      "shape" : {
        "id" : "HlUUo76AUBQI9gm__path",
        "type" : "Path",
        "points" : [ {
          "x" : 941,
          "y" : 690
        }, {
          "x" : 941,
          "y" : 883
        } ]
      },
      "source" : {
        "id" : "ZM8JI76AUBQI9giJ",
        "type" : "ClassView"
      },
      "target" : {
        "id" : "92WJI76AUBQI9gi.",
        "type" : "ClassView"
      }
    }, {
      "id" : "IMYJI76AUBQI9ght",
      "type" : "RelationView",
      "modelElement" : {
        "id" : "b0YJI76AUBQI9ghs",
        "type" : "Relation"
      },
      "shape" : {
        "id" : "IMYJI76AUBQI9ght_path",
        "type" : "Path",
        "points" : [ {
          "x" : 1033,
          "y" : 416
        }, {
          "x" : 1033,
          "y" : 471
        } ]
      },
      "source" : {
        "id" : "XbXRI76AUBQI9gdE",
        "type" : "ClassView"
      },
      "target" : {
        "id" : "re7xI76AUBQI9ghA",
        "type" : "RelationView"
      }
    }, {
      "id" : "u_bJI76AUBQI9gk6",
      "type" : "GeneralizationView",
      "modelElement" : {
        "id" : "S_bJI76AUBQI9gk5",
        "type" : "Generalization"
      },
      "shape" : {
        "id" : "u_bJI76AUBQI9gk6_path",
        "type" : "Path",
        "points" : [ {
          "x" : 794,
          "y" : 524
        }, {
          "x" : 794,
          "y" : 573
        }, {
          "x" : 661,
          "y" : 573
        }, {
          "x" : 661,
          "y" : 606
        } ]
      },
      "source" : {
        "id" : "M.7RI76AUBQI9gc3",
        "type" : "ClassView"
      },
      "target" : {
        "id" : "_wMJI76AUBQI9gh.",
        "type" : "ClassView"
      }
    }, {
      "id" : "JTFUo76AUBQI9goe",
      "type" : "ClassView",
      "modelElement" : {
        "id" : "JTFUo76AUBQI9gof",
        "type" : "Class"
      },
      "shape" : {
        "id" : "JTFUo76AUBQI9goe_shape",
        "type" : "Rectangle",
        "x" : 717,
        "y" : 1091,
        "width" : 146,
        "height" : 82
      }
    }, {
      "id" : "JWbhI76AUBQI9gXL",
      "type" : "ClassView",
      "modelElement" : {
        "id" : "pWbhI76AUBQI9gXM",
        "type" : "Class"
      },
      "shape" : {
        "id" : "JWbhI76AUBQI9gXL_shape",
        "type" : "Rectangle",
        "x" : 726,
        "y" : 57,
        "width" : 146,
        "height" : 83
      }
    }, {
      "id" : "0ThUo76AUBQI9goN",
      "type" : "ClassView",
      "modelElement" : {
        "id" : "MThUo76AUBQI9goO",
        "type" : "Class"
      },
      "shape" : {
        "id" : "0ThUo76AUBQI9goN_shape",
        "type" : "Rectangle",
        "x" : 457,
        "y" : 1091,
        "width" : 146,
        "height" : 82
      }
    }, {
      "id" : "XbXRI76AUBQI9gdE",
      "type" : "ClassView",
      "modelElement" : {
        "id" : "XbXRI76AUBQI9gdF",
        "type" : "Class"
      },
      "shape" : {
        "id" : "XbXRI76AUBQI9gdE_shape",
        "type" : "Rectangle",
        "x" : 955,
        "y" : 333,
        "width" : 146,
        "height" : 83
      }
    }, {
      "id" : "NMvRI76AUBQI9gdR",
      "type" : "ClassView",
      "modelElement" : {
        "id" : "NMvRI76AUBQI9gdS",
        "type" : "Class"
      },
      "shape" : {
        "id" : "NMvRI76AUBQI9gdR_shape",
        "type" : "Rectangle",
        "x" : 1190,
        "y" : 442,
        "width" : 146,
        "height" : 82
      }
    }, {
      "id" : "_wMJI76AUBQI9gh.",
      "type" : "ClassView",
      "modelElement" : {
        "id" : "AIMJI76AUBQI9gh_",
        "type" : "Class"
      },
      "shape" : {
        "id" : "_wMJI76AUBQI9gh._shape",
        "type" : "Rectangle",
        "x" : 587,
        "y" : 607,
        "width" : 146,
        "height" : 82
      }
    }, {
      "id" : "M.7RI76AUBQI9gc3",
      "type" : "ClassView",
      "modelElement" : {
        "id" : "M.7RI76AUBQI9gc4",
        "type" : "Class"
      },
      "shape" : {
        "id" : "M.7RI76AUBQI9gc3_shape",
        "type" : "Rectangle",
        "x" : 726,
        "y" : 442,
        "width" : 146,
        "height" : 82
      }
    }, {
      "id" : "92WJI76AUBQI9gi.",
      "type" : "ClassView",
      "modelElement" : {
        "id" : "92WJI76AUBQI9gi_",
        "type" : "Class"
      },
      "shape" : {
        "id" : "92WJI76AUBQI9gi._shape",
        "type" : "Rectangle",
        "x" : 865,
        "y" : 883,
        "width" : 146,
        "height" : 83
      }
    }, {
      "id" : "ZM8JI76AUBQI9giJ",
      "type" : "ClassView",
      "modelElement" : {
        "id" : "ZM8JI76AUBQI9giK",
        "type" : "Class"
      },
      "shape" : {
        "id" : "ZM8JI76AUBQI9giJ_shape",
        "type" : "Rectangle",
        "x" : 865,
        "y" : 607,
        "width" : 146,
        "height" : 82
      }
    }, {
      "id" : "4xGRI76AUBQI9gaQ",
      "type" : "GeneralizationView",
      "modelElement" : {
        "id" : "nRGRI76AUBQI9gaP",
        "type" : "Generalization"
      },
      "shape" : {
        "id" : "4xGRI76AUBQI9gaQ_path",
        "type" : "Path",
        "points" : [ {
          "x" : 433,
          "y" : 260
        }, {
          "x" : 433,
          "y" : 141
        } ]
      },
      "source" : {
        "id" : "XVvhI76AUBQI9gXW",
        "type" : "ClassView"
      },
      "target" : {
        "id" : "ud5.I76AUBQI9gW4",
        "type" : "ClassView"
      }
    }, {
      "id" : "1TXUo76AUBQI9gpa",
      "type" : "GeneralizationSetView",
      "modelElement" : {
        "id" : "kTXUo76AUBQI9gpY",
        "type" : "GeneralizationSet"
      },
      "shape" : {
        "id" : "1TXUo76AUBQI9gpa_shape",
        "type" : "Text",
        "x" : 681,
        "y" : 982,
        "width" : 65,
        "height" : 45,
        "value" : ""
      }
    }, {
      "id" : "xkbJI76AUBQI9gkw",
      "type" : "GeneralizationView",
      "modelElement" : {
        "id" : "mkbJI76AUBQI9gkv",
        "type" : "Generalization"
      },
      "shape" : {
        "id" : "xkbJI76AUBQI9gkw_path",
        "type" : "Path",
        "points" : [ {
          "x" : 735,
          "y" : 930
        }, {
          "x" : 865,
          "y" : 930
        } ]
      },
      "source" : {
        "id" : "oEmJI76AUBQI9giz",
        "type" : "ClassView"
      },
      "target" : {
        "id" : "92WJI76AUBQI9gi.",
        "type" : "ClassView"
      }
    }, {
      "id" : "aYnko76AUBQI9glo",
      "type" : "RelationView",
      "modelElement" : {
        "id" : "0Ynko76AUBQI9glj",
        "type" : "Relation"
      },
      "shape" : {
        "id" : "aYnko76AUBQI9glo_path",
        "type" : "Path",
        "points" : [ {
          "x" : 468,
          "y" : 823
        }, {
          "x" : 468,
          "y" : 918
        }, {
          "x" : 588,
          "y" : 918
        } ]
      },
      "source" : {
        "id" : "YIqJI76AUBQI9gii",
        "type" : "ClassView"
      },
      "target" : {
        "id" : "oEmJI76AUBQI9giz",
        "type" : "ClassView"
      }
    }, {
      "id" : "gZ0RI76AUBQI9gX6",
      "type" : "ClassView",
      "modelElement" : {
        "id" : "gZ0RI76AUBQI9gX7",
        "type" : "Class"
      },
      "shape" : {
        "id" : "gZ0RI76AUBQI9gX6_shape",
        "type" : "Rectangle",
        "x" : 478,
        "y" : 417,
        "width" : 146,
        "height" : 82
      }
    }, {
      "id" : "YIqJI76AUBQI9gii",
      "type" : "ClassView",
      "modelElement" : {
        "id" : "YIqJI76AUBQI9gij",
        "type" : "Class"
      },
      "shape" : {
        "id" : "YIqJI76AUBQI9gii_shape",
        "type" : "Rectangle",
        "x" : 396,
        "y" : 741,
        "width" : 146,
        "height" : 82
      }
    }, {
      "id" : "ZyrUo76AUBQI9gpH",
      "type" : "GeneralizationView",
      "modelElement" : {
        "id" : "OyrUo76AUBQI9gpG",
        "type" : "Generalization"
      },
      "shape" : {
        "id" : "ZyrUo76AUBQI9gpH_path",
        "type" : "Path",
        "points" : [ {
          "x" : 662,
          "y" : 967
        }, {
          "x" : 662,
          "y" : 1038
        }, {
          "x" : 522,
          "y" : 1038
        }, {
          "x" : 522,
          "y" : 1092
        } ]
      },
      "source" : {
        "id" : "oEmJI76AUBQI9giz",
        "type" : "ClassView"
      },
      "target" : {
        "id" : "0ThUo76AUBQI9goN",
        "type" : "ClassView"
      }
    }, {
      "id" : "mySUo76AUBQI9gnf",
      "type" : "RelationView",
      "modelElement" : {
        "id" : "0ySUo76AUBQI9gna",
        "type" : "Relation"
      },
      "shape" : {
        "id" : "mySUo76AUBQI9gnf_path",
        "type" : "Path",
        "points" : [ {
          "x" : 725,
          "y" : 514
        }, {
          "x" : 308,
          "y" : 514
        }, {
          "x" : 308,
          "y" : 944
        }, {
          "x" : 588,
          "y" : 944
        } ]
      },
      "source" : {
        "id" : "M.7RI76AUBQI9gc3",
        "type" : "ClassView"
      },
      "target" : {
        "id" : "oEmJI76AUBQI9giz",
        "type" : "ClassView"
      }
    }, {
      "id" : "kB7JI76AUBQI9glE",
      "type" : "GeneralizationView",
      "modelElement" : {
        "id" : "gB7JI76AUBQI9glD",
        "type" : "Generalization"
      },
      "shape" : {
        "id" : "kB7JI76AUBQI9glE_path",
        "type" : "Path",
        "points" : [ {
          "x" : 795,
          "y" : 524
        }, {
          "x" : 795,
          "y" : 573
        }, {
          "x" : 938,
          "y" : 573
        }, {
          "x" : 938,
          "y" : 606
        } ]
      },
      "source" : {
        "id" : "M.7RI76AUBQI9gc3",
        "type" : "ClassView"
      },
      "target" : {
        "id" : "ZM8JI76AUBQI9giJ",
        "type" : "ClassView"
      }
    }, {
      "id" : "Hb7ko76AUBQI9gle",
      "type" : "RelationView",
      "modelElement" : {
        "id" : "1b7ko76AUBQI9glZ",
        "type" : "Relation"
      },
      "shape" : {
        "id" : "Hb7ko76AUBQI9gle_path",
        "type" : "Path",
        "points" : [ {
          "x" : 468,
          "y" : 740
        }, {
          "x" : 468,
          "y" : 648
        }, {
          "x" : 588,
          "y" : 648
        } ]
      },
      "source" : {
        "id" : "YIqJI76AUBQI9gii",
        "type" : "ClassView"
      },
      "target" : {
        "id" : "_wMJI76AUBQI9gh.",
        "type" : "ClassView"
      }
    }, {
      "id" : "PqZRI76AUBQI9gbv",
      "type" : "RelationView",
      "modelElement" : {
        "id" : "7qZRI76AUBQI9gbq",
        "type" : "Relation"
      },
      "shape" : {
        "id" : "PqZRI76AUBQI9gbv_path",
        "type" : "Path",
        "points" : [ {
          "x" : 511,
          "y" : 293
        }, {
          "x" : 725,
          "y" : 293
        } ]
      },
      "source" : {
        "id" : "XVvhI76AUBQI9gXW",
        "type" : "ClassView"
      },
      "target" : {
        "id" : "iZQRI76AUBQI9gXh",
        "type" : "ClassView"
      }
    }, {
      "id" : "KUCxI76AUBQI9gek",
      "type" : "GeneralizationView",
      "modelElement" : {
        "id" : "CUCxI76AUBQI9gej",
        "type" : "Generalization"
      },
      "shape" : {
        "id" : "KUCxI76AUBQI9gek_path",
        "type" : "Path",
        "points" : [ {
          "x" : 795,
          "y" : 441
        }, {
          "x" : 795,
          "y" : 390
        }, {
          "x" : 438,
          "y" : 390
        }, {
          "x" : 438,
          "y" : 343
        } ]
      },
      "source" : {
        "id" : "M.7RI76AUBQI9gc3",
        "type" : "ClassView"
      },
      "target" : {
        "id" : "XVvhI76AUBQI9gXW",
        "type" : "ClassView"
      }
    }, {
      "id" : "iZQRI76AUBQI9gXh",
      "type" : "ClassView",
      "modelElement" : {
        "id" : "iZQRI76AUBQI9gXi",
        "type" : "Class"
      },
      "shape" : {
        "id" : "iZQRI76AUBQI9gXh_shape",
        "type" : "Rectangle",
        "x" : 726,
        "y" : 260,
        "width" : 146,
        "height" : 82
      }
    } ]
  } ]
}