{
  "id" : "pF91nb6AUB0E2QWf",
  "name" : "vrepa2021digital",
  "description" : null,
  "type" : "Project",
  "model" : {
    "id" : "pF91nb6AUB0E2QWf_root",
    "name" : "vrepa2021digital",
    "description" : null,
    "type" : "Package",
    "propertyAssignments" : null,
    "contents" : [ {
      "id" : "P.CNnb6AUB0E2Qnr",
      "name" : "PA Client",
      "description" : null,
      "type" : "Class",
      "propertyAssignments" : null,
      "stereotype" : "kind",
      "isAbstract" : false,
      "isDerived" : false,
      "properties" : null,
      "isExtensional" : null,
      "isPowertype" : null,
      "order" : null,
      "literals" : null,
      "restrictedTo" : [ "functional-complex" ]
    }, {
      "id" : "2n6Nnb6AUB0E2QoA",
      "name" : "Company",
      "description" : null,
      "type" : "Class",
      "propertyAssignments" : null,
      "stereotype" : "subkind",
      "isAbstract" : false,
      "isDerived" : false,
      "properties" : null,
      "isExtensional" : false,
      "isPowertype" : null,
      "order" : null,
      "literals" : null,
      "restrictedTo" : [ "functional-complex" ]
    }, {
      "id" : "U52Nnb6AUB0E2QoM",
      "name" : "Citizen",
      "description" : null,
      "type" : "Class",
      "propertyAssignments" : null,
      "stereotype" : "subkind",
      "isAbstract" : false,
      "isDerived" : false,
      "properties" : null,
      "isExtensional" : false,
      "isPowertype" : null,
      "order" : null,
      "literals" : null,
      "restrictedTo" : [ "functional-complex" ]
    }, {
      "id" : "jkhNnb6AUB0E2Qoc",
      "name" : "Enterpreneur",
      "description" : null,
      "type" : "Class",
      "propertyAssignments" : null,
      "stereotype" : "role",
      "isAbstract" : false,
      "isDerived" : false,
      "properties" : null,
      "isExtensional" : false,
      "isPowertype" : null,
      "order" : null,
      "literals" : null,
      "restrictedTo" : null
    }, {
      "id" : "GF5Nnb6AUB0E2Qo8",
      "name" : "Company Pensioner",
      "description" : null,
      "type" : "Class",
      "propertyAssignments" : null,
      "stereotype" : "role",
      "isAbstract" : false,
      "isDerived" : false,
      "properties" : null,
      "isExtensional" : false,
      "isPowertype" : null,
      "order" : null,
      "literals" : null,
      "restrictedTo" : null
    }, {
      "id" : "nH1Nnb6AUB0E2QpO",
      "name" : "Employee",
      "description" : null,
      "type" : "Class",
      "propertyAssignments" : null,
      "stereotype" : "role",
      "isAbstract" : false,
      "isDerived" : false,
      "properties" : null,
      "isExtensional" : false,
      "isPowertype" : null,
      "order" : null,
      "literals" : null,
      "restrictedTo" : null
    }, {
      "id" : "0sKznb6AUB0E2QuN",
      "name" : "Citizen�s Role",
      "description" : null,
      "type" : "Class",
      "propertyAssignments" : {
        "Concerns" : null,
        "Languages" : null,
        "Methods" : null,
        "Purpose" : null,
        "Stakeholders" : null
      },
      "stereotype" : "viewpoint",
      "isAbstract" : false,
      "isDerived" : false,
      "properties" : null,
      "isExtensional" : null,
      "isPowertype" : null,
      "order" : null,
      "literals" : null,
      "restrictedTo" : null
    }, {
      "id" : "KKHznb6AUB0E2Qvk",
      "name" : "Old Age Pensioner",
      "description" : null,
      "type" : "Class",
      "propertyAssignments" : null,
      "stereotype" : "role",
      "isAbstract" : false,
      "isDerived" : false,
      "properties" : null,
      "isExtensional" : false,
      "isPowertype" : null,
      "order" : null,
      "literals" : null,
      "restrictedTo" : null
    }, {
      "id" : "PCkLnb6AUB0E2Qv4",
      "name" : "Student",
      "description" : null,
      "type" : "Class",
      "propertyAssignments" : null,
      "stereotype" : "role",
      "isAbstract" : false,
      "isDerived" : false,
      "properties" : null,
      "isExtensional" : false,
      "isPowertype" : null,
      "order" : null,
      "literals" : null,
      "restrictedTo" : null
    }, {
      "id" : "Q6vLnb6AUB0E2QxW",
      "name" : "Secondary School Student",
      "description" : null,
      "type" : "Class",
      "propertyAssignments" : null,
      "stereotype" : "phase",
      "isAbstract" : false,
      "isDerived" : false,
      "properties" : null,
      "isExtensional" : false,
      "isPowertype" : null,
      "order" : null,
      "literals" : null,
      "restrictedTo" : null
    }, {
      "id" : "rJornb6AUB0E2Qxp",
      "name" : "Bachelor Degree Student",
      "description" : null,
      "type" : "Class",
      "propertyAssignments" : null,
      "stereotype" : "phase",
      "isAbstract" : false,
      "isDerived" : false,
      "properties" : null,
      "isExtensional" : false,
      "isPowertype" : null,
      "order" : null,
      "literals" : null,
      "restrictedTo" : null
    }, {
      "id" : "rhsrnb6AUB0E2Qx9",
      "name" : "On an Exchange Stay",
      "description" : null,
      "type" : "Class",
      "propertyAssignments" : null,
      "stereotype" : "phase",
      "isAbstract" : false,
      "isDerived" : false,
      "properties" : null,
      "isExtensional" : false,
      "isPowertype" : null,
      "order" : null,
      "literals" : null,
      "restrictedTo" : null
    }, {
      "id" : "Zn6rnb6AUB0E2QyV",
      "name" : "Master Degree Student",
      "description" : null,
      "type" : "Class",
      "propertyAssignments" : null,
      "stereotype" : "phase",
      "isAbstract" : false,
      "isDerived" : false,
      "properties" : null,
      "isExtensional" : false,
      "isPowertype" : null,
      "order" : null,
      "literals" : null,
      "restrictedTo" : null
    }, {
      "id" : "K9ernb6AUB0E2Qyh",
      "name" : "Study Interrupted",
      "description" : null,
      "type" : "Class",
      "propertyAssignments" : null,
      "stereotype" : "phase",
      "isAbstract" : false,
      "isDerived" : false,
      "properties" : null,
      "isExtensional" : false,
      "isPowertype" : null,
      "order" : null,
      "literals" : null,
      "restrictedTo" : null
    }, {
      "id" : "8M9rnb6AUB0E2Qyw",
      "name" : "Doctoral Degree Student",
      "description" : null,
      "type" : "Class",
      "propertyAssignments" : null,
      "stereotype" : "phase",
      "isAbstract" : false,
      "isDerived" : false,
      "properties" : null,
      "isExtensional" : false,
      "isPowertype" : null,
      "order" : null,
      "literals" : null,
      "restrictedTo" : null
    }, {
      "id" : "OA.bnb6AUB0E2Q0d",
      "name" : "Offspring",
      "description" : null,
      "type" : "Class",
      "propertyAssignments" : null,
      "stereotype" : "role",
      "isAbstract" : false,
      "isDerived" : false,
      "properties" : null,
      "isExtensional" : false,
      "isPowertype" : null,
      "order" : null,
      "literals" : null,
      "restrictedTo" : null
    }, {
      "id" : "OSxbnb6AUB0E2Q0v",
      "name" : "Parent",
      "description" : null,
      "type" : "Class",
      "propertyAssignments" : null,
      "stereotype" : "role",
      "isAbstract" : false,
      "isDerived" : false,
      "properties" : null,
      "isExtensional" : false,
      "isPowertype" : null,
      "order" : null,
      "literals" : null,
      "restrictedTo" : null
    }, {
      "id" : "uHpbnb6AUB0E2Q1B",
      "name" : "Parenthood",
      "description" : null,
      "type" : "Class",
      "propertyAssignments" : null,
      "stereotype" : "relator",
      "isAbstract" : false,
      "isDerived" : false,
      "properties" : null,
      "isExtensional" : null,
      "isPowertype" : null,
      "order" : null,
      "literals" : null,
      "restrictedTo" : [ "relator" ]
    }, {
      "id" : "gfVHnb6AUB0E2Q4w",
      "name" : "Child",
      "description" : null,
      "type" : "Class",
      "propertyAssignments" : null,
      "stereotype" : "phase",
      "isAbstract" : false,
      "isDerived" : false,
      "properties" : null,
      "isExtensional" : false,
      "isPowertype" : null,
      "order" : null,
      "literals" : null,
      "restrictedTo" : [ "functional-complex" ]
    }, {
      "id" : "FltHnb6AUB0E2Q4_",
      "name" : "Pupil",
      "description" : null,
      "type" : "Class",
      "propertyAssignments" : null,
      "stereotype" : "phase",
      "isAbstract" : false,
      "isDerived" : false,
      "properties" : null,
      "isExtensional" : false,
      "isPowertype" : null,
      "order" : null,
      "literals" : null,
      "restrictedTo" : [ "functional-complex" ]
    }, {
      "id" : "s.DHnb6AUB0E2Q5R",
      "name" : "Employed",
      "description" : null,
      "type" : "Class",
      "propertyAssignments" : null,
      "stereotype" : "phase",
      "isAbstract" : false,
      "isDerived" : false,
      "properties" : null,
      "isExtensional" : false,
      "isPowertype" : null,
      "order" : null,
      "literals" : null,
      "restrictedTo" : [ "functional-complex" ]
    }, {
      "id" : "8A7Hnb6AUB0E2Q5s",
      "name" : "Unemployed",
      "description" : null,
      "type" : "Class",
      "propertyAssignments" : null,
      "stereotype" : "phase",
      "isAbstract" : false,
      "isDerived" : false,
      "properties" : null,
      "isExtensional" : false,
      "isPowertype" : null,
      "order" : null,
      "literals" : null,
      "restrictedTo" : [ "functional-complex" ]
    }, {
      "id" : "taPHnb6AUB0E2Q5.",
      "name" : "Senior",
      "description" : null,
      "type" : "Class",
      "propertyAssignments" : null,
      "stereotype" : "phase",
      "isAbstract" : false,
      "isDerived" : false,
      "properties" : null,
      "isExtensional" : false,
      "isPowertype" : null,
      "order" : null,
      "literals" : null,
      "restrictedTo" : [ "functional-complex" ]
    }, {
      "id" : "4Zxnnb6AUB0E2Q8V",
      "name" : "Seeking for employment",
      "description" : null,
      "type" : "Class",
      "propertyAssignments" : null,
      "stereotype" : "phase",
      "isAbstract" : false,
      "isDerived" : false,
      "properties" : null,
      "isExtensional" : false,
      "isPowertype" : null,
      "order" : null,
      "literals" : null,
      "restrictedTo" : [ "functional-complex" ]
    }, {
      "id" : "aRVnnb6AUB0E2Q8n",
      "name" : "In requalification",
      "description" : null,
      "type" : "Class",
      "propertyAssignments" : null,
      "stereotype" : "phase",
      "isAbstract" : false,
      "isDerived" : false,
      "properties" : null,
      "isExtensional" : false,
      "isPowertype" : null,
      "order" : null,
      "literals" : null,
      "restrictedTo" : [ "functional-complex" ]
    }, {
      "id" : "dpj9nb6AUB0E2Qtm",
      "name" : null,
      "description" : null,
      "type" : "Generalization",
      "propertyAssignments" : null,
      "general" : {
        "id" : "P.CNnb6AUB0E2Qnr",
        "type" : "Class"
      },
      "specific" : {
        "id" : "2n6Nnb6AUB0E2QoA",
        "type" : "Class"
      }
    }, {
      "id" : "9HT9nb6AUB0E2Qtq",
      "name" : null,
      "description" : null,
      "type" : "Generalization",
      "propertyAssignments" : null,
      "general" : {
        "id" : "P.CNnb6AUB0E2Qnr",
        "type" : "Class"
      },
      "specific" : {
        "id" : "U52Nnb6AUB0E2QoM",
        "type" : "Class"
      }
    }, {
      "id" : "CXiLnb6AUB0E2QwN",
      "name" : null,
      "description" : null,
      "type" : "Generalization",
      "propertyAssignments" : null,
      "general" : {
        "id" : "0sKznb6AUB0E2QuN",
        "type" : "Class"
      },
      "specific" : {
        "id" : "PCkLnb6AUB0E2Qv4",
        "type" : "Class"
      }
    }, {
      "id" : "CIKLnb6AUB0E2QwU",
      "name" : null,
      "description" : null,
      "type" : "Generalization",
      "propertyAssignments" : null,
      "general" : {
        "id" : "0sKznb6AUB0E2QuN",
        "type" : "Class"
      },
      "specific" : {
        "id" : "nH1Nnb6AUB0E2QpO",
        "type" : "Class"
      }
    }, {
      "id" : "DLKLnb6AUB0E2QwY",
      "name" : null,
      "description" : null,
      "type" : "Generalization",
      "propertyAssignments" : null,
      "general" : {
        "id" : "0sKznb6AUB0E2QuN",
        "type" : "Class"
      },
      "specific" : {
        "id" : "GF5Nnb6AUB0E2Qo8",
        "type" : "Class"
      }
    }, {
      "id" : "m1qLnb6AUB0E2Qwc",
      "name" : null,
      "description" : null,
      "type" : "Generalization",
      "propertyAssignments" : null,
      "general" : {
        "id" : "0sKznb6AUB0E2QuN",
        "type" : "Class"
      },
      "specific" : {
        "id" : "jkhNnb6AUB0E2Qoc",
        "type" : "Class"
      }
    }, {
      "id" : "j24bnb6AUB0E2Qzo",
      "name" : null,
      "description" : null,
      "type" : "Generalization",
      "propertyAssignments" : null,
      "general" : {
        "id" : "PCkLnb6AUB0E2Qv4",
        "type" : "Class"
      },
      "specific" : {
        "id" : "Zn6rnb6AUB0E2QyV",
        "type" : "Class"
      }
    }, {
      "id" : "5iEbnb6AUB0E2Qzs",
      "name" : null,
      "description" : null,
      "type" : "Generalization",
      "propertyAssignments" : null,
      "general" : {
        "id" : "PCkLnb6AUB0E2Qv4",
        "type" : "Class"
      },
      "specific" : {
        "id" : "rJornb6AUB0E2Qxp",
        "type" : "Class"
      }
    }, {
      "id" : "5HEbnb6AUB0E2Qzw",
      "name" : null,
      "description" : null,
      "type" : "Generalization",
      "propertyAssignments" : null,
      "general" : {
        "id" : "PCkLnb6AUB0E2Qv4",
        "type" : "Class"
      },
      "specific" : {
        "id" : "Q6vLnb6AUB0E2QxW",
        "type" : "Class"
      }
    }, {
      "id" : "9xkbnb6AUB0E2Qz0",
      "name" : null,
      "description" : null,
      "type" : "Generalization",
      "propertyAssignments" : null,
      "general" : {
        "id" : "PCkLnb6AUB0E2Qv4",
        "type" : "Class"
      },
      "specific" : {
        "id" : "rhsrnb6AUB0E2Qx9",
        "type" : "Class"
      }
    }, {
      "id" : "qmUbnb6AUB0E2Qz4",
      "name" : null,
      "description" : null,
      "type" : "Generalization",
      "propertyAssignments" : null,
      "general" : {
        "id" : "PCkLnb6AUB0E2Qv4",
        "type" : "Class"
      },
      "specific" : {
        "id" : "K9ernb6AUB0E2Qyh",
        "type" : "Class"
      }
    }, {
      "id" : "_g0bnb6AUB0E2Qz8",
      "name" : null,
      "description" : null,
      "type" : "Generalization",
      "propertyAssignments" : null,
      "general" : {
        "id" : "PCkLnb6AUB0E2Qv4",
        "type" : "Class"
      },
      "specific" : {
        "id" : "8M9rnb6AUB0E2Qyw",
        "type" : "Class"
      }
    }, {
      "id" : "HzG7nb6AUB0E2Q3U",
      "name" : null,
      "description" : null,
      "type" : "Generalization",
      "propertyAssignments" : null,
      "general" : {
        "id" : "0sKznb6AUB0E2QuN",
        "type" : "Class"
      },
      "specific" : {
        "id" : "KKHznb6AUB0E2Qvk",
        "type" : "Class"
      }
    }, {
      "id" : "_suHnb6AUB0E2Q4O",
      "name" : null,
      "description" : null,
      "type" : "Generalization",
      "propertyAssignments" : null,
      "general" : {
        "id" : "0sKznb6AUB0E2QuN",
        "type" : "Class"
      },
      "specific" : {
        "id" : "OA.bnb6AUB0E2Q0d",
        "type" : "Class"
      }
    }, {
      "id" : "EXuHnb6AUB0E2Q4S",
      "name" : null,
      "description" : null,
      "type" : "Generalization",
      "propertyAssignments" : null,
      "general" : {
        "id" : "0sKznb6AUB0E2QuN",
        "type" : "Class"
      },
      "specific" : {
        "id" : "OSxbnb6AUB0E2Q0v",
        "type" : "Class"
      }
    }, {
      "id" : "ifwnnb6AUB0E2Q6Q",
      "name" : null,
      "description" : null,
      "type" : "Generalization",
      "propertyAssignments" : null,
      "general" : {
        "id" : "U52Nnb6AUB0E2QoM",
        "type" : "Class"
      },
      "specific" : {
        "id" : "gfVHnb6AUB0E2Q4w",
        "type" : "Class"
      }
    }, {
      "id" : "GhInnb6AUB0E2Q6U",
      "name" : null,
      "description" : null,
      "type" : "Generalization",
      "propertyAssignments" : null,
      "general" : {
        "id" : "U52Nnb6AUB0E2QoM",
        "type" : "Class"
      },
      "specific" : {
        "id" : "FltHnb6AUB0E2Q4_",
        "type" : "Class"
      }
    }, {
      "id" : "Boonnb6AUB0E2Q6Y",
      "name" : null,
      "description" : null,
      "type" : "Generalization",
      "propertyAssignments" : null,
      "general" : {
        "id" : "U52Nnb6AUB0E2QoM",
        "type" : "Class"
      },
      "specific" : {
        "id" : "s.DHnb6AUB0E2Q5R",
        "type" : "Class"
      }
    }, {
      "id" : "BZonnb6AUB0E2Q6c",
      "name" : null,
      "description" : null,
      "type" : "Generalization",
      "propertyAssignments" : null,
      "general" : {
        "id" : "U52Nnb6AUB0E2QoM",
        "type" : "Class"
      },
      "specific" : {
        "id" : "8A7Hnb6AUB0E2Q5s",
        "type" : "Class"
      }
    }, {
      "id" : "L6Ynnb6AUB0E2Q6g",
      "name" : null,
      "description" : null,
      "type" : "Generalization",
      "propertyAssignments" : null,
      "general" : {
        "id" : "U52Nnb6AUB0E2QoM",
        "type" : "Class"
      },
      "specific" : {
        "id" : "taPHnb6AUB0E2Q5.",
        "type" : "Class"
      }
    }, {
      "id" : "hfbnnb6AUB0E2Q9J",
      "name" : null,
      "description" : null,
      "type" : "Generalization",
      "propertyAssignments" : null,
      "general" : {
        "id" : "8A7Hnb6AUB0E2Q5s",
        "type" : "Class"
      },
      "specific" : {
        "id" : "4Zxnnb6AUB0E2Q8V",
        "type" : "Class"
      }
    }, {
      "id" : "BF7nnb6AUB0E2Q9N",
      "name" : null,
      "description" : null,
      "type" : "Generalization",
      "propertyAssignments" : null,
      "general" : {
        "id" : "8A7Hnb6AUB0E2Q5s",
        "type" : "Class"
      },
      "specific" : {
        "id" : "aRVnnb6AUB0E2Q8n",
        "type" : "Class"
      }
    }, {
      "id" : "ol7Nnb6AUB0E2Qpm",
      "name" : null,
      "description" : null,
      "type" : "Relation",
      "propertyAssignments" : null,
      "stereotype" : null,
      "isAbstract" : false,
      "isDerived" : false,
      "properties" : [ {
        "id" : "sl7Nnb6AUB0E2Qpo",
        "name" : null,
        "description" : null,
        "type" : "Property",
        "propertyAssignments" : null,
        "stereotype" : null,
        "isDerived" : false,
        "isReadOnly" : false,
        "isOrdered" : false,
        "cardinality" : "0..1",
        "propertyType" : {
          "id" : "jkhNnb6AUB0E2Qoc",
          "type" : "Class"
        },
        "subsettedProperties" : null,
        "redefinedProperties" : null,
        "aggregationKind" : "NONE"
      }, {
        "id" : "cl7Nnb6AUB0E2Qpr",
        "name" : "property",
        "description" : null,
        "type" : "Property",
        "propertyAssignments" : null,
        "stereotype" : null,
        "isDerived" : false,
        "isReadOnly" : false,
        "isOrdered" : false,
        "cardinality" : "1..*",
        "propertyType" : {
          "id" : "2n6Nnb6AUB0E2QoA",
          "type" : "Class"
        },
        "subsettedProperties" : null,
        "redefinedProperties" : null,
        "aggregationKind" : "NONE"
      } ]
    }, {
      "id" : "cVqtnb6AUB0E2Qqu",
      "name" : null,
      "description" : null,
      "type" : "Relation",
      "propertyAssignments" : null,
      "stereotype" : null,
      "isAbstract" : false,
      "isDerived" : false,
      "properties" : [ {
        "id" : "8Vqtnb6AUB0E2Qqv",
        "name" : null,
        "description" : null,
        "type" : "Property",
        "propertyAssignments" : null,
        "stereotype" : null,
        "isDerived" : false,
        "isReadOnly" : false,
        "isOrdered" : false,
        "cardinality" : "*",
        "propertyType" : {
          "id" : "GF5Nnb6AUB0E2Qo8",
          "type" : "Class"
        },
        "subsettedProperties" : null,
        "redefinedProperties" : null,
        "aggregationKind" : "NONE"
      }, {
        "id" : "8Vqtnb6AUB0E2Qqx",
        "name" : "payer",
        "description" : null,
        "type" : "Property",
        "propertyAssignments" : null,
        "stereotype" : null,
        "isDerived" : false,
        "isReadOnly" : false,
        "isOrdered" : false,
        "cardinality" : "1..*",
        "propertyType" : {
          "id" : "2n6Nnb6AUB0E2QoA",
          "type" : "Class"
        },
        "subsettedProperties" : null,
        "redefinedProperties" : null,
        "aggregationKind" : "NONE"
      } ]
    }, {
      "id" : "ZPq9nb6AUB0E2Qrv",
      "name" : null,
      "description" : null,
      "type" : "Relation",
      "propertyAssignments" : null,
      "stereotype" : null,
      "isAbstract" : false,
      "isDerived" : false,
      "properties" : [ {
        "id" : "ZPq9nb6AUB0E2Qrw",
        "name" : "employer",
        "description" : null,
        "type" : "Property",
        "propertyAssignments" : null,
        "stereotype" : null,
        "isDerived" : false,
        "isReadOnly" : false,
        "isOrdered" : false,
        "cardinality" : "1..*",
        "propertyType" : {
          "id" : "2n6Nnb6AUB0E2QoA",
          "type" : "Class"
        },
        "subsettedProperties" : null,
        "redefinedProperties" : null,
        "aggregationKind" : "NONE"
      }, {
        "id" : "ZPq9nb6AUB0E2Qry",
        "name" : null,
        "description" : null,
        "type" : "Property",
        "propertyAssignments" : null,
        "stereotype" : null,
        "isDerived" : false,
        "isReadOnly" : false,
        "isOrdered" : false,
        "cardinality" : "1..*",
        "propertyType" : {
          "id" : "nH1Nnb6AUB0E2QpO",
          "type" : "Class"
        },
        "subsettedProperties" : null,
        "redefinedProperties" : null,
        "aggregationKind" : "NONE"
      } ]
    }, {
      "id" : "Alpznb6AUB0E2Qu8",
      "name" : null,
      "description" : null,
      "type" : "Relation",
      "propertyAssignments" : null,
      "stereotype" : null,
      "isAbstract" : false,
      "isDerived" : false,
      "properties" : [ {
        "id" : "Alpznb6AUB0E2Qu9",
        "name" : null,
        "description" : null,
        "type" : "Property",
        "propertyAssignments" : null,
        "stereotype" : null,
        "isDerived" : false,
        "isReadOnly" : false,
        "isOrdered" : false,
        "cardinality" : "*",
        "propertyType" : {
          "id" : "U52Nnb6AUB0E2QoM",
          "type" : "Class"
        },
        "subsettedProperties" : null,
        "redefinedProperties" : null,
        "aggregationKind" : "SHARED"
      }, {
        "id" : "Alpznb6AUB0E2Qu_",
        "name" : null,
        "description" : null,
        "type" : "Property",
        "propertyAssignments" : null,
        "stereotype" : null,
        "isDerived" : false,
        "isReadOnly" : false,
        "isOrdered" : false,
        "cardinality" : "*",
        "propertyType" : {
          "id" : "0sKznb6AUB0E2QuN",
          "type" : "Class"
        },
        "subsettedProperties" : null,
        "redefinedProperties" : null,
        "aggregationKind" : "NONE"
      } ]
    }, {
      "id" : "Wsdbnb6AUB0E2Q1O",
      "name" : "",
      "description" : null,
      "type" : "Relation",
      "propertyAssignments" : null,
      "stereotype" : "mediation",
      "isAbstract" : false,
      "isDerived" : false,
      "properties" : [ {
        "id" : "Wsdbnb6AUB0E2Q1P",
        "name" : null,
        "description" : null,
        "type" : "Property",
        "propertyAssignments" : null,
        "stereotype" : null,
        "isDerived" : false,
        "isReadOnly" : false,
        "isOrdered" : false,
        "cardinality" : "1",
        "propertyType" : {
          "id" : "uHpbnb6AUB0E2Q1B",
          "type" : "Class"
        },
        "subsettedProperties" : null,
        "redefinedProperties" : null,
        "aggregationKind" : "NONE"
      }, {
        "id" : "Wsdbnb6AUB0E2Q1R",
        "name" : null,
        "description" : null,
        "type" : "Property",
        "propertyAssignments" : null,
        "stereotype" : null,
        "isDerived" : false,
        "isReadOnly" : true,
        "isOrdered" : false,
        "cardinality" : "1..*",
        "propertyType" : {
          "id" : "OA.bnb6AUB0E2Q0d",
          "type" : "Class"
        },
        "subsettedProperties" : null,
        "redefinedProperties" : null,
        "aggregationKind" : "NONE"
      } ]
    }, {
      "id" : "09g7nb6AUB0E2Q2M",
      "name" : "",
      "description" : null,
      "type" : "Relation",
      "propertyAssignments" : null,
      "stereotype" : "mediation",
      "isAbstract" : false,
      "isDerived" : false,
      "properties" : [ {
        "id" : "09g7nb6AUB0E2Q2N",
        "name" : "",
        "description" : null,
        "type" : "Property",
        "propertyAssignments" : null,
        "stereotype" : null,
        "isDerived" : false,
        "isReadOnly" : false,
        "isOrdered" : false,
        "cardinality" : "1..*",
        "propertyType" : {
          "id" : "uHpbnb6AUB0E2Q1B",
          "type" : "Class"
        },
        "subsettedProperties" : null,
        "redefinedProperties" : null,
        "aggregationKind" : "NONE"
      }, {
        "id" : "09g7nb6AUB0E2Q2P",
        "name" : null,
        "description" : null,
        "type" : "Property",
        "propertyAssignments" : null,
        "stereotype" : null,
        "isDerived" : false,
        "isReadOnly" : true,
        "isOrdered" : false,
        "cardinality" : "1..2",
        "propertyType" : {
          "id" : "OSxbnb6AUB0E2Q0v",
          "type" : "Class"
        },
        "subsettedProperties" : null,
        "redefinedProperties" : null,
        "aggregationKind" : "NONE"
      } ]
    }, {
      "id" : "Dqknnb6AUB0E2Q6w",
      "name" : null,
      "description" : null,
      "type" : "Relation",
      "propertyAssignments" : null,
      "stereotype" : null,
      "isAbstract" : false,
      "isDerived" : false,
      "properties" : [ {
        "id" : "Dqknnb6AUB0E2Q6x",
        "name" : null,
        "description" : null,
        "type" : "Property",
        "propertyAssignments" : null,
        "stereotype" : null,
        "isDerived" : false,
        "isReadOnly" : false,
        "isOrdered" : false,
        "cardinality" : "0..1",
        "propertyType" : {
          "id" : "KKHznb6AUB0E2Qvk",
          "type" : "Class"
        },
        "subsettedProperties" : null,
        "redefinedProperties" : null,
        "aggregationKind" : "NONE"
      }, {
        "id" : "Dqknnb6AUB0E2Q6z",
        "name" : null,
        "description" : null,
        "type" : "Property",
        "propertyAssignments" : null,
        "stereotype" : null,
        "isDerived" : false,
        "isReadOnly" : false,
        "isOrdered" : false,
        "cardinality" : "1",
        "propertyType" : {
          "id" : "taPHnb6AUB0E2Q5.",
          "type" : "Class"
        },
        "subsettedProperties" : null,
        "redefinedProperties" : null,
        "aggregationKind" : "NONE"
      } ]
    }, {
      "id" : "l8xXnb6AUB0E2Q9n",
      "name" : null,
      "description" : null,
      "type" : "Relation",
      "propertyAssignments" : null,
      "stereotype" : null,
      "isAbstract" : false,
      "isDerived" : false,
      "properties" : [ {
        "id" : "l8xXnb6AUB0E2Q9o",
        "name" : "",
        "description" : null,
        "type" : "Property",
        "propertyAssignments" : null,
        "stereotype" : null,
        "isDerived" : false,
        "isReadOnly" : false,
        "isOrdered" : false,
        "cardinality" : "0..2",
        "propertyType" : {
          "id" : "OSxbnb6AUB0E2Q0v",
          "type" : "Class"
        },
        "subsettedProperties" : null,
        "redefinedProperties" : null,
        "aggregationKind" : "NONE"
      }, {
        "id" : "l8xXnb6AUB0E2Q9q",
        "name" : "patronised",
        "description" : null,
        "type" : "Property",
        "propertyAssignments" : null,
        "stereotype" : null,
        "isDerived" : false,
        "isReadOnly" : false,
        "isOrdered" : false,
        "cardinality" : "*",
        "propertyType" : {
          "id" : "FltHnb6AUB0E2Q4_",
          "type" : "Class"
        },
        "subsettedProperties" : null,
        "redefinedProperties" : null,
        "aggregationKind" : "NONE"
      } ]
    }, {
      "id" : "5gLXnb6AUB0E2Q.R",
      "name" : null,
      "description" : null,
      "type" : "Relation",
      "propertyAssignments" : null,
      "stereotype" : null,
      "isAbstract" : false,
      "isDerived" : false,
      "properties" : [ {
        "id" : "5gLXnb6AUB0E2Q.S",
        "name" : "juvenile",
        "description" : null,
        "type" : "Property",
        "propertyAssignments" : null,
        "stereotype" : null,
        "isDerived" : false,
        "isReadOnly" : false,
        "isOrdered" : false,
        "cardinality" : "*",
        "propertyType" : {
          "id" : "gfVHnb6AUB0E2Q4w",
          "type" : "Class"
        },
        "subsettedProperties" : null,
        "redefinedProperties" : null,
        "aggregationKind" : "NONE"
      }, {
        "id" : "5gLXnb6AUB0E2Q.U",
        "name" : null,
        "description" : null,
        "type" : "Property",
        "propertyAssignments" : null,
        "stereotype" : null,
        "isDerived" : false,
        "isReadOnly" : false,
        "isOrdered" : false,
        "cardinality" : "0..2",
        "propertyType" : {
          "id" : "OSxbnb6AUB0E2Q0v",
          "type" : "Class"
        },
        "subsettedProperties" : null,
        "redefinedProperties" : null,
        "aggregationKind" : "NONE"
      } ]
    } ]
  },
  "diagrams" : [ {
    "id" : "AYH1nb6AUB0E2QnY",
    "name" : "Diagram1",
    "description" : null,
    "type" : "Diagram",
    "owner" : {
      "id" : "pF91nb6AUB0E2QWf_root",
      "type" : "Package"
    },
    "contents" : [ {
      "id" : "Bl7Nnb6AUB0E2Qpt",
      "type" : "RelationView",
      "modelElement" : {
        "id" : "ol7Nnb6AUB0E2Qpm",
        "type" : "Relation"
      },
      "shape" : {
        "id" : "Bl7Nnb6AUB0E2Qpt_path",
        "type" : "Path",
        "points" : [ {
          "x" : 23,
          "y" : 261
        }, {
          "x" : 23,
          "y" : 178
        }, {
          "x" : 105,
          "y" : 178
        } ]
      },
      "source" : {
        "id" : "jkhNnb6AUB0E2Qob",
        "type" : "ClassView"
      },
      "target" : {
        "id" : "2n6Nnb6AUB0E2Qn_",
        "type" : "ClassView"
      }
    }, {
      "id" : "_24bnb6AUB0E2Qzp",
      "type" : "GeneralizationView",
      "modelElement" : {
        "id" : "j24bnb6AUB0E2Qzo",
        "type" : "Generalization"
      },
      "shape" : {
        "id" : "_24bnb6AUB0E2Qzp_path",
        "type" : "Path",
        "points" : [ {
          "x" : 322,
          "y" : 434
        }, {
          "x" : 322,
          "y" : 493
        } ]
      },
      "source" : {
        "id" : "PCkLnb6AUB0E2Qv3",
        "type" : "ClassView"
      },
      "target" : {
        "id" : "Zn6rnb6AUB0E2QyU",
        "type" : "ClassView"
      }
    }, {
      "id" : "4Zxnnb6AUB0E2Q8U",
      "type" : "ClassView",
      "modelElement" : {
        "id" : "4Zxnnb6AUB0E2Q8V",
        "type" : "Class"
      },
      "shape" : {
        "id" : "4Zxnnb6AUB0E2Q8U_shape",
        "type" : "Rectangle",
        "x" : 711,
        "y" : 138,
        "width" : 149,
        "height" : 40
      }
    }, {
      "id" : "n8xXnb6AUB0E2Q9s",
      "type" : "RelationView",
      "modelElement" : {
        "id" : "l8xXnb6AUB0E2Q9n",
        "type" : "Relation"
      },
      "shape" : {
        "id" : "n8xXnb6AUB0E2Q9s_path",
        "type" : "Path",
        "points" : [ {
          "x" : 825,
          "y" : 404
        }, {
          "x" : 881,
          "y" : 404
        }, {
          "x" : 881,
          "y" : 98
        }, {
          "x" : 655,
          "y" : 98
        } ]
      },
      "source" : {
        "id" : "OSxbnb6AUB0E2Q0u",
        "type" : "ClassView"
      },
      "target" : {
        "id" : "FltHnb6AUB0E2Q4.",
        "type" : "ClassView"
      }
    }, {
      "id" : "OHpbnb6AUB0E2Q1A",
      "type" : "ClassView",
      "modelElement" : {
        "id" : "uHpbnb6AUB0E2Q1B",
        "type" : "Class"
      },
      "shape" : {
        "id" : "OHpbnb6AUB0E2Q1A_shape",
        "type" : "Rectangle",
        "x" : 682,
        "y" : 494,
        "width" : 80,
        "height" : 40
      }
    }, {
      "id" : "rPq9nb6AUB0E2Qr0",
      "type" : "RelationView",
      "modelElement" : {
        "id" : "ZPq9nb6AUB0E2Qrv",
        "type" : "Relation"
      },
      "shape" : {
        "id" : "rPq9nb6AUB0E2Qr0_path",
        "type" : "Path",
        "points" : [ {
          "x" : 195,
          "y" : 178
        }, {
          "x" : 266,
          "y" : 178
        }, {
          "x" : 266,
          "y" : 261
        } ]
      },
      "source" : {
        "id" : "2n6Nnb6AUB0E2Qn_",
        "type" : "ClassView"
      },
      "target" : {
        "id" : "nH1Nnb6AUB0E2QpN",
        "type" : "ClassView"
      }
    }, {
      "id" : "_LKLnb6AUB0E2QwZ",
      "type" : "GeneralizationView",
      "modelElement" : {
        "id" : "DLKLnb6AUB0E2QwY",
        "type" : "Generalization"
      },
      "shape" : {
        "id" : "_LKLnb6AUB0E2QwZ_path",
        "type" : "Path",
        "points" : [ {
          "x" : 404,
          "y" : 303
        }, {
          "x" : 404,
          "y" : 356
        }, {
          "x" : 164,
          "y" : 356
        }, {
          "x" : 164,
          "y" : 303
        } ]
      },
      "source" : {
        "id" : "0sKznb6AUB0E2QuM",
        "type" : "ClassView"
      },
      "target" : {
        "id" : "GF5Nnb6AUB0E2Qo7",
        "type" : "ClassView"
      }
    }, {
      "id" : "51qLnb6AUB0E2Qwd",
      "type" : "GeneralizationView",
      "modelElement" : {
        "id" : "m1qLnb6AUB0E2Qwc",
        "type" : "Generalization"
      },
      "shape" : {
        "id" : "51qLnb6AUB0E2Qwd_path",
        "type" : "Path",
        "points" : [ {
          "x" : 404,
          "y" : 303
        }, {
          "x" : 404,
          "y" : 356
        }, {
          "x" : 52,
          "y" : 356
        }, {
          "x" : 52,
          "y" : 303
        } ]
      },
      "source" : {
        "id" : "0sKznb6AUB0E2QuM",
        "type" : "ClassView"
      },
      "target" : {
        "id" : "jkhNnb6AUB0E2Qob",
        "type" : "ClassView"
      }
    }, {
      "id" : "OA.bnb6AUB0E2Q0c",
      "type" : "ClassView",
      "modelElement" : {
        "id" : "OA.bnb6AUB0E2Q0d",
        "type" : "Class"
      },
      "shape" : {
        "id" : "OA.bnb6AUB0E2Q0c_shape",
        "type" : "Rectangle",
        "x" : 616,
        "y" : 393,
        "width" : 80,
        "height" : 40
      }
    }, {
      "id" : "g6vLnb6AUB0E2QxV",
      "type" : "ClassView",
      "modelElement" : {
        "id" : "Q6vLnb6AUB0E2QxW",
        "type" : "Class"
      },
      "shape" : {
        "id" : "g6vLnb6AUB0E2QxV_shape",
        "type" : "Rectangle",
        "x" : 20,
        "y" : 494,
        "width" : 99,
        "height" : 52
      }
    }, {
      "id" : "Foonnb6AUB0E2Q6Z",
      "type" : "GeneralizationView",
      "modelElement" : {
        "id" : "Boonnb6AUB0E2Q6Y",
        "type" : "Generalization"
      },
      "shape" : {
        "id" : "Foonnb6AUB0E2Q6Z_path",
        "type" : "Path",
        "points" : [ {
          "x" : 455,
          "y" : 185
        }, {
          "x" : 523,
          "y" : 185
        }, {
          "x" : 523,
          "y" : 148
        }, {
          "x" : 573,
          "y" : 148
        } ]
      },
      "source" : {
        "id" : "k52Nnb6AUB0E2QoL",
        "type" : "ClassView"
      },
      "target" : {
        "id" : "s.DHnb6AUB0E2Q5Q",
        "type" : "ClassView"
      }
    }, {
      "id" : "s.DHnb6AUB0E2Q5Q",
      "type" : "ClassView",
      "modelElement" : {
        "id" : "s.DHnb6AUB0E2Q5R",
        "type" : "Class"
      },
      "shape" : {
        "id" : "s.DHnb6AUB0E2Q5Q_shape",
        "type" : "Rectangle",
        "x" : 574,
        "y" : 128,
        "width" : 80,
        "height" : 40
      }
    }, {
      "id" : "k52Nnb6AUB0E2QoL",
      "type" : "ClassView",
      "modelElement" : {
        "id" : "U52Nnb6AUB0E2QoM",
        "type" : "Class"
      },
      "shape" : {
        "id" : "k52Nnb6AUB0E2QoL_shape",
        "type" : "Rectangle",
        "x" : 366,
        "y" : 158,
        "width" : 88,
        "height" : 40
      }
    }, {
      "id" : "cM9rnb6AUB0E2Qyv",
      "type" : "ClassView",
      "modelElement" : {
        "id" : "8M9rnb6AUB0E2Qyw",
        "type" : "Class"
      },
      "shape" : {
        "id" : "cM9rnb6AUB0E2Qyv_shape",
        "type" : "Rectangle",
        "x" : 398,
        "y" : 494,
        "width" : 107,
        "height" : 54
      }
    }, {
      "id" : "8A7Hnb6AUB0E2Q5r",
      "type" : "ClassView",
      "modelElement" : {
        "id" : "8A7Hnb6AUB0E2Q5s",
        "type" : "Class"
      },
      "shape" : {
        "id" : "8A7Hnb6AUB0E2Q5r_shape",
        "type" : "Rectangle",
        "x" : 574,
        "y" : 178,
        "width" : 80,
        "height" : 40
      }
    }, {
      "id" : "Bfwnnb6AUB0E2Q6R",
      "type" : "GeneralizationView",
      "modelElement" : {
        "id" : "ifwnnb6AUB0E2Q6Q",
        "type" : "Generalization"
      },
      "shape" : {
        "id" : "Bfwnnb6AUB0E2Q6R_path",
        "type" : "Path",
        "points" : [ {
          "x" : 455,
          "y" : 185
        }, {
          "x" : 523,
          "y" : 185
        }, {
          "x" : 523,
          "y" : 48
        }, {
          "x" : 573,
          "y" : 48
        } ]
      },
      "source" : {
        "id" : "k52Nnb6AUB0E2QoL",
        "type" : "ClassView"
      },
      "target" : {
        "id" : "gfVHnb6AUB0E2Q4v",
        "type" : "ClassView"
      }
    }, {
      "id" : "taPHnb6AUB0E2Q59",
      "type" : "ClassView",
      "modelElement" : {
        "id" : "taPHnb6AUB0E2Q5.",
        "type" : "Class"
      },
      "shape" : {
        "id" : "taPHnb6AUB0E2Q59_shape",
        "type" : "Rectangle",
        "x" : 574,
        "y" : 228,
        "width" : 80,
        "height" : 40
      }
    }, {
      "id" : "7.CNnb6AUB0E2Qnq",
      "type" : "ClassView",
      "modelElement" : {
        "id" : "P.CNnb6AUB0E2Qnr",
        "type" : "Class"
      },
      "shape" : {
        "id" : "7.CNnb6AUB0E2Qnq_shape",
        "type" : "Rectangle",
        "x" : 245,
        "y" : 65,
        "width" : 80,
        "height" : 40
      }
    }, {
      "id" : "rhsrnb6AUB0E2Qx8",
      "type" : "ClassView",
      "modelElement" : {
        "id" : "rhsrnb6AUB0E2Qx9",
        "type" : "Class"
      },
      "shape" : {
        "id" : "rhsrnb6AUB0E2Qx8_shape",
        "type" : "Rectangle",
        "x" : 214,
        "y" : 562,
        "width" : 94,
        "height" : 52
      }
    }, {
      "id" : "nH1Nnb6AUB0E2QpN",
      "type" : "ClassView",
      "modelElement" : {
        "id" : "nH1Nnb6AUB0E2QpO",
        "type" : "Class"
      },
      "shape" : {
        "id" : "nH1Nnb6AUB0E2QpN_shape",
        "type" : "Rectangle",
        "x" : 237,
        "y" : 262,
        "width" : 80,
        "height" : 40
      }
    }, {
      "id" : "jkhNnb6AUB0E2Qob",
      "type" : "ClassView",
      "modelElement" : {
        "id" : "jkhNnb6AUB0E2Qoc",
        "type" : "Class"
      },
      "shape" : {
        "id" : "jkhNnb6AUB0E2Qob_shape",
        "type" : "Rectangle",
        "x" : 12,
        "y" : 262,
        "width" : 80,
        "height" : 40
      }
    }, {
      "id" : "_HT9nb6AUB0E2Qtr",
      "type" : "GeneralizationView",
      "modelElement" : {
        "id" : "9HT9nb6AUB0E2Qtq",
        "type" : "Generalization"
      },
      "shape" : {
        "id" : "_HT9nb6AUB0E2Qtr_path",
        "type" : "Path",
        "points" : [ {
          "x" : 292,
          "y" : 106
        }, {
          "x" : 292,
          "y" : 135
        }, {
          "x" : 398,
          "y" : 135
        }, {
          "x" : 398,
          "y" : 157
        } ]
      },
      "source" : {
        "id" : "7.CNnb6AUB0E2Qnq",
        "type" : "ClassView"
      },
      "target" : {
        "id" : "k52Nnb6AUB0E2QoL",
        "type" : "ClassView"
      }
    }, {
      "id" : "Zn6rnb6AUB0E2QyU",
      "type" : "ClassView",
      "modelElement" : {
        "id" : "Zn6rnb6AUB0E2QyV",
        "type" : "Class"
      },
      "shape" : {
        "id" : "Zn6rnb6AUB0E2QyU_shape",
        "type" : "Rectangle",
        "x" : 269,
        "y" : 494,
        "width" : 114,
        "height" : 54
      }
    }, {
      "id" : "9fbnnb6AUB0E2Q9K",
      "type" : "GeneralizationView",
      "modelElement" : {
        "id" : "hfbnnb6AUB0E2Q9J",
        "type" : "Generalization"
      },
      "shape" : {
        "id" : "9fbnnb6AUB0E2Q9K_path",
        "type" : "Path",
        "points" : [ {
          "x" : 655,
          "y" : 198
        }, {
          "x" : 687,
          "y" : 198
        }, {
          "x" : 687,
          "y" : 158
        }, {
          "x" : 710,
          "y" : 158
        } ]
      },
      "source" : {
        "id" : "8A7Hnb6AUB0E2Q5r",
        "type" : "ClassView"
      },
      "target" : {
        "id" : "4Zxnnb6AUB0E2Q8U",
        "type" : "ClassView"
      }
    }, {
      "id" : "NHEbnb6AUB0E2Qzx",
      "type" : "GeneralizationView",
      "modelElement" : {
        "id" : "5HEbnb6AUB0E2Qzw",
        "type" : "Generalization"
      },
      "shape" : {
        "id" : "NHEbnb6AUB0E2Qzx_path",
        "type" : "Path",
        "points" : [ {
          "x" : 322,
          "y" : 434
        }, {
          "x" : 322,
          "y" : 466
        }, {
          "x" : 60,
          "y" : 466
        }, {
          "x" : 60,
          "y" : 493
        } ]
      },
      "source" : {
        "id" : "PCkLnb6AUB0E2Qv3",
        "type" : "ClassView"
      },
      "target" : {
        "id" : "g6vLnb6AUB0E2QxV",
        "type" : "ClassView"
      }
    }, {
      "id" : "PCkLnb6AUB0E2Qv3",
      "type" : "ClassView",
      "modelElement" : {
        "id" : "PCkLnb6AUB0E2Qv4",
        "type" : "Class"
      },
      "shape" : {
        "id" : "PCkLnb6AUB0E2Qv3_shape",
        "type" : "Rectangle",
        "x" : 286,
        "y" : 393,
        "width" : 80,
        "height" : 40
      }
    }, {
      "id" : "fxkbnb6AUB0E2Qz1",
      "type" : "GeneralizationView",
      "modelElement" : {
        "id" : "9xkbnb6AUB0E2Qz0",
        "type" : "Generalization"
      },
      "shape" : {
        "id" : "fxkbnb6AUB0E2Qz1_path",
        "type" : "Path",
        "points" : [ {
          "x" : 322,
          "y" : 434
        }, {
          "x" : 322,
          "y" : 466
        }, {
          "x" : 261,
          "y" : 466
        }, {
          "x" : 261,
          "y" : 561
        } ]
      },
      "source" : {
        "id" : "PCkLnb6AUB0E2Qv3",
        "type" : "ClassView"
      },
      "target" : {
        "id" : "rhsrnb6AUB0E2Qx8",
        "type" : "ClassView"
      }
    }, {
      "id" : "DZonnb6AUB0E2Q6d",
      "type" : "GeneralizationView",
      "modelElement" : {
        "id" : "BZonnb6AUB0E2Q6c",
        "type" : "Generalization"
      },
      "shape" : {
        "id" : "DZonnb6AUB0E2Q6d_path",
        "type" : "Path",
        "points" : [ {
          "x" : 455,
          "y" : 185
        }, {
          "x" : 573,
          "y" : 185
        } ]
      },
      "source" : {
        "id" : "k52Nnb6AUB0E2QoL",
        "type" : "ClassView"
      },
      "target" : {
        "id" : "8A7Hnb6AUB0E2Q5r",
        "type" : "ClassView"
      }
    }, {
      "id" : "K9ernb6AUB0E2Qyg",
      "type" : "ClassView",
      "modelElement" : {
        "id" : "K9ernb6AUB0E2Qyh",
        "type" : "Class"
      },
      "shape" : {
        "id" : "K9ernb6AUB0E2Qyg_shape",
        "type" : "Rectangle",
        "x" : 348,
        "y" : 562,
        "width" : 98,
        "height" : 52
      }
    }, {
      "id" : "8lpznb6AUB0E2QvB",
      "type" : "RelationView",
      "modelElement" : {
        "id" : "Alpznb6AUB0E2Qu8",
        "type" : "Relation"
      },
      "shape" : {
        "id" : "8lpznb6AUB0E2QvB_path",
        "type" : "Path",
        "points" : [ {
          "x" : 406,
          "y" : 199
        }, {
          "x" : 406,
          "y" : 261
        } ]
      },
      "source" : {
        "id" : "k52Nnb6AUB0E2QoL",
        "type" : "ClassView"
      },
      "target" : {
        "id" : "0sKznb6AUB0E2QuM",
        "type" : "ClassView"
      }
    }, {
      "id" : "2n6Nnb6AUB0E2Qn_",
      "type" : "ClassView",
      "modelElement" : {
        "id" : "2n6Nnb6AUB0E2QoA",
        "type" : "Class"
      },
      "shape" : {
        "id" : "2n6Nnb6AUB0E2Qn__shape",
        "type" : "Rectangle",
        "x" : 106,
        "y" : 158,
        "width" : 88,
        "height" : 40
      }
    }, {
      "id" : "mmUbnb6AUB0E2Qz5",
      "type" : "GeneralizationView",
      "modelElement" : {
        "id" : "qmUbnb6AUB0E2Qz4",
        "type" : "Generalization"
      },
      "shape" : {
        "id" : "mmUbnb6AUB0E2Qz5_path",
        "type" : "Path",
        "points" : [ {
          "x" : 322,
          "y" : 434
        }, {
          "x" : 322,
          "y" : 466
        }, {
          "x" : 389,
          "y" : 466
        }, {
          "x" : 389,
          "y" : 561
        } ]
      },
      "source" : {
        "id" : "PCkLnb6AUB0E2Qv3",
        "type" : "ClassView"
      },
      "target" : {
        "id" : "K9ernb6AUB0E2Qyg",
        "type" : "ClassView"
      }
    }, {
      "id" : "kcuHnb6AUB0E2Q4P",
      "type" : "GeneralizationView",
      "modelElement" : {
        "id" : "_suHnb6AUB0E2Q4O",
        "type" : "Generalization"
      },
      "shape" : {
        "id" : "kcuHnb6AUB0E2Q4P_path",
        "type" : "Path",
        "points" : [ {
          "x" : 404,
          "y" : 303
        }, {
          "x" : 404,
          "y" : 356
        }, {
          "x" : 656,
          "y" : 356
        }, {
          "x" : 656,
          "y" : 392
        } ]
      },
      "source" : {
        "id" : "0sKznb6AUB0E2QuM",
        "type" : "ClassView"
      },
      "target" : {
        "id" : "OA.bnb6AUB0E2Q0c",
        "type" : "ClassView"
      }
    }, {
      "id" : "OSxbnb6AUB0E2Q0u",
      "type" : "ClassView",
      "modelElement" : {
        "id" : "OSxbnb6AUB0E2Q0v",
        "type" : "Class"
      },
      "shape" : {
        "id" : "OSxbnb6AUB0E2Q0u_shape",
        "type" : "Rectangle",
        "x" : 744,
        "y" : 393,
        "width" : 80,
        "height" : 40
      }
    }, {
      "id" : "KKHznb6AUB0E2Qvj",
      "type" : "ClassView",
      "modelElement" : {
        "id" : "KKHznb6AUB0E2Qvk",
        "type" : "Class"
      },
      "shape" : {
        "id" : "KKHznb6AUB0E2Qvj_shape",
        "type" : "Rectangle",
        "x" : 492,
        "y" : 294,
        "width" : 109,
        "height" : 40
      }
    }, {
      "id" : "0sKznb6AUB0E2QuM",
      "type" : "ClassView",
      "modelElement" : {
        "id" : "0sKznb6AUB0E2QuN",
        "type" : "Class"
      },
      "shape" : {
        "id" : "0sKznb6AUB0E2QuM_shape",
        "type" : "Rectangle",
        "x" : 363,
        "y" : 262,
        "width" : 97,
        "height" : 40
      }
    }, {
      "id" : "biEbnb6AUB0E2Qzt",
      "type" : "GeneralizationView",
      "modelElement" : {
        "id" : "5iEbnb6AUB0E2Qzs",
        "type" : "Generalization"
      },
      "shape" : {
        "id" : "biEbnb6AUB0E2Qzt_path",
        "type" : "Path",
        "points" : [ {
          "x" : 322,
          "y" : 434
        }, {
          "x" : 322,
          "y" : 466
        }, {
          "x" : 181,
          "y" : 466
        }, {
          "x" : 181,
          "y" : 493
        } ]
      },
      "source" : {
        "id" : "PCkLnb6AUB0E2Qv3",
        "type" : "ClassView"
      },
      "target" : {
        "id" : "rJornb6AUB0E2Qxo",
        "type" : "ClassView"
      }
    }, {
      "id" : "Aaknnb6AUB0E2Q61",
      "type" : "RelationView",
      "modelElement" : {
        "id" : "Dqknnb6AUB0E2Q6w",
        "type" : "Relation"
      },
      "shape" : {
        "id" : "Aaknnb6AUB0E2Q61_path",
        "type" : "Path",
        "points" : [ {
          "x" : 602,
          "y" : 314
        }, {
          "x" : 625,
          "y" : 314
        }, {
          "x" : 625,
          "y" : 269
        } ]
      },
      "source" : {
        "id" : "KKHznb6AUB0E2Qvj",
        "type" : "ClassView"
      },
      "target" : {
        "id" : "taPHnb6AUB0E2Q59",
        "type" : "ClassView"
      }
    }, {
      "id" : "eXiLnb6AUB0E2QwO",
      "type" : "GeneralizationView",
      "modelElement" : {
        "id" : "CXiLnb6AUB0E2QwN",
        "type" : "Generalization"
      },
      "shape" : {
        "id" : "eXiLnb6AUB0E2QwO_path",
        "type" : "Path",
        "points" : [ {
          "x" : 404,
          "y" : 303
        }, {
          "x" : 404,
          "y" : 356
        }, {
          "x" : 326,
          "y" : 356
        }, {
          "x" : 326,
          "y" : 392
        } ]
      },
      "source" : {
        "id" : "0sKznb6AUB0E2QuM",
        "type" : "ClassView"
      },
      "target" : {
        "id" : "PCkLnb6AUB0E2Qv3",
        "type" : "ClassView"
      }
    }, {
      "id" : "DF7nnb6AUB0E2Q9O",
      "type" : "GeneralizationView",
      "modelElement" : {
        "id" : "BF7nnb6AUB0E2Q9N",
        "type" : "Generalization"
      },
      "shape" : {
        "id" : "DF7nnb6AUB0E2Q9O_path",
        "type" : "Path",
        "points" : [ {
          "x" : 655,
          "y" : 198
        }, {
          "x" : 687,
          "y" : 198
        }, {
          "x" : 687,
          "y" : 220
        }, {
          "x" : 710,
          "y" : 220
        } ]
      },
      "source" : {
        "id" : "8A7Hnb6AUB0E2Q5r",
        "type" : "ClassView"
      },
      "target" : {
        "id" : "aRVnnb6AUB0E2Q8m",
        "type" : "ClassView"
      }
    }, {
      "id" : "ngLXnb6AUB0E2Q.W",
      "type" : "RelationView",
      "modelElement" : {
        "id" : "5gLXnb6AUB0E2Q.R",
        "type" : "Relation"
      },
      "shape" : {
        "id" : "ngLXnb6AUB0E2Q.W_path",
        "type" : "Path",
        "points" : [ {
          "x" : 655,
          "y" : 48
        }, {
          "x" : 901,
          "y" : 48
        }, {
          "x" : 901,
          "y" : 419
        }, {
          "x" : 825,
          "y" : 419
        } ]
      },
      "source" : {
        "id" : "gfVHnb6AUB0E2Q4v",
        "type" : "ClassView"
      },
      "target" : {
        "id" : "OSxbnb6AUB0E2Q0u",
        "type" : "ClassView"
      }
    }, {
      "id" : "wGYnnb6AUB0E2Q6h",
      "type" : "GeneralizationView",
      "modelElement" : {
        "id" : "L6Ynnb6AUB0E2Q6g",
        "type" : "Generalization"
      },
      "shape" : {
        "id" : "wGYnnb6AUB0E2Q6h_path",
        "type" : "Path",
        "points" : [ {
          "x" : 455,
          "y" : 185
        }, {
          "x" : 523,
          "y" : 185
        }, {
          "x" : 523,
          "y" : 242
        }, {
          "x" : 573,
          "y" : 242
        } ]
      },
      "source" : {
        "id" : "k52Nnb6AUB0E2QoL",
        "type" : "ClassView"
      },
      "target" : {
        "id" : "taPHnb6AUB0E2Q59",
        "type" : "ClassView"
      }
    }, {
      "id" : "6XuHnb6AUB0E2Q4T",
      "type" : "GeneralizationView",
      "modelElement" : {
        "id" : "EXuHnb6AUB0E2Q4S",
        "type" : "Generalization"
      },
      "shape" : {
        "id" : "6XuHnb6AUB0E2Q4T_path",
        "type" : "Path",
        "points" : [ {
          "x" : 404,
          "y" : 303
        }, {
          "x" : 404,
          "y" : 356
        }, {
          "x" : 776,
          "y" : 356
        }, {
          "x" : 776,
          "y" : 392
        } ]
      },
      "source" : {
        "id" : "0sKznb6AUB0E2QuM",
        "type" : "ClassView"
      },
      "target" : {
        "id" : "OSxbnb6AUB0E2Q0u",
        "type" : "ClassView"
      }
    }, {
      "id" : "3pRKnv6GAqACHSZE",
      "type" : "RelationView",
      "modelElement" : {
        "id" : "09g7nb6AUB0E2Q2M",
        "type" : "Relation"
      },
      "shape" : {
        "id" : "3pRKnv6GAqACHSZE_path",
        "type" : "Path",
        "points" : [ {
          "x" : 758,
          "y" : 493
        }, {
          "x" : 758,
          "y" : 434
        } ]
      },
      "source" : {
        "id" : "OHpbnb6AUB0E2Q1A",
        "type" : "ClassView"
      },
      "target" : {
        "id" : "OSxbnb6AUB0E2Q0u",
        "type" : "ClassView"
      }
    }, {
      "id" : "GF5Nnb6AUB0E2Qo7",
      "type" : "ClassView",
      "modelElement" : {
        "id" : "GF5Nnb6AUB0E2Qo8",
        "type" : "Class"
      },
      "shape" : {
        "id" : "GF5Nnb6AUB0E2Qo7_shape",
        "type" : "Rectangle",
        "x" : 106,
        "y" : 262,
        "width" : 117,
        "height" : 40
      }
    }, {
      "id" : "YLG7nb6AUB0E2Q3V",
      "type" : "GeneralizationView",
      "modelElement" : {
        "id" : "HzG7nb6AUB0E2Q3U",
        "type" : "Generalization"
      },
      "shape" : {
        "id" : "YLG7nb6AUB0E2Q3V_path",
        "type" : "Path",
        "points" : [ {
          "x" : 404,
          "y" : 303
        }, {
          "x" : 404,
          "y" : 356
        }, {
          "x" : 539,
          "y" : 356
        }, {
          "x" : 539,
          "y" : 335
        } ]
      },
      "source" : {
        "id" : "0sKznb6AUB0E2QuM",
        "type" : "ClassView"
      },
      "target" : {
        "id" : "KKHznb6AUB0E2Qvj",
        "type" : "ClassView"
      }
    }, {
      "id" : "aRVnnb6AUB0E2Q8m",
      "type" : "ClassView",
      "modelElement" : {
        "id" : "aRVnnb6AUB0E2Q8n",
        "type" : "Class"
      },
      "shape" : {
        "id" : "aRVnnb6AUB0E2Q8m_shape",
        "type" : "Rectangle",
        "x" : 711,
        "y" : 200,
        "width" : 107,
        "height" : 40
      }
    }, {
      "id" : "scdbnb6AUB0E2Q1T",
      "type" : "RelationView",
      "modelElement" : {
        "id" : "Wsdbnb6AUB0E2Q1O",
        "type" : "Relation"
      },
      "shape" : {
        "id" : "scdbnb6AUB0E2Q1T_path",
        "type" : "Path",
        "points" : [ {
          "x" : 687,
          "y" : 493
        }, {
          "x" : 687,
          "y" : 434
        } ]
      },
      "source" : {
        "id" : "OHpbnb6AUB0E2Q1A",
        "type" : "ClassView"
      },
      "target" : {
        "id" : "OA.bnb6AUB0E2Q0c",
        "type" : "ClassView"
      }
    }, {
      "id" : "gfVHnb6AUB0E2Q4v",
      "type" : "ClassView",
      "modelElement" : {
        "id" : "gfVHnb6AUB0E2Q4w",
        "type" : "Class"
      },
      "shape" : {
        "id" : "gfVHnb6AUB0E2Q4v_shape",
        "type" : "Rectangle",
        "x" : 574,
        "y" : 28,
        "width" : 80,
        "height" : 40
      }
    }, {
      "id" : ".Vqtnb6AUB0E2Qqz",
      "type" : "RelationView",
      "modelElement" : {
        "id" : "cVqtnb6AUB0E2Qqu",
        "type" : "Relation"
      },
      "shape" : {
        "id" : ".Vqtnb6AUB0E2Qqz_path",
        "type" : "Path",
        "points" : [ {
          "x" : 152,
          "y" : 261
        }, {
          "x" : 152,
          "y" : 199
        } ]
      },
      "source" : {
        "id" : "GF5Nnb6AUB0E2Qo7",
        "type" : "ClassView"
      },
      "target" : {
        "id" : "2n6Nnb6AUB0E2Qn_",
        "type" : "ClassView"
      }
    }, {
      "id" : "IQ0bnb6AUB0E2Qz9",
      "type" : "GeneralizationView",
      "modelElement" : {
        "id" : "_g0bnb6AUB0E2Qz8",
        "type" : "Generalization"
      },
      "shape" : {
        "id" : "IQ0bnb6AUB0E2Qz9_path",
        "type" : "Path",
        "points" : [ {
          "x" : 322,
          "y" : 434
        }, {
          "x" : 322,
          "y" : 466
        }, {
          "x" : 462,
          "y" : 466
        }, {
          "x" : 462,
          "y" : 493
        } ]
      },
      "source" : {
        "id" : "PCkLnb6AUB0E2Qv3",
        "type" : "ClassView"
      },
      "target" : {
        "id" : "cM9rnb6AUB0E2Qyv",
        "type" : "ClassView"
      }
    }, {
      "id" : "Ppj9nb6AUB0E2Qtn",
      "type" : "GeneralizationView",
      "modelElement" : {
        "id" : "dpj9nb6AUB0E2Qtm",
        "type" : "Generalization"
      },
      "shape" : {
        "id" : "Ppj9nb6AUB0E2Qtn_path",
        "type" : "Path",
        "points" : [ {
          "x" : 292,
          "y" : 106
        }, {
          "x" : 292,
          "y" : 135
        }, {
          "x" : 145,
          "y" : 135
        }, {
          "x" : 145,
          "y" : 157
        } ]
      },
      "source" : {
        "id" : "7.CNnb6AUB0E2Qnq",
        "type" : "ClassView"
      },
      "target" : {
        "id" : "2n6Nnb6AUB0E2Qn_",
        "type" : "ClassView"
      }
    }, {
      "id" : "rJornb6AUB0E2Qxo",
      "type" : "ClassView",
      "modelElement" : {
        "id" : "rJornb6AUB0E2Qxp",
        "type" : "Class"
      },
      "shape" : {
        "id" : "rJornb6AUB0E2Qxo_shape",
        "type" : "Rectangle",
        "x" : 134,
        "y" : 494,
        "width" : 120,
        "height" : 52
      }
    }, {
      "id" : ".IKLnb6AUB0E2QwV",
      "type" : "GeneralizationView",
      "modelElement" : {
        "id" : "CIKLnb6AUB0E2QwU",
        "type" : "Generalization"
      },
      "shape" : {
        "id" : ".IKLnb6AUB0E2QwV_path",
        "type" : "Path",
        "points" : [ {
          "x" : 404,
          "y" : 303
        }, {
          "x" : 404,
          "y" : 356
        }, {
          "x" : 277,
          "y" : 356
        }, {
          "x" : 277,
          "y" : 303
        } ]
      },
      "source" : {
        "id" : "0sKznb6AUB0E2QuM",
        "type" : "ClassView"
      },
      "target" : {
        "id" : "nH1Nnb6AUB0E2QpN",
        "type" : "ClassView"
      }
    }, {
      "id" : "2hInnb6AUB0E2Q6V",
      "type" : "GeneralizationView",
      "modelElement" : {
        "id" : "GhInnb6AUB0E2Q6U",
        "type" : "Generalization"
      },
      "shape" : {
        "id" : "2hInnb6AUB0E2Q6V_path",
        "type" : "Path",
        "points" : [ {
          "x" : 455,
          "y" : 185
        }, {
          "x" : 523,
          "y" : 185
        }, {
          "x" : 523,
          "y" : 90
        }, {
          "x" : 573,
          "y" : 90
        } ]
      },
      "source" : {
        "id" : "k52Nnb6AUB0E2QoL",
        "type" : "ClassView"
      },
      "target" : {
        "id" : "FltHnb6AUB0E2Q4.",
        "type" : "ClassView"
      }
    }, {
      "id" : "FltHnb6AUB0E2Q4.",
      "type" : "ClassView",
      "modelElement" : {
        "id" : "FltHnb6AUB0E2Q4_",
        "type" : "Class"
      },
      "shape" : {
        "id" : "FltHnb6AUB0E2Q4._shape",
        "type" : "Rectangle",
        "x" : 574,
        "y" : 78,
        "width" : 80,
        "height" : 40
      }
    } ]
  } ]
}