{
  "id" : "ZlqXiX6GAqAAbwgS",
  "name" : "untitled",
  "description" : null,
  "type" : "Project",
  "model" : {
    "id" : "ZlqXiX6GAqAAbwgS_root",
    "name" : "untitled",
    "description" : null,
    "type" : "Package",
    "propertyAssignments" : null,
    "contents" : [ {
      "id" : "66eXPqGGAqFkCwqY",
      "name" : "UFO",
      "description" : null,
      "type" : "Package",
      "propertyAssignments" : null,
      "contents" : [ {
        "id" : "vhxySX6GAqAAbwxQ",
        "name" : "Goal",
        "description" : null,
        "type" : "Class",
        "propertyAssignments" : null,
        "stereotype" : null,
        "isAbstract" : false,
        "isDerived" : false,
        "properties" : null,
        "isExtensional" : null,
        "isPowertype" : null,
        "order" : null,
        "literals" : null,
        "restrictedTo" : null
      }, {
        "id" : "bkmySX6GAqAAbwwO",
        "name" : "Goal Universal",
        "description" : null,
        "type" : "Class",
        "propertyAssignments" : null,
        "stereotype" : null,
        "isAbstract" : false,
        "isDerived" : false,
        "properties" : null,
        "isExtensional" : null,
        "isPowertype" : null,
        "order" : null,
        "literals" : null,
        "restrictedTo" : null
      }, {
        "id" : "rH5ySX6GAqAAbwxf",
        "name" : "Intrinsic Moment Universal",
        "description" : null,
        "type" : "Class",
        "propertyAssignments" : null,
        "stereotype" : null,
        "isAbstract" : false,
        "isDerived" : false,
        "properties" : null,
        "isExtensional" : null,
        "isPowertype" : null,
        "order" : null,
        "literals" : null,
        "restrictedTo" : null
      }, {
        "id" : "J79KSX6GAqAAbw2c",
        "name" : null,
        "description" : null,
        "type" : "Generalization",
        "propertyAssignments" : null,
        "general" : {
          "id" : "vhxySX6GAqAAbwxQ",
          "type" : "Class"
        },
        "specific" : {
          "id" : "OKBKSX6GAqAAbw1N",
          "type" : "Class"
        }
      }, {
        "id" : "18DKSX6GAqAAbw2i",
        "name" : null,
        "description" : null,
        "type" : "Generalization",
        "propertyAssignments" : null,
        "general" : {
          "id" : "vhxySX6GAqAAbwxQ",
          "type" : "Class"
        },
        "specific" : {
          "id" : "lqhKSX6GAqAAbw1Y",
          "type" : "Class"
        }
      }, {
        "id" : "h1DKSX6GAqAAbw2o",
        "name" : null,
        "description" : null,
        "type" : "Generalization",
        "propertyAssignments" : null,
        "general" : {
          "id" : "vhxySX6GAqAAbwxQ",
          "type" : "Class"
        },
        "specific" : {
          "id" : "E3RKSX6GAqAAbw1j",
          "type" : "Class"
        }
      }, {
        "id" : "7EjKSX6GAqAAbw2u",
        "name" : null,
        "description" : null,
        "type" : "Generalization",
        "propertyAssignments" : null,
        "general" : {
          "id" : "vhxySX6GAqAAbwxQ",
          "type" : "Class"
        },
        "specific" : {
          "id" : "04pKSX6GAqAAbw1y",
          "type" : "Class"
        }
      }, {
        "id" : "ZtrySX6GAqAAbwyi",
        "name" : null,
        "description" : null,
        "type" : "Generalization",
        "propertyAssignments" : null,
        "general" : {
          "id" : "bkmySX6GAqAAbwwO",
          "type" : "Class"
        },
        "specific" : {
          "id" : "XSuySX6GAqAAbwwk",
          "type" : "Class"
        }
      }, {
        "id" : "Y8MKSX6GAqAAbwzw",
        "name" : null,
        "description" : null,
        "type" : "Generalization",
        "propertyAssignments" : null,
        "general" : {
          "id" : "rH5ySX6GAqAAbwxf",
          "type" : "Class"
        },
        "specific" : {
          "id" : "5BNySX6GAqAAbwx3",
          "type" : "Class"
        }
      } ]
    }, {
      "id" : "Nh_XPqGGAqFkCwq.",
      "name" : "UFO-C",
      "description" : null,
      "type" : "Package",
      "propertyAssignments" : null,
      "contents" : [ {
        "id" : "_EkKSX6GAqAAbwzn",
        "name" : "Belief",
        "description" : null,
        "type" : "Class",
        "propertyAssignments" : null,
        "stereotype" : null,
        "isAbstract" : false,
        "isDerived" : false,
        "properties" : null,
        "isExtensional" : null,
        "isPowertype" : null,
        "order" : null,
        "literals" : null,
        "restrictedTo" : null
      }, {
        "id" : "hGUqSX6GAqAAbw4o",
        "name" : null,
        "description" : null,
        "type" : "Generalization",
        "propertyAssignments" : null,
        "general" : {
          "id" : "_EkKSX6GAqAAbwzn",
          "type" : "Class"
        },
        "specific" : {
          "id" : "ehmKSX6GAqAAbw0o",
          "type" : "Class"
        }
      }, {
        "id" : "hAUqSX6GAqAAbw4i",
        "name" : null,
        "description" : null,
        "type" : "Generalization",
        "propertyAssignments" : null,
        "general" : {
          "id" : "_EkKSX6GAqAAbwzn",
          "type" : "Class"
        },
        "specific" : {
          "id" : "LHaKSX6GAqAAbw0d",
          "type" : "Class"
        }
      }, {
        "id" : "LpEqSX6GAqAAbw4Q",
        "name" : null,
        "description" : null,
        "type" : "Generalization",
        "propertyAssignments" : null,
        "general" : {
          "id" : "_EkKSX6GAqAAbwzn",
          "type" : "Class"
        },
        "specific" : {
          "id" : "YUiKSX6GAqAAbwz8",
          "type" : "Class"
        }
      }, {
        "id" : "WPEqSX6GAqAAbw4W",
        "name" : null,
        "description" : null,
        "type" : "Generalization",
        "propertyAssignments" : null,
        "general" : {
          "id" : "_EkKSX6GAqAAbwzn",
          "type" : "Class"
        },
        "specific" : {
          "id" : ".0yKSX6GAqAAbw0H",
          "type" : "Class"
        }
      }, {
        "id" : "IqkqSX6GAqAAbw4c",
        "name" : null,
        "description" : null,
        "type" : "Generalization",
        "propertyAssignments" : null,
        "general" : {
          "id" : "_EkKSX6GAqAAbwzn",
          "type" : "Class"
        },
        "specific" : {
          "id" : "noqKSX6GAqAAbw0S",
          "type" : "Class"
        }
      }, {
        "id" : "H9UqSX6GAqAAbw4u",
        "name" : null,
        "description" : null,
        "type" : "Generalization",
        "propertyAssignments" : null,
        "general" : {
          "id" : "_EkKSX6GAqAAbwzn",
          "type" : "Class"
        },
        "specific" : {
          "id" : "5jWKSX6GAqAAbw0z",
          "type" : "Class"
        }
      }, {
        "id" : "ca0qSX6GAqAAbw40",
        "name" : null,
        "description" : null,
        "type" : "Generalization",
        "propertyAssignments" : null,
        "general" : {
          "id" : "_EkKSX6GAqAAbwzn",
          "type" : "Class"
        },
        "specific" : {
          "id" : "D7OKSX6GAqAAbw0.",
          "type" : "Class"
        }
      } ]
    }, {
      "id" : "ooy3PqGGAqFkCwrO",
      "name" : "COVER",
      "description" : null,
      "type" : "Package",
      "propertyAssignments" : null,
      "contents" : [ {
        "id" : "LDX6SX6GAqAAbxFR",
        "name" : "Value Assessor",
        "description" : null,
        "type" : "Class",
        "propertyAssignments" : null,
        "stereotype" : null,
        "isAbstract" : false,
        "isDerived" : false,
        "properties" : null,
        "isExtensional" : null,
        "isPowertype" : null,
        "order" : null,
        "literals" : null,
        "restrictedTo" : null
      }, {
        "id" : "DhP6SX6GAqAAbxFc",
        "name" : "Value Ascription",
        "description" : null,
        "type" : "Class",
        "propertyAssignments" : null,
        "stereotype" : null,
        "isAbstract" : false,
        "isDerived" : false,
        "properties" : null,
        "isExtensional" : null,
        "isPowertype" : null,
        "order" : null,
        "literals" : null,
        "restrictedTo" : null
      }, {
        "id" : "p0f6SX6GAqAAbxFn",
        "name" : "Value",
        "description" : null,
        "type" : "Class",
        "propertyAssignments" : null,
        "stereotype" : null,
        "isAbstract" : false,
        "isDerived" : false,
        "properties" : null,
        "isExtensional" : null,
        "isPowertype" : null,
        "order" : null,
        "literals" : null,
        "restrictedTo" : null
      }, {
        "id" : "WO_6SX6GAqAAbxFy",
        "name" : "Risk",
        "description" : null,
        "type" : "Class",
        "propertyAssignments" : null,
        "stereotype" : null,
        "isAbstract" : false,
        "isDerived" : false,
        "properties" : null,
        "isExtensional" : null,
        "isPowertype" : null,
        "order" : null,
        "literals" : null,
        "restrictedTo" : null
      }, {
        "id" : "VoeGSX6GAqAAbxHo",
        "name" : "Value Subject",
        "description" : null,
        "type" : "Class",
        "propertyAssignments" : null,
        "stereotype" : null,
        "isAbstract" : false,
        "isDerived" : false,
        "properties" : null,
        "isExtensional" : null,
        "isPowertype" : null,
        "order" : null,
        "literals" : null,
        "restrictedTo" : null
      }, {
        "id" : "f7RGSX6GAqAAbxH7",
        "name" : "Value Experience",
        "description" : null,
        "type" : "Class",
        "propertyAssignments" : null,
        "stereotype" : null,
        "isAbstract" : false,
        "isDerived" : false,
        "properties" : null,
        "isExtensional" : null,
        "isPowertype" : null,
        "order" : null,
        "literals" : null,
        "restrictedTo" : null
      }, {
        "id" : "MppGSX6GAqAAbxIG",
        "name" : "Experience Value Asc.",
        "description" : null,
        "type" : "Class",
        "propertyAssignments" : null,
        "stereotype" : null,
        "isAbstract" : false,
        "isDerived" : false,
        "properties" : null,
        "isExtensional" : null,
        "isPowertype" : null,
        "order" : null,
        "literals" : null,
        "restrictedTo" : null
      }, {
        "id" : "sbFGSX6GAqAAbxIR",
        "name" : "Object Value Asc.",
        "description" : null,
        "type" : "Class",
        "propertyAssignments" : null,
        "stereotype" : null,
        "isAbstract" : false,
        "isDerived" : false,
        "properties" : null,
        "isExtensional" : null,
        "isPowertype" : null,
        "order" : null,
        "literals" : null,
        "restrictedTo" : null
      }, {
        "id" : "nObGSX6GAqAAbxJQ",
        "name" : "Value Object",
        "description" : null,
        "type" : "Class",
        "propertyAssignments" : null,
        "stereotype" : null,
        "isAbstract" : false,
        "isDerived" : false,
        "properties" : null,
        "isExtensional" : null,
        "isPowertype" : null,
        "order" : null,
        "literals" : null,
        "restrictedTo" : null
      }, {
        "id" : "_tWGSX6GAqAAbxHe",
        "name" : null,
        "description" : null,
        "type" : "Generalization",
        "propertyAssignments" : null,
        "general" : {
          "id" : "LDX6SX6GAqAAbxFR",
          "type" : "Class"
        },
        "specific" : {
          "id" : "xB76SX6GAqAAbxFG",
          "type" : "Class"
        }
      }, {
        "id" : "i8BGSX6GAqAAbxHx",
        "name" : null,
        "description" : null,
        "type" : "Generalization",
        "propertyAssignments" : null,
        "general" : {
          "id" : "VoeGSX6GAqAAbxHo",
          "type" : "Class"
        },
        "specific" : {
          "id" : "sjoGSX6GAqAAbxGd",
          "type" : "Class"
        }
      }, {
        "id" : "Ri1GSX6GAqAAbxIa",
        "name" : null,
        "description" : null,
        "type" : "Generalization",
        "propertyAssignments" : null,
        "general" : {
          "id" : "DhP6SX6GAqAAbxFc",
          "type" : "Class"
        },
        "specific" : {
          "id" : "sbFGSX6GAqAAbxIR",
          "type" : "Class"
        }
      }, {
        "id" : "icNGSX6GAqAAbxIo",
        "name" : null,
        "description" : null,
        "type" : "Generalization",
        "propertyAssignments" : null,
        "general" : {
          "id" : "DhP6SX6GAqAAbxFc",
          "type" : "Class"
        },
        "specific" : {
          "id" : "MppGSX6GAqAAbxIG",
          "type" : "Class"
        }
      }, {
        "id" : "c_TGSX6GAqAAbxJC",
        "name" : null,
        "description" : null,
        "type" : "Generalization",
        "propertyAssignments" : null,
        "general" : {
          "id" : "f7RGSX6GAqAAbxH7",
          "type" : "Class"
        },
        "specific" : {
          "id" : "Q1EGSX6GAqAAbxGo",
          "type" : "Class"
        }
      }, {
        "id" : "qNnGSX6GAqAAbxJZ",
        "name" : null,
        "description" : null,
        "type" : "Generalization",
        "propertyAssignments" : null,
        "general" : {
          "id" : "p0f6SX6GAqAAbxFn",
          "type" : "Class"
        },
        "specific" : {
          "id" : "WO_6SX6GAqAAbxFy",
          "type" : "Class"
        }
      }, {
        "id" : "Jp3GSX6GAqAAbxJt",
        "name" : "inheres in",
        "description" : null,
        "type" : "Relation",
        "propertyAssignments" : null,
        "stereotype" : null,
        "isAbstract" : false,
        "isDerived" : false,
        "properties" : [ {
          "id" : "Jp3GSX6GAqAAbxJu",
          "name" : null,
          "description" : null,
          "type" : "Property",
          "propertyAssignments" : null,
          "stereotype" : null,
          "isDerived" : false,
          "isReadOnly" : false,
          "isOrdered" : false,
          "cardinality" : "1",
          "propertyType" : {
            "id" : "p0f6SX6GAqAAbxFn",
            "type" : "Class"
          },
          "subsettedProperties" : null,
          "redefinedProperties" : null,
          "aggregationKind" : "NONE"
        }, {
          "id" : "Jp3GSX6GAqAAbxJw",
          "name" : null,
          "description" : null,
          "type" : "Property",
          "propertyAssignments" : null,
          "stereotype" : null,
          "isDerived" : false,
          "isReadOnly" : false,
          "isOrdered" : false,
          "cardinality" : "1",
          "propertyType" : {
            "id" : "DhP6SX6GAqAAbxFc",
            "type" : "Class"
          },
          "subsettedProperties" : null,
          "redefinedProperties" : null,
          "aggregationKind" : "NONE"
        } ]
      }, {
        "id" : "zsQmSX6GAqAAbxKc",
        "name" : "involves",
        "description" : null,
        "type" : "Relation",
        "propertyAssignments" : null,
        "stereotype" : null,
        "isAbstract" : false,
        "isDerived" : false,
        "properties" : [ {
          "id" : "LsQmSX6GAqAAbxKd",
          "name" : null,
          "description" : null,
          "type" : "Property",
          "propertyAssignments" : null,
          "stereotype" : null,
          "isDerived" : false,
          "isReadOnly" : false,
          "isOrdered" : false,
          "cardinality" : "1..*",
          "propertyType" : {
            "id" : "DhP6SX6GAqAAbxFc",
            "type" : "Class"
          },
          "subsettedProperties" : null,
          "redefinedProperties" : null,
          "aggregationKind" : "NONE"
        }, {
          "id" : "LsQmSX6GAqAAbxKf",
          "name" : null,
          "description" : null,
          "type" : "Property",
          "propertyAssignments" : null,
          "stereotype" : null,
          "isDerived" : false,
          "isReadOnly" : false,
          "isOrdered" : false,
          "cardinality" : "1",
          "propertyType" : {
            "id" : "LDX6SX6GAqAAbxFR",
            "type" : "Class"
          },
          "subsettedProperties" : null,
          "redefinedProperties" : null,
          "aggregationKind" : "NONE"
        } ]
      }, {
        "id" : "qXUmSX6GAqAAbxLT",
        "name" : "participates in",
        "description" : null,
        "type" : "Relation",
        "propertyAssignments" : null,
        "stereotype" : null,
        "isAbstract" : false,
        "isDerived" : false,
        "properties" : [ {
          "id" : "qXUmSX6GAqAAbxLU",
          "name" : null,
          "description" : null,
          "type" : "Property",
          "propertyAssignments" : null,
          "stereotype" : null,
          "isDerived" : false,
          "isReadOnly" : false,
          "isOrdered" : false,
          "cardinality" : "1..*",
          "propertyType" : {
            "id" : "VoeGSX6GAqAAbxHo",
            "type" : "Class"
          },
          "subsettedProperties" : null,
          "redefinedProperties" : null,
          "aggregationKind" : "NONE"
        }, {
          "id" : "qXUmSX6GAqAAbxLW",
          "name" : null,
          "description" : null,
          "type" : "Property",
          "propertyAssignments" : null,
          "stereotype" : null,
          "isDerived" : false,
          "isReadOnly" : false,
          "isOrdered" : false,
          "cardinality" : "1..*",
          "propertyType" : {
            "id" : "f7RGSX6GAqAAbxH7",
            "type" : "Class"
          },
          "subsettedProperties" : null,
          "redefinedProperties" : null,
          "aggregationKind" : "NONE"
        } ]
      }, {
        "id" : "wOGmSX6GAqAAbxME",
        "name" : "involves",
        "description" : null,
        "type" : "Relation",
        "propertyAssignments" : null,
        "stereotype" : null,
        "isAbstract" : false,
        "isDerived" : false,
        "properties" : [ {
          "id" : "wOGmSX6GAqAAbxMF",
          "name" : null,
          "description" : null,
          "type" : "Property",
          "propertyAssignments" : null,
          "stereotype" : null,
          "isDerived" : false,
          "isReadOnly" : false,
          "isOrdered" : false,
          "cardinality" : "1..*",
          "propertyType" : {
            "id" : "MppGSX6GAqAAbxIG",
            "type" : "Class"
          },
          "subsettedProperties" : null,
          "redefinedProperties" : null,
          "aggregationKind" : "NONE"
        }, {
          "id" : "wOGmSX6GAqAAbxMH",
          "name" : null,
          "description" : null,
          "type" : "Property",
          "propertyAssignments" : null,
          "stereotype" : null,
          "isDerived" : false,
          "isReadOnly" : false,
          "isOrdered" : false,
          "cardinality" : "1",
          "propertyType" : {
            "id" : "f7RGSX6GAqAAbxH7",
            "type" : "Class"
          },
          "subsettedProperties" : null,
          "redefinedProperties" : null,
          "aggregationKind" : "NONE"
        } ]
      }, {
        "id" : "7KZmSX6GAqAAbxNP",
        "name" : "participates in",
        "description" : null,
        "type" : "Relation",
        "propertyAssignments" : null,
        "stereotype" : null,
        "isAbstract" : false,
        "isDerived" : false,
        "properties" : [ {
          "id" : "7KZmSX6GAqAAbxNQ",
          "name" : null,
          "description" : null,
          "type" : "Property",
          "propertyAssignments" : null,
          "stereotype" : null,
          "isDerived" : false,
          "isReadOnly" : false,
          "isOrdered" : false,
          "cardinality" : "0..1",
          "propertyType" : {
            "id" : "nObGSX6GAqAAbxJQ",
            "type" : "Class"
          },
          "subsettedProperties" : null,
          "redefinedProperties" : null,
          "aggregationKind" : "NONE"
        }, {
          "id" : "7KZmSX6GAqAAbxNS",
          "name" : null,
          "description" : null,
          "type" : "Property",
          "propertyAssignments" : null,
          "stereotype" : null,
          "isDerived" : false,
          "isReadOnly" : false,
          "isOrdered" : false,
          "cardinality" : "1..*",
          "propertyType" : {
            "id" : "f7RGSX6GAqAAbxH7",
            "type" : "Class"
          },
          "subsettedProperties" : null,
          "redefinedProperties" : null,
          "aggregationKind" : "NONE"
        } ]
      }, {
        "id" : "PG9mSX6GAqAAbxOC",
        "name" : "involves",
        "description" : null,
        "type" : "Relation",
        "propertyAssignments" : null,
        "stereotype" : null,
        "isAbstract" : false,
        "isDerived" : false,
        "properties" : [ {
          "id" : "PG9mSX6GAqAAbxOD",
          "name" : null,
          "description" : null,
          "type" : "Property",
          "propertyAssignments" : null,
          "stereotype" : null,
          "isDerived" : false,
          "isReadOnly" : false,
          "isOrdered" : false,
          "cardinality" : "1..*",
          "propertyType" : {
            "id" : "sbFGSX6GAqAAbxIR",
            "type" : "Class"
          },
          "subsettedProperties" : null,
          "redefinedProperties" : null,
          "aggregationKind" : "NONE"
        }, {
          "id" : "PG9mSX6GAqAAbxOF",
          "name" : null,
          "description" : null,
          "type" : "Property",
          "propertyAssignments" : null,
          "stereotype" : null,
          "isDerived" : false,
          "isReadOnly" : false,
          "isOrdered" : false,
          "cardinality" : "1",
          "propertyType" : {
            "id" : "nObGSX6GAqAAbxJQ",
            "type" : "Class"
          },
          "subsettedProperties" : null,
          "redefinedProperties" : null,
          "aggregationKind" : "NONE"
        } ]
      }, {
        "id" : "xLpjLv6FYGFAAQrU",
        "name" : null,
        "description" : null,
        "type" : "Relation",
        "propertyAssignments" : null,
        "stereotype" : null,
        "isAbstract" : false,
        "isDerived" : false,
        "properties" : [ {
          "id" : "xLpjLv6FYGFAAQrV",
          "name" : "0..1",
          "description" : null,
          "type" : "Property",
          "propertyAssignments" : null,
          "stereotype" : null,
          "isDerived" : false,
          "isReadOnly" : false,
          "isOrdered" : false,
          "cardinality" : "*",
          "propertyType" : {
            "id" : "sbFGSX6GAqAAbxIR",
            "type" : "Class"
          },
          "subsettedProperties" : null,
          "redefinedProperties" : null,
          "aggregationKind" : "COMPOSITE"
        }, {
          "id" : "JLpjLv6FYGFAAQrX",
          "name" : "1..*",
          "description" : null,
          "type" : "Property",
          "propertyAssignments" : null,
          "stereotype" : null,
          "isDerived" : false,
          "isReadOnly" : false,
          "isOrdered" : false,
          "cardinality" : "*",
          "propertyType" : {
            "id" : "MppGSX6GAqAAbxIG",
            "type" : "Class"
          },
          "subsettedProperties" : null,
          "redefinedProperties" : null,
          "aggregationKind" : "NONE"
        } ]
      } ]
    }, {
      "id" : "FloPPqGGAqFkCwuJ",
      "name" : "KIPO",
      "description" : null,
      "type" : "Package",
      "propertyAssignments" : null,
      "contents" : [ {
        "id" : "OkF6SX6GAqAAbxD5",
        "name" : "Participant",
        "description" : null,
        "type" : "Class",
        "propertyAssignments" : null,
        "stereotype" : null,
        "isAbstract" : false,
        "isDerived" : false,
        "properties" : null,
        "isExtensional" : null,
        "isPowertype" : null,
        "order" : null,
        "literals" : null,
        "restrictedTo" : null
      }, {
        "id" : "7Rl6SX6GAqAAbxEE",
        "name" : "Decision",
        "description" : null,
        "type" : "Class",
        "propertyAssignments" : null,
        "stereotype" : null,
        "isAbstract" : false,
        "isDerived" : false,
        "properties" : null,
        "isExtensional" : null,
        "isPowertype" : null,
        "order" : null,
        "literals" : null,
        "restrictedTo" : null
      }, {
        "id" : ".DcGSX6GAqAAbxG9",
        "name" : null,
        "description" : null,
        "type" : "Generalization",
        "propertyAssignments" : null,
        "general" : {
          "id" : "OkF6SX6GAqAAbxD5",
          "type" : "Class"
        },
        "specific" : {
          "id" : "sjoGSX6GAqAAbxGd",
          "type" : "Class"
        }
      }, {
        "id" : "_J8GSX6GAqAAbxHD",
        "name" : null,
        "description" : null,
        "type" : "Generalization",
        "propertyAssignments" : null,
        "general" : {
          "id" : "OkF6SX6GAqAAbxD5",
          "type" : "Class"
        },
        "specific" : {
          "id" : "xB76SX6GAqAAbxFG",
          "type" : "Class"
        }
      }, {
        "id" : "vmt6SX6GAqAAbxET",
        "name" : "Makes to solve",
        "description" : null,
        "type" : "Relation",
        "propertyAssignments" : null,
        "stereotype" : null,
        "isAbstract" : false,
        "isDerived" : false,
        "properties" : [ {
          "id" : "vmt6SX6GAqAAbxEU",
          "name" : null,
          "description" : null,
          "type" : "Property",
          "propertyAssignments" : null,
          "stereotype" : null,
          "isDerived" : false,
          "isReadOnly" : false,
          "isOrdered" : false,
          "cardinality" : "1",
          "propertyType" : {
            "id" : "OkF6SX6GAqAAbxD5",
            "type" : "Class"
          },
          "subsettedProperties" : null,
          "redefinedProperties" : null,
          "aggregationKind" : "NONE"
        }, {
          "id" : "vmt6SX6GAqAAbxEW",
          "name" : null,
          "description" : null,
          "type" : "Property",
          "propertyAssignments" : null,
          "stereotype" : null,
          "isDerived" : false,
          "isReadOnly" : false,
          "isOrdered" : false,
          "cardinality" : "1..*",
          "propertyType" : {
            "id" : "7Rl6SX6GAqAAbxEE",
            "type" : "Class"
          },
          "subsettedProperties" : null,
          "redefinedProperties" : null,
          "aggregationKind" : "NONE"
        } ]
      } ]
    }, {
      "id" : "xB76SX6GAqAAbxFG",
      "name" : "Value Assessor Participant",
      "description" : null,
      "type" : "Class",
      "propertyAssignments" : null,
      "stereotype" : null,
      "isAbstract" : false,
      "isDerived" : false,
      "properties" : null,
      "isExtensional" : null,
      "isPowertype" : null,
      "order" : null,
      "literals" : null,
      "restrictedTo" : null
    }, {
      "id" : "sjoGSX6GAqAAbxGd",
      "name" : "Value Subject participant",
      "description" : null,
      "type" : "Class",
      "propertyAssignments" : null,
      "stereotype" : null,
      "isAbstract" : false,
      "isDerived" : false,
      "properties" : null,
      "isExtensional" : null,
      "isPowertype" : null,
      "order" : null,
      "literals" : null,
      "restrictedTo" : null
    }, {
      "id" : "Q1EGSX6GAqAAbxGo",
      "name" : "Knowledge Intensive Activity",
      "description" : null,
      "type" : "Class",
      "propertyAssignments" : null,
      "stereotype" : null,
      "isAbstract" : false,
      "isDerived" : false,
      "properties" : null,
      "isExtensional" : null,
      "isPowertype" : null,
      "order" : null,
      "literals" : null,
      "restrictedTo" : null
    }, {
      "id" : "noqKSX6GAqAAbw0S",
      "name" : "Preference Belief",
      "description" : null,
      "type" : "Class",
      "propertyAssignments" : null,
      "stereotype" : null,
      "isAbstract" : false,
      "isDerived" : false,
      "properties" : null,
      "isExtensional" : null,
      "isPowertype" : null,
      "order" : null,
      "literals" : null,
      "restrictedTo" : null
    }, {
      "id" : "5jWKSX6GAqAAbw0z",
      "name" : "Precondition Belief",
      "description" : null,
      "type" : "Class",
      "propertyAssignments" : null,
      "stereotype" : null,
      "isAbstract" : false,
      "isDerived" : false,
      "properties" : null,
      "isExtensional" : null,
      "isPowertype" : null,
      "order" : null,
      "literals" : null,
      "restrictedTo" : null
    }, {
      "id" : ".0yKSX6GAqAAbw0H",
      "name" : "Assessment Belief",
      "description" : null,
      "type" : "Class",
      "propertyAssignments" : null,
      "stereotype" : null,
      "isAbstract" : false,
      "isDerived" : false,
      "properties" : null,
      "isExtensional" : null,
      "isPowertype" : null,
      "order" : null,
      "literals" : null,
      "restrictedTo" : null
    }, {
      "id" : "D7OKSX6GAqAAbw0.",
      "name" : "Means-end Belief",
      "description" : null,
      "type" : "Class",
      "propertyAssignments" : null,
      "stereotype" : null,
      "isAbstract" : false,
      "isDerived" : false,
      "properties" : null,
      "isExtensional" : null,
      "isPowertype" : null,
      "order" : null,
      "literals" : null,
      "restrictedTo" : null
    }, {
      "id" : "lqhKSX6GAqAAbw1Y",
      "name" : "Pursuable Goal",
      "description" : null,
      "type" : "Class",
      "propertyAssignments" : null,
      "stereotype" : null,
      "isAbstract" : false,
      "isDerived" : false,
      "properties" : null,
      "isExtensional" : null,
      "isPowertype" : null,
      "order" : null,
      "literals" : null,
      "restrictedTo" : null
    }, {
      "id" : "5BNySX6GAqAAbwx3",
      "name" : "Belief Type",
      "description" : null,
      "type" : "Class",
      "propertyAssignments" : null,
      "stereotype" : null,
      "isAbstract" : false,
      "isDerived" : false,
      "properties" : null,
      "isExtensional" : null,
      "isPowertype" : null,
      "order" : null,
      "literals" : null,
      "restrictedTo" : null
    }, {
      "id" : "E3RKSX6GAqAAbw1j",
      "name" : "Chosen Goal",
      "description" : null,
      "type" : "Class",
      "propertyAssignments" : null,
      "stereotype" : null,
      "isAbstract" : false,
      "isDerived" : false,
      "properties" : null,
      "isExtensional" : null,
      "isPowertype" : null,
      "order" : null,
      "literals" : null,
      "restrictedTo" : null
    }, {
      "id" : "ehmKSX6GAqAAbw0o",
      "name" : "Cost Belief",
      "description" : null,
      "type" : "Class",
      "propertyAssignments" : null,
      "stereotype" : null,
      "isAbstract" : false,
      "isDerived" : false,
      "properties" : null,
      "isExtensional" : null,
      "isPowertype" : null,
      "order" : null,
      "literals" : null,
      "restrictedTo" : null
    }, {
      "id" : "XSuySX6GAqAAbwwk",
      "name" : "Goal Type",
      "description" : null,
      "type" : "Class",
      "propertyAssignments" : null,
      "stereotype" : null,
      "isAbstract" : false,
      "isDerived" : false,
      "properties" : null,
      "isExtensional" : null,
      "isPowertype" : null,
      "order" : null,
      "literals" : null,
      "restrictedTo" : null
    }, {
      "id" : "YUiKSX6GAqAAbwz8",
      "name" : "Motivating Belief",
      "description" : null,
      "type" : "Class",
      "propertyAssignments" : null,
      "stereotype" : null,
      "isAbstract" : false,
      "isDerived" : false,
      "properties" : null,
      "isExtensional" : null,
      "isPowertype" : null,
      "order" : null,
      "literals" : null,
      "restrictedTo" : null
    }, {
      "id" : "OKBKSX6GAqAAbw1N",
      "name" : "Active Goal",
      "description" : null,
      "type" : "Class",
      "propertyAssignments" : null,
      "stereotype" : null,
      "isAbstract" : false,
      "isDerived" : false,
      "properties" : null,
      "isExtensional" : null,
      "isPowertype" : null,
      "order" : null,
      "literals" : null,
      "restrictedTo" : null
    }, {
      "id" : "04pKSX6GAqAAbw1y",
      "name" : "Executive Goal",
      "description" : null,
      "type" : "Class",
      "propertyAssignments" : null,
      "stereotype" : null,
      "isAbstract" : false,
      "isDerived" : false,
      "properties" : null,
      "isExtensional" : null,
      "isPowertype" : null,
      "order" : null,
      "literals" : null,
      "restrictedTo" : null
    }, {
      "id" : "LHaKSX6GAqAAbw0d",
      "name" : "Incompatibility Belief",
      "description" : null,
      "type" : "Class",
      "propertyAssignments" : null,
      "stereotype" : null,
      "isAbstract" : false,
      "isDerived" : false,
      "properties" : null,
      "isExtensional" : null,
      "isPowertype" : null,
      "order" : null,
      "literals" : null,
      "restrictedTo" : null
    }, {
      "id" : "eBMGSX6GAqAAbxGz",
      "name" : null,
      "description" : null,
      "type" : "Generalization",
      "propertyAssignments" : null,
      "general" : {
        "id" : "Q1EGSX6GAqAAbxGo",
        "type" : "Class"
      },
      "specific" : {
        "id" : "7Rl6SX6GAqAAbxEE",
        "type" : "Class"
      }
    }, {
      "id" : "4Et63v6GAqAAaAm3",
      "name" : "",
      "description" : null,
      "type" : "GeneralizationSet",
      "propertyAssignments" : null,
      "isDisjoint" : false,
      "isComplete" : false,
      "categorizer" : null,
      "generalizations" : [ {
        "id" : "_J8GSX6GAqAAbxHD",
        "type" : "Generalization"
      }, {
        "id" : ".DcGSX6GAqAAbxG9",
        "type" : "Generalization"
      } ]
    }, {
      "id" : "ifkaSX6GAqAAbw8b",
      "name" : "activated by",
      "description" : null,
      "type" : "Relation",
      "propertyAssignments" : null,
      "stereotype" : null,
      "isAbstract" : false,
      "isDerived" : false,
      "properties" : [ {
        "id" : "ifkaSX6GAqAAbw8c",
        "name" : null,
        "description" : null,
        "type" : "Property",
        "propertyAssignments" : null,
        "stereotype" : null,
        "isDerived" : false,
        "isReadOnly" : false,
        "isOrdered" : false,
        "cardinality" : "1",
        "propertyType" : {
          "id" : "OKBKSX6GAqAAbw1N",
          "type" : "Class"
        },
        "subsettedProperties" : null,
        "redefinedProperties" : null,
        "aggregationKind" : "NONE"
      }, {
        "id" : "ifkaSX6GAqAAbw8e",
        "name" : null,
        "description" : null,
        "type" : "Property",
        "propertyAssignments" : null,
        "stereotype" : null,
        "isDerived" : false,
        "isReadOnly" : false,
        "isOrdered" : false,
        "cardinality" : "1..*",
        "propertyType" : {
          "id" : "YUiKSX6GAqAAbwz8",
          "type" : "Class"
        },
        "subsettedProperties" : null,
        "redefinedProperties" : null,
        "aggregationKind" : "NONE"
      } ]
    }, {
      "id" : "eyGaSX6GAqAAbw96",
      "name" : "evaluated by",
      "description" : null,
      "type" : "Relation",
      "propertyAssignments" : null,
      "stereotype" : null,
      "isAbstract" : false,
      "isDerived" : false,
      "properties" : [ {
        "id" : "eyGaSX6GAqAAbw97",
        "name" : null,
        "description" : null,
        "type" : "Property",
        "propertyAssignments" : null,
        "stereotype" : null,
        "isDerived" : false,
        "isReadOnly" : false,
        "isOrdered" : false,
        "cardinality" : "1",
        "propertyType" : {
          "id" : "lqhKSX6GAqAAbw1Y",
          "type" : "Class"
        },
        "subsettedProperties" : null,
        "redefinedProperties" : null,
        "aggregationKind" : "NONE"
      }, {
        "id" : ".yGaSX6GAqAAbw99",
        "name" : null,
        "description" : null,
        "type" : "Property",
        "propertyAssignments" : null,
        "stereotype" : null,
        "isDerived" : false,
        "isReadOnly" : false,
        "isOrdered" : false,
        "cardinality" : "1..*",
        "propertyType" : {
          "id" : ".0yKSX6GAqAAbw0H",
          "type" : "Class"
        },
        "subsettedProperties" : null,
        "redefinedProperties" : null,
        "aggregationKind" : "NONE"
      } ]
    }, {
      "id" : "spJaSX6GAqAAbw_L",
      "name" : "deliberated by",
      "description" : null,
      "type" : "Relation",
      "propertyAssignments" : null,
      "stereotype" : null,
      "isAbstract" : false,
      "isDerived" : false,
      "properties" : [ {
        "id" : "spJaSX6GAqAAbw_M",
        "name" : null,
        "description" : null,
        "type" : "Property",
        "propertyAssignments" : null,
        "stereotype" : null,
        "isDerived" : false,
        "isReadOnly" : false,
        "isOrdered" : false,
        "cardinality" : "1",
        "propertyType" : {
          "id" : "E3RKSX6GAqAAbw1j",
          "type" : "Class"
        },
        "subsettedProperties" : null,
        "redefinedProperties" : null,
        "aggregationKind" : "NONE"
      }, {
        "id" : "spJaSX6GAqAAbw_O",
        "name" : null,
        "description" : null,
        "type" : "Property",
        "propertyAssignments" : null,
        "stereotype" : null,
        "isDerived" : false,
        "isReadOnly" : false,
        "isOrdered" : false,
        "cardinality" : "0..*",
        "propertyType" : {
          "id" : "noqKSX6GAqAAbw0S",
          "type" : "Class"
        },
        "subsettedProperties" : null,
        "redefinedProperties" : null,
        "aggregationKind" : "NONE"
      } ]
    }, {
      "id" : "vQNaSX6GAqAAbw_5",
      "name" : "deliberated by",
      "description" : null,
      "type" : "Relation",
      "propertyAssignments" : null,
      "stereotype" : null,
      "isAbstract" : false,
      "isDerived" : false,
      "properties" : [ {
        "id" : "vQNaSX6GAqAAbw_6",
        "name" : null,
        "description" : null,
        "type" : "Property",
        "propertyAssignments" : null,
        "stereotype" : null,
        "isDerived" : false,
        "isReadOnly" : false,
        "isOrdered" : false,
        "cardinality" : "1",
        "propertyType" : {
          "id" : "E3RKSX6GAqAAbw1j",
          "type" : "Class"
        },
        "subsettedProperties" : null,
        "redefinedProperties" : null,
        "aggregationKind" : "NONE"
      }, {
        "id" : "vQNaSX6GAqAAbw_8",
        "name" : null,
        "description" : null,
        "type" : "Property",
        "propertyAssignments" : null,
        "stereotype" : null,
        "isDerived" : false,
        "isReadOnly" : false,
        "isOrdered" : false,
        "cardinality" : "0..*",
        "propertyType" : {
          "id" : "LHaKSX6GAqAAbw0d",
          "type" : "Class"
        },
        "subsettedProperties" : null,
        "redefinedProperties" : null,
        "aggregationKind" : "NONE"
      } ]
    }, {
      "id" : "eVjaSX6GAqAAbxAm",
      "name" : "deliberated by",
      "description" : null,
      "type" : "Relation",
      "propertyAssignments" : null,
      "stereotype" : null,
      "isAbstract" : false,
      "isDerived" : false,
      "properties" : [ {
        "id" : "eVjaSX6GAqAAbxAn",
        "name" : null,
        "description" : null,
        "type" : "Property",
        "propertyAssignments" : null,
        "stereotype" : null,
        "isDerived" : false,
        "isReadOnly" : false,
        "isOrdered" : false,
        "cardinality" : "1",
        "propertyType" : {
          "id" : "E3RKSX6GAqAAbw1j",
          "type" : "Class"
        },
        "subsettedProperties" : null,
        "redefinedProperties" : null,
        "aggregationKind" : "NONE"
      }, {
        "id" : "eVjaSX6GAqAAbxAp",
        "name" : null,
        "description" : null,
        "type" : "Property",
        "propertyAssignments" : null,
        "stereotype" : null,
        "isDerived" : false,
        "isReadOnly" : false,
        "isOrdered" : false,
        "cardinality" : "0..*",
        "propertyType" : {
          "id" : "ehmKSX6GAqAAbw0o",
          "type" : "Class"
        },
        "subsettedProperties" : null,
        "redefinedProperties" : null,
        "aggregationKind" : "NONE"
      } ]
    }, {
      "id" : "eeXaSX6GAqAAbxBj",
      "name" : "checked by",
      "description" : null,
      "type" : "Relation",
      "propertyAssignments" : null,
      "stereotype" : null,
      "isAbstract" : false,
      "isDerived" : false,
      "properties" : [ {
        "id" : "eeXaSX6GAqAAbxBk",
        "name" : null,
        "description" : null,
        "type" : "Property",
        "propertyAssignments" : null,
        "stereotype" : null,
        "isDerived" : false,
        "isReadOnly" : false,
        "isOrdered" : false,
        "cardinality" : "1",
        "propertyType" : {
          "id" : "04pKSX6GAqAAbw1y",
          "type" : "Class"
        },
        "subsettedProperties" : null,
        "redefinedProperties" : null,
        "aggregationKind" : "NONE"
      }, {
        "id" : "eeXaSX6GAqAAbxBm",
        "name" : null,
        "description" : null,
        "type" : "Property",
        "propertyAssignments" : null,
        "stereotype" : null,
        "isDerived" : false,
        "isReadOnly" : false,
        "isOrdered" : false,
        "cardinality" : "0..*",
        "propertyType" : {
          "id" : "5jWKSX6GAqAAbw0z",
          "type" : "Class"
        },
        "subsettedProperties" : null,
        "redefinedProperties" : null,
        "aggregationKind" : "NONE"
      } ]
    }, {
      "id" : "fVA6SX6GAqAAbxCK",
      "name" : "checked by",
      "description" : null,
      "type" : "Relation",
      "propertyAssignments" : null,
      "stereotype" : null,
      "isAbstract" : false,
      "isDerived" : false,
      "properties" : [ {
        "id" : "fVA6SX6GAqAAbxCL",
        "name" : null,
        "description" : null,
        "type" : "Property",
        "propertyAssignments" : null,
        "stereotype" : null,
        "isDerived" : false,
        "isReadOnly" : false,
        "isOrdered" : false,
        "cardinality" : "1",
        "propertyType" : {
          "id" : "04pKSX6GAqAAbw1y",
          "type" : "Class"
        },
        "subsettedProperties" : null,
        "redefinedProperties" : null,
        "aggregationKind" : "NONE"
      }, {
        "id" : "_VA6SX6GAqAAbxCN",
        "name" : null,
        "description" : null,
        "type" : "Property",
        "propertyAssignments" : null,
        "stereotype" : null,
        "isDerived" : false,
        "isReadOnly" : false,
        "isOrdered" : false,
        "cardinality" : "0..*",
        "propertyType" : {
          "id" : "D7OKSX6GAqAAbw0.",
          "type" : "Class"
        },
        "subsettedProperties" : null,
        "redefinedProperties" : null,
        "aggregationKind" : "NONE"
      } ]
    }, {
      "id" : "mOcWSX6GAqAAbxQH",
      "name" : null,
      "description" : null,
      "type" : "Relation",
      "propertyAssignments" : null,
      "stereotype" : null,
      "isAbstract" : false,
      "isDerived" : false,
      "properties" : [ {
        "id" : "mOcWSX6GAqAAbxQI",
        "name" : null,
        "description" : null,
        "type" : "Property",
        "propertyAssignments" : null,
        "stereotype" : null,
        "isDerived" : false,
        "isReadOnly" : false,
        "isOrdered" : false,
        "cardinality" : "*",
        "propertyType" : {
          "id" : "Q1EGSX6GAqAAbxGo",
          "type" : "Class"
        },
        "subsettedProperties" : null,
        "redefinedProperties" : null,
        "aggregationKind" : "SHARED"
      }, {
        "id" : "mOcWSX6GAqAAbxQK",
        "name" : null,
        "description" : null,
        "type" : "Property",
        "propertyAssignments" : null,
        "stereotype" : null,
        "isDerived" : false,
        "isReadOnly" : false,
        "isOrdered" : false,
        "cardinality" : "*",
        "propertyType" : {
          "id" : "Q1EGSX6GAqAAbxGo",
          "type" : "Class"
        },
        "subsettedProperties" : null,
        "redefinedProperties" : null,
        "aggregationKind" : "NONE"
      } ]
    } ]
  },
  "diagrams" : [ {
    "id" : "WsqySX6GAqAAbwvt",
    "name" : "GoalTypes",
    "description" : null,
    "type" : "Diagram",
    "owner" : {
      "id" : "ZlqXiX6GAqAAbwgS_root",
      "type" : "Package"
    },
    "contents" : [ {
      "id" : "uhmKSX6GAqAAbw0n",
      "type" : "ClassView",
      "modelElement" : {
        "id" : "ehmKSX6GAqAAbw0o",
        "type" : "Class"
      },
      "shape" : {
        "id" : "uhmKSX6GAqAAbw0n_shape",
        "type" : "Rectangle",
        "x" : 944,
        "y" : 564,
        "width" : 80,
        "height" : 40
      }
    }, {
      "id" : "_EkKSX6GAqAAbwzm",
      "type" : "ClassView",
      "modelElement" : {
        "id" : "_EkKSX6GAqAAbwzn",
        "type" : "Class"
      },
      "shape" : {
        "id" : "_EkKSX6GAqAAbwzm_shape",
        "type" : "Rectangle",
        "x" : 1322,
        "y" : 350,
        "width" : 100,
        "height" : 40
      }
    }, {
      "id" : "noqKSX6GAqAAbw0R",
      "type" : "ClassView",
      "modelElement" : {
        "id" : "noqKSX6GAqAAbw0S",
        "type" : "Class"
      },
      "shape" : {
        "id" : "noqKSX6GAqAAbw0R_shape",
        "type" : "Rectangle",
        "x" : 944,
        "y" : 414,
        "width" : 100,
        "height" : 40
      }
    }, {
      "id" : "wwNaSX6GAqAAbw_.",
      "type" : "RelationView",
      "modelElement" : {
        "id" : "vQNaSX6GAqAAbw_5",
        "type" : "Relation"
      },
      "shape" : {
        "id" : "wwNaSX6GAqAAbw_._path",
        "type" : "Path",
        "points" : [ {
          "x" : 621,
          "y" : 504
        }, {
          "x" : 941,
          "y" : 504
        } ]
      },
      "source" : {
        "id" : "E3RKSX6GAqAAbw1i",
        "type" : "ClassView"
      },
      "target" : {
        "id" : "LHaKSX6GAqAAbw0c",
        "type" : "ClassView"
      }
    }, {
      "id" : "XSuySX6GAqAAbwwj",
      "type" : "ClassView",
      "modelElement" : {
        "id" : "XSuySX6GAqAAbwwk",
        "type" : "Class"
      },
      "shape" : {
        "id" : "XSuySX6GAqAAbwwj_shape",
        "type" : "Rectangle",
        "x" : 54,
        "y" : 324,
        "width" : 117,
        "height" : 64
      }
    }, {
      "id" : "JeXaSX6GAqAAbxBo",
      "type" : "RelationView",
      "modelElement" : {
        "id" : "eeXaSX6GAqAAbxBj",
        "type" : "Relation"
      },
      "shape" : {
        "id" : "JeXaSX6GAqAAbxBo_path",
        "type" : "Path",
        "points" : [ {
          "x" : 630,
          "y" : 662
        }, {
          "x" : 943,
          "y" : 662
        } ]
      },
      "source" : {
        "id" : "04pKSX6GAqAAbw1x",
        "type" : "ClassView"
      },
      "target" : {
        "id" : "5jWKSX6GAqAAbw0y",
        "type" : "ClassView"
      }
    }, {
      "id" : "LHaKSX6GAqAAbw0c",
      "type" : "ClassView",
      "modelElement" : {
        "id" : "LHaKSX6GAqAAbw0d",
        "type" : "Class"
      },
      "shape" : {
        "id" : "LHaKSX6GAqAAbw0c_shape",
        "type" : "Rectangle",
        "x" : 942,
        "y" : 490,
        "width" : 121,
        "height" : 40
      }
    }, {
      "id" : "D7OKSX6GAqAAbw09",
      "type" : "ClassView",
      "modelElement" : {
        "id" : "D7OKSX6GAqAAbw0.",
        "type" : "Class"
      },
      "shape" : {
        "id" : "D7OKSX6GAqAAbw09_shape",
        "type" : "Rectangle",
        "x" : 944,
        "y" : 706,
        "width" : 80,
        "height" : 40
      }
    }, {
      "id" : "vhxySX6GAqAAbwxP",
      "type" : "ClassView",
      "modelElement" : {
        "id" : "vhxySX6GAqAAbwxQ",
        "type" : "Class"
      },
      "shape" : {
        "id" : "vhxySX6GAqAAbwxP_shape",
        "type" : "Rectangle",
        "x" : 287,
        "y" : 434,
        "width" : 107,
        "height" : 61
      }
    }, {
      "id" : "bkmySX6GAqAAbwwN",
      "type" : "ClassView",
      "modelElement" : {
        "id" : "bkmySX6GAqAAbwwO",
        "type" : "Class"
      },
      "shape" : {
        "id" : "bkmySX6GAqAAbwwN_shape",
        "type" : "Rectangle",
        "x" : 74,
        "y" : 214,
        "width" : 88,
        "height" : 40
      }
    }, {
      "id" : "E3RKSX6GAqAAbw1i",
      "type" : "ClassView",
      "modelElement" : {
        "id" : "E3RKSX6GAqAAbw1j",
        "type" : "Class"
      },
      "shape" : {
        "id" : "E3RKSX6GAqAAbw1i_shape",
        "type" : "Rectangle",
        "x" : 540,
        "y" : 490,
        "width" : 80,
        "height" : 40
      }
    }, {
      "id" : "ZAUqSX6GAqAAbw4j",
      "type" : "GeneralizationView",
      "modelElement" : {
        "id" : "hAUqSX6GAqAAbw4i",
        "type" : "Generalization"
      },
      "shape" : {
        "id" : "ZAUqSX6GAqAAbw4j_path",
        "type" : "Path",
        "points" : [ {
          "x" : 1322,
          "y" : 364
        }, {
          "x" : 1186,
          "y" : 364
        }, {
          "x" : 1186,
          "y" : 510
        }, {
          "x" : 1063,
          "y" : 510
        } ]
      },
      "source" : {
        "id" : "_EkKSX6GAqAAbwzm",
        "type" : "ClassView"
      },
      "target" : {
        "id" : "LHaKSX6GAqAAbw0c",
        "type" : "ClassView"
      }
    }, {
      "id" : "X9UqSX6GAqAAbw4v",
      "type" : "GeneralizationView",
      "modelElement" : {
        "id" : "H9UqSX6GAqAAbw4u",
        "type" : "Generalization"
      },
      "shape" : {
        "id" : "X9UqSX6GAqAAbw4v_path",
        "type" : "Path",
        "points" : [ {
          "x" : 1322,
          "y" : 364
        }, {
          "x" : 1186,
          "y" : 364
        }, {
          "x" : 1186,
          "y" : 654
        }, {
          "x" : 1055,
          "y" : 654
        } ]
      },
      "source" : {
        "id" : "_EkKSX6GAqAAbwzm",
        "type" : "ClassView"
      },
      "target" : {
        "id" : "5jWKSX6GAqAAbw0y",
        "type" : "ClassView"
      }
    }, {
      "id" : "kqkqSX6GAqAAbw4d",
      "type" : "GeneralizationView",
      "modelElement" : {
        "id" : "IqkqSX6GAqAAbw4c",
        "type" : "Generalization"
      },
      "shape" : {
        "id" : "kqkqSX6GAqAAbw4d_path",
        "type" : "Path",
        "points" : [ {
          "x" : 1322,
          "y" : 364
        }, {
          "x" : 1186,
          "y" : 364
        }, {
          "x" : 1186,
          "y" : 436
        }, {
          "x" : 1044,
          "y" : 436
        } ]
      },
      "source" : {
        "id" : "_EkKSX6GAqAAbwzm",
        "type" : "ClassView"
      },
      "target" : {
        "id" : "noqKSX6GAqAAbw0R",
        "type" : "ClassView"
      }
    }, {
      "id" : "pGUqSX6GAqAAbw4p",
      "type" : "GeneralizationView",
      "modelElement" : {
        "id" : "hGUqSX6GAqAAbw4o",
        "type" : "Generalization"
      },
      "shape" : {
        "id" : "pGUqSX6GAqAAbw4p_path",
        "type" : "Path",
        "points" : [ {
          "x" : 1322,
          "y" : 364
        }, {
          "x" : 1186,
          "y" : 364
        }, {
          "x" : 1186,
          "y" : 582
        }, {
          "x" : 1024,
          "y" : 582
        } ]
      },
      "source" : {
        "id" : "_EkKSX6GAqAAbwzm",
        "type" : "ClassView"
      },
      "target" : {
        "id" : "uhmKSX6GAqAAbw0n",
        "type" : "ClassView"
      }
    }, {
      "id" : ".PEqSX6GAqAAbw4X",
      "type" : "GeneralizationView",
      "modelElement" : {
        "id" : "WPEqSX6GAqAAbw4W",
        "type" : "Generalization"
      },
      "shape" : {
        "id" : ".PEqSX6GAqAAbw4X_path",
        "type" : "Path",
        "points" : [ {
          "x" : 1322,
          "y" : 363
        }, {
          "x" : 1052,
          "y" : 363
        } ]
      },
      "source" : {
        "id" : "_EkKSX6GAqAAbwzm",
        "type" : "ClassView"
      },
      "target" : {
        "id" : "e0yKSX6GAqAAbw0G",
        "type" : "ClassView"
      }
    }, {
      "id" : "oUiKSX6GAqAAbwz7",
      "type" : "ClassView",
      "modelElement" : {
        "id" : "YUiKSX6GAqAAbwz8",
        "type" : "Class"
      },
      "shape" : {
        "id" : "oUiKSX6GAqAAbwz7_shape",
        "type" : "Rectangle",
        "x" : 942,
        "y" : 285,
        "width" : 97,
        "height" : 40
      }
    }, {
      "id" : "Z1DKSX6GAqAAbw2p",
      "type" : "GeneralizationView",
      "modelElement" : {
        "id" : "h1DKSX6GAqAAbw2o",
        "type" : "Generalization"
      },
      "shape" : {
        "id" : "Z1DKSX6GAqAAbw2p_path",
        "type" : "Path",
        "points" : [ {
          "x" : 396,
          "y" : 465
        }, {
          "x" : 453,
          "y" : 465
        }, {
          "x" : 453,
          "y" : 510
        }, {
          "x" : 540,
          "y" : 510
        } ]
      },
      "source" : {
        "id" : "vhxySX6GAqAAbwxP",
        "type" : "ClassView"
      },
      "target" : {
        "id" : "E3RKSX6GAqAAbw1i",
        "type" : "ClassView"
      }
    }, {
      "id" : "OKBKSX6GAqAAbw1M",
      "type" : "ClassView",
      "modelElement" : {
        "id" : "OKBKSX6GAqAAbw1N",
        "type" : "Class"
      },
      "shape" : {
        "id" : "OKBKSX6GAqAAbw1M_shape",
        "type" : "Rectangle",
        "x" : 540,
        "y" : 296,
        "width" : 80,
        "height" : 40
      }
    }, {
      "id" : "w1A6SX6GAqAAbxCP",
      "type" : "RelationView",
      "modelElement" : {
        "id" : "fVA6SX6GAqAAbxCK",
        "type" : "Relation"
      },
      "shape" : {
        "id" : "w1A6SX6GAqAAbxCP_path",
        "type" : "Path",
        "points" : [ {
          "x" : 584,
          "y" : 683
        }, {
          "x" : 584,
          "y" : 728
        }, {
          "x" : 943,
          "y" : 726
        } ]
      },
      "source" : {
        "id" : "04pKSX6GAqAAbw1x",
        "type" : "ClassView"
      },
      "target" : {
        "id" : "D7OKSX6GAqAAbw09",
        "type" : "ClassView"
      }
    }, {
      "id" : "ltrySX6GAqAAbwyj",
      "type" : "GeneralizationView",
      "modelElement" : {
        "id" : "ZtrySX6GAqAAbwyi",
        "type" : "Generalization"
      },
      "shape" : {
        "id" : "ltrySX6GAqAAbwyj_path",
        "type" : "Path",
        "points" : [ {
          "x" : 101,
          "y" : 254
        }, {
          "x" : 101,
          "y" : 323
        } ]
      },
      "source" : {
        "id" : "bkmySX6GAqAAbwwN",
        "type" : "ClassView"
      },
      "target" : {
        "id" : "XSuySX6GAqAAbwwj",
        "type" : "ClassView"
      }
    }, {
      "id" : "F79KSX6GAqAAbw2d",
      "type" : "GeneralizationView",
      "modelElement" : {
        "id" : "J79KSX6GAqAAbw2c",
        "type" : "Generalization"
      },
      "shape" : {
        "id" : "F79KSX6GAqAAbw2d_path",
        "type" : "Path",
        "points" : [ {
          "x" : 396,
          "y" : 465
        }, {
          "x" : 453,
          "y" : 465
        }, {
          "x" : 453,
          "y" : 313
        }, {
          "x" : 540,
          "y" : 311
        } ]
      },
      "source" : {
        "id" : "vhxySX6GAqAAbwxP",
        "type" : "ClassView"
      },
      "target" : {
        "id" : "OKBKSX6GAqAAbw1M",
        "type" : "ClassView"
      }
    }, {
      "id" : "7pEqSX6GAqAAbw4R",
      "type" : "GeneralizationView",
      "modelElement" : {
        "id" : "LpEqSX6GAqAAbw4Q",
        "type" : "Generalization"
      },
      "shape" : {
        "id" : "7pEqSX6GAqAAbw4R_path",
        "type" : "Path",
        "points" : [ {
          "x" : 1322,
          "y" : 363
        }, {
          "x" : 1186,
          "y" : 363
        }, {
          "x" : 1186,
          "y" : 305
        }, {
          "x" : 1041,
          "y" : 304
        } ]
      },
      "source" : {
        "id" : "_EkKSX6GAqAAbwzm",
        "type" : "ClassView"
      },
      "target" : {
        "id" : "oUiKSX6GAqAAbwz7",
        "type" : "ClassView"
      }
    }, {
      "id" : "04pKSX6GAqAAbw1x",
      "type" : "ClassView",
      "modelElement" : {
        "id" : "04pKSX6GAqAAbw1y",
        "type" : "Class"
      },
      "shape" : {
        "id" : "04pKSX6GAqAAbw1x_shape",
        "type" : "Rectangle",
        "x" : 540,
        "y" : 642,
        "width" : 87,
        "height" : 40
      }
    }, {
      "id" : "lqhKSX6GAqAAbw1X",
      "type" : "ClassView",
      "modelElement" : {
        "id" : "lqhKSX6GAqAAbw1Y",
        "type" : "Class"
      },
      "shape" : {
        "id" : "lqhKSX6GAqAAbw1X_shape",
        "type" : "Rectangle",
        "x" : 534,
        "y" : 356,
        "width" : 91,
        "height" : 40
      }
    }, {
      "id" : "e0yKSX6GAqAAbw0G",
      "type" : "ClassView",
      "modelElement" : {
        "id" : ".0yKSX6GAqAAbw0H",
        "type" : "Class"
      },
      "shape" : {
        "id" : "e0yKSX6GAqAAbw0G_shape",
        "type" : "Rectangle",
        "x" : 944,
        "y" : 350,
        "width" : 106,
        "height" : 40
      }
    }, {
      "id" : "JyGaSX6GAqAAbw9_",
      "type" : "RelationView",
      "modelElement" : {
        "id" : "eyGaSX6GAqAAbw96",
        "type" : "Relation"
      },
      "shape" : {
        "id" : "JyGaSX6GAqAAbw9__path",
        "type" : "Path",
        "points" : [ {
          "x" : 626,
          "y" : 366
        }, {
          "x" : 943,
          "y" : 367
        } ]
      },
      "source" : {
        "id" : "lqhKSX6GAqAAbw1X",
        "type" : "ClassView"
      },
      "target" : {
        "id" : "e0yKSX6GAqAAbw0G",
        "type" : "ClassView"
      }
    }, {
      "id" : "mfkaSX6GAqAAbw8g",
      "type" : "RelationView",
      "modelElement" : {
        "id" : "ifkaSX6GAqAAbw8b",
        "type" : "Relation"
      },
      "shape" : {
        "id" : "mfkaSX6GAqAAbw8g_path",
        "type" : "Path",
        "points" : [ {
          "x" : 621,
          "y" : 313
        }, {
          "x" : 941,
          "y" : 313
        } ]
      },
      "source" : {
        "id" : "OKBKSX6GAqAAbw1M",
        "type" : "ClassView"
      },
      "target" : {
        "id" : "oUiKSX6GAqAAbwz7",
        "type" : "ClassView"
      }
    }, {
      "id" : "U8MKSX6GAqAAbwzx",
      "type" : "GeneralizationView",
      "modelElement" : {
        "id" : "Y8MKSX6GAqAAbwzw",
        "type" : "Generalization"
      },
      "shape" : {
        "id" : "U8MKSX6GAqAAbwzx_path",
        "type" : "Path",
        "points" : [ {
          "x" : 1344,
          "y" : 134
        }, {
          "x" : 1346,
          "y" : 230
        } ]
      },
      "source" : {
        "id" : "LH5ySX6GAqAAbwxe",
        "type" : "ClassView"
      },
      "target" : {
        "id" : "5BNySX6GAqAAbwx2",
        "type" : "ClassView"
      }
    }, {
      "id" : "LH5ySX6GAqAAbwxe",
      "type" : "ClassView",
      "modelElement" : {
        "id" : "rH5ySX6GAqAAbwxf",
        "type" : "Class"
      },
      "shape" : {
        "id" : "LH5ySX6GAqAAbwxe_shape",
        "type" : "Rectangle",
        "x" : 1286,
        "y" : 94,
        "width" : 152,
        "height" : 40
      }
    }, {
      "id" : "5jWKSX6GAqAAbw0y",
      "type" : "ClassView",
      "modelElement" : {
        "id" : "5jWKSX6GAqAAbw0z",
        "type" : "Class"
      },
      "shape" : {
        "id" : "5jWKSX6GAqAAbw0y_shape",
        "type" : "Rectangle",
        "x" : 944,
        "y" : 642,
        "width" : 111,
        "height" : 40
      }
    }, {
      "id" : "D8DKSX6GAqAAbw2j",
      "type" : "GeneralizationView",
      "modelElement" : {
        "id" : "18DKSX6GAqAAbw2i",
        "type" : "Generalization"
      },
      "shape" : {
        "id" : "D8DKSX6GAqAAbw2j_path",
        "type" : "Path",
        "points" : [ {
          "x" : 396,
          "y" : 465
        }, {
          "x" : 453,
          "y" : 465
        }, {
          "x" : 453,
          "y" : 378
        }, {
          "x" : 533,
          "y" : 376
        } ]
      },
      "source" : {
        "id" : "vhxySX6GAqAAbwxP",
        "type" : "ClassView"
      },
      "target" : {
        "id" : "lqhKSX6GAqAAbw1X",
        "type" : "ClassView"
      }
    }, {
      "id" : "vEjKSX6GAqAAbw2v",
      "type" : "GeneralizationView",
      "modelElement" : {
        "id" : "7EjKSX6GAqAAbw2u",
        "type" : "Generalization"
      },
      "shape" : {
        "id" : "vEjKSX6GAqAAbw2v_path",
        "type" : "Path",
        "points" : [ {
          "x" : 396,
          "y" : 465
        }, {
          "x" : 453,
          "y" : 465
        }, {
          "x" : 453,
          "y" : 654
        }, {
          "x" : 540,
          "y" : 654
        } ]
      },
      "source" : {
        "id" : "vhxySX6GAqAAbwxP",
        "type" : "ClassView"
      },
      "target" : {
        "id" : "04pKSX6GAqAAbw1x",
        "type" : "ClassView"
      }
    }, {
      "id" : "CpJaSX6GAqAAbw_Q",
      "type" : "RelationView",
      "modelElement" : {
        "id" : "spJaSX6GAqAAbw_L",
        "type" : "Relation"
      },
      "shape" : {
        "id" : "CpJaSX6GAqAAbw_Q_path",
        "type" : "Path",
        "points" : [ {
          "x" : 580,
          "y" : 489
        }, {
          "x" : 580,
          "y" : 443
        }, {
          "x" : 943,
          "y" : 442
        } ]
      },
      "source" : {
        "id" : "E3RKSX6GAqAAbw1i",
        "type" : "ClassView"
      },
      "target" : {
        "id" : "noqKSX6GAqAAbw0R",
        "type" : "ClassView"
      }
    }, {
      "id" : "5BNySX6GAqAAbwx2",
      "type" : "ClassView",
      "modelElement" : {
        "id" : "5BNySX6GAqAAbwx3",
        "type" : "Class"
      },
      "shape" : {
        "id" : "5BNySX6GAqAAbwx2_shape",
        "type" : "Rectangle",
        "x" : 1222,
        "y" : 230,
        "width" : 402,
        "height" : 40
      }
    }, {
      "id" : "ia0qSX6GAqAAbw41",
      "type" : "GeneralizationView",
      "modelElement" : {
        "id" : "ca0qSX6GAqAAbw40",
        "type" : "Generalization"
      },
      "shape" : {
        "id" : "ia0qSX6GAqAAbw41_path",
        "type" : "Path",
        "points" : [ {
          "x" : 1322,
          "y" : 364
        }, {
          "x" : 1186,
          "y" : 364
        }, {
          "x" : 1186,
          "y" : 730
        }, {
          "x" : 1024,
          "y" : 728
        } ]
      },
      "source" : {
        "id" : "_EkKSX6GAqAAbwzm",
        "type" : "ClassView"
      },
      "target" : {
        "id" : "D7OKSX6GAqAAbw09",
        "type" : "ClassView"
      }
    }, {
      "id" : "hVjaSX6GAqAAbxAr",
      "type" : "RelationView",
      "modelElement" : {
        "id" : "eVjaSX6GAqAAbxAm",
        "type" : "Relation"
      },
      "shape" : {
        "id" : "hVjaSX6GAqAAbxAr_path",
        "type" : "Path",
        "points" : [ {
          "x" : 580,
          "y" : 531
        }, {
          "x" : 580,
          "y" : 582
        }, {
          "x" : 943,
          "y" : 581
        } ]
      },
      "source" : {
        "id" : "E3RKSX6GAqAAbw1i",
        "type" : "ClassView"
      },
      "target" : {
        "id" : "uhmKSX6GAqAAbw0n",
        "type" : "ClassView"
      }
    } ]
  }, {
    "id" : "hJh6SX6GAqAAbxDV",
    "name" : "Value Ascription to knowledge intensive activities",
    "description" : null,
    "type" : "Diagram",
    "owner" : {
      "id" : "ZlqXiX6GAqAAbwgS_root",
      "type" : "Package"
    },
    "contents" : [ {
      "id" : "MppGSX6GAqAAbxIF",
      "type" : "ClassView",
      "modelElement" : {
        "id" : "MppGSX6GAqAAbxIG",
        "type" : "Class"
      },
      "shape" : {
        "id" : "MppGSX6GAqAAbxIF_shape",
        "type" : "Rectangle",
        "x" : 741,
        "y" : 400,
        "width" : 127,
        "height" : 40
      }
    }, {
      "id" : "zDX6SX6GAqAAbxFQ",
      "type" : "ClassView",
      "modelElement" : {
        "id" : "LDX6SX6GAqAAbxFR",
        "type" : "Class"
      },
      "shape" : {
        "id" : "zDX6SX6GAqAAbxFQ_shape",
        "type" : "Rectangle",
        "x" : 1016,
        "y" : 192,
        "width" : 92,
        "height" : 40
      }
    }, {
      "id" : "W_TGSX6GAqAAbxJD",
      "type" : "GeneralizationView",
      "modelElement" : {
        "id" : "c_TGSX6GAqAAbxJC",
        "type" : "Generalization"
      },
      "shape" : {
        "id" : "W_TGSX6GAqAAbxJD_path",
        "type" : "Path",
        "points" : [ {
          "x" : 817,
          "y" : 540
        }, {
          "x" : 817,
          "y" : 585
        } ]
      },
      "source" : {
        "id" : "f7RGSX6GAqAAbxH6",
        "type" : "ClassView"
      },
      "target" : {
        "id" : "Q1EGSX6GAqAAbxGn",
        "type" : "ClassView"
      }
    }, {
      "id" : "pOcWSX6GAqAAbxQM",
      "type" : "RelationView",
      "modelElement" : {
        "id" : "mOcWSX6GAqAAbxQH",
        "type" : "Relation"
      },
      "shape" : {
        "id" : "pOcWSX6GAqAAbxQM_path",
        "type" : "Path",
        "points" : [ {
          "x" : 749,
          "y" : 627
        }, {
          "x" : 749,
          "y" : 669
        }, {
          "x" : 665,
          "y" : 669
        }, {
          "x" : 665,
          "y" : 606
        }, {
          "x" : 732,
          "y" : 606
        } ]
      },
      "source" : {
        "id" : "Q1EGSX6GAqAAbxGn",
        "type" : "ClassView"
      },
      "target" : {
        "id" : "Q1EGSX6GAqAAbxGn",
        "type" : "ClassView"
      }
    }, {
      "id" : "bRl6SX6GAqAAbxED",
      "type" : "ClassView",
      "modelElement" : {
        "id" : "7Rl6SX6GAqAAbxEE",
        "type" : "Class"
      },
      "shape" : {
        "id" : "bRl6SX6GAqAAbxED_shape",
        "type" : "Rectangle",
        "x" : 761,
        "y" : 681,
        "width" : 107,
        "height" : 40
      }
    }, {
      "id" : "kdWGSX6GAqAAbxHf",
      "type" : "GeneralizationView",
      "modelElement" : {
        "id" : "_tWGSX6GAqAAbxHe",
        "type" : "Generalization"
      },
      "shape" : {
        "id" : "kdWGSX6GAqAAbxHf_path",
        "type" : "Path",
        "points" : [ {
          "x" : 1078,
          "y" : 233
        }, {
          "x" : 1078,
          "y" : 305
        } ]
      },
      "source" : {
        "id" : "zDX6SX6GAqAAbxFQ",
        "type" : "ClassView"
      },
      "target" : {
        "id" : "xB76SX6GAqAAbxFF",
        "type" : "ClassView"
      }
    }, {
      "id" : "Di1GSX6GAqAAbxIb",
      "type" : "GeneralizationView",
      "modelElement" : {
        "id" : "Ri1GSX6GAqAAbxIa",
        "type" : "Generalization"
      },
      "shape" : {
        "id" : "Di1GSX6GAqAAbxIb_path",
        "type" : "Path",
        "points" : [ {
          "x" : 689,
          "y" : 233
        }, {
          "x" : 689,
          "y" : 305
        }, {
          "x" : 575,
          "y" : 305
        }, {
          "x" : 575,
          "y" : 399
        } ]
      },
      "source" : {
        "id" : "DhP6SX6GAqAAbxFb",
        "type" : "ClassView"
      },
      "target" : {
        "id" : "sbFGSX6GAqAAbxIQ",
        "type" : "ClassView"
      }
    }, {
      "id" : "VoeGSX6GAqAAbxHn",
      "type" : "ClassView",
      "modelElement" : {
        "id" : "VoeGSX6GAqAAbxHo",
        "type" : "Class"
      },
      "shape" : {
        "id" : "VoeGSX6GAqAAbxHn_shape",
        "type" : "Rectangle",
        "x" : 1025,
        "y" : 492,
        "width" : 133,
        "height" : 40
      }
    }, {
      "id" : "hNnGSX6GAqAAbxJa",
      "type" : "GeneralizationView",
      "modelElement" : {
        "id" : "qNnGSX6GAqAAbxJZ",
        "type" : "Generalization"
      },
      "shape" : {
        "id" : "hNnGSX6GAqAAbxJa_path",
        "type" : "Path",
        "points" : [ {
          "x" : 456,
          "y" : 239
        }, {
          "x" : 456,
          "y" : 282
        } ]
      },
      "source" : {
        "id" : "p0f6SX6GAqAAbxFm",
        "type" : "ClassView"
      },
      "target" : {
        "id" : "WO_6SX6GAqAAbxFx",
        "type" : "ClassView"
      }
    }, {
      "id" : "Q1EGSX6GAqAAbxGn",
      "type" : "ClassView",
      "modelElement" : {
        "id" : "Q1EGSX6GAqAAbxGo",
        "type" : "Class"
      },
      "shape" : {
        "id" : "Q1EGSX6GAqAAbxGn_shape",
        "type" : "Rectangle",
        "x" : 733,
        "y" : 585,
        "width" : 162,
        "height" : 40
      }
    }, {
      "id" : "WO_6SX6GAqAAbxFx",
      "type" : "ClassView",
      "modelElement" : {
        "id" : "WO_6SX6GAqAAbxFy",
        "type" : "Class"
      },
      "shape" : {
        "id" : "WO_6SX6GAqAAbxFx_shape",
        "type" : "Rectangle",
        "x" : 415,
        "y" : 283,
        "width" : 80,
        "height" : 40
      }
    }, {
      "id" : "f7RGSX6GAqAAbxH6",
      "type" : "ClassView",
      "modelElement" : {
        "id" : "f7RGSX6GAqAAbxH7",
        "type" : "Class"
      },
      "shape" : {
        "id" : "f7RGSX6GAqAAbxH6_shape",
        "type" : "Rectangle",
        "x" : 754,
        "y" : 498,
        "width" : 101,
        "height" : 40
      }
    }, {
      "id" : "xB76SX6GAqAAbxFF",
      "type" : "ClassView",
      "modelElement" : {
        "id" : "xB76SX6GAqAAbxFG",
        "type" : "Class"
      },
      "shape" : {
        "id" : "xB76SX6GAqAAbxFF_shape",
        "type" : "Rectangle",
        "x" : 1012,
        "y" : 305,
        "width" : 152,
        "height" : 40
      }
    }, {
      "id" : "wqZmSX6GAqAAbxNU",
      "type" : "RelationView",
      "modelElement" : {
        "id" : "7KZmSX6GAqAAbxNP",
        "type" : "Relation"
      },
      "shape" : {
        "id" : "wqZmSX6GAqAAbxNU_path",
        "type" : "Path",
        "points" : [ {
          "x" : 586,
          "y" : 520
        }, {
          "x" : 753,
          "y" : 520
        } ]
      },
      "source" : {
        "id" : "nObGSX6GAqAAbxJP",
        "type" : "ClassView"
      },
      "target" : {
        "id" : "f7RGSX6GAqAAbxH6",
        "type" : "ClassView"
      }
    }, {
      "id" : "NBMGSX6GAqAAbxG0",
      "type" : "GeneralizationView",
      "modelElement" : {
        "id" : "eBMGSX6GAqAAbxGz",
        "type" : "Generalization"
      },
      "shape" : {
        "id" : "NBMGSX6GAqAAbxG0_path",
        "type" : "Path",
        "points" : [ {
          "x" : 835,
          "y" : 627
        }, {
          "x" : 835,
          "y" : 680
        } ]
      },
      "source" : {
        "id" : "Q1EGSX6GAqAAbxGn",
        "type" : "ClassView"
      },
      "target" : {
        "id" : "bRl6SX6GAqAAbxED",
        "type" : "ClassView"
      }
    }, {
      "id" : "5DcGSX6GAqAAbxG.",
      "type" : "GeneralizationView",
      "modelElement" : {
        "id" : ".DcGSX6GAqAAbxG9",
        "type" : "Generalization"
      },
      "shape" : {
        "id" : "5DcGSX6GAqAAbxG._path",
        "type" : "Path",
        "points" : [ {
          "x" : 1300,
          "y" : 218
        }, {
          "x" : 1300,
          "y" : 598
        }, {
          "x" : 1158,
          "y" : 598
        } ]
      },
      "source" : {
        "id" : "OkF6SX6GAqAAbxD4",
        "type" : "ClassView"
      },
      "target" : {
        "id" : "sjoGSX6GAqAAbxGc",
        "type" : "ClassView"
      }
    }, {
      "id" : "Up8GSX6GAqAAbxHE",
      "type" : "GeneralizationView",
      "modelElement" : {
        "id" : "_J8GSX6GAqAAbxHD",
        "type" : "Generalization"
      },
      "shape" : {
        "id" : "Up8GSX6GAqAAbxHE_path",
        "type" : "Path",
        "points" : [ {
          "x" : 1300,
          "y" : 218
        }, {
          "x" : 1300,
          "y" : 598
        }, {
          "x" : 1300,
          "y" : 322
        }, {
          "x" : 1164,
          "y" : 322
        } ]
      },
      "source" : {
        "id" : "OkF6SX6GAqAAbxD4",
        "type" : "ClassView"
      },
      "target" : {
        "id" : "xB76SX6GAqAAbxFF",
        "type" : "ClassView"
      }
    }, {
      "id" : "nObGSX6GAqAAbxJP",
      "type" : "ClassView",
      "modelElement" : {
        "id" : "nObGSX6GAqAAbxJQ",
        "type" : "Class"
      },
      "shape" : {
        "id" : "nObGSX6GAqAAbxJP_shape",
        "type" : "Rectangle",
        "x" : 505,
        "y" : 498,
        "width" : 80,
        "height" : 40
      }
    }, {
      "id" : "p0f6SX6GAqAAbxFm",
      "type" : "ClassView",
      "modelElement" : {
        "id" : "p0f6SX6GAqAAbxFn",
        "type" : "Class"
      },
      "shape" : {
        "id" : "p0f6SX6GAqAAbxFm_shape",
        "type" : "Rectangle",
        "x" : 410,
        "y" : 197,
        "width" : 85,
        "height" : 40
      }
    }, {
      "id" : "xXUmSX6GAqAAbxLY",
      "type" : "RelationView",
      "modelElement" : {
        "id" : "qXUmSX6GAqAAbxLT",
        "type" : "Relation"
      },
      "shape" : {
        "id" : "xXUmSX6GAqAAbxLY_path",
        "type" : "Path",
        "points" : [ {
          "x" : 1024,
          "y" : 511
        }, {
          "x" : 857,
          "y" : 511
        } ]
      },
      "source" : {
        "id" : "VoeGSX6GAqAAbxHn",
        "type" : "ClassView"
      },
      "target" : {
        "id" : "f7RGSX6GAqAAbxH6",
        "type" : "ClassView"
      }
    }, {
      "id" : "Tp3GSX6GAqAAbxJy",
      "type" : "RelationView",
      "modelElement" : {
        "id" : "Jp3GSX6GAqAAbxJt",
        "type" : "Relation"
      },
      "shape" : {
        "id" : "Tp3GSX6GAqAAbxJy_path",
        "type" : "Path",
        "points" : [ {
          "x" : 497,
          "y" : 219
        }, {
          "x" : 607,
          "y" : 219
        } ]
      },
      "source" : {
        "id" : "p0f6SX6GAqAAbxFm",
        "type" : "ClassView"
      },
      "target" : {
        "id" : "DhP6SX6GAqAAbxFb",
        "type" : "ClassView"
      }
    }, {
      "id" : "DhP6SX6GAqAAbxFb",
      "type" : "ClassView",
      "modelElement" : {
        "id" : "DhP6SX6GAqAAbxFc",
        "type" : "Class"
      },
      "shape" : {
        "id" : "DhP6SX6GAqAAbxFb_shape",
        "type" : "Rectangle",
        "x" : 607,
        "y" : 192,
        "width" : 162,
        "height" : 40
      }
    }, {
      "id" : "sbFGSX6GAqAAbxIQ",
      "type" : "ClassView",
      "modelElement" : {
        "id" : "sbFGSX6GAqAAbxIR",
        "type" : "Class"
      },
      "shape" : {
        "id" : "sbFGSX6GAqAAbxIQ_shape",
        "type" : "Rectangle",
        "x" : 505,
        "y" : 400,
        "width" : 102,
        "height" : 40
      }
    }, {
      "id" : "OkF6SX6GAqAAbxD4",
      "type" : "ClassView",
      "modelElement" : {
        "id" : "OkF6SX6GAqAAbxD5",
        "type" : "Class"
      },
      "shape" : {
        "id" : "OkF6SX6GAqAAbxD4_shape",
        "type" : "Rectangle",
        "x" : 1282,
        "y" : 178,
        "width" : 107,
        "height" : 40
      }
    }, {
      "id" : "O8BGSX6GAqAAbxHy",
      "type" : "GeneralizationView",
      "modelElement" : {
        "id" : "i8BGSX6GAqAAbxHx",
        "type" : "Generalization"
      },
      "shape" : {
        "id" : "O8BGSX6GAqAAbxHy_path",
        "type" : "Path",
        "points" : [ {
          "x" : 1114,
          "y" : 533
        }, {
          "x" : 1114,
          "y" : 578
        } ]
      },
      "source" : {
        "id" : "VoeGSX6GAqAAbxHn",
        "type" : "ClassView"
      },
      "target" : {
        "id" : "sjoGSX6GAqAAbxGc",
        "type" : "ClassView"
      }
    }, {
      "id" : "4m9mSX6GAqAAbxOH",
      "type" : "RelationView",
      "modelElement" : {
        "id" : "PG9mSX6GAqAAbxOC",
        "type" : "Relation"
      },
      "shape" : {
        "id" : "4m9mSX6GAqAAbxOH_path",
        "type" : "Path",
        "points" : [ {
          "x" : 545,
          "y" : 441
        }, {
          "x" : 545,
          "y" : 498
        } ]
      },
      "source" : {
        "id" : "sbFGSX6GAqAAbxIQ",
        "type" : "ClassView"
      },
      "target" : {
        "id" : "nObGSX6GAqAAbxJP",
        "type" : "ClassView"
      }
    }, {
      "id" : "iOGmSX6GAqAAbxMJ",
      "type" : "RelationView",
      "modelElement" : {
        "id" : "wOGmSX6GAqAAbxME",
        "type" : "Relation"
      },
      "shape" : {
        "id" : "iOGmSX6GAqAAbxMJ_path",
        "type" : "Path",
        "points" : [ {
          "x" : 805,
          "y" : 440
        }, {
          "x" : 805,
          "y" : 498
        } ]
      },
      "source" : {
        "id" : "MppGSX6GAqAAbxIF",
        "type" : "ClassView"
      },
      "target" : {
        "id" : "f7RGSX6GAqAAbxH6",
        "type" : "ClassView"
      }
    }, {
      "id" : "sjoGSX6GAqAAbxGc",
      "type" : "ClassView",
      "modelElement" : {
        "id" : "sjoGSX6GAqAAbxGd",
        "type" : "Class"
      },
      "shape" : {
        "id" : "sjoGSX6GAqAAbxGc_shape",
        "type" : "Rectangle",
        "x" : 1016,
        "y" : 578,
        "width" : 142,
        "height" : 40
      }
    }, {
      "id" : "gcQmSX6GAqAAbxKh",
      "type" : "RelationView",
      "modelElement" : {
        "id" : "zsQmSX6GAqAAbxKc",
        "type" : "Relation"
      },
      "shape" : {
        "id" : "gcQmSX6GAqAAbxKh_path",
        "type" : "Path",
        "points" : [ {
          "x" : 771,
          "y" : 219
        }, {
          "x" : 1016,
          "y" : 219
        } ]
      },
      "source" : {
        "id" : "DhP6SX6GAqAAbxFb",
        "type" : "ClassView"
      },
      "target" : {
        "id" : "zDX6SX6GAqAAbxFQ",
        "type" : "ClassView"
      }
    }, {
      "id" : "XLpjLv6FYGFAAQrg",
      "type" : "RelationView",
      "modelElement" : {
        "id" : "xLpjLv6FYGFAAQrU",
        "type" : "Relation"
      },
      "shape" : {
        "id" : "XLpjLv6FYGFAAQrg_path",
        "type" : "Path",
        "points" : [ {
          "x" : 607,
          "y" : 420
        }, {
          "x" : 741,
          "y" : 420
        } ]
      },
      "source" : {
        "id" : "sbFGSX6GAqAAbxIQ",
        "type" : "ClassView"
      },
      "target" : {
        "id" : "MppGSX6GAqAAbxIF",
        "type" : "ClassView"
      }
    }, {
      "id" : "ucNGSX6GAqAAbxIp",
      "type" : "GeneralizationView",
      "modelElement" : {
        "id" : "icNGSX6GAqAAbxIo",
        "type" : "Generalization"
      },
      "shape" : {
        "id" : "ucNGSX6GAqAAbxIp_path",
        "type" : "Path",
        "points" : [ {
          "x" : 688,
          "y" : 232
        }, {
          "x" : 688,
          "y" : 305
        }, {
          "x" : 804,
          "y" : 305
        }, {
          "x" : 804,
          "y" : 400
        } ]
      },
      "source" : {
        "id" : "DhP6SX6GAqAAbxFb",
        "type" : "ClassView"
      },
      "target" : {
        "id" : "MppGSX6GAqAAbxIF",
        "type" : "ClassView"
      }
    }, {
      "id" : "PEt63v6GAqAAaAnA",
      "type" : "GeneralizationSetView",
      "modelElement" : {
        "id" : "4Et63v6GAqAAaAm3",
        "type" : "GeneralizationSet"
      },
      "shape" : {
        "id" : "PEt63v6GAqAAaAnA_shape",
        "type" : "Text",
        "x" : 1205,
        "y" : 267,
        "width" : 81,
        "height" : 45,
        "value" : ""
      }
    }, {
      "id" : "KWt6SX6GAqAAbxEY",
      "type" : "RelationView",
      "modelElement" : {
        "id" : "vmt6SX6GAqAAbxET",
        "type" : "Relation"
      },
      "shape" : {
        "id" : "KWt6SX6GAqAAbxEY_path",
        "type" : "Path",
        "points" : [ {
          "x" : 1343,
          "y" : 220
        }, {
          "x" : 1343,
          "y" : 701
        }, {
          "x" : 870,
          "y" : 701
        } ]
      },
      "source" : {
        "id" : "OkF6SX6GAqAAbxD4",
        "type" : "ClassView"
      },
      "target" : {
        "id" : "bRl6SX6GAqAAbxED",
        "type" : "ClassView"
      }
    } ]
  } ]
}