{
  "id" : "jt479X6D.AAAAUeB",
  "name" : "Redes de Valor e Responsabilidade Social",
  "description" : null,
  "type" : "Project",
  "model" : {
    "id" : "jt479X6D.AAAAUeB_root",
    "name" : "Redes de Valor e Responsabilidade Social",
    "description" : null,
    "type" : "Package",
    "propertyAssignments" : null,
    "contents" : [ {
      "id" : "3rE79X6D.AAAAUtc",
      "name" : "Model",
      "description" : null,
      "type" : "Package",
      "propertyAssignments" : null,
      "contents" : [ {
        "id" : "7Qt79X6D.AAAAUt9",
        "name" : "Organization",
        "description" : null,
        "type" : "Class",
        "propertyAssignments" : null,
        "stereotype" : "subkind",
        "isAbstract" : false,
        "isDerived" : false,
        "properties" : null,
        "isExtensional" : false,
        "isPowertype" : null,
        "order" : null,
        "literals" : null,
        "restrictedTo" : null
      }, {
        "id" : "oFt79X6D.AAAAUuI",
        "name" : "Community",
        "description" : null,
        "type" : "Class",
        "propertyAssignments" : null,
        "stereotype" : "subkind",
        "isAbstract" : false,
        "isDerived" : false,
        "properties" : null,
        "isExtensional" : false,
        "isPowertype" : null,
        "order" : null,
        "literals" : null,
        "restrictedTo" : null
      }, {
        "id" : "3bt79X6D.AAAAUuT",
        "name" : "Actor",
        "description" : null,
        "type" : "Class",
        "propertyAssignments" : null,
        "stereotype" : "category",
        "isAbstract" : true,
        "isDerived" : false,
        "properties" : null,
        "isExtensional" : false,
        "isPowertype" : null,
        "order" : null,
        "literals" : null,
        "restrictedTo" : [ "functional-complex" ]
      }, {
        "id" : "W8d79X6D.AAAAUue",
        "name" : "Activity",
        "description" : null,
        "type" : "Class",
        "propertyAssignments" : null,
        "stereotype" : "category",
        "isAbstract" : true,
        "isDerived" : false,
        "properties" : null,
        "isExtensional" : false,
        "isPowertype" : null,
        "order" : null,
        "literals" : null,
        "restrictedTo" : [ "functional-complex" ]
      }, {
        "id" : "Rpd79X6D.AAAAUup",
        "name" : "Performance Evaluation",
        "description" : null,
        "type" : "Class",
        "propertyAssignments" : null,
        "stereotype" : "kind",
        "isAbstract" : false,
        "isDerived" : false,
        "properties" : null,
        "isExtensional" : null,
        "isPowertype" : null,
        "order" : null,
        "literals" : null,
        "restrictedTo" : [ "functional-complex" ]
      }, {
        "id" : "CHd79X6D.AAAAUu0",
        "name" : "Social Need",
        "description" : null,
        "type" : "Class",
        "propertyAssignments" : null,
        "stereotype" : "category",
        "isAbstract" : true,
        "isDerived" : false,
        "properties" : null,
        "isExtensional" : false,
        "isPowertype" : null,
        "order" : null,
        "literals" : null,
        "restrictedTo" : [ "functional-complex" ]
      }, {
        "id" : "2Sj79X6D.AAAAUvB",
        "name" : "Object",
        "description" : null,
        "type" : "Class",
        "propertyAssignments" : null,
        "stereotype" : "category",
        "isAbstract" : true,
        "isDerived" : false,
        "properties" : null,
        "isExtensional" : false,
        "isPowertype" : null,
        "order" : null,
        "literals" : null,
        "restrictedTo" : [ "functional-complex" ]
      }, {
        "id" : "9Tj79X6D.AAAAUvM",
        "name" : "CnA",
        "description" : null,
        "type" : "Class",
        "propertyAssignments" : null,
        "stereotype" : "kind",
        "isAbstract" : false,
        "isDerived" : false,
        "properties" : null,
        "isExtensional" : null,
        "isPowertype" : null,
        "order" : null,
        "literals" : null,
        "restrictedTo" : [ "functional-complex" ]
      }, {
        "id" : "JgT79X6D.AAAAUvX",
        "name" : "PoP",
        "description" : null,
        "type" : "Class",
        "propertyAssignments" : null,
        "stereotype" : "kind",
        "isAbstract" : false,
        "isDerived" : false,
        "properties" : null,
        "isExtensional" : null,
        "isPowertype" : null,
        "order" : null,
        "literals" : null,
        "restrictedTo" : [ "functional-complex" ]
      }, {
        "id" : "E8T79X6D.AAAAUvi",
        "name" : "Core",
        "description" : null,
        "type" : "Class",
        "propertyAssignments" : null,
        "stereotype" : "kind",
        "isAbstract" : false,
        "isDerived" : false,
        "properties" : null,
        "isExtensional" : null,
        "isPowertype" : null,
        "order" : null,
        "literals" : null,
        "restrictedTo" : [ "functional-complex" ]
      }, {
        "id" : "OuT79X6D.AAAAUvt",
        "name" : "Counter",
        "description" : null,
        "type" : "Class",
        "propertyAssignments" : null,
        "stereotype" : "kind",
        "isAbstract" : false,
        "isDerived" : false,
        "properties" : null,
        "isExtensional" : null,
        "isPowertype" : null,
        "order" : null,
        "literals" : null,
        "restrictedTo" : [ "functional-complex" ]
      }, {
        "id" : "2gL79X6D.AAAAUv4",
        "name" : "Community Development",
        "description" : null,
        "type" : "Class",
        "propertyAssignments" : null,
        "stereotype" : "subkind",
        "isAbstract" : true,
        "isDerived" : false,
        "properties" : null,
        "isExtensional" : false,
        "isPowertype" : null,
        "order" : null,
        "literals" : null,
        "restrictedTo" : null
      }, {
        "id" : "paL79X6D.AAAAUwD",
        "name" : "Organizational Governance",
        "description" : null,
        "type" : "Class",
        "propertyAssignments" : null,
        "stereotype" : "subkind",
        "isAbstract" : true,
        "isDerived" : false,
        "properties" : null,
        "isExtensional" : false,
        "isPowertype" : null,
        "order" : null,
        "literals" : null,
        "restrictedTo" : null
      }, {
        "id" : "FpL79X6D.AAAAUwO",
        "name" : "Labor Practices",
        "description" : null,
        "type" : "Class",
        "propertyAssignments" : null,
        "stereotype" : "subkind",
        "isAbstract" : true,
        "isDerived" : false,
        "properties" : null,
        "isExtensional" : false,
        "isPowertype" : null,
        "order" : null,
        "literals" : null,
        "restrictedTo" : null
      }, {
        "id" : "1zL79X6D.AAAAUwZ",
        "name" : "Social Assistance Service",
        "description" : null,
        "type" : "Class",
        "propertyAssignments" : null,
        "stereotype" : "subkind",
        "isAbstract" : true,
        "isDerived" : false,
        "properties" : null,
        "isExtensional" : false,
        "isPowertype" : null,
        "order" : null,
        "literals" : null,
        "restrictedTo" : null
      }, {
        "id" : "1ahH9X6D.AAAAUyU",
        "name" : null,
        "description" : null,
        "type" : "Generalization",
        "propertyAssignments" : null,
        "general" : {
          "id" : "W8d79X6D.AAAAUue",
          "type" : "Class"
        },
        "specific" : {
          "id" : "paL79X6D.AAAAUwD",
          "type" : "Class"
        }
      }, {
        "id" : "UzhH9X6D.AAAAUye",
        "name" : null,
        "description" : null,
        "type" : "Generalization",
        "propertyAssignments" : null,
        "general" : {
          "id" : "W8d79X6D.AAAAUue",
          "type" : "Class"
        },
        "specific" : {
          "id" : "2gL79X6D.AAAAUv4",
          "type" : "Class"
        }
      }, {
        "id" : "giRH9X6D.AAAAUyo",
        "name" : null,
        "description" : null,
        "type" : "Generalization",
        "propertyAssignments" : null,
        "general" : {
          "id" : "W8d79X6D.AAAAUue",
          "type" : "Class"
        },
        "specific" : {
          "id" : "FpL79X6D.AAAAUwO",
          "type" : "Class"
        }
      }, {
        "id" : "7lRH9X6D.AAAAUyy",
        "name" : null,
        "description" : null,
        "type" : "Generalization",
        "propertyAssignments" : null,
        "general" : {
          "id" : "W8d79X6D.AAAAUue",
          "type" : "Class"
        },
        "specific" : {
          "id" : "1zL79X6D.AAAAUwZ",
          "type" : "Class"
        }
      }, {
        "id" : "JKxH9X6D.AAAAUy8",
        "name" : null,
        "description" : null,
        "type" : "Generalization",
        "propertyAssignments" : null,
        "general" : {
          "id" : "3bt79X6D.AAAAUuT",
          "type" : "Class"
        },
        "specific" : {
          "id" : "7Qt79X6D.AAAAUt9",
          "type" : "Class"
        }
      }, {
        "id" : "VlxH9X6D.AAAAUzG",
        "name" : null,
        "description" : null,
        "type" : "Generalization",
        "propertyAssignments" : null,
        "general" : {
          "id" : "3bt79X6D.AAAAUuT",
          "type" : "Class"
        },
        "specific" : {
          "id" : "oFt79X6D.AAAAUuI",
          "type" : "Class"
        }
      }, {
        "id" : "JsJH9X6D.AAAAUzQ",
        "name" : null,
        "description" : null,
        "type" : "Generalization",
        "propertyAssignments" : null,
        "general" : {
          "id" : "2Sj79X6D.AAAAUvB",
          "type" : "Class"
        },
        "specific" : {
          "id" : "9Tj79X6D.AAAAUvM",
          "type" : "Class"
        }
      }, {
        "id" : "P5JH9X6D.AAAAUza",
        "name" : null,
        "description" : null,
        "type" : "Generalization",
        "propertyAssignments" : null,
        "general" : {
          "id" : "2Sj79X6D.AAAAUvB",
          "type" : "Class"
        },
        "specific" : {
          "id" : "JgT79X6D.AAAAUvX",
          "type" : "Class"
        }
      }, {
        "id" : "JPJH9X6D.AAAAUzk",
        "name" : null,
        "description" : null,
        "type" : "Generalization",
        "propertyAssignments" : null,
        "general" : {
          "id" : "2Sj79X6D.AAAAUvB",
          "type" : "Class"
        },
        "specific" : {
          "id" : "E8T79X6D.AAAAUvi",
          "type" : "Class"
        }
      }, {
        "id" : "EKpH9X6D.AAAAUzu",
        "name" : null,
        "description" : null,
        "type" : "Generalization",
        "propertyAssignments" : null,
        "general" : {
          "id" : "2Sj79X6D.AAAAUvB",
          "type" : "Class"
        },
        "specific" : {
          "id" : "OuT79X6D.AAAAUvt",
          "type" : "Class"
        }
      }, {
        "id" : "g5FH9X6D.AAAAUz8",
        "name" : "eof",
        "description" : null,
        "type" : "Relation",
        "propertyAssignments" : null,
        "stereotype" : null,
        "isAbstract" : false,
        "isDerived" : false,
        "properties" : [ {
          "id" : "g5FH9X6D.AAAAUz9",
          "name" : null,
          "description" : null,
          "type" : "Property",
          "propertyAssignments" : null,
          "stereotype" : null,
          "isDerived" : false,
          "isReadOnly" : false,
          "isOrdered" : false,
          "cardinality" : "*",
          "propertyType" : {
            "id" : "3bt79X6D.AAAAUuT",
            "type" : "Class"
          },
          "subsettedProperties" : null,
          "redefinedProperties" : null,
          "aggregationKind" : "NONE"
        }, {
          "id" : "g5FH9X6D.AAAAUz_",
          "name" : "",
          "description" : null,
          "type" : "Property",
          "propertyAssignments" : null,
          "stereotype" : null,
          "isDerived" : false,
          "isReadOnly" : false,
          "isOrdered" : false,
          "cardinality" : "*",
          "propertyType" : {
            "id" : "W8d79X6D.AAAAUue",
            "type" : "Class"
          },
          "subsettedProperties" : null,
          "redefinedProperties" : null,
          "aggregationKind" : "NONE"
        } ]
      }, {
        "id" : "4ElH9X6D.AAAAU0G",
        "name" : "c-act",
        "description" : null,
        "type" : "Relation",
        "propertyAssignments" : null,
        "stereotype" : null,
        "isAbstract" : false,
        "isDerived" : false,
        "properties" : [ {
          "id" : "4ElH9X6D.AAAAU0H",
          "name" : null,
          "description" : null,
          "type" : "Property",
          "propertyAssignments" : null,
          "stereotype" : null,
          "isDerived" : false,
          "isReadOnly" : false,
          "isOrdered" : false,
          "cardinality" : "1",
          "propertyType" : {
            "id" : "3bt79X6D.AAAAUuT",
            "type" : "Class"
          },
          "subsettedProperties" : null,
          "redefinedProperties" : null,
          "aggregationKind" : "NONE"
        }, {
          "id" : "4ElH9X6D.AAAAU0J",
          "name" : null,
          "description" : null,
          "type" : "Property",
          "propertyAssignments" : null,
          "stereotype" : null,
          "isDerived" : false,
          "isReadOnly" : false,
          "isOrdered" : false,
          "cardinality" : "1",
          "propertyType" : {
            "id" : "Rpd79X6D.AAAAUup",
            "type" : "Class"
          },
          "subsettedProperties" : null,
          "redefinedProperties" : null,
          "aggregationKind" : "NONE"
        } ]
      }, {
        "id" : "sxlH9X6D.AAAAU0Q",
        "name" : "c-act",
        "description" : null,
        "type" : "Relation",
        "propertyAssignments" : null,
        "stereotype" : null,
        "isAbstract" : false,
        "isDerived" : false,
        "properties" : [ {
          "id" : "sxlH9X6D.AAAAU0R",
          "name" : null,
          "description" : null,
          "type" : "Property",
          "propertyAssignments" : null,
          "stereotype" : null,
          "isDerived" : false,
          "isReadOnly" : false,
          "isOrdered" : false,
          "cardinality" : "1..*",
          "propertyType" : {
            "id" : "3bt79X6D.AAAAUuT",
            "type" : "Class"
          },
          "subsettedProperties" : null,
          "redefinedProperties" : null,
          "aggregationKind" : "NONE"
        }, {
          "id" : "sxlH9X6D.AAAAU0T",
          "name" : null,
          "description" : null,
          "type" : "Property",
          "propertyAssignments" : null,
          "stereotype" : null,
          "isDerived" : false,
          "isReadOnly" : false,
          "isOrdered" : false,
          "cardinality" : "1..*",
          "propertyType" : {
            "id" : "CHd79X6D.AAAAUu0",
            "type" : "Class"
          },
          "subsettedProperties" : null,
          "redefinedProperties" : null,
          "aggregationKind" : "NONE"
        } ]
      }, {
        "id" : "YCVH9X6D.AAAAU0a",
        "name" : "Constituent",
        "description" : null,
        "type" : "Relation",
        "propertyAssignments" : null,
        "stereotype" : null,
        "isAbstract" : false,
        "isDerived" : false,
        "properties" : [ {
          "id" : "YCVH9X6D.AAAAU0b",
          "name" : null,
          "description" : null,
          "type" : "Property",
          "propertyAssignments" : null,
          "stereotype" : null,
          "isDerived" : false,
          "isReadOnly" : false,
          "isOrdered" : false,
          "cardinality" : "1",
          "propertyType" : {
            "id" : "2Sj79X6D.AAAAUvB",
            "type" : "Class"
          },
          "subsettedProperties" : null,
          "redefinedProperties" : null,
          "aggregationKind" : "NONE"
        }, {
          "id" : "YCVH9X6D.AAAAU0d",
          "name" : null,
          "description" : null,
          "type" : "Property",
          "propertyAssignments" : null,
          "stereotype" : null,
          "isDerived" : false,
          "isReadOnly" : false,
          "isOrdered" : false,
          "cardinality" : "1",
          "propertyType" : {
            "id" : "Rpd79X6D.AAAAUup",
            "type" : "Class"
          },
          "subsettedProperties" : null,
          "redefinedProperties" : null,
          "aggregationKind" : "NONE"
        } ]
      }, {
        "id" : "JjVH9X6D.AAAAU0k",
        "name" : "hasSatisfied",
        "description" : null,
        "type" : "Relation",
        "propertyAssignments" : null,
        "stereotype" : null,
        "isAbstract" : false,
        "isDerived" : false,
        "properties" : [ {
          "id" : "JjVH9X6D.AAAAU0l",
          "name" : null,
          "description" : null,
          "type" : "Property",
          "propertyAssignments" : null,
          "stereotype" : null,
          "isDerived" : false,
          "isReadOnly" : false,
          "isOrdered" : false,
          "cardinality" : "1",
          "propertyType" : {
            "id" : "2Sj79X6D.AAAAUvB",
            "type" : "Class"
          },
          "subsettedProperties" : null,
          "redefinedProperties" : null,
          "aggregationKind" : "NONE"
        }, {
          "id" : "JjVH9X6D.AAAAU0n",
          "name" : null,
          "description" : null,
          "type" : "Property",
          "propertyAssignments" : null,
          "stereotype" : null,
          "isDerived" : false,
          "isReadOnly" : false,
          "isOrdered" : false,
          "cardinality" : "1",
          "propertyType" : {
            "id" : "CHd79X6D.AAAAUu0",
            "type" : "Class"
          },
          "subsettedProperties" : null,
          "redefinedProperties" : null,
          "aggregationKind" : "NONE"
        } ]
      }, {
        "id" : "aK1H9X6D.AAAAU0u",
        "name" : "p-act",
        "description" : null,
        "type" : "Relation",
        "propertyAssignments" : null,
        "stereotype" : null,
        "isAbstract" : false,
        "isDerived" : false,
        "properties" : [ {
          "id" : "aK1H9X6D.AAAAU0v",
          "name" : null,
          "description" : null,
          "type" : "Property",
          "propertyAssignments" : null,
          "stereotype" : null,
          "isDerived" : false,
          "isReadOnly" : false,
          "isOrdered" : false,
          "cardinality" : "1..*",
          "propertyType" : {
            "id" : "2Sj79X6D.AAAAUvB",
            "type" : "Class"
          },
          "subsettedProperties" : null,
          "redefinedProperties" : null,
          "aggregationKind" : "NONE"
        }, {
          "id" : "aK1H9X6D.AAAAU0x",
          "name" : null,
          "description" : null,
          "type" : "Property",
          "propertyAssignments" : null,
          "stereotype" : null,
          "isDerived" : false,
          "isReadOnly" : false,
          "isOrdered" : false,
          "cardinality" : "1..*",
          "propertyType" : {
            "id" : "W8d79X6D.AAAAUue",
            "type" : "Class"
          },
          "subsettedProperties" : null,
          "redefinedProperties" : null,
          "aggregationKind" : "NONE"
        } ]
      } ]
    } ]
  },
  "diagrams" : [ {
    "id" : "tjx79X6D.AAAAUti",
    "name" : "Model",
    "description" : null,
    "type" : "Diagram",
    "owner" : {
      "id" : "3rE79X6D.AAAAUtc",
      "type" : "Package"
    },
    "contents" : [ {
      "id" : "2Sj79X6D.AAAAUvA",
      "type" : "ClassView",
      "modelElement" : {
        "id" : "2Sj79X6D.AAAAUvB",
        "type" : "Class"
      },
      "shape" : {
        "id" : "2Sj79X6D.AAAAUvA_shape",
        "type" : "Rectangle",
        "x" : 529,
        "y" : 607,
        "width" : 90,
        "height" : 40
      }
    }, {
      "id" : "dPJH9X6D.AAAAUzl",
      "type" : "GeneralizationView",
      "modelElement" : {
        "id" : "JPJH9X6D.AAAAUzk",
        "type" : "Generalization"
      },
      "shape" : {
        "id" : "dPJH9X6D.AAAAUzl_path",
        "type" : "Path",
        "points" : [ {
          "x" : 574,
          "y" : 649
        }, {
          "x" : 574,
          "y" : 713
        }, {
          "x" : 641,
          "y" : 713
        } ]
      },
      "source" : {
        "id" : "2Sj79X6D.AAAAUvA",
        "type" : "ClassView"
      },
      "target" : {
        "id" : "E8T79X6D.AAAAUvh",
        "type" : "ClassView"
      }
    }, {
      "id" : "izhH9X6D.AAAAUyf",
      "type" : "GeneralizationView",
      "modelElement" : {
        "id" : "UzhH9X6D.AAAAUye",
        "type" : "Generalization"
      },
      "shape" : {
        "id" : "izhH9X6D.AAAAUyf_path",
        "type" : "Path",
        "points" : [ {
          "x" : 335,
          "y" : 448
        }, {
          "x" : 259,
          "y" : 448
        }, {
          "x" : 259,
          "y" : 340
        }, {
          "x" : 214,
          "y" : 340
        } ]
      },
      "source" : {
        "id" : "m8d79X6D.AAAAUud",
        "type" : "ClassView"
      },
      "target" : {
        "id" : "2gL79X6D.AAAAUv3",
        "type" : "ClassView"
      }
    }, {
      "id" : "1KxH9X6D.AAAAUy9",
      "type" : "GeneralizationView",
      "modelElement" : {
        "id" : "JKxH9X6D.AAAAUy8",
        "type" : "Generalization"
      },
      "shape" : {
        "id" : "1KxH9X6D.AAAAUy9_path",
        "type" : "Path",
        "points" : [ {
          "x" : 573,
          "y" : 279
        }, {
          "x" : 573,
          "y" : 187
        }, {
          "x" : 502,
          "y" : 187
        } ]
      },
      "source" : {
        "id" : "3bt79X6D.AAAAUuS",
        "type" : "ClassView"
      },
      "target" : {
        "id" : "rQt79X6D.AAAAUt8",
        "type" : "ClassView"
      }
    }, {
      "id" : "E8T79X6D.AAAAUvh",
      "type" : "ClassView",
      "modelElement" : {
        "id" : "E8T79X6D.AAAAUvi",
        "type" : "Class"
      },
      "shape" : {
        "id" : "E8T79X6D.AAAAUvh_shape",
        "type" : "Rectangle",
        "x" : 642,
        "y" : 692,
        "width" : 80,
        "height" : 40
      }
    }, {
      "id" : "VsJH9X6D.AAAAUzR",
      "type" : "GeneralizationView",
      "modelElement" : {
        "id" : "JsJH9X6D.AAAAUzQ",
        "type" : "Generalization"
      },
      "shape" : {
        "id" : "VsJH9X6D.AAAAUzR_path",
        "type" : "Path",
        "points" : [ {
          "x" : 574,
          "y" : 649
        }, {
          "x" : 574,
          "y" : 713
        }, {
          "x" : 518,
          "y" : 713
        } ]
      },
      "source" : {
        "id" : "2Sj79X6D.AAAAUvA",
        "type" : "ClassView"
      },
      "target" : {
        "id" : "9Tj79X6D.AAAAUvL",
        "type" : "ClassView"
      }
    }, {
      "id" : "1zL79X6D.AAAAUwY",
      "type" : "ClassView",
      "modelElement" : {
        "id" : "1zL79X6D.AAAAUwZ",
        "type" : "Class"
      },
      "shape" : {
        "id" : "1zL79X6D.AAAAUwY_shape",
        "type" : "Rectangle",
        "x" : 49,
        "y" : 535,
        "width" : 163,
        "height" : 40
      }
    }, {
      "id" : "9Tj79X6D.AAAAUvL",
      "type" : "ClassView",
      "modelElement" : {
        "id" : "9Tj79X6D.AAAAUvM",
        "type" : "Class"
      },
      "shape" : {
        "id" : "9Tj79X6D.AAAAUvL_shape",
        "type" : "Rectangle",
        "x" : 437,
        "y" : 692,
        "width" : 80,
        "height" : 40
      }
    }, {
      "id" : "2gL79X6D.AAAAUv3",
      "type" : "ClassView",
      "modelElement" : {
        "id" : "2gL79X6D.AAAAUv4",
        "type" : "Class"
      },
      "shape" : {
        "id" : "2gL79X6D.AAAAUv3_shape",
        "type" : "Rectangle",
        "x" : 49,
        "y" : 320,
        "width" : 163,
        "height" : 40
      }
    }, {
      "id" : "2uT79X6D.AAAAUvs",
      "type" : "ClassView",
      "modelElement" : {
        "id" : "OuT79X6D.AAAAUvt",
        "type" : "Class"
      },
      "shape" : {
        "id" : "2uT79X6D.AAAAUvs_shape",
        "type" : "Rectangle",
        "x" : 642,
        "y" : 772,
        "width" : 80,
        "height" : 40
      }
    }, {
      "id" : "rQt79X6D.AAAAUt8",
      "type" : "ClassView",
      "modelElement" : {
        "id" : "7Qt79X6D.AAAAUt9",
        "type" : "Class"
      },
      "shape" : {
        "id" : "rQt79X6D.AAAAUt8_shape",
        "type" : "Rectangle",
        "x" : 412,
        "y" : 167,
        "width" : 87,
        "height" : 40
      }
    }, {
      "id" : "oFt79X6D.AAAAUuH",
      "type" : "ClassView",
      "modelElement" : {
        "id" : "oFt79X6D.AAAAUuI",
        "type" : "Class"
      },
      "shape" : {
        "id" : "oFt79X6D.AAAAUuH_shape",
        "type" : "Rectangle",
        "x" : 637,
        "y" : 167,
        "width" : 87,
        "height" : 40
      }
    }, {
      "id" : "sCVH9X6D.AAAAU0f",
      "type" : "RelationView",
      "modelElement" : {
        "id" : "YCVH9X6D.AAAAU0a",
        "type" : "Relation"
      },
      "shape" : {
        "id" : "sCVH9X6D.AAAAU0f_path",
        "type" : "Path",
        "points" : [ {
          "x" : 574,
          "y" : 607
        }, {
          "x" : 574,
          "y" : 469
        } ]
      },
      "source" : {
        "id" : "2Sj79X6D.AAAAUvA",
        "type" : "ClassView"
      },
      "target" : {
        "id" : "Rpd79X6D.AAAAUuo",
        "type" : "ClassView"
      }
    }, {
      "id" : "m8d79X6D.AAAAUud",
      "type" : "ClassView",
      "modelElement" : {
        "id" : "W8d79X6D.AAAAUue",
        "type" : "Class"
      },
      "shape" : {
        "id" : "m8d79X6D.AAAAUud_shape",
        "type" : "Rectangle",
        "x" : 335,
        "y" : 427,
        "width" : 91,
        "height" : 40
      }
    }, {
      "id" : "3bt79X6D.AAAAUuS",
      "type" : "ClassView",
      "modelElement" : {
        "id" : "3bt79X6D.AAAAUuT",
        "type" : "Class"
      },
      "shape" : {
        "id" : "3bt79X6D.AAAAUuS_shape",
        "type" : "Rectangle",
        "x" : 527,
        "y" : 280,
        "width" : 91,
        "height" : 40
      }
    }, {
      "id" : "cElH9X6D.AAAAU0L",
      "type" : "RelationView",
      "modelElement" : {
        "id" : "4ElH9X6D.AAAAU0G",
        "type" : "Relation"
      },
      "shape" : {
        "id" : "cElH9X6D.AAAAU0L_path",
        "type" : "Path",
        "points" : [ {
          "x" : 573,
          "y" : 321
        }, {
          "x" : 573,
          "y" : 427
        } ]
      },
      "source" : {
        "id" : "3bt79X6D.AAAAUuS",
        "type" : "ClassView"
      },
      "target" : {
        "id" : "Rpd79X6D.AAAAUuo",
        "type" : "ClassView"
      }
    }, {
      "id" : "DahH9X6D.AAAAUyV",
      "type" : "GeneralizationView",
      "modelElement" : {
        "id" : "1ahH9X6D.AAAAUyU",
        "type" : "Generalization"
      },
      "shape" : {
        "id" : "DahH9X6D.AAAAUyV_path",
        "type" : "Path",
        "points" : [ {
          "x" : 335,
          "y" : 448
        }, {
          "x" : 259,
          "y" : 448
        }, {
          "x" : 259,
          "y" : 412
        }, {
          "x" : 214,
          "y" : 412
        } ]
      },
      "source" : {
        "id" : "m8d79X6D.AAAAUud",
        "type" : "ClassView"
      },
      "target" : {
        "id" : "paL79X6D.AAAAUwC",
        "type" : "ClassView"
      }
    }, {
      "id" : "EFJH9X6D.AAAAUzb",
      "type" : "GeneralizationView",
      "modelElement" : {
        "id" : "P5JH9X6D.AAAAUza",
        "type" : "Generalization"
      },
      "shape" : {
        "id" : "EFJH9X6D.AAAAUzb_path",
        "type" : "Path",
        "points" : [ {
          "x" : 574,
          "y" : 649
        }, {
          "x" : 574,
          "y" : 793
        }, {
          "x" : 518,
          "y" : 793
        } ]
      },
      "source" : {
        "id" : "2Sj79X6D.AAAAUvA",
        "type" : "ClassView"
      },
      "target" : {
        "id" : "JgT79X6D.AAAAUvW",
        "type" : "ClassView"
      }
    }, {
      "id" : "1jVH9X6D.AAAAU0p",
      "type" : "RelationView",
      "modelElement" : {
        "id" : "JjVH9X6D.AAAAU0k",
        "type" : "Relation"
      },
      "shape" : {
        "id" : "1jVH9X6D.AAAAU0p_path",
        "type" : "Path",
        "points" : [ {
          "x" : 621,
          "y" : 628
        }, {
          "x" : 767,
          "y" : 628
        }, {
          "x" : 767,
          "y" : 469
        } ]
      },
      "source" : {
        "id" : "2Sj79X6D.AAAAUvA",
        "type" : "ClassView"
      },
      "target" : {
        "id" : "CHd79X6D.AAAAUuz",
        "type" : "ClassView"
      }
    }, {
      "id" : "FpL79X6D.AAAAUwN",
      "type" : "ClassView",
      "modelElement" : {
        "id" : "FpL79X6D.AAAAUwO",
        "type" : "Class"
      },
      "shape" : {
        "id" : "FpL79X6D.AAAAUwN_shape",
        "type" : "Rectangle",
        "x" : 49,
        "y" : 464,
        "width" : 163,
        "height" : 40
      }
    }, {
      "id" : "vlRH9X6D.AAAAUyz",
      "type" : "GeneralizationView",
      "modelElement" : {
        "id" : "7lRH9X6D.AAAAUyy",
        "type" : "Generalization"
      },
      "shape" : {
        "id" : "vlRH9X6D.AAAAUyz_path",
        "type" : "Path",
        "points" : [ {
          "x" : 335,
          "y" : 448
        }, {
          "x" : 259,
          "y" : 448
        }, {
          "x" : 259,
          "y" : 556
        }, {
          "x" : 214,
          "y" : 556
        } ]
      },
      "source" : {
        "id" : "m8d79X6D.AAAAUud",
        "type" : "ClassView"
      },
      "target" : {
        "id" : "1zL79X6D.AAAAUwY",
        "type" : "ClassView"
      }
    }, {
      "id" : "CHd79X6D.AAAAUuz",
      "type" : "ClassView",
      "modelElement" : {
        "id" : "CHd79X6D.AAAAUu0",
        "type" : "Class"
      },
      "shape" : {
        "id" : "CHd79X6D.AAAAUuz_shape",
        "type" : "Rectangle",
        "x" : 722,
        "y" : 427,
        "width" : 90,
        "height" : 40
      }
    }, {
      "id" : "JgT79X6D.AAAAUvW",
      "type" : "ClassView",
      "modelElement" : {
        "id" : "JgT79X6D.AAAAUvX",
        "type" : "Class"
      },
      "shape" : {
        "id" : "JgT79X6D.AAAAUvW_shape",
        "type" : "Rectangle",
        "x" : 437,
        "y" : 772,
        "width" : 80,
        "height" : 40
      }
    }, {
      "id" : "sKpH9X6D.AAAAUzv",
      "type" : "GeneralizationView",
      "modelElement" : {
        "id" : "EKpH9X6D.AAAAUzu",
        "type" : "Generalization"
      },
      "shape" : {
        "id" : "sKpH9X6D.AAAAUzv_path",
        "type" : "Path",
        "points" : [ {
          "x" : 574,
          "y" : 649
        }, {
          "x" : 574,
          "y" : 793
        }, {
          "x" : 641,
          "y" : 793
        } ]
      },
      "source" : {
        "id" : "2Sj79X6D.AAAAUvA",
        "type" : "ClassView"
      },
      "target" : {
        "id" : "2uT79X6D.AAAAUvs",
        "type" : "ClassView"
      }
    }, {
      "id" : "hK1H9X6D.AAAAU0z",
      "type" : "RelationView",
      "modelElement" : {
        "id" : "aK1H9X6D.AAAAU0u",
        "type" : "Relation"
      },
      "shape" : {
        "id" : "hK1H9X6D.AAAAU0z_path",
        "type" : "Path",
        "points" : [ {
          "x" : 528,
          "y" : 628
        }, {
          "x" : 381,
          "y" : 628
        }, {
          "x" : 381,
          "y" : 469
        } ]
      },
      "source" : {
        "id" : "2Sj79X6D.AAAAUvA",
        "type" : "ClassView"
      },
      "target" : {
        "id" : "m8d79X6D.AAAAUud",
        "type" : "ClassView"
      }
    }, {
      "id" : "45FH9X6D.AAAAU0B",
      "type" : "RelationView",
      "modelElement" : {
        "id" : "g5FH9X6D.AAAAUz8",
        "type" : "Relation"
      },
      "shape" : {
        "id" : "45FH9X6D.AAAAU0B_path",
        "type" : "Path",
        "points" : [ {
          "x" : 527,
          "y" : 299
        }, {
          "x" : 380,
          "y" : 299
        }, {
          "x" : 380,
          "y" : 427
        } ]
      },
      "source" : {
        "id" : "3bt79X6D.AAAAUuS",
        "type" : "ClassView"
      },
      "target" : {
        "id" : "m8d79X6D.AAAAUud",
        "type" : "ClassView"
      }
    }, {
      "id" : "kiRH9X6D.AAAAUyp",
      "type" : "GeneralizationView",
      "modelElement" : {
        "id" : "giRH9X6D.AAAAUyo",
        "type" : "Generalization"
      },
      "shape" : {
        "id" : "kiRH9X6D.AAAAUyp_path",
        "type" : "Path",
        "points" : [ {
          "x" : 335,
          "y" : 448
        }, {
          "x" : 259,
          "y" : 448
        }, {
          "x" : 259,
          "y" : 484
        }, {
          "x" : 214,
          "y" : 484
        } ]
      },
      "source" : {
        "id" : "m8d79X6D.AAAAUud",
        "type" : "ClassView"
      },
      "target" : {
        "id" : "FpL79X6D.AAAAUwN",
        "type" : "ClassView"
      }
    }, {
      "id" : "jlxH9X6D.AAAAUzH",
      "type" : "GeneralizationView",
      "modelElement" : {
        "id" : "VlxH9X6D.AAAAUzG",
        "type" : "Generalization"
      },
      "shape" : {
        "id" : "jlxH9X6D.AAAAUzH_path",
        "type" : "Path",
        "points" : [ {
          "x" : 573,
          "y" : 279
        }, {
          "x" : 573,
          "y" : 187
        }, {
          "x" : 636,
          "y" : 187
        } ]
      },
      "source" : {
        "id" : "3bt79X6D.AAAAUuS",
        "type" : "ClassView"
      },
      "target" : {
        "id" : "oFt79X6D.AAAAUuH",
        "type" : "ClassView"
      }
    }, {
      "id" : "paL79X6D.AAAAUwC",
      "type" : "ClassView",
      "modelElement" : {
        "id" : "paL79X6D.AAAAUwD",
        "type" : "Class"
      },
      "shape" : {
        "id" : "paL79X6D.AAAAUwC_shape",
        "type" : "Rectangle",
        "x" : 49,
        "y" : 392,
        "width" : 163,
        "height" : 40
      }
    }, {
      "id" : "KxlH9X6D.AAAAU0V",
      "type" : "RelationView",
      "modelElement" : {
        "id" : "sxlH9X6D.AAAAU0Q",
        "type" : "Relation"
      },
      "shape" : {
        "id" : "KxlH9X6D.AAAAU0V_path",
        "type" : "Path",
        "points" : [ {
          "x" : 620,
          "y" : 300
        }, {
          "x" : 767,
          "y" : 300
        }, {
          "x" : 767,
          "y" : 427
        } ]
      },
      "source" : {
        "id" : "3bt79X6D.AAAAUuS",
        "type" : "ClassView"
      },
      "target" : {
        "id" : "CHd79X6D.AAAAUuz",
        "type" : "ClassView"
      }
    }, {
      "id" : "Rpd79X6D.AAAAUuo",
      "type" : "ClassView",
      "modelElement" : {
        "id" : "Rpd79X6D.AAAAUup",
        "type" : "Class"
      },
      "shape" : {
        "id" : "Rpd79X6D.AAAAUuo_shape",
        "type" : "Rectangle",
        "x" : 502,
        "y" : 427,
        "width" : 145,
        "height" : 40
      }
    } ]
  } ]
}