{
  "id" : "CPyngH6AUAgIKgBO",
  "name" : "SRRO Ontology",
  "description" : null,
  "type" : "Project",
  "model" : {
    "id" : "CPyngH6AUAgIKgBO_root",
    "name" : "SRRO Ontology",
    "description" : null,
    "type" : "Package",
    "propertyAssignments" : null,
    "contents" : [ {
      "id" : "0.mngH6AUAgIKgWe",
      "name" : "SRRO Ontology",
      "description" : null,
      "type" : "Package",
      "propertyAssignments" : null,
      "contents" : [ {
        "id" : "27.ngH6AUAgIKgW8",
        "name" : "Project",
        "description" : null,
        "type" : "Class",
        "propertyAssignments" : null,
        "stereotype" : "kind",
        "isAbstract" : false,
        "isDerived" : false,
        "properties" : null,
        "isExtensional" : null,
        "isPowertype" : null,
        "order" : null,
        "literals" : null,
        "restrictedTo" : [ "functional-complex" ]
      }, {
        "id" : "t1BngH6AUAgIKgXH",
        "name" : "Artifact",
        "description" : null,
        "type" : "Class",
        "propertyAssignments" : null,
        "stereotype" : "category",
        "isAbstract" : false,
        "isDerived" : false,
        "properties" : null,
        "isExtensional" : false,
        "isPowertype" : null,
        "order" : null,
        "literals" : null,
        "restrictedTo" : [ "functional-complex" ]
      }, {
        "id" : "KnZngH6AUAgIKgXU",
        "name" : "TestCase",
        "description" : null,
        "type" : "Class",
        "propertyAssignments" : null,
        "stereotype" : "kind",
        "isAbstract" : false,
        "isDerived" : false,
        "properties" : null,
        "isExtensional" : null,
        "isPowertype" : null,
        "order" : null,
        "literals" : null,
        "restrictedTo" : [ "functional-complex" ]
      }, {
        "id" : "nuFngH6AUAgIKgXf",
        "name" : "EntityType",
        "description" : null,
        "type" : "Class",
        "propertyAssignments" : null,
        "stereotype" : "kind",
        "isAbstract" : false,
        "isDerived" : false,
        "properties" : null,
        "isExtensional" : null,
        "isPowertype" : null,
        "order" : null,
        "literals" : null,
        "restrictedTo" : [ "functional-complex" ]
      }, {
        "id" : "jl1ngH6AUAgIKgXq",
        "name" : "UseCase",
        "description" : null,
        "type" : "Class",
        "propertyAssignments" : null,
        "stereotype" : "kind",
        "isAbstract" : false,
        "isDerived" : false,
        "properties" : [ {
          "id" : "oucXgH6AUAgIKgcC",
          "name" : "description",
          "description" : null,
          "type" : "Property",
          "propertyAssignments" : null,
          "stereotype" : null,
          "isDerived" : false,
          "isReadOnly" : false,
          "isOrdered" : false,
          "cardinality" : null,
          "propertyType" : null,
          "subsettedProperties" : null,
          "redefinedProperties" : null,
          "aggregationKind" : "NONE"
        }, {
          "id" : "Vi8XgH6AUAgIKgcF",
          "name" : "identifier",
          "description" : null,
          "type" : "Property",
          "propertyAssignments" : null,
          "stereotype" : null,
          "isDerived" : false,
          "isReadOnly" : false,
          "isOrdered" : false,
          "cardinality" : null,
          "propertyType" : null,
          "subsettedProperties" : null,
          "redefinedProperties" : null,
          "aggregationKind" : "NONE"
        } ],
        "isExtensional" : null,
        "isPowertype" : null,
        "order" : null,
        "literals" : null,
        "restrictedTo" : [ "functional-complex" ]
      }, {
        "id" : "gKtngH6AUAgIKgX1",
        "name" : "Module",
        "description" : null,
        "type" : "Class",
        "propertyAssignments" : null,
        "stereotype" : "kind",
        "isAbstract" : false,
        "isDerived" : false,
        "properties" : null,
        "isExtensional" : null,
        "isPowertype" : null,
        "order" : null,
        "literals" : null,
        "restrictedTo" : [ "functional-complex" ]
      }, {
        "id" : "yrdngH6AUAgIKgYA",
        "name" : "Requirement",
        "description" : null,
        "type" : "Class",
        "propertyAssignments" : null,
        "stereotype" : "kind",
        "isAbstract" : false,
        "isDerived" : false,
        "properties" : null,
        "isExtensional" : null,
        "isPowertype" : null,
        "order" : null,
        "literals" : null,
        "restrictedTo" : [ "functional-complex" ]
      }, {
        "id" : "8ym3gH6AUAgIKgez",
        "name" : "NonFunctionalRequirement",
        "description" : null,
        "type" : "Class",
        "propertyAssignments" : null,
        "stereotype" : "subkind",
        "isAbstract" : false,
        "isDerived" : false,
        "properties" : null,
        "isExtensional" : false,
        "isPowertype" : null,
        "order" : null,
        "literals" : null,
        "restrictedTo" : [ "functional-complex" ]
      }, {
        "id" : "f8u3gH6AUAgIKge.",
        "name" : "FunctionalRequirement",
        "description" : null,
        "type" : "Class",
        "propertyAssignments" : null,
        "stereotype" : "subkind",
        "isAbstract" : false,
        "isDerived" : false,
        "properties" : null,
        "isExtensional" : false,
        "isPowertype" : null,
        "order" : null,
        "literals" : null,
        "restrictedTo" : [ "functional-complex" ]
      }, {
        "id" : "Ume3gH6AUAgIKgfJ",
        "name" : "BusinessRule",
        "description" : null,
        "type" : "Class",
        "propertyAssignments" : null,
        "stereotype" : "subkind",
        "isAbstract" : false,
        "isDerived" : false,
        "properties" : null,
        "isExtensional" : false,
        "isPowertype" : null,
        "order" : null,
        "literals" : null,
        "restrictedTo" : [ "functional-complex" ]
      }, {
        "id" : "H2zPgH6AUAgIKghz",
        "name" : "Class",
        "description" : null,
        "type" : "Class",
        "propertyAssignments" : null,
        "stereotype" : "subkind",
        "isAbstract" : false,
        "isDerived" : false,
        "properties" : null,
        "isExtensional" : false,
        "isPowertype" : null,
        "order" : null,
        "literals" : null,
        "restrictedTo" : [ "functional-complex" ]
      }, {
        "id" : "wb3PgH6AUAgIKgij",
        "name" : "RequirementTestCase",
        "description" : null,
        "type" : "Class",
        "propertyAssignments" : null,
        "stereotype" : "role",
        "isAbstract" : false,
        "isDerived" : false,
        "properties" : null,
        "isExtensional" : false,
        "isPowertype" : null,
        "order" : null,
        "literals" : null,
        "restrictedTo" : [ "functional-complex" ]
      }, {
        "id" : "BRfPgH6AUAgIKgi0",
        "name" : "UseTestCase",
        "description" : null,
        "type" : "Class",
        "propertyAssignments" : null,
        "stereotype" : "role",
        "isAbstract" : false,
        "isDerived" : false,
        "properties" : null,
        "isExtensional" : false,
        "isPowertype" : null,
        "order" : null,
        "literals" : null,
        "restrictedTo" : [ "functional-complex" ]
      }, {
        "id" : "HB_PgH6AUAgIKgi_",
        "name" : "ClassTestCase",
        "description" : null,
        "type" : "Class",
        "propertyAssignments" : null,
        "stereotype" : "role",
        "isAbstract" : false,
        "isDerived" : false,
        "properties" : null,
        "isExtensional" : false,
        "isPowertype" : null,
        "order" : null,
        "literals" : null,
        "restrictedTo" : [ "functional-complex" ]
      }, {
        "id" : "I6CfgH6AUAgIKgnA",
        "name" : "EventFlow",
        "description" : null,
        "type" : "Class",
        "propertyAssignments" : null,
        "stereotype" : "mode",
        "isAbstract" : false,
        "isDerived" : false,
        "properties" : null,
        "isExtensional" : null,
        "isPowertype" : null,
        "order" : null,
        "literals" : null,
        "restrictedTo" : [ "intrinsic-mode" ]
      }, {
        "id" : "N_ifgH6AUAgIKgnL",
        "name" : "BasicFlow",
        "description" : null,
        "type" : "Class",
        "propertyAssignments" : null,
        "stereotype" : "mode",
        "isAbstract" : false,
        "isDerived" : false,
        "properties" : null,
        "isExtensional" : null,
        "isPowertype" : null,
        "order" : null,
        "literals" : null,
        "restrictedTo" : [ "intrinsic-mode" ]
      }, {
        "id" : "T_SfgH6AUAgIKgnW",
        "name" : "AlternativeFlow",
        "description" : null,
        "type" : "Class",
        "propertyAssignments" : null,
        "stereotype" : "mode",
        "isAbstract" : false,
        "isDerived" : false,
        "properties" : null,
        "isExtensional" : null,
        "isPowertype" : null,
        "order" : null,
        "literals" : null,
        "restrictedTo" : [ "intrinsic-mode" ]
      }, {
        "id" : "3zafgH6AUAgIKgn2",
        "name" : "Condition",
        "description" : null,
        "type" : "Class",
        "propertyAssignments" : null,
        "stereotype" : "kind",
        "isAbstract" : false,
        "isDerived" : false,
        "properties" : null,
        "isExtensional" : null,
        "isPowertype" : null,
        "order" : null,
        "literals" : null,
        "restrictedTo" : [ "functional-complex" ]
      }, {
        "id" : "OGmfgH6AUAgIKgoD",
        "name" : "Postcondition",
        "description" : null,
        "type" : "Class",
        "propertyAssignments" : null,
        "stereotype" : "role",
        "isAbstract" : false,
        "isDerived" : false,
        "properties" : null,
        "isExtensional" : false,
        "isPowertype" : null,
        "order" : null,
        "literals" : null,
        "restrictedTo" : [ "functional-complex" ]
      }, {
        "id" : "SF2fgH6AUAgIKgoO",
        "name" : "Precondition",
        "description" : null,
        "type" : "Class",
        "propertyAssignments" : null,
        "stereotype" : "role",
        "isAbstract" : false,
        "isDerived" : false,
        "properties" : null,
        "isExtensional" : false,
        "isPowertype" : null,
        "order" : null,
        "literals" : null,
        "restrictedTo" : [ "functional-complex" ]
      }, {
        "id" : "fvrngH6AUAgIKgaM",
        "name" : null,
        "description" : null,
        "type" : "Generalization",
        "propertyAssignments" : null,
        "general" : {
          "id" : "t1BngH6AUAgIKgXH",
          "type" : "Class"
        },
        "specific" : {
          "id" : "KnZngH6AUAgIKgXU",
          "type" : "Class"
        }
      }, {
        "id" : "wWbngH6AUAgIKgaW",
        "name" : null,
        "description" : null,
        "type" : "Generalization",
        "propertyAssignments" : null,
        "general" : {
          "id" : "t1BngH6AUAgIKgXH",
          "type" : "Class"
        },
        "specific" : {
          "id" : "nuFngH6AUAgIKgXf",
          "type" : "Class"
        }
      }, {
        "id" : "BrbngH6AUAgIKgag",
        "name" : null,
        "description" : null,
        "type" : "Generalization",
        "propertyAssignments" : null,
        "general" : {
          "id" : "t1BngH6AUAgIKgXH",
          "type" : "Class"
        },
        "specific" : {
          "id" : "jl1ngH6AUAgIKgXq",
          "type" : "Class"
        }
      }, {
        "id" : "1K7ngH6AUAgIKgaq",
        "name" : null,
        "description" : null,
        "type" : "Generalization",
        "propertyAssignments" : null,
        "general" : {
          "id" : "t1BngH6AUAgIKgXH",
          "type" : "Class"
        },
        "specific" : {
          "id" : "gKtngH6AUAgIKgX1",
          "type" : "Class"
        }
      }, {
        "id" : "nwHngH6AUAgIKga0",
        "name" : null,
        "description" : null,
        "type" : "Generalization",
        "propertyAssignments" : null,
        "general" : {
          "id" : "t1BngH6AUAgIKgXH",
          "type" : "Class"
        },
        "specific" : {
          "id" : "yrdngH6AUAgIKgYA",
          "type" : "Class"
        }
      }, {
        "id" : "6nl3gH6AUAgIKgfs",
        "name" : null,
        "description" : null,
        "type" : "Generalization",
        "propertyAssignments" : null,
        "general" : {
          "id" : "yrdngH6AUAgIKgYA",
          "type" : "Class"
        },
        "specific" : {
          "id" : "8ym3gH6AUAgIKgez",
          "type" : "Class"
        }
      }, {
        "id" : "yKV3gH6AUAgIKgf2",
        "name" : null,
        "description" : null,
        "type" : "Generalization",
        "propertyAssignments" : null,
        "general" : {
          "id" : "yrdngH6AUAgIKgYA",
          "type" : "Class"
        },
        "specific" : {
          "id" : "f8u3gH6AUAgIKge.",
          "type" : "Class"
        }
      }, {
        "id" : "_9V3gH6AUAgIKggA",
        "name" : null,
        "description" : null,
        "type" : "Generalization",
        "propertyAssignments" : null,
        "general" : {
          "id" : "yrdngH6AUAgIKgYA",
          "type" : "Class"
        },
        "specific" : {
          "id" : "Ume3gH6AUAgIKgfJ",
          "type" : "Class"
        }
      }, {
        "id" : "FPLPgH6AUAgIKgiE",
        "name" : null,
        "description" : null,
        "type" : "Generalization",
        "propertyAssignments" : null,
        "general" : {
          "id" : "nuFngH6AUAgIKgXf",
          "type" : "Class"
        },
        "specific" : {
          "id" : "H2zPgH6AUAgIKghz",
          "type" : "Class"
        }
      }, {
        "id" : "h60vgH6AUAgIKgkM",
        "name" : null,
        "description" : null,
        "type" : "Generalization",
        "propertyAssignments" : null,
        "general" : {
          "id" : "KnZngH6AUAgIKgXU",
          "type" : "Class"
        },
        "specific" : {
          "id" : "wb3PgH6AUAgIKgij",
          "type" : "Class"
        }
      }, {
        "id" : "cQMvgH6AUAgIKgkV",
        "name" : null,
        "description" : null,
        "type" : "Generalization",
        "propertyAssignments" : null,
        "general" : {
          "id" : "KnZngH6AUAgIKgXU",
          "type" : "Class"
        },
        "specific" : {
          "id" : "BRfPgH6AUAgIKgi0",
          "type" : "Class"
        }
      }, {
        "id" : "c.MvgH6AUAgIKgkf",
        "name" : null,
        "description" : null,
        "type" : "Generalization",
        "propertyAssignments" : null,
        "general" : {
          "id" : "KnZngH6AUAgIKgXU",
          "type" : "Class"
        },
        "specific" : {
          "id" : "HB_PgH6AUAgIKgi_",
          "type" : "Class"
        }
      }, {
        "id" : "5G.fgH6AUAgIKgok",
        "name" : null,
        "description" : null,
        "type" : "Generalization",
        "propertyAssignments" : null,
        "general" : {
          "id" : "3zafgH6AUAgIKgn2",
          "type" : "Class"
        },
        "specific" : {
          "id" : "OGmfgH6AUAgIKgoD",
          "type" : "Class"
        }
      }, {
        "id" : "I9.fgH6AUAgIKgou",
        "name" : null,
        "description" : null,
        "type" : "Generalization",
        "propertyAssignments" : null,
        "general" : {
          "id" : "3zafgH6AUAgIKgn2",
          "type" : "Class"
        },
        "specific" : {
          "id" : "SF2fgH6AUAgIKgoO",
          "type" : "Class"
        }
      }, {
        "id" : "KAr_gH6AUAgIKgq6",
        "name" : null,
        "description" : null,
        "type" : "Generalization",
        "propertyAssignments" : null,
        "general" : {
          "id" : "I6CfgH6AUAgIKgnA",
          "type" : "Class"
        },
        "specific" : {
          "id" : "N_ifgH6AUAgIKgnL",
          "type" : "Class"
        }
      }, {
        "id" : "Zqr_gH6AUAgIKgrE",
        "name" : null,
        "description" : null,
        "type" : "Generalization",
        "propertyAssignments" : null,
        "general" : {
          "id" : "I6CfgH6AUAgIKgnA",
          "type" : "Class"
        },
        "specific" : {
          "id" : "T_SfgH6AUAgIKgnW",
          "type" : "Class"
        }
      }, {
        "id" : "ZHAXgH6AUAgIKgbT",
        "name" : "producedIn",
        "description" : null,
        "type" : "Relation",
        "propertyAssignments" : null,
        "stereotype" : null,
        "isAbstract" : false,
        "isDerived" : false,
        "properties" : [ {
          "id" : "9HAXgH6AUAgIKgbV",
          "name" : null,
          "description" : null,
          "type" : "Property",
          "propertyAssignments" : null,
          "stereotype" : null,
          "isDerived" : false,
          "isReadOnly" : false,
          "isOrdered" : false,
          "cardinality" : "0..1",
          "propertyType" : {
            "id" : "27.ngH6AUAgIKgW8",
            "type" : "Class"
          },
          "subsettedProperties" : null,
          "redefinedProperties" : null,
          "aggregationKind" : "NONE"
        }, {
          "id" : "jHAXgH6AUAgIKgbY",
          "name" : null,
          "description" : null,
          "type" : "Property",
          "propertyAssignments" : null,
          "stereotype" : null,
          "isDerived" : false,
          "isReadOnly" : false,
          "isOrdered" : false,
          "cardinality" : "0..*",
          "propertyType" : {
            "id" : "t1BngH6AUAgIKgXH",
            "type" : "Class"
          },
          "subsettedProperties" : null,
          "redefinedProperties" : null,
          "aggregationKind" : "NONE"
        } ]
      }, {
        "id" : "6ZZXgH6AUAgIKgcR",
        "name" : "usedIn",
        "description" : null,
        "type" : "Relation",
        "propertyAssignments" : null,
        "stereotype" : null,
        "isAbstract" : false,
        "isDerived" : false,
        "properties" : [ {
          "id" : "6ZZXgH6AUAgIKgcS",
          "name" : null,
          "description" : null,
          "type" : "Property",
          "propertyAssignments" : null,
          "stereotype" : null,
          "isDerived" : false,
          "isReadOnly" : false,
          "isOrdered" : false,
          "cardinality" : "0..*",
          "propertyType" : {
            "id" : "nuFngH6AUAgIKgXf",
            "type" : "Class"
          },
          "subsettedProperties" : null,
          "redefinedProperties" : null,
          "aggregationKind" : "NONE"
        }, {
          "id" : "6ZZXgH6AUAgIKgcU",
          "name" : null,
          "description" : null,
          "type" : "Property",
          "propertyAssignments" : null,
          "stereotype" : null,
          "isDerived" : false,
          "isReadOnly" : false,
          "isOrdered" : false,
          "cardinality" : "0..*",
          "propertyType" : {
            "id" : "jl1ngH6AUAgIKgXq",
            "type" : "Class"
          },
          "subsettedProperties" : null,
          "redefinedProperties" : null,
          "aggregationKind" : "NONE"
        } ]
      }, {
        "id" : "7gFXgH6AUAgIKgcb",
        "name" : "alocatedFor",
        "description" : null,
        "type" : "Relation",
        "propertyAssignments" : null,
        "stereotype" : null,
        "isAbstract" : false,
        "isDerived" : false,
        "properties" : [ {
          "id" : "7gFXgH6AUAgIKgcc",
          "name" : null,
          "description" : null,
          "type" : "Property",
          "propertyAssignments" : null,
          "stereotype" : null,
          "isDerived" : false,
          "isReadOnly" : false,
          "isOrdered" : false,
          "cardinality" : "0..*",
          "propertyType" : {
            "id" : "jl1ngH6AUAgIKgXq",
            "type" : "Class"
          },
          "subsettedProperties" : null,
          "redefinedProperties" : null,
          "aggregationKind" : "NONE"
        }, {
          "id" : "7gFXgH6AUAgIKgce",
          "name" : null,
          "description" : null,
          "type" : "Property",
          "propertyAssignments" : null,
          "stereotype" : null,
          "isDerived" : false,
          "isReadOnly" : false,
          "isOrdered" : false,
          "cardinality" : "0..1",
          "propertyType" : {
            "id" : "gKtngH6AUAgIKgX1",
            "type" : "Class"
          },
          "subsettedProperties" : null,
          "redefinedProperties" : null,
          "aggregationKind" : "NONE"
        } ]
      }, {
        "id" : "FCE3gH6AUAgIKgdN",
        "name" : "dependsOn",
        "description" : null,
        "type" : "Relation",
        "propertyAssignments" : null,
        "stereotype" : null,
        "isAbstract" : false,
        "isDerived" : false,
        "properties" : [ {
          "id" : "FCE3gH6AUAgIKgdO",
          "name" : null,
          "description" : null,
          "type" : "Property",
          "propertyAssignments" : null,
          "stereotype" : null,
          "isDerived" : false,
          "isReadOnly" : false,
          "isOrdered" : false,
          "cardinality" : "0..*",
          "propertyType" : {
            "id" : "yrdngH6AUAgIKgYA",
            "type" : "Class"
          },
          "subsettedProperties" : null,
          "redefinedProperties" : null,
          "aggregationKind" : "NONE"
        }, {
          "id" : "FCE3gH6AUAgIKgdQ",
          "name" : null,
          "description" : null,
          "type" : "Property",
          "propertyAssignments" : null,
          "stereotype" : null,
          "isDerived" : false,
          "isReadOnly" : false,
          "isOrdered" : false,
          "cardinality" : "0..*",
          "propertyType" : {
            "id" : "yrdngH6AUAgIKgYA",
            "type" : "Class"
          },
          "subsettedProperties" : null,
          "redefinedProperties" : null,
          "aggregationKind" : "NONE"
        } ]
      }, {
        "id" : "HDc3gH6AUAgIKgd3",
        "name" : "conflictsWith",
        "description" : null,
        "type" : "Relation",
        "propertyAssignments" : null,
        "stereotype" : null,
        "isAbstract" : false,
        "isDerived" : false,
        "properties" : [ {
          "id" : "HDc3gH6AUAgIKgd4",
          "name" : null,
          "description" : null,
          "type" : "Property",
          "propertyAssignments" : null,
          "stereotype" : null,
          "isDerived" : false,
          "isReadOnly" : false,
          "isOrdered" : false,
          "cardinality" : "0..*",
          "propertyType" : {
            "id" : "yrdngH6AUAgIKgYA",
            "type" : "Class"
          },
          "subsettedProperties" : null,
          "redefinedProperties" : null,
          "aggregationKind" : "NONE"
        }, {
          "id" : "HDc3gH6AUAgIKgd6",
          "name" : null,
          "description" : null,
          "type" : "Property",
          "propertyAssignments" : null,
          "stereotype" : null,
          "isDerived" : false,
          "isReadOnly" : false,
          "isOrdered" : false,
          "cardinality" : "0..*",
          "propertyType" : {
            "id" : "yrdngH6AUAgIKgYA",
            "type" : "Class"
          },
          "subsettedProperties" : null,
          "redefinedProperties" : null,
          "aggregationKind" : "NONE"
        } ]
      }, {
        "id" : "yXFPgH6AUAgIKgg9",
        "name" : "fulfills",
        "description" : null,
        "type" : "Relation",
        "propertyAssignments" : null,
        "stereotype" : null,
        "isAbstract" : false,
        "isDerived" : false,
        "properties" : [ {
          "id" : "yXFPgH6AUAgIKgg.",
          "name" : null,
          "description" : null,
          "type" : "Property",
          "propertyAssignments" : null,
          "stereotype" : null,
          "isDerived" : false,
          "isReadOnly" : false,
          "isOrdered" : false,
          "cardinality" : "0..*",
          "propertyType" : {
            "id" : "jl1ngH6AUAgIKgXq",
            "type" : "Class"
          },
          "subsettedProperties" : null,
          "redefinedProperties" : null,
          "aggregationKind" : "NONE"
        }, {
          "id" : "yXFPgH6AUAgIKghA",
          "name" : "",
          "description" : null,
          "type" : "Property",
          "propertyAssignments" : null,
          "stereotype" : null,
          "isDerived" : false,
          "isReadOnly" : false,
          "isOrdered" : false,
          "cardinality" : "1..*",
          "propertyType" : {
            "id" : "yrdngH6AUAgIKgYA",
            "type" : "Class"
          },
          "subsettedProperties" : null,
          "redefinedProperties" : null,
          "aggregationKind" : "NONE"
        } ]
      }, {
        "id" : "oMqvgH6AUAgIKgk3",
        "name" : null,
        "description" : null,
        "type" : "Relation",
        "propertyAssignments" : null,
        "stereotype" : null,
        "isAbstract" : false,
        "isDerived" : false,
        "properties" : [ {
          "id" : "oMqvgH6AUAgIKgk4",
          "name" : null,
          "description" : null,
          "type" : "Property",
          "propertyAssignments" : null,
          "stereotype" : null,
          "isDerived" : false,
          "isReadOnly" : false,
          "isOrdered" : false,
          "cardinality" : "0..*",
          "propertyType" : {
            "id" : "HB_PgH6AUAgIKgi_",
            "type" : "Class"
          },
          "subsettedProperties" : null,
          "redefinedProperties" : null,
          "aggregationKind" : "NONE"
        }, {
          "id" : "oMqvgH6AUAgIKgk6",
          "name" : null,
          "description" : null,
          "type" : "Property",
          "propertyAssignments" : null,
          "stereotype" : null,
          "isDerived" : false,
          "isReadOnly" : false,
          "isOrdered" : false,
          "cardinality" : "1..*",
          "propertyType" : {
            "id" : "H2zPgH6AUAgIKghz",
            "type" : "Class"
          },
          "subsettedProperties" : null,
          "redefinedProperties" : null,
          "aggregationKind" : "NONE"
        } ]
      }, {
        "id" : "Em9vgH6AUAgIKgli",
        "name" : null,
        "description" : null,
        "type" : "Relation",
        "propertyAssignments" : null,
        "stereotype" : null,
        "isAbstract" : false,
        "isDerived" : false,
        "properties" : [ {
          "id" : "Em9vgH6AUAgIKglj",
          "name" : null,
          "description" : null,
          "type" : "Property",
          "propertyAssignments" : null,
          "stereotype" : null,
          "isDerived" : false,
          "isReadOnly" : false,
          "isOrdered" : false,
          "cardinality" : "0..*",
          "propertyType" : {
            "id" : "BRfPgH6AUAgIKgi0",
            "type" : "Class"
          },
          "subsettedProperties" : null,
          "redefinedProperties" : null,
          "aggregationKind" : "NONE"
        }, {
          "id" : "km9vgH6AUAgIKgll",
          "name" : null,
          "description" : null,
          "type" : "Property",
          "propertyAssignments" : null,
          "stereotype" : null,
          "isDerived" : false,
          "isReadOnly" : false,
          "isOrdered" : false,
          "cardinality" : "1..*",
          "propertyType" : {
            "id" : "jl1ngH6AUAgIKgXq",
            "type" : "Class"
          },
          "subsettedProperties" : null,
          "redefinedProperties" : null,
          "aggregationKind" : "NONE"
        } ]
      }, {
        "id" : "lpNfgH6AUAgIKgpd",
        "name" : null,
        "description" : null,
        "type" : "Relation",
        "propertyAssignments" : null,
        "stereotype" : null,
        "isAbstract" : false,
        "isDerived" : false,
        "properties" : [ {
          "id" : "lpNfgH6AUAgIKgpe",
          "name" : null,
          "description" : null,
          "type" : "Property",
          "propertyAssignments" : null,
          "stereotype" : null,
          "isDerived" : false,
          "isReadOnly" : false,
          "isOrdered" : false,
          "cardinality" : "0..*",
          "propertyType" : {
            "id" : "OGmfgH6AUAgIKgoD",
            "type" : "Class"
          },
          "subsettedProperties" : null,
          "redefinedProperties" : null,
          "aggregationKind" : "NONE"
        }, {
          "id" : "lpNfgH6AUAgIKgpg",
          "name" : null,
          "description" : null,
          "type" : "Property",
          "propertyAssignments" : null,
          "stereotype" : null,
          "isDerived" : false,
          "isReadOnly" : false,
          "isOrdered" : false,
          "cardinality" : "1..*",
          "propertyType" : {
            "id" : "I6CfgH6AUAgIKgnA",
            "type" : "Class"
          },
          "subsettedProperties" : null,
          "redefinedProperties" : null,
          "aggregationKind" : "NONE"
        } ]
      }, {
        "id" : "iQtfgH6AUAgIKgpn",
        "name" : null,
        "description" : null,
        "type" : "Relation",
        "propertyAssignments" : null,
        "stereotype" : null,
        "isAbstract" : false,
        "isDerived" : false,
        "properties" : [ {
          "id" : "iQtfgH6AUAgIKgpo",
          "name" : null,
          "description" : null,
          "type" : "Property",
          "propertyAssignments" : null,
          "stereotype" : null,
          "isDerived" : false,
          "isReadOnly" : false,
          "isOrdered" : false,
          "cardinality" : "1..*",
          "propertyType" : {
            "id" : "I6CfgH6AUAgIKgnA",
            "type" : "Class"
          },
          "subsettedProperties" : null,
          "redefinedProperties" : null,
          "aggregationKind" : "NONE"
        }, {
          "id" : "iQtfgH6AUAgIKgpq",
          "name" : null,
          "description" : null,
          "type" : "Property",
          "propertyAssignments" : null,
          "stereotype" : null,
          "isDerived" : false,
          "isReadOnly" : false,
          "isOrdered" : false,
          "cardinality" : "0..*",
          "propertyType" : {
            "id" : "SF2fgH6AUAgIKgoO",
            "type" : "Class"
          },
          "subsettedProperties" : null,
          "redefinedProperties" : null,
          "aggregationKind" : "NONE"
        } ]
      }, {
        "id" : "MChAQH6AUAgIKgrd",
        "name" : null,
        "description" : null,
        "type" : "Relation",
        "propertyAssignments" : null,
        "stereotype" : null,
        "isAbstract" : false,
        "isDerived" : false,
        "properties" : [ {
          "id" : "MChAQH6AUAgIKgre",
          "name" : null,
          "description" : null,
          "type" : "Property",
          "propertyAssignments" : null,
          "stereotype" : null,
          "isDerived" : false,
          "isReadOnly" : false,
          "isOrdered" : false,
          "cardinality" : "1",
          "propertyType" : {
            "id" : "jl1ngH6AUAgIKgXq",
            "type" : "Class"
          },
          "subsettedProperties" : null,
          "redefinedProperties" : null,
          "aggregationKind" : "COMPOSITE"
        }, {
          "id" : "MChAQH6AUAgIKgrg",
          "name" : "flow",
          "description" : null,
          "type" : "Property",
          "propertyAssignments" : null,
          "stereotype" : null,
          "isDerived" : false,
          "isReadOnly" : false,
          "isOrdered" : false,
          "cardinality" : "1..*",
          "propertyType" : {
            "id" : "I6CfgH6AUAgIKgnA",
            "type" : "Class"
          },
          "subsettedProperties" : null,
          "redefinedProperties" : null,
          "aggregationKind" : "NONE"
        } ]
      }, {
        "id" : "_ZRAQH6AUAgIKgrn",
        "name" : null,
        "description" : null,
        "type" : "Relation",
        "propertyAssignments" : null,
        "stereotype" : null,
        "isAbstract" : false,
        "isDerived" : false,
        "properties" : [ {
          "id" : "_ZRAQH6AUAgIKgro",
          "name" : null,
          "description" : null,
          "type" : "Property",
          "propertyAssignments" : null,
          "stereotype" : null,
          "isDerived" : false,
          "isReadOnly" : false,
          "isOrdered" : false,
          "cardinality" : "1",
          "propertyType" : {
            "id" : "jl1ngH6AUAgIKgXq",
            "type" : "Class"
          },
          "subsettedProperties" : null,
          "redefinedProperties" : null,
          "aggregationKind" : "COMPOSITE"
        }, {
          "id" : "_ZRAQH6AUAgIKgrq",
          "name" : "",
          "description" : null,
          "type" : "Property",
          "propertyAssignments" : null,
          "stereotype" : null,
          "isDerived" : false,
          "isReadOnly" : false,
          "isOrdered" : false,
          "cardinality" : "1..*",
          "propertyType" : {
            "id" : "N_ifgH6AUAgIKgnL",
            "type" : "Class"
          },
          "subsettedProperties" : [ {
            "id" : "MChAQH6AUAgIKgrg",
            "type" : "Property"
          } ],
          "redefinedProperties" : null,
          "aggregationKind" : "NONE"
        } ]
      }, {
        "id" : "5axAQH6AUAgIKgrx",
        "name" : null,
        "description" : null,
        "type" : "Relation",
        "propertyAssignments" : null,
        "stereotype" : null,
        "isAbstract" : false,
        "isDerived" : false,
        "properties" : [ {
          "id" : "5axAQH6AUAgIKgry",
          "name" : null,
          "description" : null,
          "type" : "Property",
          "propertyAssignments" : null,
          "stereotype" : null,
          "isDerived" : false,
          "isReadOnly" : false,
          "isOrdered" : false,
          "cardinality" : "1",
          "propertyType" : {
            "id" : "jl1ngH6AUAgIKgXq",
            "type" : "Class"
          },
          "subsettedProperties" : null,
          "redefinedProperties" : null,
          "aggregationKind" : "COMPOSITE"
        }, {
          "id" : "5axAQH6AUAgIKgr0",
          "name" : "",
          "description" : null,
          "type" : "Property",
          "propertyAssignments" : null,
          "stereotype" : null,
          "isDerived" : false,
          "isReadOnly" : false,
          "isOrdered" : false,
          "cardinality" : "0..*",
          "propertyType" : {
            "id" : "T_SfgH6AUAgIKgnW",
            "type" : "Class"
          },
          "subsettedProperties" : [ {
            "id" : "MChAQH6AUAgIKgrg",
            "type" : "Property"
          } ],
          "redefinedProperties" : null,
          "aggregationKind" : "NONE"
        } ]
      }, {
        "id" : "w1JAQH6AUAgIKgr7",
        "name" : "regarding",
        "description" : null,
        "type" : "Relation",
        "propertyAssignments" : null,
        "stereotype" : null,
        "isAbstract" : false,
        "isDerived" : false,
        "properties" : [ {
          "id" : "w1JAQH6AUAgIKgr8",
          "name" : null,
          "description" : null,
          "type" : "Property",
          "propertyAssignments" : null,
          "stereotype" : null,
          "isDerived" : false,
          "isReadOnly" : false,
          "isOrdered" : false,
          "cardinality" : "0..*",
          "propertyType" : {
            "id" : "N_ifgH6AUAgIKgnL",
            "type" : "Class"
          },
          "subsettedProperties" : null,
          "redefinedProperties" : null,
          "aggregationKind" : "NONE"
        }, {
          "id" : "w1JAQH6AUAgIKgr.",
          "name" : null,
          "description" : null,
          "type" : "Property",
          "propertyAssignments" : null,
          "stereotype" : null,
          "isDerived" : false,
          "isReadOnly" : false,
          "isOrdered" : false,
          "cardinality" : "1..*",
          "propertyType" : {
            "id" : "T_SfgH6AUAgIKgnW",
            "type" : "Class"
          },
          "subsettedProperties" : null,
          "redefinedProperties" : null,
          "aggregationKind" : "NONE"
        } ]
      }, {
        "id" : "pQCgQH6AUAgIKguu",
        "name" : null,
        "description" : null,
        "type" : "Relation",
        "propertyAssignments" : null,
        "stereotype" : null,
        "isAbstract" : false,
        "isDerived" : false,
        "properties" : [ {
          "id" : "pQCgQH6AUAgIKguv",
          "name" : null,
          "description" : null,
          "type" : "Property",
          "propertyAssignments" : null,
          "stereotype" : null,
          "isDerived" : false,
          "isReadOnly" : false,
          "isOrdered" : false,
          "cardinality" : "0..*",
          "propertyType" : {
            "id" : "wb3PgH6AUAgIKgij",
            "type" : "Class"
          },
          "subsettedProperties" : null,
          "redefinedProperties" : null,
          "aggregationKind" : "NONE"
        }, {
          "id" : "pQCgQH6AUAgIKgux",
          "name" : null,
          "description" : null,
          "type" : "Property",
          "propertyAssignments" : null,
          "stereotype" : null,
          "isDerived" : false,
          "isReadOnly" : false,
          "isOrdered" : false,
          "cardinality" : "1..*",
          "propertyType" : {
            "id" : "yrdngH6AUAgIKgYA",
            "type" : "Class"
          },
          "subsettedProperties" : null,
          "redefinedProperties" : null,
          "aggregationKind" : "NONE"
        } ]
      } ]
    } ]
  },
  "diagrams" : [ {
    "id" : "WSOngH6AUAgIKgWm",
    "name" : "SRRO Ontology",
    "description" : null,
    "type" : "Diagram",
    "owner" : {
      "id" : "0.mngH6AUAgIKgWe",
      "type" : "Package"
    },
    "contents" : [ {
      "id" : "kfrngH6AUAgIKgaN",
      "type" : "GeneralizationView",
      "modelElement" : {
        "id" : "fvrngH6AUAgIKgaM",
        "type" : "Generalization"
      },
      "shape" : {
        "id" : "kfrngH6AUAgIKgaN_path",
        "type" : "Path",
        "points" : [ {
          "x" : 906,
          "y" : 114
        }, {
          "x" : 906,
          "y" : 188
        }, {
          "x" : 196,
          "y" : 188
        }, {
          "x" : 196,
          "y" : 250
        } ]
      },
      "source" : {
        "id" : "N1BngH6AUAgIKgXG",
        "type" : "ClassView"
      },
      "target" : {
        "id" : "KnZngH6AUAgIKgXT",
        "type" : "ClassView"
      }
    }, {
      "id" : "OKV3gH6AUAgIKgf3",
      "type" : "GeneralizationView",
      "modelElement" : {
        "id" : "yKV3gH6AUAgIKgf2",
        "type" : "Generalization"
      },
      "shape" : {
        "id" : "OKV3gH6AUAgIKgf3_path",
        "type" : "Path",
        "points" : [ {
          "x" : 1274,
          "y" : 257
        }, {
          "x" : 1395,
          "y" : 257
        } ]
      },
      "source" : {
        "id" : "SrdngH6AUAgIKgX_",
        "type" : "ClassView"
      },
      "target" : {
        "id" : "f8u3gH6AUAgIKge9",
        "type" : "ClassView"
      }
    }, {
      "id" : "bQCgQH6AUAgIKguz",
      "type" : "RelationView",
      "modelElement" : {
        "id" : "pQCgQH6AUAgIKguu",
        "type" : "Relation"
      },
      "shape" : {
        "id" : "bQCgQH6AUAgIKguz_path",
        "type" : "Path",
        "points" : [ {
          "x" : 182,
          "y" : 772
        }, {
          "x" : 1217,
          "y" : 772
        }, {
          "x" : 1217,
          "y" : 320
        } ]
      },
      "source" : {
        "id" : "Qb3PgH6AUAgIKgii",
        "type" : "ClassView"
      },
      "target" : {
        "id" : "SrdngH6AUAgIKgX_",
        "type" : "ClassView"
      }
    }, {
      "id" : "f8u3gH6AUAgIKge9",
      "type" : "ClassView",
      "modelElement" : {
        "id" : "f8u3gH6AUAgIKge.",
        "type" : "Class"
      },
      "shape" : {
        "id" : "f8u3gH6AUAgIKge9_shape",
        "type" : "Rectangle",
        "x" : 1396,
        "y" : 239,
        "width" : 133,
        "height" : 40
      }
    }, {
      "id" : "8ym3gH6AUAgIKgey",
      "type" : "ClassView",
      "modelElement" : {
        "id" : "8ym3gH6AUAgIKgez",
        "type" : "Class"
      },
      "shape" : {
        "id" : "8ym3gH6AUAgIKgey_shape",
        "type" : "Rectangle",
        "x" : 1396,
        "y" : 161,
        "width" : 155,
        "height" : 40
      }
    }, {
      "id" : "jqr_gH6AUAgIKgrF",
      "type" : "GeneralizationView",
      "modelElement" : {
        "id" : "Zqr_gH6AUAgIKgrE",
        "type" : "Generalization"
      },
      "shape" : {
        "id" : "jqr_gH6AUAgIKgrF_path",
        "type" : "Path",
        "points" : [ {
          "x" : 847,
          "y" : 556
        }, {
          "x" : 887,
          "y" : 556
        }, {
          "x" : 887,
          "y" : 615
        }, {
          "x" : 961,
          "y" : 615
        } ]
      },
      "source" : {
        "id" : "I6CfgH6AUAgIKgm_",
        "type" : "ClassView"
      },
      "target" : {
        "id" : "T_SfgH6AUAgIKgnV",
        "type" : "ClassView"
      }
    }, {
      "id" : "FrbngH6AUAgIKgah",
      "type" : "GeneralizationView",
      "modelElement" : {
        "id" : "BrbngH6AUAgIKgag",
        "type" : "Generalization"
      },
      "shape" : {
        "id" : "FrbngH6AUAgIKgah_path",
        "type" : "Path",
        "points" : [ {
          "x" : 906,
          "y" : 114
        }, {
          "x" : 906,
          "y" : 188
        }, {
          "x" : 836,
          "y" : 188
        }, {
          "x" : 836,
          "y" : 250
        } ]
      },
      "source" : {
        "id" : "N1BngH6AUAgIKgXG",
        "type" : "ClassView"
      },
      "target" : {
        "id" : "jl1ngH6AUAgIKgXp",
        "type" : "ClassView"
      }
    }, {
      "id" : "SF2fgH6AUAgIKgoN",
      "type" : "ClassView",
      "modelElement" : {
        "id" : "SF2fgH6AUAgIKgoO",
        "type" : "Class"
      },
      "shape" : {
        "id" : "SF2fgH6AUAgIKgoN_shape",
        "type" : "Rectangle",
        "x" : 766,
        "y" : 693,
        "width" : 80,
        "height" : 40
      }
    }, {
      "id" : "a7.ngH6AUAgIKgW7",
      "type" : "ClassView",
      "modelElement" : {
        "id" : "27.ngH6AUAgIKgW8",
        "type" : "Class"
      },
      "shape" : {
        "id" : "a7.ngH6AUAgIKgW7_shape",
        "type" : "Rectangle",
        "x" : 620,
        "y" : 73,
        "width" : 80,
        "height" : 40
      }
    }, {
      "id" : "05RAQH6AUAgIKgrs",
      "type" : "RelationView",
      "modelElement" : {
        "id" : "_ZRAQH6AUAgIKgrn",
        "type" : "Relation"
      },
      "shape" : {
        "id" : "05RAQH6AUAgIKgrs_path",
        "type" : "Path",
        "points" : [ {
          "x" : 845,
          "y" : 320
        }, {
          "x" : 845,
          "y" : 483
        }, {
          "x" : 935,
          "y" : 483
        } ]
      },
      "source" : {
        "id" : "jl1ngH6AUAgIKgXp",
        "type" : "ClassView"
      },
      "target" : {
        "id" : "N_ifgH6AUAgIKgnK",
        "type" : "ClassView"
      }
    }, {
      "id" : "raxAQH6AUAgIKgr2",
      "type" : "RelationView",
      "modelElement" : {
        "id" : "5axAQH6AUAgIKgrx",
        "type" : "Relation"
      },
      "shape" : {
        "id" : "raxAQH6AUAgIKgr2_path",
        "type" : "Path",
        "points" : [ {
          "x" : 876,
          "y" : 320
        }, {
          "x" : 876,
          "y" : 410
        }, {
          "x" : 1044,
          "y" : 410
        }, {
          "x" : 1044,
          "y" : 594
        } ]
      },
      "source" : {
        "id" : "jl1ngH6AUAgIKgXp",
        "type" : "ClassView"
      },
      "target" : {
        "id" : "T_SfgH6AUAgIKgnV",
        "type" : "ClassView"
      }
    }, {
      "id" : "PCE3gH6AUAgIKgdS",
      "type" : "RelationView",
      "modelElement" : {
        "id" : "FCE3gH6AUAgIKgdN",
        "type" : "Relation"
      },
      "shape" : {
        "id" : "PCE3gH6AUAgIKgdS_path",
        "type" : "Path",
        "points" : [ {
          "x" : 1204,
          "y" : 250
        }, {
          "x" : 1204,
          "y" : 220
        }, {
          "x" : 1140,
          "y" : 220
        }, {
          "x" : 1140,
          "y" : 271
        }, {
          "x" : 1192,
          "y" : 271
        } ]
      },
      "source" : {
        "id" : "SrdngH6AUAgIKgX_",
        "type" : "ClassView"
      },
      "target" : {
        "id" : "SrdngH6AUAgIKgX_",
        "type" : "ClassView"
      }
    }, {
      "id" : "DK7ngH6AUAgIKgar",
      "type" : "GeneralizationView",
      "modelElement" : {
        "id" : "1K7ngH6AUAgIKgaq",
        "type" : "Generalization"
      },
      "shape" : {
        "id" : "DK7ngH6AUAgIKgar_path",
        "type" : "Path",
        "points" : [ {
          "x" : 906,
          "y" : 114
        }, {
          "x" : 906,
          "y" : 188
        }, {
          "x" : 1046,
          "y" : 188
        }, {
          "x" : 1046,
          "y" : 250
        } ]
      },
      "source" : {
        "id" : "N1BngH6AUAgIKgXG",
        "type" : "ClassView"
      },
      "target" : {
        "id" : "gKtngH6AUAgIKgX0",
        "type" : "ClassView"
      }
    }, {
      "id" : "Ume3gH6AUAgIKgfI",
      "type" : "ClassView",
      "modelElement" : {
        "id" : "Ume3gH6AUAgIKgfJ",
        "type" : "Class"
      },
      "shape" : {
        "id" : "Ume3gH6AUAgIKgfI_shape",
        "type" : "Rectangle",
        "x" : 1396,
        "y" : 319,
        "width" : 83,
        "height" : 40
      }
    }, {
      "id" : "I6CfgH6AUAgIKgm_",
      "type" : "ClassView",
      "modelElement" : {
        "id" : "I6CfgH6AUAgIKgnA",
        "type" : "Class"
      },
      "shape" : {
        "id" : "I6CfgH6AUAgIKgm__shape",
        "type" : "Rectangle",
        "x" : 766,
        "y" : 536,
        "width" : 80,
        "height" : 40
      }
    }, {
      "id" : "pnl3gH6AUAgIKgft",
      "type" : "GeneralizationView",
      "modelElement" : {
        "id" : "6nl3gH6AUAgIKgfs",
        "type" : "Generalization"
      },
      "shape" : {
        "id" : "pnl3gH6AUAgIKgft_path",
        "type" : "Path",
        "points" : [ {
          "x" : 1274,
          "y" : 257
        }, {
          "x" : 1361,
          "y" : 257
        }, {
          "x" : 1361,
          "y" : 181
        }, {
          "x" : 1395,
          "y" : 181
        } ]
      },
      "source" : {
        "id" : "SrdngH6AUAgIKgX_",
        "type" : "ClassView"
      },
      "target" : {
        "id" : "8ym3gH6AUAgIKgey",
        "type" : "ClassView"
      }
    }, {
      "id" : "npNfgH6AUAgIKgpi",
      "type" : "RelationView",
      "modelElement" : {
        "id" : "lpNfgH6AUAgIKgpd",
        "type" : "Relation"
      },
      "shape" : {
        "id" : "npNfgH6AUAgIKgpi_path",
        "type" : "Path",
        "points" : [ {
          "x" : 692,
          "y" : 567
        }, {
          "x" : 765,
          "y" : 567
        } ]
      },
      "source" : {
        "id" : "OGmfgH6AUAgIKgoC",
        "type" : "ClassView"
      },
      "target" : {
        "id" : "I6CfgH6AUAgIKgm_",
        "type" : "ClassView"
      }
    }, {
      "id" : "EQFXgH6AUAgIKgcg",
      "type" : "RelationView",
      "modelElement" : {
        "id" : "7gFXgH6AUAgIKgcb",
        "type" : "Relation"
      },
      "shape" : {
        "id" : "EQFXgH6AUAgIKgcg_path",
        "type" : "Path",
        "points" : [ {
          "x" : 877,
          "y" : 271
        }, {
          "x" : 1005,
          "y" : 271
        } ]
      },
      "source" : {
        "id" : "jl1ngH6AUAgIKgXp",
        "type" : "ClassView"
      },
      "target" : {
        "id" : "gKtngH6AUAgIKgX0",
        "type" : "ClassView"
      }
    }, {
      "id" : "jl1ngH6AUAgIKgXp",
      "type" : "ClassView",
      "modelElement" : {
        "id" : "jl1ngH6AUAgIKgXq",
        "type" : "Class"
      },
      "shape" : {
        "id" : "jl1ngH6AUAgIKgXp_shape",
        "type" : "Rectangle",
        "x" : 796,
        "y" : 251,
        "width" : 80,
        "height" : 68
      }
    }, {
      "id" : "nuFngH6AUAgIKgXe",
      "type" : "ClassView",
      "modelElement" : {
        "id" : "nuFngH6AUAgIKgXf",
        "type" : "Class"
      },
      "shape" : {
        "id" : "nuFngH6AUAgIKgXe_shape",
        "type" : "Rectangle",
        "x" : 523,
        "y" : 251,
        "width" : 80,
        "height" : 40
      }
    }, {
      "id" : "KnZngH6AUAgIKgXT",
      "type" : "ClassView",
      "modelElement" : {
        "id" : "KnZngH6AUAgIKgXU",
        "type" : "Class"
      },
      "shape" : {
        "id" : "KnZngH6AUAgIKgXT_shape",
        "type" : "Rectangle",
        "x" : 156,
        "y" : 251,
        "width" : 80,
        "height" : 40
      }
    }, {
      "id" : "HB_PgH6AUAgIKgi.",
      "type" : "ClassView",
      "modelElement" : {
        "id" : "HB_PgH6AUAgIKgi_",
        "type" : "Class"
      },
      "shape" : {
        "id" : "HB_PgH6AUAgIKgi._shape",
        "type" : "Rectangle",
        "x" : 286,
        "y" : 353,
        "width" : 89,
        "height" : 40
      }
    }, {
      "id" : "AIHngH6AUAgIKga1",
      "type" : "GeneralizationView",
      "modelElement" : {
        "id" : "nwHngH6AUAgIKga0",
        "type" : "Generalization"
      },
      "shape" : {
        "id" : "AIHngH6AUAgIKga1_path",
        "type" : "Path",
        "points" : [ {
          "x" : 906,
          "y" : 114
        }, {
          "x" : 906,
          "y" : 188
        }, {
          "x" : 1253,
          "y" : 188
        }, {
          "x" : 1253,
          "y" : 250
        } ]
      },
      "source" : {
        "id" : "N1BngH6AUAgIKgXG",
        "type" : "ClassView"
      },
      "target" : {
        "id" : "SrdngH6AUAgIKgX_",
        "type" : "ClassView"
      }
    }, {
      "id" : "BRfPgH6AUAgIKgiz",
      "type" : "ClassView",
      "modelElement" : {
        "id" : "BRfPgH6AUAgIKgi0",
        "type" : "Class"
      },
      "shape" : {
        "id" : "BRfPgH6AUAgIKgiz_shape",
        "type" : "Rectangle",
        "x" : 192,
        "y" : 431,
        "width" : 80,
        "height" : 40
      }
    }, {
      "id" : "d60vgH6AUAgIKgkN",
      "type" : "GeneralizationView",
      "modelElement" : {
        "id" : "h60vgH6AUAgIKgkM",
        "type" : "Generalization"
      },
      "shape" : {
        "id" : "d60vgH6AUAgIKgkN_path",
        "type" : "Path",
        "points" : [ {
          "x" : 192,
          "y" : 292
        }, {
          "x" : 192,
          "y" : 329
        }, {
          "x" : 92,
          "y" : 329
        }, {
          "x" : 92,
          "y" : 751
        } ]
      },
      "source" : {
        "id" : "KnZngH6AUAgIKgXT",
        "type" : "ClassView"
      },
      "target" : {
        "id" : "Qb3PgH6AUAgIKgii",
        "type" : "ClassView"
      }
    }, {
      "id" : "UWbngH6AUAgIKgaX",
      "type" : "GeneralizationView",
      "modelElement" : {
        "id" : "wWbngH6AUAgIKgaW",
        "type" : "Generalization"
      },
      "shape" : {
        "id" : "UWbngH6AUAgIKgaX_path",
        "type" : "Path",
        "points" : [ {
          "x" : 906,
          "y" : 114
        }, {
          "x" : 906,
          "y" : 188
        }, {
          "x" : 563,
          "y" : 188
        }, {
          "x" : 563,
          "y" : 250
        } ]
      },
      "source" : {
        "id" : "N1BngH6AUAgIKgXG",
        "type" : "ClassView"
      },
      "target" : {
        "id" : "nuFngH6AUAgIKgXe",
        "type" : "ClassView"
      }
    }, {
      "id" : "eAr_gH6AUAgIKgq7",
      "type" : "GeneralizationView",
      "modelElement" : {
        "id" : "KAr_gH6AUAgIKgq6",
        "type" : "Generalization"
      },
      "shape" : {
        "id" : "eAr_gH6AUAgIKgq7_path",
        "type" : "Path",
        "points" : [ {
          "x" : 847,
          "y" : 556
        }, {
          "x" : 887,
          "y" : 556
        }, {
          "x" : 887,
          "y" : 500
        }, {
          "x" : 935,
          "y" : 500
        } ]
      },
      "source" : {
        "id" : "I6CfgH6AUAgIKgm_",
        "type" : "ClassView"
      },
      "target" : {
        "id" : "N_ifgH6AUAgIKgnK",
        "type" : "ClassView"
      }
    }, {
      "id" : "zPLPgH6AUAgIKgiF",
      "type" : "GeneralizationView",
      "modelElement" : {
        "id" : "FPLPgH6AUAgIKgiE",
        "type" : "Generalization"
      },
      "shape" : {
        "id" : "zPLPgH6AUAgIKgiF_path",
        "type" : "Path",
        "points" : [ {
          "x" : 561,
          "y" : 292
        }, {
          "x" : 561,
          "y" : 352
        } ]
      },
      "source" : {
        "id" : "nuFngH6AUAgIKgXe",
        "type" : "ClassView"
      },
      "target" : {
        "id" : "H2zPgH6AUAgIKghy",
        "type" : "ClassView"
      }
    }, {
      "id" : "T_SfgH6AUAgIKgnV",
      "type" : "ClassView",
      "modelElement" : {
        "id" : "T_SfgH6AUAgIKgnW",
        "type" : "Class"
      },
      "shape" : {
        "id" : "T_SfgH6AUAgIKgnV_shape",
        "type" : "Rectangle",
        "x" : 962,
        "y" : 595,
        "width" : 92,
        "height" : 40
      }
    }, {
      "id" : "N1BngH6AUAgIKgXG",
      "type" : "ClassView",
      "modelElement" : {
        "id" : "t1BngH6AUAgIKgXH",
        "type" : "Class"
      },
      "shape" : {
        "id" : "N1BngH6AUAgIKgXG_shape",
        "type" : "Rectangle",
        "x" : 866,
        "y" : 73,
        "width" : 80,
        "height" : 40
      }
    }, {
      "id" : "GQMvgH6AUAgIKgkW",
      "type" : "GeneralizationView",
      "modelElement" : {
        "id" : "cQMvgH6AUAgIKgkV",
        "type" : "Generalization"
      },
      "shape" : {
        "id" : "GQMvgH6AUAgIKgkW_path",
        "type" : "Path",
        "points" : [ {
          "x" : 192,
          "y" : 292
        }, {
          "x" : 192,
          "y" : 329
        }, {
          "x" : 232,
          "y" : 329
        }, {
          "x" : 232,
          "y" : 430
        } ]
      },
      "source" : {
        "id" : "KnZngH6AUAgIKgXT",
        "type" : "ClassView"
      },
      "target" : {
        "id" : "BRfPgH6AUAgIKgiz",
        "type" : "ClassView"
      }
    }, {
      "id" : "em9vgH6AUAgIKgln",
      "type" : "RelationView",
      "modelElement" : {
        "id" : "Em9vgH6AUAgIKgli",
        "type" : "Relation"
      },
      "shape" : {
        "id" : "em9vgH6AUAgIKgln_path",
        "type" : "Path",
        "points" : [ {
          "x" : 273,
          "y" : 451
        }, {
          "x" : 667,
          "y" : 451
        }, {
          "x" : 667,
          "y" : 311
        }, {
          "x" : 795,
          "y" : 311
        } ]
      },
      "source" : {
        "id" : "BRfPgH6AUAgIKgiz",
        "type" : "ClassView"
      },
      "target" : {
        "id" : "jl1ngH6AUAgIKgXp",
        "type" : "ClassView"
      }
    }, {
      "id" : "eQtfgH6AUAgIKgps",
      "type" : "RelationView",
      "modelElement" : {
        "id" : "iQtfgH6AUAgIKgpn",
        "type" : "Relation"
      },
      "shape" : {
        "id" : "eQtfgH6AUAgIKgps_path",
        "type" : "Path",
        "points" : [ {
          "x" : 808,
          "y" : 577
        }, {
          "x" : 808,
          "y" : 692
        } ]
      },
      "source" : {
        "id" : "I6CfgH6AUAgIKgm_",
        "type" : "ClassView"
      },
      "target" : {
        "id" : "SF2fgH6AUAgIKgoN",
        "type" : "ClassView"
      }
    }, {
      "id" : "N_ifgH6AUAgIKgnK",
      "type" : "ClassView",
      "modelElement" : {
        "id" : "N_ifgH6AUAgIKgnL",
        "type" : "Class"
      },
      "shape" : {
        "id" : "N_ifgH6AUAgIKgnK_shape",
        "type" : "Rectangle",
        "x" : 936,
        "y" : 480,
        "width" : 80,
        "height" : 40
      }
    }, {
      "id" : "VZZXgH6AUAgIKgcW",
      "type" : "RelationView",
      "modelElement" : {
        "id" : "6ZZXgH6AUAgIKgcR",
        "type" : "Relation"
      },
      "shape" : {
        "id" : "VZZXgH6AUAgIKgcW_path",
        "type" : "Path",
        "points" : [ {
          "x" : 604,
          "y" : 275
        }, {
          "x" : 795,
          "y" : 275
        } ]
      },
      "source" : {
        "id" : "nuFngH6AUAgIKgXe",
        "type" : "ClassView"
      },
      "target" : {
        "id" : "jl1ngH6AUAgIKgXp",
        "type" : "ClassView"
      }
    }, {
      "id" : "OGmfgH6AUAgIKgoC",
      "type" : "ClassView",
      "modelElement" : {
        "id" : "OGmfgH6AUAgIKgoD",
        "type" : "Class"
      },
      "shape" : {
        "id" : "OGmfgH6AUAgIKgoC_shape",
        "type" : "Rectangle",
        "x" : 607,
        "y" : 555,
        "width" : 84,
        "height" : 40
      }
    }, {
      "id" : "SrdngH6AUAgIKgX_",
      "type" : "ClassView",
      "modelElement" : {
        "id" : "yrdngH6AUAgIKgYA",
        "type" : "Class"
      },
      "shape" : {
        "id" : "SrdngH6AUAgIKgX__shape",
        "type" : "Rectangle",
        "x" : 1193,
        "y" : 251,
        "width" : 80,
        "height" : 68
      }
    }, {
      "id" : "JXFPgH6AUAgIKghC",
      "type" : "RelationView",
      "modelElement" : {
        "id" : "yXFPgH6AUAgIKgg9",
        "type" : "Relation"
      },
      "shape" : {
        "id" : "JXFPgH6AUAgIKghC_path",
        "type" : "Path",
        "points" : [ {
          "x" : 877,
          "y" : 311
        }, {
          "x" : 1192,
          "y" : 311
        } ]
      },
      "source" : {
        "id" : "jl1ngH6AUAgIKgXp",
        "type" : "ClassView"
      },
      "target" : {
        "id" : "SrdngH6AUAgIKgX_",
        "type" : "ClassView"
      }
    }, {
      "id" : "G.MvgH6AUAgIKgkg",
      "type" : "GeneralizationView",
      "modelElement" : {
        "id" : "c.MvgH6AUAgIKgkf",
        "type" : "Generalization"
      },
      "shape" : {
        "id" : "G.MvgH6AUAgIKgkg_path",
        "type" : "Path",
        "points" : [ {
          "x" : 192,
          "y" : 292
        }, {
          "x" : 192,
          "y" : 329
        }, {
          "x" : 330,
          "y" : 329
        }, {
          "x" : 330,
          "y" : 352
        } ]
      },
      "source" : {
        "id" : "KnZngH6AUAgIKgXT",
        "type" : "ClassView"
      },
      "target" : {
        "id" : "HB_PgH6AUAgIKgi.",
        "type" : "ClassView"
      }
    }, {
      "id" : "Qb3PgH6AUAgIKgii",
      "type" : "ClassView",
      "modelElement" : {
        "id" : "wb3PgH6AUAgIKgij",
        "type" : "Class"
      },
      "shape" : {
        "id" : "Qb3PgH6AUAgIKgii_shape",
        "type" : "Rectangle",
        "x" : 54,
        "y" : 752,
        "width" : 127,
        "height" : 40
      }
    }, {
      "id" : "O9.fgH6AUAgIKgov",
      "type" : "GeneralizationView",
      "modelElement" : {
        "id" : "I9.fgH6AUAgIKgou",
        "type" : "Generalization"
      },
      "shape" : {
        "id" : "O9.fgH6AUAgIKgov_path",
        "type" : "Path",
        "points" : [ {
          "x" : 556,
          "y" : 667
        }, {
          "x" : 581,
          "y" : 667
        }, {
          "x" : 581,
          "y" : 713
        }, {
          "x" : 765,
          "y" : 713
        } ]
      },
      "source" : {
        "id" : "3zafgH6AUAgIKgn1",
        "type" : "ClassView"
      },
      "target" : {
        "id" : "SF2fgH6AUAgIKgoN",
        "type" : "ClassView"
      }
    }, {
      "id" : "2ChAQH6AUAgIKgri",
      "type" : "RelationView",
      "modelElement" : {
        "id" : "MChAQH6AUAgIKgrd",
        "type" : "Relation"
      },
      "shape" : {
        "id" : "2ChAQH6AUAgIKgri_path",
        "type" : "Path",
        "points" : [ {
          "x" : 808,
          "y" : 320
        }, {
          "x" : 808,
          "y" : 535
        } ]
      },
      "source" : {
        "id" : "jl1ngH6AUAgIKgXp",
        "type" : "ClassView"
      },
      "target" : {
        "id" : "I6CfgH6AUAgIKgm_",
        "type" : "ClassView"
      }
    }, {
      "id" : "gKtngH6AUAgIKgX0",
      "type" : "ClassView",
      "modelElement" : {
        "id" : "gKtngH6AUAgIKgX1",
        "type" : "Class"
      },
      "shape" : {
        "id" : "gKtngH6AUAgIKgX0_shape",
        "type" : "Rectangle",
        "x" : 1006,
        "y" : 251,
        "width" : 80,
        "height" : 40
      }
    }, {
      "id" : "3zafgH6AUAgIKgn1",
      "type" : "ClassView",
      "modelElement" : {
        "id" : "3zafgH6AUAgIKgn2",
        "type" : "Class"
      },
      "shape" : {
        "id" : "3zafgH6AUAgIKgn1_shape",
        "type" : "Rectangle",
        "x" : 475,
        "y" : 647,
        "width" : 80,
        "height" : 40
      }
    }, {
      "id" : "0DV3gH6AUAgIKggB",
      "type" : "GeneralizationView",
      "modelElement" : {
        "id" : "_9V3gH6AUAgIKggA",
        "type" : "Generalization"
      },
      "shape" : {
        "id" : "0DV3gH6AUAgIKggB_path",
        "type" : "Path",
        "points" : [ {
          "x" : 1274,
          "y" : 257
        }, {
          "x" : 1361,
          "y" : 257
        }, {
          "x" : 1361,
          "y" : 339
        }, {
          "x" : 1395,
          "y" : 339
        } ]
      },
      "source" : {
        "id" : "SrdngH6AUAgIKgX_",
        "type" : "ClassView"
      },
      "target" : {
        "id" : "Ume3gH6AUAgIKgfI",
        "type" : "ClassView"
      }
    }, {
      "id" : "SMqvgH6AUAgIKgk8",
      "type" : "RelationView",
      "modelElement" : {
        "id" : "oMqvgH6AUAgIKgk3",
        "type" : "Relation"
      },
      "shape" : {
        "id" : "SMqvgH6AUAgIKgk8_path",
        "type" : "Path",
        "points" : [ {
          "x" : 376,
          "y" : 373
        }, {
          "x" : 522,
          "y" : 373
        } ]
      },
      "source" : {
        "id" : "HB_PgH6AUAgIKgi.",
        "type" : "ClassView"
      },
      "target" : {
        "id" : "H2zPgH6AUAgIKghy",
        "type" : "ClassView"
      }
    }, {
      "id" : "H2zPgH6AUAgIKghy",
      "type" : "ClassView",
      "modelElement" : {
        "id" : "H2zPgH6AUAgIKghz",
        "type" : "Class"
      },
      "shape" : {
        "id" : "H2zPgH6AUAgIKghy_shape",
        "type" : "Rectangle",
        "x" : 523,
        "y" : 353,
        "width" : 80,
        "height" : 40
      }
    }, {
      "id" : "PHAXgH6AUAgIKgba",
      "type" : "RelationView",
      "modelElement" : {
        "id" : "ZHAXgH6AUAgIKgbT",
        "type" : "Relation"
      },
      "shape" : {
        "id" : "PHAXgH6AUAgIKgba_path",
        "type" : "Path",
        "points" : [ {
          "x" : 701,
          "y" : 97
        }, {
          "x" : 865,
          "y" : 97
        } ]
      },
      "source" : {
        "id" : "a7.ngH6AUAgIKgW7",
        "type" : "ClassView"
      },
      "target" : {
        "id" : "N1BngH6AUAgIKgXG",
        "type" : "ClassView"
      }
    }, {
      "id" : "c1JAQH6AUAgIKgsA",
      "type" : "RelationView",
      "modelElement" : {
        "id" : "w1JAQH6AUAgIKgr7",
        "type" : "Relation"
      },
      "shape" : {
        "id" : "c1JAQH6AUAgIKgsA_path",
        "type" : "Path",
        "points" : [ {
          "x" : 964,
          "y" : 521
        }, {
          "x" : 964,
          "y" : 594
        } ]
      },
      "source" : {
        "id" : "N_ifgH6AUAgIKgnK",
        "type" : "ClassView"
      },
      "target" : {
        "id" : "T_SfgH6AUAgIKgnV",
        "type" : "ClassView"
      }
    }, {
      "id" : "zG.fgH6AUAgIKgol",
      "type" : "GeneralizationView",
      "modelElement" : {
        "id" : "5G.fgH6AUAgIKgok",
        "type" : "Generalization"
      },
      "shape" : {
        "id" : "zG.fgH6AUAgIKgol_path",
        "type" : "Path",
        "points" : [ {
          "x" : 556,
          "y" : 667
        }, {
          "x" : 581,
          "y" : 667
        }, {
          "x" : 581,
          "y" : 575
        }, {
          "x" : 606,
          "y" : 575
        } ]
      },
      "source" : {
        "id" : "3zafgH6AUAgIKgn1",
        "type" : "ClassView"
      },
      "target" : {
        "id" : "OGmfgH6AUAgIKgoC",
        "type" : "ClassView"
      }
    }, {
      "id" : "gjc3gH6AUAgIKgd8",
      "type" : "RelationView",
      "modelElement" : {
        "id" : "HDc3gH6AUAgIKgd3",
        "type" : "Relation"
      },
      "shape" : {
        "id" : "gjc3gH6AUAgIKgd8_path",
        "type" : "Path",
        "points" : [ {
          "x" : 1253,
          "y" : 320
        }, {
          "x" : 1253,
          "y" : 350
        }, {
          "x" : 1312,
          "y" : 350
        }, {
          "x" : 1312,
          "y" : 311
        }, {
          "x" : 1274,
          "y" : 311
        } ]
      },
      "source" : {
        "id" : "SrdngH6AUAgIKgX_",
        "type" : "ClassView"
      },
      "target" : {
        "id" : "SrdngH6AUAgIKgX_",
        "type" : "ClassView"
      }
    } ]
  } ]
}