{
  "id" : "wJIFsf6GAqAAbwWg",
  "name" : "stockBrokerModel",
  "description" : null,
  "type" : "Project",
  "model" : {
    "id" : "wJIFsf6GAqAAbwWg_root",
    "name" : "stockBrokerModel",
    "description" : null,
    "type" : "Package",
    "propertyAssignments" : null,
    "contents" : [ {
      "id" : "BUystf6GAqACCxTW",
      "name" : "Model",
      "description" : null,
      "type" : "Package",
      "propertyAssignments" : null,
      "contents" : [ {
        "id" : "Ws0Fsf6GAqAAbwmN",
        "name" : "Person",
        "description" : null,
        "type" : "Class",
        "propertyAssignments" : null,
        "stereotype" : "kind",
        "isAbstract" : false,
        "isDerived" : false,
        "properties" : null,
        "isExtensional" : null,
        "isPowertype" : null,
        "order" : null,
        "literals" : null,
        "restrictedTo" : [ "functional-complex" ]
      }, {
        "id" : "eYMFsf6GAqAAbwmY",
        "name" : "Stockholder Person",
        "description" : null,
        "type" : "Class",
        "propertyAssignments" : null,
        "stereotype" : "role",
        "isAbstract" : false,
        "isDerived" : false,
        "properties" : null,
        "isExtensional" : false,
        "isPowertype" : null,
        "order" : null,
        "literals" : null,
        "restrictedTo" : [ "functional-complex" ]
      }, {
        "id" : "h7sFsf6GAqAAbwmj",
        "name" : "StockholderOrganization",
        "description" : null,
        "type" : "Class",
        "propertyAssignments" : null,
        "stereotype" : "role",
        "isAbstract" : false,
        "isDerived" : false,
        "properties" : null,
        "isExtensional" : false,
        "isPowertype" : null,
        "order" : null,
        "literals" : null,
        "restrictedTo" : [ "functional-complex" ]
      }, {
        "id" : "hsCFsf6GAqAAbwmu",
        "name" : "StockHolder",
        "description" : null,
        "type" : "Class",
        "propertyAssignments" : null,
        "stereotype" : "roleMixin",
        "isAbstract" : true,
        "isDerived" : false,
        "properties" : null,
        "isExtensional" : false,
        "isPowertype" : null,
        "order" : null,
        "literals" : null,
        "restrictedTo" : [ "functional-complex" ]
      }, {
        "id" : "rgSFsf6GAqAAbwm5",
        "name" : "Contract",
        "description" : null,
        "type" : "Class",
        "propertyAssignments" : null,
        "stereotype" : "relator",
        "isAbstract" : false,
        "isDerived" : false,
        "properties" : null,
        "isExtensional" : null,
        "isPowertype" : null,
        "order" : null,
        "literals" : null,
        "restrictedTo" : [ "relator" ]
      }, {
        "id" : "jnSFsf6GAqAAbwnE",
        "name" : "Hired Brokerage",
        "description" : null,
        "type" : "Class",
        "propertyAssignments" : null,
        "stereotype" : "role",
        "isAbstract" : false,
        "isDerived" : false,
        "properties" : null,
        "isExtensional" : false,
        "isPowertype" : null,
        "order" : null,
        "literals" : null,
        "restrictedTo" : [ "functional-complex" ]
      }, {
        "id" : "GmKFsf6GAqAAbwnP",
        "name" : "Organization",
        "description" : null,
        "type" : "Class",
        "propertyAssignments" : null,
        "stereotype" : "kind",
        "isAbstract" : false,
        "isDerived" : false,
        "properties" : null,
        "isExtensional" : null,
        "isPowertype" : null,
        "order" : null,
        "literals" : null,
        "restrictedTo" : [ "functional-complex" ]
      }, {
        "id" : "OfpFsf6GAqAAbwnc",
        "name" : "Brokerage",
        "description" : null,
        "type" : "Class",
        "propertyAssignments" : null,
        "stereotype" : "subkind",
        "isAbstract" : false,
        "isDerived" : false,
        "properties" : null,
        "isExtensional" : false,
        "isPowertype" : null,
        "order" : null,
        "literals" : null,
        "restrictedTo" : [ "functional-complex" ]
      }, {
        "id" : "bu5Fsf6GAqAAbwnn",
        "name" : "Stock Exchange",
        "description" : null,
        "type" : "Class",
        "propertyAssignments" : null,
        "stereotype" : "subkind",
        "isAbstract" : false,
        "isDerived" : false,
        "properties" : null,
        "isExtensional" : false,
        "isPowertype" : null,
        "order" : null,
        "literals" : null,
        "restrictedTo" : [ "functional-complex" ]
      }, {
        "id" : "iyVFsf6GAqAAbwn0",
        "name" : "Buyer",
        "description" : null,
        "type" : "Class",
        "propertyAssignments" : null,
        "stereotype" : "role",
        "isAbstract" : false,
        "isDerived" : false,
        "properties" : null,
        "isExtensional" : false,
        "isPowertype" : null,
        "order" : null,
        "literals" : null,
        "restrictedTo" : [ "functional-complex" ]
      }, {
        "id" : "to1Fsf6GAqAAbwn_",
        "name" : "Seller",
        "description" : null,
        "type" : "Class",
        "propertyAssignments" : null,
        "stereotype" : "role",
        "isAbstract" : false,
        "isDerived" : false,
        "properties" : null,
        "isExtensional" : false,
        "isPowertype" : null,
        "order" : null,
        "literals" : null,
        "restrictedTo" : [ "functional-complex" ]
      }, {
        "id" : "bb1Fsf6GAqAAbwoK",
        "name" : "Stock",
        "description" : null,
        "type" : "Class",
        "propertyAssignments" : null,
        "stereotype" : "relator",
        "isAbstract" : false,
        "isDerived" : false,
        "properties" : null,
        "isExtensional" : null,
        "isPowertype" : null,
        "order" : null,
        "literals" : null,
        "restrictedTo" : [ "relator" ]
      }, {
        "id" : "Z.tFsf6GAqAAbwoV",
        "name" : "Public Traded Company",
        "description" : null,
        "type" : "Class",
        "propertyAssignments" : null,
        "stereotype" : "role",
        "isAbstract" : false,
        "isDerived" : false,
        "properties" : null,
        "isExtensional" : false,
        "isPowertype" : null,
        "order" : null,
        "literals" : null,
        "restrictedTo" : [ "functional-complex" ]
      }, {
        "id" : "G99Fsf6GAqAAbwog",
        "name" : "Stock Keeper",
        "description" : null,
        "type" : "Class",
        "propertyAssignments" : null,
        "stereotype" : "role",
        "isAbstract" : false,
        "isDerived" : false,
        "properties" : null,
        "isExtensional" : false,
        "isPowertype" : null,
        "order" : null,
        "literals" : null,
        "restrictedTo" : [ "functional-complex" ]
      }, {
        "id" : "w1olsf6GAqAAbwqZ",
        "name" : null,
        "description" : null,
        "type" : "Generalization",
        "propertyAssignments" : null,
        "general" : {
          "id" : "GmKFsf6GAqAAbwnP",
          "type" : "Class"
        },
        "specific" : {
          "id" : "h7sFsf6GAqAAbwmj",
          "type" : "Class"
        }
      }, {
        "id" : "lcYlsf6GAqAAbwqf",
        "name" : null,
        "description" : null,
        "type" : "Generalization",
        "propertyAssignments" : null,
        "general" : {
          "id" : "Ws0Fsf6GAqAAbwmN",
          "type" : "Class"
        },
        "specific" : {
          "id" : "eYMFsf6GAqAAbwmY",
          "type" : "Class"
        }
      }, {
        "id" : "cjYlsf6GAqAAbwql",
        "name" : null,
        "description" : null,
        "type" : "Generalization",
        "propertyAssignments" : null,
        "general" : {
          "id" : "hsCFsf6GAqAAbwmu",
          "type" : "Class"
        },
        "specific" : {
          "id" : "eYMFsf6GAqAAbwmY",
          "type" : "Class"
        }
      }, {
        "id" : "V44lsf6GAqAAbwqr",
        "name" : null,
        "description" : null,
        "type" : "Generalization",
        "propertyAssignments" : null,
        "general" : {
          "id" : "hsCFsf6GAqAAbwmu",
          "type" : "Class"
        },
        "specific" : {
          "id" : "h7sFsf6GAqAAbwmj",
          "type" : "Class"
        }
      }, {
        "id" : "5l4lsf6GAqAAbwqx",
        "name" : null,
        "description" : null,
        "type" : "Generalization",
        "propertyAssignments" : null,
        "general" : {
          "id" : "GmKFsf6GAqAAbwnP",
          "type" : "Class"
        },
        "specific" : {
          "id" : "OfpFsf6GAqAAbwnc",
          "type" : "Class"
        }
      }, {
        "id" : "mgElsf6GAqAAbwq3",
        "name" : null,
        "description" : null,
        "type" : "Generalization",
        "propertyAssignments" : null,
        "general" : {
          "id" : "GmKFsf6GAqAAbwnP",
          "type" : "Class"
        },
        "specific" : {
          "id" : "Z.tFsf6GAqAAbwoV",
          "type" : "Class"
        }
      }, {
        "id" : "saElsf6GAqAAbwq9",
        "name" : null,
        "description" : null,
        "type" : "Generalization",
        "propertyAssignments" : null,
        "general" : {
          "id" : "GmKFsf6GAqAAbwnP",
          "type" : "Class"
        },
        "specific" : {
          "id" : "bu5Fsf6GAqAAbwnn",
          "type" : "Class"
        }
      }, {
        "id" : "04klsf6GAqAAbwrD",
        "name" : null,
        "description" : null,
        "type" : "Generalization",
        "propertyAssignments" : null,
        "general" : {
          "id" : "OfpFsf6GAqAAbwnc",
          "type" : "Class"
        },
        "specific" : {
          "id" : "iyVFsf6GAqAAbwn0",
          "type" : "Class"
        }
      }, {
        "id" : "_uklsf6GAqAAbwrJ",
        "name" : null,
        "description" : null,
        "type" : "Generalization",
        "propertyAssignments" : null,
        "general" : {
          "id" : "OfpFsf6GAqAAbwnc",
          "type" : "Class"
        },
        "specific" : {
          "id" : "to1Fsf6GAqAAbwn_",
          "type" : "Class"
        }
      }, {
        "id" : "wkUlsf6GAqAAbwrP",
        "name" : null,
        "description" : null,
        "type" : "Generalization",
        "propertyAssignments" : null,
        "general" : {
          "id" : "bu5Fsf6GAqAAbwnn",
          "type" : "Class"
        },
        "specific" : {
          "id" : "G99Fsf6GAqAAbwog",
          "type" : "Class"
        }
      }, {
        "id" : "5r0lsf6GAqAAbwrV",
        "name" : null,
        "description" : null,
        "type" : "Generalization",
        "propertyAssignments" : null,
        "general" : {
          "id" : "OfpFsf6GAqAAbwnc",
          "type" : "Class"
        },
        "specific" : {
          "id" : "jnSFsf6GAqAAbwnE",
          "type" : "Class"
        }
      }, {
        "id" : "tJClsf6GAqAAbwrg",
        "name" : "",
        "description" : null,
        "type" : "GeneralizationSet",
        "propertyAssignments" : null,
        "isDisjoint" : true,
        "isComplete" : false,
        "categorizer" : null,
        "generalizations" : [ {
          "id" : "_uklsf6GAqAAbwrJ",
          "type" : "Generalization"
        }, {
          "id" : "04klsf6GAqAAbwrD",
          "type" : "Generalization"
        } ]
      }, {
        "id" : "2TGlsf6GAqAAbwsS",
        "name" : "",
        "description" : null,
        "type" : "GeneralizationSet",
        "propertyAssignments" : null,
        "isDisjoint" : true,
        "isComplete" : false,
        "categorizer" : null,
        "generalizations" : [ {
          "id" : "mgElsf6GAqAAbwq3",
          "type" : "Generalization"
        }, {
          "id" : "5l4lsf6GAqAAbwqx",
          "type" : "Generalization"
        }, {
          "id" : "saElsf6GAqAAbwq9",
          "type" : "Generalization"
        } ]
      }, {
        "id" : "trBlsf6GAqAAbws6",
        "name" : "",
        "description" : null,
        "type" : "GeneralizationSet",
        "propertyAssignments" : null,
        "isDisjoint" : true,
        "isComplete" : false,
        "categorizer" : null,
        "generalizations" : [ {
          "id" : "V44lsf6GAqAAbwqr",
          "type" : "Generalization"
        }, {
          "id" : "cjYlsf6GAqAAbwql",
          "type" : "Generalization"
        } ]
      }, {
        "id" : "67dlsf6GAqAAbwuQ",
        "name" : null,
        "description" : null,
        "type" : "Relation",
        "propertyAssignments" : null,
        "stereotype" : "mediation",
        "isAbstract" : false,
        "isDerived" : false,
        "properties" : [ {
          "id" : "m7dlsf6GAqAAbwuS",
          "name" : null,
          "description" : null,
          "type" : "Property",
          "propertyAssignments" : null,
          "stereotype" : null,
          "isDerived" : false,
          "isReadOnly" : false,
          "isOrdered" : false,
          "cardinality" : "1",
          "propertyType" : {
            "id" : "rgSFsf6GAqAAbwm5",
            "type" : "Class"
          },
          "subsettedProperties" : null,
          "redefinedProperties" : null,
          "aggregationKind" : "NONE"
        }, {
          "id" : "W7dlsf6GAqAAbwuV",
          "name" : null,
          "description" : null,
          "type" : "Property",
          "propertyAssignments" : null,
          "stereotype" : null,
          "isDerived" : false,
          "isReadOnly" : true,
          "isOrdered" : false,
          "cardinality" : "1",
          "propertyType" : {
            "id" : "hsCFsf6GAqAAbwmu",
            "type" : "Class"
          },
          "subsettedProperties" : null,
          "redefinedProperties" : null,
          "aggregationKind" : "NONE"
        } ]
      }, {
        "id" : "l59lsf6GAqAAbwuc",
        "name" : null,
        "description" : null,
        "type" : "Relation",
        "propertyAssignments" : null,
        "stereotype" : "mediation",
        "isAbstract" : false,
        "isDerived" : false,
        "properties" : [ {
          "id" : "l59lsf6GAqAAbwud",
          "name" : null,
          "description" : null,
          "type" : "Property",
          "propertyAssignments" : null,
          "stereotype" : null,
          "isDerived" : false,
          "isReadOnly" : false,
          "isOrdered" : false,
          "cardinality" : "1",
          "propertyType" : {
            "id" : "rgSFsf6GAqAAbwm5",
            "type" : "Class"
          },
          "subsettedProperties" : null,
          "redefinedProperties" : null,
          "aggregationKind" : "NONE"
        }, {
          "id" : "l59lsf6GAqAAbwuf",
          "name" : null,
          "description" : null,
          "type" : "Property",
          "propertyAssignments" : null,
          "stereotype" : null,
          "isDerived" : false,
          "isReadOnly" : true,
          "isOrdered" : false,
          "cardinality" : "1",
          "propertyType" : {
            "id" : "jnSFsf6GAqAAbwnE",
            "type" : "Class"
          },
          "subsettedProperties" : null,
          "redefinedProperties" : null,
          "aggregationKind" : "NONE"
        } ]
      }, {
        "id" : "083lsf6GAqAAbwvp",
        "name" : null,
        "description" : null,
        "type" : "Relation",
        "propertyAssignments" : null,
        "stereotype" : "mediation",
        "isAbstract" : false,
        "isDerived" : false,
        "properties" : [ {
          "id" : "083lsf6GAqAAbwvq",
          "name" : null,
          "description" : null,
          "type" : "Property",
          "propertyAssignments" : null,
          "stereotype" : null,
          "isDerived" : false,
          "isReadOnly" : false,
          "isOrdered" : false,
          "cardinality" : "1",
          "propertyType" : {
            "id" : "bb1Fsf6GAqAAbwoK",
            "type" : "Class"
          },
          "subsettedProperties" : null,
          "redefinedProperties" : null,
          "aggregationKind" : "NONE"
        }, {
          "id" : "083lsf6GAqAAbwvs",
          "name" : null,
          "description" : null,
          "type" : "Property",
          "propertyAssignments" : null,
          "stereotype" : null,
          "isDerived" : false,
          "isReadOnly" : true,
          "isOrdered" : false,
          "cardinality" : "1",
          "propertyType" : {
            "id" : "iyVFsf6GAqAAbwn0",
            "type" : "Class"
          },
          "subsettedProperties" : null,
          "redefinedProperties" : null,
          "aggregationKind" : "NONE"
        } ]
      }, {
        "id" : "6RPlsf6GAqAAbwvz",
        "name" : null,
        "description" : null,
        "type" : "Relation",
        "propertyAssignments" : null,
        "stereotype" : "mediation",
        "isAbstract" : false,
        "isDerived" : false,
        "properties" : [ {
          "id" : "6RPlsf6GAqAAbwv0",
          "name" : null,
          "description" : null,
          "type" : "Property",
          "propertyAssignments" : null,
          "stereotype" : null,
          "isDerived" : false,
          "isReadOnly" : false,
          "isOrdered" : false,
          "cardinality" : "1",
          "propertyType" : {
            "id" : "bb1Fsf6GAqAAbwoK",
            "type" : "Class"
          },
          "subsettedProperties" : null,
          "redefinedProperties" : null,
          "aggregationKind" : "NONE"
        }, {
          "id" : "6RPlsf6GAqAAbwv2",
          "name" : null,
          "description" : null,
          "type" : "Property",
          "propertyAssignments" : null,
          "stereotype" : null,
          "isDerived" : false,
          "isReadOnly" : true,
          "isOrdered" : false,
          "cardinality" : "1",
          "propertyType" : {
            "id" : "to1Fsf6GAqAAbwn_",
            "type" : "Class"
          },
          "subsettedProperties" : null,
          "redefinedProperties" : null,
          "aggregationKind" : "NONE"
        } ]
      }, {
        "id" : "hvPlsf6GAqAAbwv9",
        "name" : null,
        "description" : null,
        "type" : "Relation",
        "propertyAssignments" : null,
        "stereotype" : "mediation",
        "isAbstract" : false,
        "isDerived" : false,
        "properties" : [ {
          "id" : "hvPlsf6GAqAAbwv.",
          "name" : null,
          "description" : null,
          "type" : "Property",
          "propertyAssignments" : null,
          "stereotype" : null,
          "isDerived" : false,
          "isReadOnly" : false,
          "isOrdered" : false,
          "cardinality" : "1",
          "propertyType" : {
            "id" : "bb1Fsf6GAqAAbwoK",
            "type" : "Class"
          },
          "subsettedProperties" : null,
          "redefinedProperties" : null,
          "aggregationKind" : "NONE"
        }, {
          "id" : "hvPlsf6GAqAAbwwA",
          "name" : null,
          "description" : null,
          "type" : "Property",
          "propertyAssignments" : null,
          "stereotype" : null,
          "isDerived" : false,
          "isReadOnly" : true,
          "isOrdered" : false,
          "cardinality" : "1",
          "propertyType" : {
            "id" : "Z.tFsf6GAqAAbwoV",
            "type" : "Class"
          },
          "subsettedProperties" : null,
          "redefinedProperties" : null,
          "aggregationKind" : "NONE"
        } ]
      }, {
        "id" : "OKvlsf6GAqAAbwwH",
        "name" : null,
        "description" : null,
        "type" : "Relation",
        "propertyAssignments" : null,
        "stereotype" : "mediation",
        "isAbstract" : false,
        "isDerived" : false,
        "properties" : [ {
          "id" : "OKvlsf6GAqAAbwwI",
          "name" : null,
          "description" : null,
          "type" : "Property",
          "propertyAssignments" : null,
          "stereotype" : null,
          "isDerived" : false,
          "isReadOnly" : false,
          "isOrdered" : false,
          "cardinality" : "1",
          "propertyType" : {
            "id" : "bb1Fsf6GAqAAbwoK",
            "type" : "Class"
          },
          "subsettedProperties" : null,
          "redefinedProperties" : null,
          "aggregationKind" : "NONE"
        }, {
          "id" : "OKvlsf6GAqAAbwwK",
          "name" : null,
          "description" : null,
          "type" : "Property",
          "propertyAssignments" : null,
          "stereotype" : null,
          "isDerived" : false,
          "isReadOnly" : true,
          "isOrdered" : false,
          "cardinality" : "1",
          "propertyType" : {
            "id" : "G99Fsf6GAqAAbwog",
            "type" : "Class"
          },
          "subsettedProperties" : null,
          "redefinedProperties" : null,
          "aggregationKind" : "NONE"
        } ]
      } ]
    } ]
  },
  "diagrams" : [ {
    "id" : "cr4Fsf6GAqAAbwl7",
    "name" : "Brokerage",
    "description" : null,
    "type" : "Diagram",
    "owner" : {
      "id" : "BUystf6GAqACCxTW",
      "type" : "Package"
    },
    "contents" : [ {
      "id" : "rgSFsf6GAqAAbwm4",
      "type" : "ClassView",
      "modelElement" : {
        "id" : "rgSFsf6GAqAAbwm5",
        "type" : "Class"
      },
      "shape" : {
        "id" : "rgSFsf6GAqAAbwm4_shape",
        "type" : "Rectangle",
        "x" : 379,
        "y" : 443,
        "width" : 81,
        "height" : 40
      }
    }, {
      "id" : "uYMFsf6GAqAAbwmX",
      "type" : "ClassView",
      "modelElement" : {
        "id" : "eYMFsf6GAqAAbwmY",
        "type" : "Class"
      },
      "shape" : {
        "id" : "uYMFsf6GAqAAbwmX_shape",
        "type" : "Rectangle",
        "x" : 150,
        "y" : 139,
        "width" : 120,
        "height" : 40
      }
    }, {
      "id" : "bb1Fsf6GAqAAbwoJ",
      "type" : "ClassView",
      "modelElement" : {
        "id" : "bb1Fsf6GAqAAbwoK",
        "type" : "Class"
      },
      "shape" : {
        "id" : "bb1Fsf6GAqAAbwoJ_shape",
        "type" : "Rectangle",
        "x" : 960,
        "y" : 631,
        "width" : 81,
        "height" : 40
      }
    }, {
      "id" : "h7sFsf6GAqAAbwmi",
      "type" : "ClassView",
      "modelElement" : {
        "id" : "h7sFsf6GAqAAbwmj",
        "type" : "Class"
      },
      "shape" : {
        "id" : "h7sFsf6GAqAAbwmi_shape",
        "type" : "Rectangle",
        "x" : 331,
        "y" : 139,
        "width" : 151,
        "height" : 40
      }
    }, {
      "id" : "41olsf6GAqAAbwqa",
      "type" : "GeneralizationView",
      "modelElement" : {
        "id" : "w1olsf6GAqAAbwqZ",
        "type" : "Generalization"
      },
      "shape" : {
        "id" : "41olsf6GAqAAbwqa_path",
        "type" : "Path",
        "points" : [ {
          "x" : 904,
          "y" : 160
        }, {
          "x" : 483,
          "y" : 160
        } ]
      },
      "source" : {
        "id" : "GmKFsf6GAqAAbwnO",
        "type" : "ClassView"
      },
      "target" : {
        "id" : "h7sFsf6GAqAAbwmi",
        "type" : "ClassView"
      }
    }, {
      "id" : "G99Fsf6GAqAAbwof",
      "type" : "ClassView",
      "modelElement" : {
        "id" : "G99Fsf6GAqAAbwog",
        "type" : "Class"
      },
      "shape" : {
        "id" : "G99Fsf6GAqAAbwof_shape",
        "type" : "Rectangle",
        "x" : 1197,
        "y" : 473,
        "width" : 84,
        "height" : 40
      }
    }, {
      "id" : "bu5Fsf6GAqAAbwnm",
      "type" : "ClassView",
      "modelElement" : {
        "id" : "bu5Fsf6GAqAAbwnn",
        "type" : "Class"
      },
      "shape" : {
        "id" : "bu5Fsf6GAqAAbwnm_shape",
        "type" : "Rectangle",
        "x" : 1183,
        "y" : 335,
        "width" : 98,
        "height" : 40
      }
    }, {
      "id" : "EkUlsf6GAqAAbwrQ",
      "type" : "GeneralizationView",
      "modelElement" : {
        "id" : "wkUlsf6GAqAAbwrP",
        "type" : "Generalization"
      },
      "shape" : {
        "id" : "EkUlsf6GAqAAbwrQ_path",
        "type" : "Path",
        "points" : [ {
          "x" : 1232,
          "y" : 376
        }, {
          "x" : 1232,
          "y" : 472
        } ]
      },
      "source" : {
        "id" : "bu5Fsf6GAqAAbwnm",
        "type" : "ClassView"
      },
      "target" : {
        "id" : "G99Fsf6GAqAAbwof",
        "type" : "ClassView"
      }
    }, {
      "id" : "nrBlsf6GAqAAbws8",
      "type" : "GeneralizationSetView",
      "modelElement" : {
        "id" : "trBlsf6GAqAAbws6",
        "type" : "GeneralizationSet"
      },
      "shape" : {
        "id" : "nrBlsf6GAqAAbws8_shape",
        "type" : "Text",
        "x" : 284,
        "y" : 267,
        "width" : 80,
        "height" : 28,
        "value" : ""
      }
    }, {
      "id" : "ZTGlsf6GAqAAbwsU",
      "type" : "GeneralizationSetView",
      "modelElement" : {
        "id" : "2TGlsf6GAqAAbwsS",
        "type" : "GeneralizationSet"
      },
      "shape" : {
        "id" : "ZTGlsf6GAqAAbwsU_shape",
        "type" : "Text",
        "x" : 958,
        "y" : 187,
        "width" : 80,
        "height" : 42,
        "value" : ""
      }
    }, {
      "id" : "ORPlsf6GAqAAbwv4",
      "type" : "RelationView",
      "modelElement" : {
        "id" : "6RPlsf6GAqAAbwvz",
        "type" : "Relation"
      },
      "shape" : {
        "id" : "ORPlsf6GAqAAbwv4_path",
        "type" : "Path",
        "points" : [ {
          "x" : 959,
          "y" : 638
        }, {
          "x" : 892,
          "y" : 638
        }, {
          "x" : 892,
          "y" : 514
        } ]
      },
      "source" : {
        "id" : "bb1Fsf6GAqAAbwoJ",
        "type" : "ClassView"
      },
      "target" : {
        "id" : "to1Fsf6GAqAAbwn.",
        "type" : "ClassView"
      }
    }, {
      "id" : "hsCFsf6GAqAAbwmt",
      "type" : "ClassView",
      "modelElement" : {
        "id" : "hsCFsf6GAqAAbwmu",
        "type" : "Class"
      },
      "shape" : {
        "id" : "hsCFsf6GAqAAbwmt_shape",
        "type" : "Rectangle",
        "x" : 236,
        "y" : 333,
        "width" : 95,
        "height" : 40
      }
    }, {
      "id" : "HJClsf6GAqAAbwri",
      "type" : "GeneralizationSetView",
      "modelElement" : {
        "id" : "tJClsf6GAqAAbwrg",
        "type" : "GeneralizationSet"
      },
      "shape" : {
        "id" : "HJClsf6GAqAAbwri_shape",
        "type" : "Text",
        "x" : 822,
        "y" : 375,
        "width" : 80,
        "height" : 42,
        "value" : ""
      }
    }, {
      "id" : "6s0Fsf6GAqAAbwmM",
      "type" : "ClassView",
      "modelElement" : {
        "id" : "Ws0Fsf6GAqAAbwmN",
        "type" : "Class"
      },
      "shape" : {
        "id" : "6s0Fsf6GAqAAbwmM_shape",
        "type" : "Rectangle",
        "x" : 170,
        "y" : 63,
        "width" : 80,
        "height" : 40
      }
    }, {
      "id" : "Nr0lsf6GAqAAbwrW",
      "type" : "GeneralizationView",
      "modelElement" : {
        "id" : "5r0lsf6GAqAAbwrV",
        "type" : "Generalization"
      },
      "shape" : {
        "id" : "Nr0lsf6GAqAAbwrW_path",
        "type" : "Path",
        "points" : [ {
          "x" : 753,
          "y" : 351
        }, {
          "x" : 645,
          "y" : 351
        } ]
      },
      "source" : {
        "id" : "OfpFsf6GAqAAbwnb",
        "type" : "ClassView"
      },
      "target" : {
        "id" : "jnSFsf6GAqAAbwnD",
        "type" : "ClassView"
      }
    }, {
      "id" : "to1Fsf6GAqAAbwn.",
      "type" : "ClassView",
      "modelElement" : {
        "id" : "to1Fsf6GAqAAbwn_",
        "type" : "Class"
      },
      "shape" : {
        "id" : "to1Fsf6GAqAAbwn._shape",
        "type" : "Rectangle",
        "x" : 852,
        "y" : 473,
        "width" : 80,
        "height" : 40
      }
    }, {
      "id" : "GmKFsf6GAqAAbwnO",
      "type" : "ClassView",
      "modelElement" : {
        "id" : "GmKFsf6GAqAAbwnP",
        "type" : "Class"
      },
      "shape" : {
        "id" : "GmKFsf6GAqAAbwnO_shape",
        "type" : "Rectangle",
        "x" : 905,
        "y" : 139,
        "width" : 84,
        "height" : 40
      }
    }, {
      "id" : "5vPlsf6GAqAAbwwC",
      "type" : "RelationView",
      "modelElement" : {
        "id" : "hvPlsf6GAqAAbwv9",
        "type" : "Relation"
      },
      "shape" : {
        "id" : "5vPlsf6GAqAAbwwC_path",
        "type" : "Path",
        "points" : [ {
          "x" : 1042,
          "y" : 638
        }, {
          "x" : 1080,
          "y" : 638
        }, {
          "x" : 1080,
          "y" : 514
        } ]
      },
      "source" : {
        "id" : "bb1Fsf6GAqAAbwoJ",
        "type" : "ClassView"
      },
      "target" : {
        "id" : "Z.tFsf6GAqAAbwoU",
        "type" : "ClassView"
      }
    }, {
      "id" : "944lsf6GAqAAbwqs",
      "type" : "GeneralizationView",
      "modelElement" : {
        "id" : "V44lsf6GAqAAbwqr",
        "type" : "Generalization"
      },
      "shape" : {
        "id" : "944lsf6GAqAAbwqs_path",
        "type" : "Path",
        "points" : [ {
          "x" : 271,
          "y" : 332
        }, {
          "x" : 271,
          "y" : 247
        }, {
          "x" : 398,
          "y" : 247
        }, {
          "x" : 398,
          "y" : 180
        } ]
      },
      "source" : {
        "id" : "hsCFsf6GAqAAbwmt",
        "type" : "ClassView"
      },
      "target" : {
        "id" : "h7sFsf6GAqAAbwmi",
        "type" : "ClassView"
      }
    }, {
      "id" : "iyVFsf6GAqAAbwnz",
      "type" : "ClassView",
      "modelElement" : {
        "id" : "iyVFsf6GAqAAbwn0",
        "type" : "Class"
      },
      "shape" : {
        "id" : "iyVFsf6GAqAAbwnz_shape",
        "type" : "Rectangle",
        "x" : 688,
        "y" : 470,
        "width" : 80,
        "height" : 40
      }
    }, {
      "id" : "xKvlsf6GAqAAbwwM",
      "type" : "RelationView",
      "modelElement" : {
        "id" : "OKvlsf6GAqAAbwwH",
        "type" : "Relation"
      },
      "shape" : {
        "id" : "xKvlsf6GAqAAbwwM_path",
        "type" : "Path",
        "points" : [ {
          "x" : 1042,
          "y" : 663
        }, {
          "x" : 1239,
          "y" : 663
        }, {
          "x" : 1239,
          "y" : 514
        } ]
      },
      "source" : {
        "id" : "bb1Fsf6GAqAAbwoJ",
        "type" : "ClassView"
      },
      "target" : {
        "id" : "G99Fsf6GAqAAbwof",
        "type" : "ClassView"
      }
    }, {
      "id" : "Z.tFsf6GAqAAbwoU",
      "type" : "ClassView",
      "modelElement" : {
        "id" : "Z.tFsf6GAqAAbwoV",
        "type" : "Class"
      },
      "shape" : {
        "id" : "Z.tFsf6GAqAAbwoU_shape",
        "type" : "Rectangle",
        "x" : 1008,
        "y" : 473,
        "width" : 145,
        "height" : 40
      }
    }, {
      "id" : "SaElsf6GAqAAbwq.",
      "type" : "GeneralizationView",
      "modelElement" : {
        "id" : "saElsf6GAqAAbwq9",
        "type" : "Generalization"
      },
      "shape" : {
        "id" : "SaElsf6GAqAAbwq._path",
        "type" : "Path",
        "points" : [ {
          "x" : 945,
          "y" : 180
        }, {
          "x" : 945,
          "y" : 225
        }, {
          "x" : 1232,
          "y" : 225
        }, {
          "x" : 1232,
          "y" : 334
        } ]
      },
      "source" : {
        "id" : "GmKFsf6GAqAAbwnO",
        "type" : "ClassView"
      },
      "target" : {
        "id" : "bu5Fsf6GAqAAbwnm",
        "type" : "ClassView"
      }
    }, {
      "id" : "5LDlsf6GAqAAbwuw",
      "type" : "RelationView",
      "modelElement" : {
        "id" : "l59lsf6GAqAAbwuc",
        "type" : "Relation"
      },
      "shape" : {
        "id" : "5LDlsf6GAqAAbwuw_path",
        "type" : "Path",
        "points" : [ {
          "x" : 461,
          "y" : 463
        }, {
          "x" : 595,
          "y" : 463
        }, {
          "x" : 595,
          "y" : 374
        } ]
      },
      "source" : {
        "id" : "rgSFsf6GAqAAbwm4",
        "type" : "ClassView"
      },
      "target" : {
        "id" : "jnSFsf6GAqAAbwnD",
        "type" : "ClassView"
      }
    }, {
      "id" : "OfpFsf6GAqAAbwnb",
      "type" : "ClassView",
      "modelElement" : {
        "id" : "OfpFsf6GAqAAbwnc",
        "type" : "Class"
      },
      "shape" : {
        "id" : "OfpFsf6GAqAAbwnb_shape",
        "type" : "Rectangle",
        "x" : 754,
        "y" : 335,
        "width" : 88,
        "height" : 40
      }
    }, {
      "id" : "jnSFsf6GAqAAbwnD",
      "type" : "ClassView",
      "modelElement" : {
        "id" : "jnSFsf6GAqAAbwnE",
        "type" : "Class"
      },
      "shape" : {
        "id" : "jnSFsf6GAqAAbwnD_shape",
        "type" : "Rectangle",
        "x" : 541,
        "y" : 333,
        "width" : 103,
        "height" : 40
      }
    }, {
      "id" : "NcYlsf6GAqAAbwqg",
      "type" : "GeneralizationView",
      "modelElement" : {
        "id" : "lcYlsf6GAqAAbwqf",
        "type" : "Generalization"
      },
      "shape" : {
        "id" : "NcYlsf6GAqAAbwqg_path",
        "type" : "Path",
        "points" : [ {
          "x" : 210,
          "y" : 104
        }, {
          "x" : 210,
          "y" : 138
        } ]
      },
      "source" : {
        "id" : "6s0Fsf6GAqAAbwmM",
        "type" : "ClassView"
      },
      "target" : {
        "id" : "uYMFsf6GAqAAbwmX",
        "type" : "ClassView"
      }
    }, {
      "id" : "CjYlsf6GAqAAbwqm",
      "type" : "GeneralizationView",
      "modelElement" : {
        "id" : "cjYlsf6GAqAAbwql",
        "type" : "Generalization"
      },
      "shape" : {
        "id" : "CjYlsf6GAqAAbwqm_path",
        "type" : "Path",
        "points" : [ {
          "x" : 271,
          "y" : 332
        }, {
          "x" : 271,
          "y" : 247
        }, {
          "x" : 210,
          "y" : 247
        }, {
          "x" : 210,
          "y" : 180
        } ]
      },
      "source" : {
        "id" : "hsCFsf6GAqAAbwmt",
        "type" : "ClassView"
      },
      "target" : {
        "id" : "uYMFsf6GAqAAbwmX",
        "type" : "ClassView"
      }
    }, {
      "id" : "OgElsf6GAqAAbwq4",
      "type" : "GeneralizationView",
      "modelElement" : {
        "id" : "mgElsf6GAqAAbwq3",
        "type" : "Generalization"
      },
      "shape" : {
        "id" : "OgElsf6GAqAAbwq4_path",
        "type" : "Path",
        "points" : [ {
          "x" : 945,
          "y" : 180
        }, {
          "x" : 945,
          "y" : 225
        }, {
          "x" : 1120,
          "y" : 225
        }, {
          "x" : 1120,
          "y" : 472
        } ]
      },
      "source" : {
        "id" : "GmKFsf6GAqAAbwnO",
        "type" : "ClassView"
      },
      "target" : {
        "id" : "Z.tFsf6GAqAAbwoU",
        "type" : "ClassView"
      }
    }, {
      "id" : "Ieklsf6GAqAAbwrK",
      "type" : "GeneralizationView",
      "modelElement" : {
        "id" : "_uklsf6GAqAAbwrJ",
        "type" : "Generalization"
      },
      "shape" : {
        "id" : "Ieklsf6GAqAAbwrK_path",
        "type" : "Path",
        "points" : [ {
          "x" : 794,
          "y" : 376
        }, {
          "x" : 794,
          "y" : 424
        }, {
          "x" : 892,
          "y" : 424
        }, {
          "x" : 892,
          "y" : 472
        } ]
      },
      "source" : {
        "id" : "OfpFsf6GAqAAbwnb",
        "type" : "ClassView"
      },
      "target" : {
        "id" : "to1Fsf6GAqAAbwn.",
        "type" : "ClassView"
      }
    }, {
      "id" : "C83lsf6GAqAAbwvu",
      "type" : "RelationView",
      "modelElement" : {
        "id" : "083lsf6GAqAAbwvp",
        "type" : "Relation"
      },
      "shape" : {
        "id" : "C83lsf6GAqAAbwvu_path",
        "type" : "Path",
        "points" : [ {
          "x" : 959,
          "y" : 657
        }, {
          "x" : 728,
          "y" : 657
        }, {
          "x" : 728,
          "y" : 511
        } ]
      },
      "source" : {
        "id" : "bb1Fsf6GAqAAbwoJ",
        "type" : "ClassView"
      },
      "target" : {
        "id" : "iyVFsf6GAqAAbwnz",
        "type" : "ClassView"
      }
    }, {
      "id" : "C4klsf6GAqAAbwrE",
      "type" : "GeneralizationView",
      "modelElement" : {
        "id" : "04klsf6GAqAAbwrD",
        "type" : "Generalization"
      },
      "shape" : {
        "id" : "C4klsf6GAqAAbwrE_path",
        "type" : "Path",
        "points" : [ {
          "x" : 794,
          "y" : 376
        }, {
          "x" : 794,
          "y" : 424
        }, {
          "x" : 728,
          "y" : 424
        }, {
          "x" : 728,
          "y" : 469
        } ]
      },
      "source" : {
        "id" : "OfpFsf6GAqAAbwnb",
        "type" : "ClassView"
      },
      "target" : {
        "id" : "iyVFsf6GAqAAbwnz",
        "type" : "ClassView"
      }
    }, {
      "id" : "KLDlsf6GAqAAbwuq",
      "type" : "RelationView",
      "modelElement" : {
        "id" : "67dlsf6GAqAAbwuQ",
        "type" : "Relation"
      },
      "shape" : {
        "id" : "KLDlsf6GAqAAbwuq_path",
        "type" : "Path",
        "points" : [ {
          "x" : 378,
          "y" : 463
        }, {
          "x" : 276,
          "y" : 463
        }, {
          "x" : 276,
          "y" : 374
        } ]
      },
      "source" : {
        "id" : "rgSFsf6GAqAAbwm4",
        "type" : "ClassView"
      },
      "target" : {
        "id" : "hsCFsf6GAqAAbwmt",
        "type" : "ClassView"
      }
    }, {
      "id" : "Fl4lsf6GAqAAbwqy",
      "type" : "GeneralizationView",
      "modelElement" : {
        "id" : "5l4lsf6GAqAAbwqx",
        "type" : "Generalization"
      },
      "shape" : {
        "id" : "Fl4lsf6GAqAAbwqy_path",
        "type" : "Path",
        "points" : [ {
          "x" : 945,
          "y" : 180
        }, {
          "x" : 945,
          "y" : 225
        }, {
          "x" : 794,
          "y" : 225
        }, {
          "x" : 793,
          "y" : 283
        }, {
          "x" : 793,
          "y" : 334
        } ]
      },
      "source" : {
        "id" : "GmKFsf6GAqAAbwnO",
        "type" : "ClassView"
      },
      "target" : {
        "id" : "OfpFsf6GAqAAbwnb",
        "type" : "ClassView"
      }
    } ]
  } ]
}