{
  "id" : "gZ.xP76AUBgIYwWe",
  "name" : "Software Ontology",
  "description" : null,
  "type" : "Project",
  "model" : {
    "id" : "gZ.xP76AUBgIYwWe_root",
    "name" : "Software Ontology",
    "description" : null,
    "type" : "Package",
    "propertyAssignments" : null,
    "contents" : [ {
      "id" : "LXhxP76AUBgIYwl6",
      "name" : "Software Ontology",
      "description" : null,
      "type" : "Package",
      "propertyAssignments" : null,
      "contents" : [ {
        "id" : "EB9xP76AUBgIYwmW",
        "name" : "Software Product",
        "description" : null,
        "type" : "Class",
        "propertyAssignments" : null,
        "stereotype" : null,
        "isAbstract" : false,
        "isDerived" : false,
        "properties" : null,
        "isExtensional" : null,
        "isPowertype" : null,
        "order" : null,
        "literals" : null,
        "restrictedTo" : null
      }, {
        "id" : "qyjxP76AUBgIYwmh",
        "name" : "Software Item",
        "description" : null,
        "type" : "Class",
        "propertyAssignments" : null,
        "stereotype" : null,
        "isAbstract" : false,
        "isDerived" : false,
        "properties" : null,
        "isExtensional" : null,
        "isPowertype" : null,
        "order" : null,
        "literals" : null,
        "restrictedTo" : null
      }, {
        "id" : "LRTxP76AUBgIYwms",
        "name" : "Document",
        "description" : null,
        "type" : "Class",
        "propertyAssignments" : null,
        "stereotype" : null,
        "isAbstract" : false,
        "isDerived" : false,
        "properties" : null,
        "isExtensional" : null,
        "isPowertype" : null,
        "order" : null,
        "literals" : null,
        "restrictedTo" : null
      }, {
        "id" : "I2_xP76AUBgIYwnL",
        "name" : "Software System",
        "description" : null,
        "type" : "Class",
        "propertyAssignments" : null,
        "stereotype" : null,
        "isAbstract" : false,
        "isDerived" : false,
        "properties" : null,
        "isExtensional" : null,
        "isPowertype" : null,
        "order" : null,
        "literals" : null,
        "restrictedTo" : null
      }, {
        "id" : "8kQJP76AUBgIYwnW",
        "name" : "Program",
        "description" : null,
        "type" : "Class",
        "propertyAssignments" : null,
        "stereotype" : null,
        "isAbstract" : false,
        "isDerived" : false,
        "properties" : null,
        "isExtensional" : null,
        "isPowertype" : null,
        "order" : null,
        "literals" : null,
        "restrictedTo" : null
      }, {
        "id" : "yAwJP76AUBgIYwnh",
        "name" : "Code",
        "description" : null,
        "type" : "Class",
        "propertyAssignments" : null,
        "stereotype" : null,
        "isAbstract" : false,
        "isDerived" : false,
        "properties" : null,
        "isExtensional" : null,
        "isPowertype" : null,
        "order" : null,
        "literals" : null,
        "restrictedTo" : null
      }, {
        "id" : "GbwJP76AUBgIYwns",
        "name" : "System Specification",
        "description" : null,
        "type" : "Class",
        "propertyAssignments" : null,
        "stereotype" : null,
        "isAbstract" : false,
        "isDerived" : false,
        "properties" : null,
        "isExtensional" : null,
        "isPowertype" : null,
        "order" : null,
        "literals" : null,
        "restrictedTo" : null
      }, {
        "id" : "okoJP76AUBgIYwn3",
        "name" : "Program Specification",
        "description" : null,
        "type" : "Class",
        "propertyAssignments" : null,
        "stereotype" : null,
        "isAbstract" : false,
        "isDerived" : false,
        "properties" : null,
        "isExtensional" : null,
        "isPowertype" : null,
        "order" : null,
        "literals" : null,
        "restrictedTo" : null
      }, {
        "id" : "MU4JP76AUBgIYwoC",
        "name" : "Source Code",
        "description" : null,
        "type" : "Class",
        "propertyAssignments" : null,
        "stereotype" : null,
        "isAbstract" : false,
        "isDerived" : false,
        "properties" : null,
        "isExtensional" : null,
        "isPowertype" : null,
        "order" : null,
        "literals" : null,
        "restrictedTo" : null
      }, {
        "id" : "nMEJP76AUBgIYwoN",
        "name" : "Machine Code",
        "description" : null,
        "type" : "Class",
        "propertyAssignments" : null,
        "stereotype" : null,
        "isAbstract" : false,
        "isDerived" : false,
        "properties" : null,
        "isExtensional" : null,
        "isPowertype" : null,
        "order" : null,
        "literals" : null,
        "restrictedTo" : null
      }, {
        "id" : "NlkJP76AUBgIYwoY",
        "name" : "Programming Language",
        "description" : null,
        "type" : "Class",
        "propertyAssignments" : null,
        "stereotype" : null,
        "isAbstract" : false,
        "isDerived" : false,
        "properties" : null,
        "isExtensional" : null,
        "isPowertype" : null,
        "order" : null,
        "literals" : null,
        "restrictedTo" : null
      }, {
        "id" : "a44Lrv6GAqACAwpc",
        "name" : "Artifact",
        "description" : null,
        "type" : "Class",
        "propertyAssignments" : null,
        "stereotype" : null,
        "isAbstract" : false,
        "isDerived" : false,
        "properties" : null,
        "isExtensional" : null,
        "isPowertype" : null,
        "order" : null,
        "literals" : null,
        "restrictedTo" : null
      }, {
        "id" : "kICLrv6GAqACAwp1",
        "name" : "Composite Artifact",
        "description" : null,
        "type" : "Class",
        "propertyAssignments" : null,
        "stereotype" : null,
        "isAbstract" : false,
        "isDerived" : false,
        "properties" : null,
        "isExtensional" : null,
        "isPowertype" : null,
        "order" : null,
        "literals" : null,
        "restrictedTo" : null
      }, {
        "id" : "8zyLrv6GAqACAwp_",
        "name" : "Simple Artifact",
        "description" : null,
        "type" : "Class",
        "propertyAssignments" : null,
        "stereotype" : null,
        "isAbstract" : false,
        "isDerived" : false,
        "properties" : null,
        "isExtensional" : null,
        "isPowertype" : null,
        "order" : null,
        "literals" : null,
        "restrictedTo" : null
      }, {
        "id" : "hKsr7v6GAqACAwr5",
        "name" : "Information Item",
        "description" : null,
        "type" : "Class",
        "propertyAssignments" : null,
        "stereotype" : null,
        "isAbstract" : false,
        "isDerived" : false,
        "properties" : null,
        "isExtensional" : null,
        "isPowertype" : null,
        "order" : null,
        "literals" : null,
        "restrictedTo" : null
      }, {
        "id" : "vR8r7v6GAqACAwsH",
        "name" : "Model",
        "description" : null,
        "type" : "Class",
        "propertyAssignments" : null,
        "stereotype" : null,
        "isAbstract" : false,
        "isDerived" : false,
        "properties" : null,
        "isExtensional" : null,
        "isPowertype" : null,
        "order" : null,
        "literals" : null,
        "restrictedTo" : null
      }, {
        "id" : ".41JP76AUBgIYwpl",
        "name" : null,
        "description" : null,
        "type" : "Generalization",
        "propertyAssignments" : null,
        "general" : {
          "id" : "qyjxP76AUBgIYwmh",
          "type" : "Class"
        },
        "specific" : {
          "id" : "I2_xP76AUBgIYwnL",
          "type" : "Class"
        }
      }, {
        "id" : "w.1JP76AUBgIYwpv",
        "name" : null,
        "description" : null,
        "type" : "Generalization",
        "propertyAssignments" : null,
        "general" : {
          "id" : "qyjxP76AUBgIYwmh",
          "type" : "Class"
        },
        "specific" : {
          "id" : "8kQJP76AUBgIYwnW",
          "type" : "Class"
        }
      }, {
        "id" : "RP1JP76AUBgIYwp5",
        "name" : null,
        "description" : null,
        "type" : "Generalization",
        "propertyAssignments" : null,
        "general" : {
          "id" : "qyjxP76AUBgIYwmh",
          "type" : "Class"
        },
        "specific" : {
          "id" : "yAwJP76AUBgIYwnh",
          "type" : "Class"
        }
      }, {
        "id" : "u25pP76AUBgIYwth",
        "name" : null,
        "description" : null,
        "type" : "Generalization",
        "propertyAssignments" : null,
        "general" : {
          "id" : "yAwJP76AUBgIYwnh",
          "type" : "Class"
        },
        "specific" : {
          "id" : "MU4JP76AUBgIYwoC",
          "type" : "Class"
        }
      }, {
        "id" : "BkFpP76AUBgIYwtr",
        "name" : null,
        "description" : null,
        "type" : "Generalization",
        "propertyAssignments" : null,
        "general" : {
          "id" : "yAwJP76AUBgIYwnh",
          "type" : "Class"
        },
        "specific" : {
          "id" : "nMEJP76AUBgIYwoN",
          "type" : "Class"
        }
      }, {
        "id" : "7P1pP76AUBgIYwt9",
        "name" : null,
        "description" : null,
        "type" : "Generalization",
        "propertyAssignments" : null,
        "general" : {
          "id" : "LRTxP76AUBgIYwms",
          "type" : "Class"
        },
        "specific" : {
          "id" : "GbwJP76AUBgIYwns",
          "type" : "Class"
        }
      }, {
        "id" : "daTpP76AUBgIYwuT",
        "name" : null,
        "description" : null,
        "type" : "Generalization",
        "propertyAssignments" : null,
        "general" : {
          "id" : "LRTxP76AUBgIYwms",
          "type" : "Class"
        },
        "specific" : {
          "id" : "okoJP76AUBgIYwn3",
          "type" : "Class"
        }
      }, {
        "id" : "S3mLrv6GAqACAwqO",
        "name" : null,
        "description" : null,
        "type" : "Generalization",
        "propertyAssignments" : null,
        "general" : {
          "id" : "a44Lrv6GAqACAwpc",
          "type" : "Class"
        },
        "specific" : {
          "id" : "kICLrv6GAqACAwp1",
          "type" : "Class"
        }
      }, {
        "id" : ".B2Lrv6GAqACAwqS",
        "name" : null,
        "description" : null,
        "type" : "Generalization",
        "propertyAssignments" : null,
        "general" : {
          "id" : "a44Lrv6GAqACAwpc",
          "type" : "Class"
        },
        "specific" : {
          "id" : "8zyLrv6GAqACAwp_",
          "type" : "Class"
        }
      }, {
        "id" : "Ztorrv6GAqACAwrb",
        "name" : null,
        "description" : null,
        "type" : "Generalization",
        "propertyAssignments" : null,
        "general" : {
          "id" : "kICLrv6GAqACAwp1",
          "type" : "Class"
        },
        "specific" : {
          "id" : "EB9xP76AUBgIYwmW",
          "type" : "Class"
        }
      }, {
        "id" : "gX6r7v6GAqACAwsg",
        "name" : null,
        "description" : null,
        "type" : "Generalization",
        "propertyAssignments" : null,
        "general" : {
          "id" : "a44Lrv6GAqACAwpc",
          "type" : "Class"
        },
        "specific" : {
          "id" : "vR8r7v6GAqACAwsH",
          "type" : "Class"
        }
      }, {
        "id" : "9LGr7v6GAqACAwsk",
        "name" : null,
        "description" : null,
        "type" : "Generalization",
        "propertyAssignments" : null,
        "general" : {
          "id" : "a44Lrv6GAqACAwpc",
          "type" : "Class"
        },
        "specific" : {
          "id" : "qyjxP76AUBgIYwmh",
          "type" : "Class"
        }
      }, {
        "id" : "OJmr7v6GAqACAwso",
        "name" : null,
        "description" : null,
        "type" : "Generalization",
        "propertyAssignments" : null,
        "general" : {
          "id" : "a44Lrv6GAqACAwpc",
          "type" : "Class"
        },
        "specific" : {
          "id" : "hKsr7v6GAqACAwr5",
          "type" : "Class"
        }
      }, {
        "id" : "zyWr7v6GAqACAwss",
        "name" : null,
        "description" : null,
        "type" : "Generalization",
        "propertyAssignments" : null,
        "general" : {
          "id" : "a44Lrv6GAqACAwpc",
          "type" : "Class"
        },
        "specific" : {
          "id" : "LRTxP76AUBgIYwms",
          "type" : "Class"
        }
      }, {
        "id" : "4wur7v6GAqACAwsw",
        "name" : null,
        "description" : null,
        "type" : "Generalization",
        "propertyAssignments" : null,
        "general" : {
          "id" : "a44Lrv6GAqACAwpc",
          "type" : "Class"
        },
        "specific" : {
          "id" : "EB9xP76AUBgIYwmW",
          "type" : "Class"
        }
      }, {
        "id" : "1L9Lrv6GAqACAwqk",
        "name" : ":mereological structure {disjoint, complete}",
        "description" : null,
        "type" : "GeneralizationSet",
        "propertyAssignments" : null,
        "isDisjoint" : true,
        "isComplete" : true,
        "categorizer" : null,
        "generalizations" : [ {
          "id" : "S3mLrv6GAqACAwqO",
          "type" : "Generalization"
        }, {
          "id" : ".B2Lrv6GAqACAwqS",
          "type" : "Generalization"
        } ]
      }, {
        "id" : "BVzr7v6GAqACAwtX",
        "name" : ": nature {disjoint, complete}",
        "description" : null,
        "type" : "GeneralizationSet",
        "propertyAssignments" : null,
        "isDisjoint" : false,
        "isComplete" : false,
        "categorizer" : null,
        "generalizations" : [ {
          "id" : "OJmr7v6GAqACAwso",
          "type" : "Generalization"
        }, {
          "id" : "gX6r7v6GAqACAwsg",
          "type" : "Generalization"
        }, {
          "id" : "4wur7v6GAqACAwsw",
          "type" : "Generalization"
        }, {
          "id" : "9LGr7v6GAqACAwsk",
          "type" : "Generalization"
        }, {
          "id" : "zyWr7v6GAqACAwss",
          "type" : "Generalization"
        } ]
      }, {
        "id" : "Fy3JP76AUBgIYwqr",
        "name" : "constituted of",
        "description" : null,
        "type" : "Relation",
        "propertyAssignments" : null,
        "stereotype" : null,
        "isAbstract" : false,
        "isDerived" : false,
        "properties" : [ {
          "id" : "Ty3JP76AUBgIYwqt",
          "name" : null,
          "description" : null,
          "type" : "Property",
          "propertyAssignments" : null,
          "stereotype" : null,
          "isDerived" : false,
          "isReadOnly" : false,
          "isOrdered" : false,
          "cardinality" : "0..*",
          "propertyType" : {
            "id" : "I2_xP76AUBgIYwnL",
            "type" : "Class"
          },
          "subsettedProperties" : null,
          "redefinedProperties" : null,
          "aggregationKind" : "NONE"
        }, {
          "id" : "ry3JP76AUBgIYwqw",
          "name" : null,
          "description" : null,
          "type" : "Property",
          "propertyAssignments" : null,
          "stereotype" : null,
          "isDerived" : false,
          "isReadOnly" : false,
          "isOrdered" : false,
          "cardinality" : "1..*",
          "propertyType" : {
            "id" : "8kQJP76AUBgIYwnW",
            "type" : "Class"
          },
          "subsettedProperties" : null,
          "redefinedProperties" : null,
          "aggregationKind" : "NONE"
        } ]
      }, {
        "id" : "E_3JP76AUBgIYwq3",
        "name" : "constituted of",
        "description" : null,
        "type" : "Relation",
        "propertyAssignments" : null,
        "stereotype" : null,
        "isAbstract" : false,
        "isDerived" : false,
        "properties" : [ {
          "id" : "E_3JP76AUBgIYwq4",
          "name" : null,
          "description" : null,
          "type" : "Property",
          "propertyAssignments" : null,
          "stereotype" : null,
          "isDerived" : false,
          "isReadOnly" : false,
          "isOrdered" : false,
          "cardinality" : "0..1",
          "propertyType" : {
            "id" : "8kQJP76AUBgIYwnW",
            "type" : "Class"
          },
          "subsettedProperties" : null,
          "redefinedProperties" : null,
          "aggregationKind" : "NONE"
        }, {
          "id" : "E_3JP76AUBgIYwq6",
          "name" : null,
          "description" : null,
          "type" : "Property",
          "propertyAssignments" : null,
          "stereotype" : null,
          "isDerived" : false,
          "isReadOnly" : false,
          "isOrdered" : false,
          "cardinality" : "1..*",
          "propertyType" : {
            "id" : "yAwJP76AUBgIYwnh",
            "type" : "Class"
          },
          "subsettedProperties" : null,
          "redefinedProperties" : null,
          "aggregationKind" : "NONE"
        } ]
      }, {
        "id" : "CgUpP76AUBgIYwsF",
        "name" : "constituted of",
        "description" : null,
        "type" : "Relation",
        "propertyAssignments" : null,
        "stereotype" : null,
        "isAbstract" : false,
        "isDerived" : false,
        "properties" : [ {
          "id" : "CgUpP76AUBgIYwsG",
          "name" : null,
          "description" : null,
          "type" : "Property",
          "propertyAssignments" : null,
          "stereotype" : null,
          "isDerived" : false,
          "isReadOnly" : false,
          "isOrdered" : false,
          "cardinality" : "0..1",
          "propertyType" : {
            "id" : "EB9xP76AUBgIYwmW",
            "type" : "Class"
          },
          "subsettedProperties" : null,
          "redefinedProperties" : null,
          "aggregationKind" : "NONE"
        }, {
          "id" : "CgUpP76AUBgIYwsI",
          "name" : null,
          "description" : null,
          "type" : "Property",
          "propertyAssignments" : null,
          "stereotype" : null,
          "isDerived" : false,
          "isReadOnly" : false,
          "isOrdered" : false,
          "cardinality" : "1..*",
          "propertyType" : {
            "id" : "I2_xP76AUBgIYwnL",
            "type" : "Class"
          },
          "subsettedProperties" : null,
          "redefinedProperties" : null,
          "aggregationKind" : "NONE"
        } ]
      }, {
        "id" : "gFHpP76AUBgIYwul",
        "name" : "intends to implement",
        "description" : null,
        "type" : "Relation",
        "propertyAssignments" : null,
        "stereotype" : null,
        "isAbstract" : false,
        "isDerived" : false,
        "properties" : [ {
          "id" : "gFHpP76AUBgIYwum",
          "name" : null,
          "description" : null,
          "type" : "Property",
          "propertyAssignments" : null,
          "stereotype" : null,
          "isDerived" : false,
          "isReadOnly" : false,
          "isOrdered" : false,
          "cardinality" : "0..1",
          "propertyType" : {
            "id" : "I2_xP76AUBgIYwnL",
            "type" : "Class"
          },
          "subsettedProperties" : null,
          "redefinedProperties" : null,
          "aggregationKind" : "NONE"
        }, {
          "id" : "gFHpP76AUBgIYwuo",
          "name" : null,
          "description" : null,
          "type" : "Property",
          "propertyAssignments" : null,
          "stereotype" : null,
          "isDerived" : false,
          "isReadOnly" : false,
          "isOrdered" : false,
          "cardinality" : "1",
          "propertyType" : {
            "id" : "GbwJP76AUBgIYwns",
            "type" : "Class"
          },
          "subsettedProperties" : null,
          "redefinedProperties" : null,
          "aggregationKind" : "NONE"
        } ]
      }, {
        "id" : "2ynpP76AUBgIYwuv",
        "name" : "intends to implement",
        "description" : null,
        "type" : "Relation",
        "propertyAssignments" : null,
        "stereotype" : null,
        "isAbstract" : false,
        "isDerived" : false,
        "properties" : [ {
          "id" : "2ynpP76AUBgIYwuw",
          "name" : null,
          "description" : null,
          "type" : "Property",
          "propertyAssignments" : null,
          "stereotype" : null,
          "isDerived" : false,
          "isReadOnly" : false,
          "isOrdered" : false,
          "cardinality" : "0..1",
          "propertyType" : {
            "id" : "8kQJP76AUBgIYwnW",
            "type" : "Class"
          },
          "subsettedProperties" : null,
          "redefinedProperties" : null,
          "aggregationKind" : "NONE"
        }, {
          "id" : "2ynpP76AUBgIYwuy",
          "name" : null,
          "description" : null,
          "type" : "Property",
          "propertyAssignments" : null,
          "stereotype" : null,
          "isDerived" : false,
          "isReadOnly" : false,
          "isOrdered" : false,
          "cardinality" : "1",
          "propertyType" : {
            "id" : "okoJP76AUBgIYwn3",
            "type" : "Class"
          },
          "subsettedProperties" : null,
          "redefinedProperties" : null,
          "aggregationKind" : "NONE"
        } ]
      }, {
        "id" : "oesZP76AUBgIYwwV",
        "name" : "implements",
        "description" : null,
        "type" : "Relation",
        "propertyAssignments" : null,
        "stereotype" : null,
        "isAbstract" : false,
        "isDerived" : false,
        "properties" : [ {
          "id" : "oesZP76AUBgIYwwW",
          "name" : null,
          "description" : null,
          "type" : "Property",
          "propertyAssignments" : null,
          "stereotype" : null,
          "isDerived" : false,
          "isReadOnly" : false,
          "isOrdered" : false,
          "cardinality" : "0..*",
          "propertyType" : {
            "id" : "yAwJP76AUBgIYwnh",
            "type" : "Class"
          },
          "subsettedProperties" : null,
          "redefinedProperties" : null,
          "aggregationKind" : "NONE"
        }, {
          "id" : "oesZP76AUBgIYwwY",
          "name" : null,
          "description" : null,
          "type" : "Property",
          "propertyAssignments" : null,
          "stereotype" : null,
          "isDerived" : false,
          "isReadOnly" : false,
          "isOrdered" : false,
          "cardinality" : "0..1",
          "propertyType" : {
            "id" : "okoJP76AUBgIYwn3",
            "type" : "Class"
          },
          "subsettedProperties" : null,
          "redefinedProperties" : null,
          "aggregationKind" : "NONE"
        } ]
      }, {
        "id" : "wRlZP76AUBgIYwxb",
        "name" : "generated from",
        "description" : null,
        "type" : "Relation",
        "propertyAssignments" : null,
        "stereotype" : null,
        "isAbstract" : false,
        "isDerived" : false,
        "properties" : [ {
          "id" : "wRlZP76AUBgIYwxc",
          "name" : null,
          "description" : null,
          "type" : "Property",
          "propertyAssignments" : null,
          "stereotype" : null,
          "isDerived" : false,
          "isReadOnly" : false,
          "isOrdered" : false,
          "cardinality" : "0..*",
          "propertyType" : {
            "id" : "nMEJP76AUBgIYwoN",
            "type" : "Class"
          },
          "subsettedProperties" : null,
          "redefinedProperties" : null,
          "aggregationKind" : "NONE"
        }, {
          "id" : "IRlZP76AUBgIYwxe",
          "name" : null,
          "description" : null,
          "type" : "Property",
          "propertyAssignments" : null,
          "stereotype" : null,
          "isDerived" : false,
          "isReadOnly" : false,
          "isOrdered" : false,
          "cardinality" : "1",
          "propertyType" : {
            "id" : "MU4JP76AUBgIYwoC",
            "type" : "Class"
          },
          "subsettedProperties" : null,
          "redefinedProperties" : null,
          "aggregationKind" : "NONE"
        } ]
      }, {
        "id" : "1yVZP76AUBgIYwxl",
        "name" : "written in",
        "description" : null,
        "type" : "Relation",
        "propertyAssignments" : null,
        "stereotype" : null,
        "isAbstract" : false,
        "isDerived" : false,
        "properties" : [ {
          "id" : "1yVZP76AUBgIYwxm",
          "name" : null,
          "description" : null,
          "type" : "Property",
          "propertyAssignments" : null,
          "stereotype" : null,
          "isDerived" : false,
          "isReadOnly" : false,
          "isOrdered" : false,
          "cardinality" : "0..*",
          "propertyType" : {
            "id" : "MU4JP76AUBgIYwoC",
            "type" : "Class"
          },
          "subsettedProperties" : null,
          "redefinedProperties" : null,
          "aggregationKind" : "NONE"
        }, {
          "id" : "tyVZP76AUBgIYwxo",
          "name" : null,
          "description" : null,
          "type" : "Property",
          "propertyAssignments" : null,
          "stereotype" : null,
          "isDerived" : false,
          "isReadOnly" : false,
          "isOrdered" : false,
          "cardinality" : "1..*",
          "propertyType" : {
            "id" : "NlkJP76AUBgIYwoY",
            "type" : "Class"
          },
          "subsettedProperties" : null,
          "redefinedProperties" : null,
          "aggregationKind" : "NONE"
        } ]
      }, {
        "id" : "xVLLrv6GAqACAwqz",
        "name" : null,
        "description" : null,
        "type" : "Relation",
        "propertyAssignments" : null,
        "stereotype" : null,
        "isAbstract" : false,
        "isDerived" : false,
        "properties" : [ {
          "id" : "xVLLrv6GAqACAwq0",
          "name" : null,
          "description" : null,
          "type" : "Property",
          "propertyAssignments" : null,
          "stereotype" : null,
          "isDerived" : false,
          "isReadOnly" : false,
          "isOrdered" : false,
          "cardinality" : "0..*",
          "propertyType" : {
            "id" : "kICLrv6GAqACAwp1",
            "type" : "Class"
          },
          "subsettedProperties" : null,
          "redefinedProperties" : null,
          "aggregationKind" : "SHARED"
        }, {
          "id" : "xVLLrv6GAqACAwq2",
          "name" : null,
          "description" : null,
          "type" : "Property",
          "propertyAssignments" : null,
          "stereotype" : null,
          "isDerived" : false,
          "isReadOnly" : false,
          "isOrdered" : false,
          "cardinality" : "2..*",
          "propertyType" : {
            "id" : "a44Lrv6GAqACAwpc",
            "type" : "Class"
          },
          "subsettedProperties" : null,
          "redefinedProperties" : null,
          "aggregationKind" : "NONE"
        } ]
      } ]
    } ]
  },
  "diagrams" : [ {
    "id" : "MMpxP76AUBgIYwmA",
    "name" : "Software Ontology",
    "description" : null,
    "type" : "Diagram",
    "owner" : {
      "id" : "LXhxP76AUBgIYwl6",
      "type" : "Package"
    },
    "contents" : [ {
      "id" : "fL9Lrv6GAqACAwqm",
      "type" : "GeneralizationSetView",
      "modelElement" : {
        "id" : "1L9Lrv6GAqACAwqk",
        "type" : "GeneralizationSet"
      },
      "shape" : {
        "id" : "fL9Lrv6GAqACAwqm_shape",
        "type" : "Text",
        "x" : 518,
        "y" : 80,
        "width" : 240,
        "height" : 16,
        "value" : ""
      }
    }, {
      "id" : "Ntorrv6GAqACAwrc",
      "type" : "GeneralizationView",
      "modelElement" : {
        "id" : "Ztorrv6GAqACAwrb",
        "type" : "Generalization"
      },
      "shape" : {
        "id" : "Ntorrv6GAqACAwrc_path",
        "type" : "Path",
        "points" : [ {
          "x" : 464,
          "y" : 212
        }, {
          "x" : 464,
          "y" : 308
        } ]
      },
      "source" : {
        "id" : "kICLrv6GAqACAwp0",
        "type" : "ClassView"
      },
      "target" : {
        "id" : "wB9xP76AUBgIYwmV",
        "type" : "ClassView"
      }
    }, {
      "id" : "KesZP76AUBgIYwwa",
      "type" : "RelationView",
      "modelElement" : {
        "id" : "oesZP76AUBgIYwwV",
        "type" : "Relation"
      },
      "shape" : {
        "id" : "KesZP76AUBgIYwwa_path",
        "type" : "Path",
        "points" : [ {
          "x" : 1006,
          "y" : 510
        }, {
          "x" : 887,
          "y" : 510
        }, {
          "x" : 887,
          "y" : 690
        }, {
          "x" : 825,
          "y" : 690
        } ]
      },
      "source" : {
        "id" : "yAwJP76AUBgIYwng",
        "type" : "ClassView"
      },
      "target" : {
        "id" : "okoJP76AUBgIYwn2",
        "type" : "ClassView"
      }
    }, {
      "id" : "I2_xP76AUBgIYwnK",
      "type" : "ClassView",
      "modelElement" : {
        "id" : "I2_xP76AUBgIYwnL",
        "type" : "Class"
      },
      "shape" : {
        "id" : "I2_xP76AUBgIYwnK_shape",
        "type" : "Rectangle",
        "x" : 418,
        "y" : 476,
        "width" : 100,
        "height" : 40
      }
    }, {
      "id" : "ov1pP76AUBgIYwt.",
      "type" : "GeneralizationView",
      "modelElement" : {
        "id" : "7P1pP76AUBgIYwt9",
        "type" : "Generalization"
      },
      "shape" : {
        "id" : "ov1pP76AUBgIYwt._path",
        "type" : "Path",
        "points" : [ {
          "x" : 1252,
          "y" : 349
        }, {
          "x" : 1252,
          "y" : 793
        }, {
          "x" : 475,
          "y" : 793
        }, {
          "x" : 476,
          "y" : 711
        } ]
      },
      "source" : {
        "id" : "zRTxP76AUBgIYwmr",
        "type" : "ClassView"
      },
      "target" : {
        "id" : "GbwJP76AUBgIYwnr",
        "type" : "ClassView"
      }
    }, {
      "id" : "MU4JP76AUBgIYwoB",
      "type" : "ClassView",
      "modelElement" : {
        "id" : "MU4JP76AUBgIYwoC",
        "type" : "Class"
      },
      "shape" : {
        "id" : "MU4JP76AUBgIYwoB_shape",
        "type" : "Rectangle",
        "x" : 926,
        "y" : 614,
        "width" : 72,
        "height" : 40
      }
    }, {
      "id" : "pB2Lrv6GAqACAwqT",
      "type" : "GeneralizationView",
      "modelElement" : {
        "id" : ".B2Lrv6GAqACAwqS",
        "type" : "Generalization"
      },
      "shape" : {
        "id" : "pB2Lrv6GAqACAwqT_path",
        "type" : "Path",
        "points" : [ {
          "x" : 878,
          "y" : 40
        }, {
          "x" : 878,
          "y" : 97
        }, {
          "x" : 663,
          "y" : 97
        }, {
          "x" : 663,
          "y" : 172
        } ]
      },
      "source" : {
        "id" : "a44Lrv6GAqACAwpb",
        "type" : "ClassView"
      },
      "target" : {
        "id" : "8zyLrv6GAqACAwp.",
        "type" : "ClassView"
      }
    }, {
      "id" : "nLGr7v6GAqACAwsl",
      "type" : "GeneralizationView",
      "modelElement" : {
        "id" : "9LGr7v6GAqACAwsk",
        "type" : "Generalization"
      },
      "shape" : {
        "id" : "nLGr7v6GAqACAwsl_path",
        "type" : "Path",
        "points" : [ {
          "x" : 890,
          "y" : 40
        }, {
          "x" : 890,
          "y" : 262
        }, {
          "x" : 890,
          "y" : 308
        } ]
      },
      "source" : {
        "id" : "a44Lrv6GAqACAwpb",
        "type" : "ClassView"
      },
      "target" : {
        "id" : "qyjxP76AUBgIYwmg",
        "type" : "ClassView"
      }
    }, {
      "id" : "zRTxP76AUBgIYwmr",
      "type" : "ClassView",
      "modelElement" : {
        "id" : "LRTxP76AUBgIYwms",
        "type" : "Class"
      },
      "shape" : {
        "id" : "zRTxP76AUBgIYwmr_shape",
        "type" : "Rectangle",
        "x" : 1212,
        "y" : 308,
        "width" : 80,
        "height" : 40
      }
    }, {
      "id" : "7yWr7v6GAqACAwst",
      "type" : "GeneralizationView",
      "modelElement" : {
        "id" : "zyWr7v6GAqACAwss",
        "type" : "Generalization"
      },
      "shape" : {
        "id" : "7yWr7v6GAqACAwst_path",
        "type" : "Path",
        "points" : [ {
          "x" : 890,
          "y" : 40
        }, {
          "x" : 890,
          "y" : 262
        }, {
          "x" : 1254,
          "y" : 262
        }, {
          "x" : 1254,
          "y" : 308
        } ]
      },
      "source" : {
        "id" : "a44Lrv6GAqACAwpb",
        "type" : "ClassView"
      },
      "target" : {
        "id" : "zRTxP76AUBgIYwmr",
        "type" : "ClassView"
      }
    }, {
      "id" : "U.1JP76AUBgIYwpw",
      "type" : "GeneralizationView",
      "modelElement" : {
        "id" : "w.1JP76AUBgIYwpv",
        "type" : "Generalization"
      },
      "shape" : {
        "id" : "U.1JP76AUBgIYwpw_path",
        "type" : "Path",
        "points" : [ {
          "x" : 878,
          "y" : 348
        }, {
          "x" : 878,
          "y" : 408
        }, {
          "x" : 742,
          "y" : 408
        }, {
          "x" : 742,
          "y" : 476
        } ]
      },
      "source" : {
        "id" : "qyjxP76AUBgIYwmg",
        "type" : "ClassView"
      },
      "target" : {
        "id" : "ckQJP76AUBgIYwnV",
        "type" : "ClassView"
      }
    }, {
      "id" : "a44Lrv6GAqACAwpb",
      "type" : "ClassView",
      "modelElement" : {
        "id" : "a44Lrv6GAqACAwpc",
        "type" : "Class"
      },
      "shape" : {
        "id" : "a44Lrv6GAqACAwpb_shape",
        "type" : "Rectangle",
        "x" : 840,
        "y" : 0,
        "width" : 80,
        "height" : 40
      }
    }, {
      "id" : "2gUpP76AUBgIYwsK",
      "type" : "RelationView",
      "modelElement" : {
        "id" : "CgUpP76AUBgIYwsF",
        "type" : "Relation"
      },
      "shape" : {
        "id" : "2gUpP76AUBgIYwsK_path",
        "type" : "Path",
        "points" : [ {
          "x" : 415,
          "y" : 328
        }, {
          "x" : 378,
          "y" : 328
        }, {
          "x" : 378,
          "y" : 497
        }, {
          "x" : 417,
          "y" : 496
        } ]
      },
      "source" : {
        "id" : "wB9xP76AUBgIYwmV",
        "type" : "ClassView"
      },
      "target" : {
        "id" : "I2_xP76AUBgIYwnK",
        "type" : "ClassView"
      }
    }, {
      "id" : "kICLrv6GAqACAwp0",
      "type" : "ClassView",
      "modelElement" : {
        "id" : "kICLrv6GAqACAwp1",
        "type" : "Class"
      },
      "shape" : {
        "id" : "kICLrv6GAqACAwp0_shape",
        "type" : "Rectangle",
        "x" : 390,
        "y" : 172,
        "width" : 118,
        "height" : 40
      }
    }, {
      "id" : "qyjxP76AUBgIYwmg",
      "type" : "ClassView",
      "modelElement" : {
        "id" : "qyjxP76AUBgIYwmh",
        "type" : "Class"
      },
      "shape" : {
        "id" : "qyjxP76AUBgIYwmg_shape",
        "type" : "Rectangle",
        "x" : 836,
        "y" : 308,
        "width" : 84,
        "height" : 40
      }
    }, {
      "id" : "yAwJP76AUBgIYwng",
      "type" : "ClassView",
      "modelElement" : {
        "id" : "yAwJP76AUBgIYwnh",
        "type" : "Class"
      },
      "shape" : {
        "id" : "yAwJP76AUBgIYwng_shape",
        "type" : "Rectangle",
        "x" : 1006,
        "y" : 476,
        "width" : 72,
        "height" : 40
      }
    }, {
      "id" : "NkFpP76AUBgIYwts",
      "type" : "GeneralizationView",
      "modelElement" : {
        "id" : "BkFpP76AUBgIYwtr",
        "type" : "Generalization"
      },
      "shape" : {
        "id" : "NkFpP76AUBgIYwts_path",
        "type" : "Path",
        "points" : [ {
          "x" : 1046,
          "y" : 516
        }, {
          "x" : 1046,
          "y" : 574
        }, {
          "x" : 1178,
          "y" : 574
        }, {
          "x" : 1178,
          "y" : 613
        } ]
      },
      "source" : {
        "id" : "yAwJP76AUBgIYwng",
        "type" : "ClassView"
      },
      "target" : {
        "id" : "nMEJP76AUBgIYwoM",
        "type" : "ClassView"
      }
    }, {
      "id" : "mRlZP76AUBgIYwxg",
      "type" : "RelationView",
      "modelElement" : {
        "id" : "wRlZP76AUBgIYwxb",
        "type" : "Relation"
      },
      "shape" : {
        "id" : "mRlZP76AUBgIYwxg_path",
        "type" : "Path",
        "points" : [ {
          "x" : 1136,
          "y" : 630
        }, {
          "x" : 999,
          "y" : 630
        } ]
      },
      "source" : {
        "id" : "nMEJP76AUBgIYwoM",
        "type" : "ClassView"
      },
      "target" : {
        "id" : "MU4JP76AUBgIYwoB",
        "type" : "ClassView"
      }
    }, {
      "id" : "okoJP76AUBgIYwn2",
      "type" : "ClassView",
      "modelElement" : {
        "id" : "okoJP76AUBgIYwn3",
        "type" : "Class"
      },
      "shape" : {
        "id" : "okoJP76AUBgIYwn2_shape",
        "type" : "Rectangle",
        "x" : 698,
        "y" : 670,
        "width" : 128,
        "height" : 40
      }
    }, {
      "id" : "c_3JP76AUBgIYwq8",
      "type" : "RelationView",
      "modelElement" : {
        "id" : "E_3JP76AUBgIYwq3",
        "type" : "Relation"
      },
      "shape" : {
        "id" : "c_3JP76AUBgIYwq8_path",
        "type" : "Path",
        "points" : [ {
          "x" : 795,
          "y" : 492
        }, {
          "x" : 1006,
          "y" : 492
        } ]
      },
      "source" : {
        "id" : "ckQJP76AUBgIYwnV",
        "type" : "ClassView"
      },
      "target" : {
        "id" : "yAwJP76AUBgIYwng",
        "type" : "ClassView"
      }
    }, {
      "id" : "N41JP76AUBgIYwpm",
      "type" : "GeneralizationView",
      "modelElement" : {
        "id" : ".41JP76AUBgIYwpl",
        "type" : "Generalization"
      },
      "shape" : {
        "id" : "N41JP76AUBgIYwpm_path",
        "type" : "Path",
        "points" : [ {
          "x" : 878,
          "y" : 348
        }, {
          "x" : 878,
          "y" : 408
        }, {
          "x" : 466,
          "y" : 408
        }, {
          "x" : 466,
          "y" : 476
        } ]
      },
      "source" : {
        "id" : "qyjxP76AUBgIYwmg",
        "type" : "ClassView"
      },
      "target" : {
        "id" : "I2_xP76AUBgIYwnK",
        "type" : "ClassView"
      }
    }, {
      "id" : "GbwJP76AUBgIYwnr",
      "type" : "ClassView",
      "modelElement" : {
        "id" : "GbwJP76AUBgIYwns",
        "type" : "Class"
      },
      "shape" : {
        "id" : "GbwJP76AUBgIYwnr_shape",
        "type" : "Rectangle",
        "x" : 416,
        "y" : 670,
        "width" : 122,
        "height" : 40
      }
    }, {
      "id" : "gK3JP76AUBgIYwqy",
      "type" : "RelationView",
      "modelElement" : {
        "id" : "Fy3JP76AUBgIYwqr",
        "type" : "Relation"
      },
      "shape" : {
        "id" : "gK3JP76AUBgIYwqy_path",
        "type" : "Path",
        "points" : [ {
          "x" : 517,
          "y" : 493
        }, {
          "x" : 722,
          "y" : 492
        } ]
      },
      "source" : {
        "id" : "I2_xP76AUBgIYwnK",
        "type" : "ClassView"
      },
      "target" : {
        "id" : "ckQJP76AUBgIYwnV",
        "type" : "ClassView"
      }
    }, {
      "id" : "JJmr7v6GAqACAwsp",
      "type" : "GeneralizationView",
      "modelElement" : {
        "id" : "OJmr7v6GAqACAwso",
        "type" : "Generalization"
      },
      "shape" : {
        "id" : "JJmr7v6GAqACAwsp_path",
        "type" : "Path",
        "points" : [ {
          "x" : 890,
          "y" : 40
        }, {
          "x" : 890,
          "y" : 262
        }, {
          "x" : 1064,
          "y" : 262
        }, {
          "x" : 1064,
          "y" : 308
        } ]
      },
      "source" : {
        "id" : "a44Lrv6GAqACAwpb",
        "type" : "ClassView"
      },
      "target" : {
        "id" : "BKsr7v6GAqACAwr4",
        "type" : "ClassView"
      }
    }, {
      "id" : "8zyLrv6GAqACAwp.",
      "type" : "ClassView",
      "modelElement" : {
        "id" : "8zyLrv6GAqACAwp_",
        "type" : "Class"
      },
      "shape" : {
        "id" : "8zyLrv6GAqACAwp._shape",
        "type" : "Rectangle",
        "x" : 612,
        "y" : 172,
        "width" : 94,
        "height" : 40
      }
    }, {
      "id" : "XaTpP76AUBgIYwuU",
      "type" : "GeneralizationView",
      "modelElement" : {
        "id" : "daTpP76AUBgIYwuT",
        "type" : "Generalization"
      },
      "shape" : {
        "id" : "XaTpP76AUBgIYwuU_path",
        "type" : "Path",
        "points" : [ {
          "x" : 1252,
          "y" : 349
        }, {
          "x" : 1252,
          "y" : 793
        }, {
          "x" : 764,
          "y" : 793
        }, {
          "x" : 764,
          "y" : 711
        } ]
      },
      "source" : {
        "id" : "zRTxP76AUBgIYwmr",
        "type" : "ClassView"
      },
      "target" : {
        "id" : "okoJP76AUBgIYwn2",
        "type" : "ClassView"
      }
    }, {
      "id" : "ckQJP76AUBgIYwnV",
      "type" : "ClassView",
      "modelElement" : {
        "id" : "8kQJP76AUBgIYwnW",
        "type" : "Class"
      },
      "shape" : {
        "id" : "ckQJP76AUBgIYwnV_shape",
        "type" : "Rectangle",
        "x" : 722,
        "y" : 476,
        "width" : 72,
        "height" : 40
      }
    }, {
      "id" : "F25pP76AUBgIYwti",
      "type" : "GeneralizationView",
      "modelElement" : {
        "id" : "u25pP76AUBgIYwth",
        "type" : "Generalization"
      },
      "shape" : {
        "id" : "F25pP76AUBgIYwti_path",
        "type" : "Path",
        "points" : [ {
          "x" : 1046,
          "y" : 516
        }, {
          "x" : 1046,
          "y" : 574
        }, {
          "x" : 966,
          "y" : 574
        }, {
          "x" : 966,
          "y" : 613
        } ]
      },
      "source" : {
        "id" : "yAwJP76AUBgIYwng",
        "type" : "ClassView"
      },
      "target" : {
        "id" : "MU4JP76AUBgIYwoB",
        "type" : "ClassView"
      }
    }, {
      "id" : "nMEJP76AUBgIYwoM",
      "type" : "ClassView",
      "modelElement" : {
        "id" : "nMEJP76AUBgIYwoN",
        "type" : "Class"
      },
      "shape" : {
        "id" : "nMEJP76AUBgIYwoM_shape",
        "type" : "Rectangle",
        "x" : 1136,
        "y" : 614,
        "width" : 82,
        "height" : 40
      }
    }, {
      "id" : "pynpP76AUBgIYwu0",
      "type" : "RelationView",
      "modelElement" : {
        "id" : "2ynpP76AUBgIYwuv",
        "type" : "Relation"
      },
      "shape" : {
        "id" : "pynpP76AUBgIYwu0_path",
        "type" : "Path",
        "points" : [ {
          "x" : 762,
          "y" : 516
        }, {
          "x" : 761,
          "y" : 669
        } ]
      },
      "source" : {
        "id" : "ckQJP76AUBgIYwnV",
        "type" : "ClassView"
      },
      "target" : {
        "id" : "okoJP76AUBgIYwn2",
        "type" : "ClassView"
      }
    }, {
      "id" : "1Vzr7v6GAqACAwtZ",
      "type" : "GeneralizationSetView",
      "modelElement" : {
        "id" : "BVzr7v6GAqACAwtX",
        "type" : "GeneralizationSet"
      },
      "shape" : {
        "id" : "1Vzr7v6GAqACAwtZ_shape",
        "type" : "Text",
        "x" : 890,
        "y" : 212,
        "width" : 160,
        "height" : 14,
        "value" : ""
      }
    }, {
      "id" : "vyVZP76AUBgIYwxq",
      "type" : "RelationView",
      "modelElement" : {
        "id" : "1yVZP76AUBgIYwxl",
        "type" : "Relation"
      },
      "shape" : {
        "id" : "vyVZP76AUBgIYwxq_path",
        "type" : "Path",
        "points" : [ {
          "x" : 975,
          "y" : 654
        }, {
          "x" : 975,
          "y" : 715
        }, {
          "x" : 1083,
          "y" : 716
        } ]
      },
      "source" : {
        "id" : "MU4JP76AUBgIYwoB",
        "type" : "ClassView"
      },
      "target" : {
        "id" : "NlkJP76AUBgIYwoX",
        "type" : "ClassView"
      }
    }, {
      "id" : "swur7v6GAqACAwsx",
      "type" : "GeneralizationView",
      "modelElement" : {
        "id" : "4wur7v6GAqACAwsw",
        "type" : "Generalization"
      },
      "shape" : {
        "id" : "swur7v6GAqACAwsx_path",
        "type" : "Path",
        "points" : [ {
          "x" : 890,
          "y" : 40
        }, {
          "x" : 890,
          "y" : 262
        }, {
          "x" : 490,
          "y" : 262
        }, {
          "x" : 490,
          "y" : 308
        } ]
      },
      "source" : {
        "id" : "a44Lrv6GAqACAwpb",
        "type" : "ClassView"
      },
      "target" : {
        "id" : "wB9xP76AUBgIYwmV",
        "type" : "ClassView"
      }
    }, {
      "id" : "MX6r7v6GAqACAwsh",
      "type" : "GeneralizationView",
      "modelElement" : {
        "id" : "gX6r7v6GAqACAwsg",
        "type" : "Generalization"
      },
      "shape" : {
        "id" : "MX6r7v6GAqACAwsh_path",
        "type" : "Path",
        "points" : [ {
          "x" : 890,
          "y" : 40
        }, {
          "x" : 890,
          "y" : 262
        }, {
          "x" : 664,
          "y" : 262
        }, {
          "x" : 664,
          "y" : 316
        } ]
      },
      "source" : {
        "id" : "a44Lrv6GAqACAwpb",
        "type" : "ClassView"
      },
      "target" : {
        "id" : "vR8r7v6GAqACAwsG",
        "type" : "ClassView"
      }
    }, {
      "id" : "VP1JP76AUBgIYwp6",
      "type" : "GeneralizationView",
      "modelElement" : {
        "id" : "RP1JP76AUBgIYwp5",
        "type" : "Generalization"
      },
      "shape" : {
        "id" : "VP1JP76AUBgIYwp6_path",
        "type" : "Path",
        "points" : [ {
          "x" : 878,
          "y" : 348
        }, {
          "x" : 878,
          "y" : 408
        }, {
          "x" : 1048,
          "y" : 408
        }, {
          "x" : 1048,
          "y" : 476
        } ]
      },
      "source" : {
        "id" : "qyjxP76AUBgIYwmg",
        "type" : "ClassView"
      },
      "target" : {
        "id" : "yAwJP76AUBgIYwng",
        "type" : "ClassView"
      }
    }, {
      "id" : "BKsr7v6GAqACAwr4",
      "type" : "ClassView",
      "modelElement" : {
        "id" : "hKsr7v6GAqACAwr5",
        "type" : "Class"
      },
      "shape" : {
        "id" : "BKsr7v6GAqACAwr4_shape",
        "type" : "Rectangle",
        "x" : 1012,
        "y" : 308,
        "width" : 106,
        "height" : 40
      }
    }, {
      "id" : "O3mLrv6GAqACAwqP",
      "type" : "GeneralizationView",
      "modelElement" : {
        "id" : "S3mLrv6GAqACAwqO",
        "type" : "Generalization"
      },
      "shape" : {
        "id" : "O3mLrv6GAqACAwqP_path",
        "type" : "Path",
        "points" : [ {
          "x" : 878,
          "y" : 40
        }, {
          "x" : 878,
          "y" : 97
        }, {
          "x" : 450,
          "y" : 97
        }, {
          "x" : 450,
          "y" : 172
        } ]
      },
      "source" : {
        "id" : "a44Lrv6GAqACAwpb",
        "type" : "ClassView"
      },
      "target" : {
        "id" : "kICLrv6GAqACAwp0",
        "type" : "ClassView"
      }
    }, {
      "id" : "lVLLrv6GAqACAwq4",
      "type" : "RelationView",
      "modelElement" : {
        "id" : "xVLLrv6GAqACAwqz",
        "type" : "Relation"
      },
      "shape" : {
        "id" : "lVLLrv6GAqACAwq4_path",
        "type" : "Path",
        "points" : [ {
          "x" : 426,
          "y" : 172
        }, {
          "x" : 426,
          "y" : 22
        }, {
          "x" : 840,
          "y" : 22
        } ]
      },
      "source" : {
        "id" : "kICLrv6GAqACAwp0",
        "type" : "ClassView"
      },
      "target" : {
        "id" : "a44Lrv6GAqACAwpb",
        "type" : "ClassView"
      }
    }, {
      "id" : "vR8r7v6GAqACAwsG",
      "type" : "ClassView",
      "modelElement" : {
        "id" : "vR8r7v6GAqACAwsH",
        "type" : "Class"
      },
      "shape" : {
        "id" : "vR8r7v6GAqACAwsG_shape",
        "type" : "Rectangle",
        "x" : 604,
        "y" : 316,
        "width" : 80,
        "height" : 40
      }
    }, {
      "id" : "0FHpP76AUBgIYwuq",
      "type" : "RelationView",
      "modelElement" : {
        "id" : "gFHpP76AUBgIYwul",
        "type" : "Relation"
      },
      "shape" : {
        "id" : "0FHpP76AUBgIYwuq_path",
        "type" : "Path",
        "points" : [ {
          "x" : 473,
          "y" : 517
        }, {
          "x" : 473,
          "y" : 669
        } ]
      },
      "source" : {
        "id" : "I2_xP76AUBgIYwnK",
        "type" : "ClassView"
      },
      "target" : {
        "id" : "GbwJP76AUBgIYwnr",
        "type" : "ClassView"
      }
    }, {
      "id" : "NlkJP76AUBgIYwoX",
      "type" : "ClassView",
      "modelElement" : {
        "id" : "NlkJP76AUBgIYwoY",
        "type" : "Class"
      },
      "shape" : {
        "id" : "NlkJP76AUBgIYwoX_shape",
        "type" : "Rectangle",
        "x" : 1084,
        "y" : 696,
        "width" : 138,
        "height" : 40
      }
    }, {
      "id" : "wB9xP76AUBgIYwmV",
      "type" : "ClassView",
      "modelElement" : {
        "id" : "EB9xP76AUBgIYwmW",
        "type" : "Class"
      },
      "shape" : {
        "id" : "wB9xP76AUBgIYwmV_shape",
        "type" : "Rectangle",
        "x" : 416,
        "y" : 308,
        "width" : 102,
        "height" : 40
      }
    } ]
  } ]
}