{
  "id" : "EjPj0KGAUB0wqAng",
  "name" : "ISD_courseProject_UniMatch",
  "description" : null,
  "type" : "Project",
  "model" : {
    "id" : "EjPj0KGAUB0wqAng_root",
    "name" : "ISD_courseProject_UniMatch",
    "description" : null,
    "type" : "Package",
    "propertyAssignments" : null,
    "contents" : [ {
      "id" : "_7YT0KGAUB0wqA3G",
      "name" : "Educational Organization",
      "description" : null,
      "type" : "Class",
      "propertyAssignments" : null,
      "stereotype" : "kind",
      "isAbstract" : false,
      "isDerived" : false,
      "properties" : null,
      "isExtensional" : null,
      "isPowertype" : null,
      "order" : null,
      "literals" : null,
      "restrictedTo" : [ "functional-complex" ]
    }, {
      "id" : "kUMT0KGAUB0wqA3S",
      "name" : "University",
      "description" : null,
      "type" : "Class",
      "propertyAssignments" : null,
      "stereotype" : "subkind",
      "isAbstract" : false,
      "isDerived" : false,
      "properties" : null,
      "isExtensional" : false,
      "isPowertype" : null,
      "order" : null,
      "literals" : null,
      "restrictedTo" : [ "functional-complex" ]
    }, {
      "id" : "ldsT0KGAUB0wqA3c",
      "name" : "Institute",
      "description" : null,
      "type" : "Class",
      "propertyAssignments" : null,
      "stereotype" : "subkind",
      "isAbstract" : false,
      "isDerived" : false,
      "properties" : null,
      "isExtensional" : false,
      "isPowertype" : null,
      "order" : null,
      "literals" : null,
      "restrictedTo" : [ "functional-complex" ]
    }, {
      "id" : "kNiT0KGAUB0wqA3s",
      "name" : "Vocational school",
      "description" : null,
      "type" : "Class",
      "propertyAssignments" : null,
      "stereotype" : "subkind",
      "isAbstract" : false,
      "isDerived" : false,
      "properties" : null,
      "isExtensional" : false,
      "isPowertype" : null,
      "order" : null,
      "literals" : null,
      "restrictedTo" : [ "functional-complex" ]
    }, {
      "id" : "PUhT0KGAUB0wqA38",
      "name" : "College",
      "description" : null,
      "type" : "Class",
      "propertyAssignments" : null,
      "stereotype" : "subkind",
      "isAbstract" : false,
      "isDerived" : false,
      "properties" : null,
      "isExtensional" : false,
      "isPowertype" : null,
      "order" : null,
      "literals" : null,
      "restrictedTo" : [ "functional-complex" ]
    }, {
      "id" : "Vf3L0KGAUB0wqA8q",
      "name" : "Study Program",
      "description" : null,
      "type" : "Class",
      "propertyAssignments" : null,
      "stereotype" : "kind",
      "isAbstract" : false,
      "isDerived" : false,
      "properties" : null,
      "isExtensional" : null,
      "isPowertype" : null,
      "order" : null,
      "literals" : null,
      "restrictedTo" : [ "functional-complex" ]
    }, {
      "id" : "qgUr0KGAUB0wqA9J",
      "name" : "Applicant",
      "description" : null,
      "type" : "Class",
      "propertyAssignments" : null,
      "stereotype" : "kind",
      "isAbstract" : false,
      "isDerived" : false,
      "properties" : null,
      "isExtensional" : null,
      "isPowertype" : null,
      "order" : null,
      "literals" : null,
      "restrictedTo" : [ "functional-complex" ]
    }, {
      "id" : "f8Cr0KGAUB0wqA9n",
      "name" : "Employment History",
      "description" : null,
      "type" : "Class",
      "propertyAssignments" : null,
      "stereotype" : "kind",
      "isAbstract" : false,
      "isDerived" : false,
      "properties" : null,
      "isExtensional" : null,
      "isPowertype" : null,
      "order" : null,
      "literals" : null,
      "restrictedTo" : [ "functional-complex" ]
    }, {
      "id" : "Dzwb0KGAUB0wqA.x",
      "name" : "Educational History",
      "description" : null,
      "type" : "Class",
      "propertyAssignments" : null,
      "stereotype" : "kind",
      "isAbstract" : false,
      "isDerived" : false,
      "properties" : null,
      "isExtensional" : null,
      "isPowertype" : null,
      "order" : null,
      "literals" : null,
      "restrictedTo" : [ "functional-complex" ]
    }, {
      "id" : "0eln0KGAUB0wqBH5",
      "name" : "Hobbies",
      "description" : null,
      "type" : "Class",
      "propertyAssignments" : null,
      "stereotype" : "kind",
      "isAbstract" : false,
      "isDerived" : false,
      "properties" : null,
      "isExtensional" : null,
      "isPowertype" : null,
      "order" : null,
      "literals" : null,
      "restrictedTo" : [ "functional-complex" ]
    }, {
      "id" : "4MEv0KGAUB0wqBSU",
      "name" : "Course",
      "description" : null,
      "type" : "Class",
      "propertyAssignments" : null,
      "stereotype" : "kind",
      "isAbstract" : false,
      "isDerived" : false,
      "properties" : null,
      "isExtensional" : null,
      "isPowertype" : null,
      "order" : null,
      "literals" : null,
      "restrictedTo" : [ "functional-complex" ]
    }, {
      "id" : "Oh1opKGFYEAAhQox",
      "name" : "Academic Instructor",
      "description" : null,
      "type" : "Class",
      "propertyAssignments" : null,
      "stereotype" : "kind",
      "isAbstract" : false,
      "isDerived" : false,
      "properties" : null,
      "isExtensional" : null,
      "isPowertype" : null,
      "order" : null,
      "literals" : null,
      "restrictedTo" : [ "functional-complex" ]
    }, {
      "id" : "z3N4pKGFYEAAhQrp",
      "name" : "High School Graduate",
      "description" : null,
      "type" : "Class",
      "propertyAssignments" : null,
      "stereotype" : "phase",
      "isAbstract" : false,
      "isDerived" : false,
      "properties" : null,
      "isExtensional" : false,
      "isPowertype" : null,
      "order" : null,
      "literals" : null,
      "restrictedTo" : [ "functional-complex" ]
    }, {
      "id" : "1Pt4pKGFYEAAhQr7",
      "name" : "Masters Graduate",
      "description" : null,
      "type" : "Class",
      "propertyAssignments" : null,
      "stereotype" : "phase",
      "isAbstract" : false,
      "isDerived" : false,
      "properties" : null,
      "isExtensional" : false,
      "isPowertype" : null,
      "order" : null,
      "literals" : null,
      "restrictedTo" : [ "functional-complex" ]
    }, {
      "id" : "Xsb4pKGFYEAAhQsE",
      "name" : "Bachelor Graduate",
      "description" : null,
      "type" : "Class",
      "propertyAssignments" : null,
      "stereotype" : "phase",
      "isAbstract" : false,
      "isDerived" : false,
      "properties" : null,
      "isExtensional" : false,
      "isPowertype" : null,
      "order" : null,
      "literals" : null,
      "restrictedTo" : [ "functional-complex" ]
    }, {
      "id" : "maPEpKGFYEAAhQtv",
      "name" : "Co-Op Program",
      "description" : null,
      "type" : "Class",
      "propertyAssignments" : null,
      "stereotype" : "subkind",
      "isAbstract" : false,
      "isDerived" : false,
      "properties" : null,
      "isExtensional" : false,
      "isPowertype" : null,
      "order" : null,
      "literals" : null,
      "restrictedTo" : [ "functional-complex" ]
    }, {
      "id" : "ZmvEpKGFYEAAhQt6",
      "name" : "Part Time",
      "description" : null,
      "type" : "Class",
      "propertyAssignments" : null,
      "stereotype" : "subkind",
      "isAbstract" : false,
      "isDerived" : false,
      "properties" : null,
      "isExtensional" : false,
      "isPowertype" : null,
      "order" : null,
      "literals" : null,
      "restrictedTo" : [ "functional-complex" ]
    }, {
      "id" : "e2AkpKGFYEAAhQuD",
      "name" : "Online",
      "description" : null,
      "type" : "Class",
      "propertyAssignments" : null,
      "stereotype" : "subkind",
      "isAbstract" : false,
      "isDerived" : false,
      "properties" : null,
      "isExtensional" : false,
      "isPowertype" : null,
      "order" : null,
      "literals" : null,
      "restrictedTo" : [ "functional-complex" ]
    }, {
      "id" : "Q7AkpKGFYEAAhQuM",
      "name" : "Full Time",
      "description" : null,
      "type" : "Class",
      "propertyAssignments" : null,
      "stereotype" : "subkind",
      "isAbstract" : false,
      "isDerived" : false,
      "properties" : null,
      "isExtensional" : false,
      "isPowertype" : null,
      "order" : null,
      "literals" : null,
      "restrictedTo" : [ "functional-complex" ]
    }, {
      "id" : "TFacpKGFYEAAhQ65",
      "name" : "Machine Learning",
      "description" : null,
      "type" : "Class",
      "propertyAssignments" : null,
      "stereotype" : "abstract",
      "isAbstract" : false,
      "isDerived" : false,
      "properties" : null,
      "isExtensional" : null,
      "isPowertype" : null,
      "order" : null,
      "literals" : null,
      "restrictedTo" : [ "abstract" ]
    }, {
      "id" : "C5sypKGFYEAAhQ9t",
      "name" : "Country",
      "description" : null,
      "type" : "Class",
      "propertyAssignments" : null,
      "stereotype" : "kind",
      "isAbstract" : false,
      "isDerived" : false,
      "properties" : null,
      "isExtensional" : null,
      "isPowertype" : null,
      "order" : null,
      "literals" : null,
      "restrictedTo" : [ "functional-complex" ]
    }, {
      "id" : "w_8ypKGFYEAAhQ98",
      "name" : "City",
      "description" : null,
      "type" : "Class",
      "propertyAssignments" : null,
      "stereotype" : "kind",
      "isAbstract" : false,
      "isDerived" : false,
      "properties" : null,
      "isExtensional" : null,
      "isPowertype" : null,
      "order" : null,
      "literals" : null,
      "restrictedTo" : [ "functional-complex" ]
    }, {
      "id" : "QnTORqGGAqBwAQx7",
      "name" : "Faculty",
      "description" : null,
      "type" : "Class",
      "propertyAssignments" : null,
      "stereotype" : "kind",
      "isAbstract" : false,
      "isDerived" : false,
      "properties" : null,
      "isExtensional" : null,
      "isPowertype" : null,
      "order" : null,
      "literals" : null,
      "restrictedTo" : [ "functional-complex" ]
    }, {
      "id" : "KpzoNaGAUB0yoQtb",
      "name" : "Local Languages",
      "description" : null,
      "type" : "Class",
      "propertyAssignments" : null,
      "stereotype" : "kind",
      "isAbstract" : false,
      "isDerived" : false,
      "properties" : null,
      "isExtensional" : null,
      "isPowertype" : null,
      "order" : null,
      "literals" : null,
      "restrictedTo" : [ "functional-complex" ]
    }, {
      "id" : "E6TENaGAUB0yoQw3",
      "name" : "Admission Period",
      "description" : null,
      "type" : "Class",
      "propertyAssignments" : null,
      "stereotype" : "relator",
      "isAbstract" : false,
      "isDerived" : false,
      "properties" : null,
      "isExtensional" : null,
      "isPowertype" : null,
      "order" : null,
      "literals" : null,
      "restrictedTo" : [ "relator" ]
    }, {
      "id" : "6QaMNaGAUB0yoQ1J",
      "name" : "Degree Requirement",
      "description" : null,
      "type" : "Class",
      "propertyAssignments" : null,
      "stereotype" : "kind",
      "isAbstract" : false,
      "isDerived" : false,
      "properties" : null,
      "isExtensional" : null,
      "isPowertype" : null,
      "order" : null,
      "literals" : null,
      "restrictedTo" : [ "functional-complex" ]
    }, {
      "id" : "7RNfnaGAUB0yKQtz",
      "name" : "Language",
      "description" : null,
      "type" : "Class",
      "propertyAssignments" : null,
      "stereotype" : "kind",
      "isAbstract" : false,
      "isDerived" : false,
      "properties" : null,
      "isExtensional" : null,
      "isPowertype" : null,
      "order" : null,
      "literals" : null,
      "restrictedTo" : [ "functional-complex" ]
    }, {
      "id" : "iYQ_naGAUB0yKQux",
      "name" : "Language Requirement",
      "description" : null,
      "type" : "Class",
      "propertyAssignments" : null,
      "stereotype" : "kind",
      "isAbstract" : false,
      "isDerived" : false,
      "properties" : null,
      "isExtensional" : null,
      "isPowertype" : null,
      "order" : null,
      "literals" : null,
      "restrictedTo" : [ "functional-complex" ]
    }, {
      "id" : "p0Oo3aGAUB0yKQ2j",
      "name" : "Student Club",
      "description" : null,
      "type" : "Class",
      "propertyAssignments" : null,
      "stereotype" : "kind",
      "isAbstract" : false,
      "isDerived" : false,
      "properties" : null,
      "isExtensional" : null,
      "isPowertype" : null,
      "order" : null,
      "literals" : null,
      "restrictedTo" : [ "functional-complex" ]
    }, {
      "id" : "ZNVVY6GGAqACawvx",
      "name" : "Application",
      "description" : null,
      "type" : "Class",
      "propertyAssignments" : null,
      "stereotype" : "relator",
      "isAbstract" : false,
      "isDerived" : false,
      "properties" : null,
      "isExtensional" : null,
      "isPowertype" : null,
      "order" : null,
      "literals" : null,
      "restrictedTo" : [ "relator" ]
    }, {
      "id" : "iHziU6GAUB0yKQvz",
      "name" : "Employed",
      "description" : null,
      "type" : "Class",
      "propertyAssignments" : null,
      "stereotype" : "phase",
      "isAbstract" : false,
      "isDerived" : false,
      "properties" : null,
      "isExtensional" : false,
      "isPowertype" : null,
      "order" : null,
      "literals" : null,
      "restrictedTo" : [ "functional-complex" ]
    }, {
      "id" : "pjriU6GAUB0yKQwN",
      "name" : "Unemployed",
      "description" : null,
      "type" : "Class",
      "propertyAssignments" : null,
      "stereotype" : "phase",
      "isAbstract" : false,
      "isDerived" : false,
      "properties" : null,
      "isExtensional" : false,
      "isPowertype" : null,
      "order" : null,
      "literals" : null,
      "restrictedTo" : [ "functional-complex" ]
    }, {
      "id" : "huAaU6GAUB0yKRAR",
      "name" : "In Presence",
      "description" : null,
      "type" : "Class",
      "propertyAssignments" : null,
      "stereotype" : "subkind",
      "isAbstract" : false,
      "isDerived" : false,
      "properties" : null,
      "isExtensional" : false,
      "isPowertype" : null,
      "order" : null,
      "literals" : null,
      "restrictedTo" : [ "functional-complex" ]
    }, {
      "id" : "xv5GU6GAUB0yKRE0",
      "name" : "Hybrid",
      "description" : null,
      "type" : "Class",
      "propertyAssignments" : null,
      "stereotype" : "subkind",
      "isAbstract" : false,
      "isDerived" : false,
      "properties" : null,
      "isExtensional" : false,
      "isPowertype" : null,
      "order" : null,
      "literals" : null,
      "restrictedTo" : [ "functional-complex" ]
    }, {
      "id" : "E6JL0KGAUB0wqA6b",
      "name" : "",
      "description" : null,
      "type" : "Generalization",
      "propertyAssignments" : null,
      "general" : {
        "id" : "_7YT0KGAUB0wqA3G",
        "type" : "Class"
      },
      "specific" : {
        "id" : "kNiT0KGAUB0wqA3s",
        "type" : "Class"
      }
    }, {
      "id" : "f_jL0KGAUB0wqA7W",
      "name" : "",
      "description" : null,
      "type" : "Generalization",
      "propertyAssignments" : null,
      "general" : {
        "id" : "_7YT0KGAUB0wqA3G",
        "type" : "Class"
      },
      "specific" : {
        "id" : "ldsT0KGAUB0wqA3c",
        "type" : "Class"
      }
    }, {
      "id" : "9wzL0KGAUB0wqA7n",
      "name" : "",
      "description" : null,
      "type" : "Generalization",
      "propertyAssignments" : null,
      "general" : {
        "id" : "_7YT0KGAUB0wqA3G",
        "type" : "Class"
      },
      "specific" : {
        "id" : "PUhT0KGAUB0wqA38",
        "type" : "Class"
      }
    }, {
      "id" : "tpLL0KGAUB0wqA74",
      "name" : "",
      "description" : null,
      "type" : "Generalization",
      "propertyAssignments" : null,
      "general" : {
        "id" : "_7YT0KGAUB0wqA3G",
        "type" : "Class"
      },
      "specific" : {
        "id" : "kUMT0KGAUB0wqA3S",
        "type" : "Class"
      }
    }, {
      "id" : "hk50pKGFYEAAhQ2w",
      "name" : "",
      "description" : null,
      "type" : "Generalization",
      "propertyAssignments" : null,
      "general" : {
        "id" : "qgUr0KGAUB0wqA9J",
        "type" : "Class"
      },
      "specific" : {
        "id" : "z3N4pKGFYEAAhQrp",
        "type" : "Class"
      }
    }, {
      "id" : "t6F0pKGFYEAAhQ2_",
      "name" : "",
      "description" : null,
      "type" : "Generalization",
      "propertyAssignments" : null,
      "general" : {
        "id" : "qgUr0KGAUB0wqA9J",
        "type" : "Class"
      },
      "specific" : {
        "id" : "Xsb4pKGFYEAAhQsE",
        "type" : "Class"
      }
    }, {
      "id" : "lWl0pKGFYEAAhQ3Q",
      "name" : "",
      "description" : null,
      "type" : "Generalization",
      "propertyAssignments" : null,
      "general" : {
        "id" : "qgUr0KGAUB0wqA9J",
        "type" : "Class"
      },
      "specific" : {
        "id" : "1Pt4pKGFYEAAhQr7",
        "type" : "Class"
      }
    }, {
      "id" : "4xoXxqGGAqBwARCn",
      "name" : "",
      "description" : null,
      "type" : "Generalization",
      "propertyAssignments" : null,
      "general" : {
        "id" : "Vf3L0KGAUB0wqA8q",
        "type" : "Class"
      },
      "specific" : {
        "id" : "maPEpKGFYEAAhQtv",
        "type" : "Class"
      }
    }, {
      "id" : "OCMXxqGGAqBwARCw",
      "name" : "",
      "description" : null,
      "type" : "Generalization",
      "propertyAssignments" : null,
      "general" : {
        "id" : "Vf3L0KGAUB0wqA8q",
        "type" : "Class"
      },
      "specific" : {
        "id" : "Q7AkpKGFYEAAhQuM",
        "type" : "Class"
      }
    }, {
      "id" : "KL8XxqGGAqBwARC2",
      "name" : "",
      "description" : null,
      "type" : "Generalization",
      "propertyAssignments" : null,
      "general" : {
        "id" : "Vf3L0KGAUB0wqA8q",
        "type" : "Class"
      },
      "specific" : {
        "id" : "ZmvEpKGFYEAAhQt6",
        "type" : "Class"
      }
    }, {
      "id" : "1HziU6GAUB0yKQv4",
      "name" : null,
      "description" : null,
      "type" : "Generalization",
      "propertyAssignments" : null,
      "general" : {
        "id" : "qgUr0KGAUB0wqA9J",
        "type" : "Class"
      },
      "specific" : {
        "id" : "iHziU6GAUB0yKQvz",
        "type" : "Class"
      }
    }, {
      "id" : "XjriU6GAUB0yKQwS",
      "name" : null,
      "description" : null,
      "type" : "Generalization",
      "propertyAssignments" : null,
      "general" : {
        "id" : "qgUr0KGAUB0wqA9J",
        "type" : "Class"
      },
      "specific" : {
        "id" : "pjriU6GAUB0yKQwN",
        "type" : "Class"
      }
    }, {
      "id" : "Rd2GU6GAUB0yKREF",
      "name" : null,
      "description" : null,
      "type" : "Generalization",
      "propertyAssignments" : null,
      "general" : {
        "id" : "Vf3L0KGAUB0wqA8q",
        "type" : "Class"
      },
      "specific" : {
        "id" : "e2AkpKGFYEAAhQuD",
        "type" : "Class"
      }
    }, {
      "id" : "9.OGU6GAUB0yKREU",
      "name" : null,
      "description" : null,
      "type" : "Generalization",
      "propertyAssignments" : null,
      "general" : {
        "id" : "Vf3L0KGAUB0wqA8q",
        "type" : "Class"
      },
      "specific" : {
        "id" : "huAaU6GAUB0yKRAR",
        "type" : "Class"
      }
    }, {
      "id" : "bv5GU6GAUB0yKRE5",
      "name" : null,
      "description" : null,
      "type" : "Generalization",
      "propertyAssignments" : null,
      "general" : {
        "id" : "Vf3L0KGAUB0wqA8q",
        "type" : "Class"
      },
      "specific" : {
        "id" : "xv5GU6GAUB0yKRE0",
        "type" : "Class"
      }
    }, {
      "id" : "RUTcU6GAUB0yKQ06",
      "name" : "Highest Education Level",
      "description" : null,
      "type" : "GeneralizationSet",
      "propertyAssignments" : null,
      "isDisjoint" : false,
      "isComplete" : false,
      "categorizer" : null,
      "generalizations" : [ {
        "id" : "t6F0pKGFYEAAhQ2_",
        "type" : "Generalization"
      }, {
        "id" : "hk50pKGFYEAAhQ2w",
        "type" : "Generalization"
      }, {
        "id" : "lWl0pKGFYEAAhQ3Q",
        "type" : "Generalization"
      } ]
    }, {
      "id" : "2sYSU6GAUB0yKQxT",
      "name" : "Employment Status",
      "description" : null,
      "type" : "GeneralizationSet",
      "propertyAssignments" : null,
      "isDisjoint" : false,
      "isComplete" : false,
      "categorizer" : null,
      "generalizations" : [ {
        "id" : "XjriU6GAUB0yKQwS",
        "type" : "Generalization"
      }, {
        "id" : "1HziU6GAUB0yKQv4",
        "type" : "Generalization"
      } ]
    }, {
      "id" : "SROSU6GAUB0yKQyV",
      "name" : "Educational Organization Type",
      "description" : null,
      "type" : "GeneralizationSet",
      "propertyAssignments" : null,
      "isDisjoint" : false,
      "isComplete" : false,
      "categorizer" : null,
      "generalizations" : [ {
        "id" : "tpLL0KGAUB0wqA74",
        "type" : "Generalization"
      }, {
        "id" : "E6JL0KGAUB0wqA6b",
        "type" : "Generalization"
      }, {
        "id" : "f_jL0KGAUB0wqA7W",
        "type" : "Generalization"
      }, {
        "id" : "9wzL0KGAUB0wqA7n",
        "type" : "Generalization"
      } ]
    }, {
      "id" : "wxKmU6GAUB0yKRGD",
      "name" : "Study Load",
      "description" : null,
      "type" : "GeneralizationSet",
      "propertyAssignments" : null,
      "isDisjoint" : false,
      "isComplete" : false,
      "categorizer" : null,
      "generalizations" : [ {
        "id" : "OCMXxqGGAqBwARCw",
        "type" : "Generalization"
      }, {
        "id" : "KL8XxqGGAqBwARC2",
        "type" : "Generalization"
      } ]
    }, {
      "id" : "gnGmU6GAUB0yKRGL",
      "name" : "Study Mode",
      "description" : null,
      "type" : "GeneralizationSet",
      "propertyAssignments" : null,
      "isDisjoint" : false,
      "isComplete" : false,
      "categorizer" : null,
      "generalizations" : [ {
        "id" : "bv5GU6GAUB0yKRE5",
        "type" : "Generalization"
      }, {
        "id" : "9.OGU6GAUB0yKREU",
        "type" : "Generalization"
      }, {
        "id" : "Rd2GU6GAUB0yKREF",
        "type" : "Generalization"
      } ]
    }, {
      "id" : "60O70KGAUB0wqBB4",
      "name" : null,
      "description" : null,
      "type" : "Relation",
      "propertyAssignments" : null,
      "stereotype" : "componentOf",
      "isAbstract" : false,
      "isDerived" : false,
      "properties" : [ {
        "id" : "60O70KGAUB0wqBB5",
        "name" : null,
        "description" : null,
        "type" : "Property",
        "propertyAssignments" : null,
        "stereotype" : null,
        "isDerived" : false,
        "isReadOnly" : false,
        "isOrdered" : false,
        "cardinality" : "0..*",
        "propertyType" : {
          "id" : "qgUr0KGAUB0wqA9J",
          "type" : "Class"
        },
        "subsettedProperties" : null,
        "redefinedProperties" : null,
        "aggregationKind" : "NONE"
      }, {
        "id" : "60O70KGAUB0wqBB7",
        "name" : null,
        "description" : null,
        "type" : "Property",
        "propertyAssignments" : null,
        "stereotype" : null,
        "isDerived" : false,
        "isReadOnly" : false,
        "isOrdered" : false,
        "cardinality" : "1",
        "propertyType" : {
          "id" : "f8Cr0KGAUB0wqA9n",
          "type" : "Class"
        },
        "subsettedProperties" : null,
        "redefinedProperties" : null,
        "aggregationKind" : "COMPOSITE"
      } ]
    }, {
      "id" : "y6YH0KGAUB0wqBDe",
      "name" : null,
      "description" : null,
      "type" : "Relation",
      "propertyAssignments" : null,
      "stereotype" : "componentOf",
      "isAbstract" : false,
      "isDerived" : false,
      "properties" : [ {
        "id" : "y6YH0KGAUB0wqBDf",
        "name" : null,
        "description" : null,
        "type" : "Property",
        "propertyAssignments" : null,
        "stereotype" : null,
        "isDerived" : false,
        "isReadOnly" : false,
        "isOrdered" : false,
        "cardinality" : "0..*",
        "propertyType" : {
          "id" : "qgUr0KGAUB0wqA9J",
          "type" : "Class"
        },
        "subsettedProperties" : null,
        "redefinedProperties" : null,
        "aggregationKind" : "NONE"
      }, {
        "id" : "y6YH0KGAUB0wqBDh",
        "name" : null,
        "description" : null,
        "type" : "Property",
        "propertyAssignments" : null,
        "stereotype" : null,
        "isDerived" : false,
        "isReadOnly" : false,
        "isOrdered" : false,
        "cardinality" : "1",
        "propertyType" : {
          "id" : "Dzwb0KGAUB0wqA.x",
          "type" : "Class"
        },
        "subsettedProperties" : null,
        "redefinedProperties" : null,
        "aggregationKind" : "COMPOSITE"
      } ]
    }, {
      "id" : "9dtn0KGAUB0wqBIp",
      "name" : null,
      "description" : null,
      "type" : "Relation",
      "propertyAssignments" : null,
      "stereotype" : "componentOf",
      "isAbstract" : false,
      "isDerived" : false,
      "properties" : [ {
        "id" : "9dtn0KGAUB0wqBIq",
        "name" : null,
        "description" : null,
        "type" : "Property",
        "propertyAssignments" : null,
        "stereotype" : null,
        "isDerived" : false,
        "isReadOnly" : false,
        "isOrdered" : false,
        "cardinality" : "0..*",
        "propertyType" : {
          "id" : "qgUr0KGAUB0wqA9J",
          "type" : "Class"
        },
        "subsettedProperties" : null,
        "redefinedProperties" : null,
        "aggregationKind" : "NONE"
      }, {
        "id" : "9dtn0KGAUB0wqBIs",
        "name" : null,
        "description" : null,
        "type" : "Property",
        "propertyAssignments" : null,
        "stereotype" : null,
        "isDerived" : false,
        "isReadOnly" : false,
        "isOrdered" : false,
        "cardinality" : "1",
        "propertyType" : {
          "id" : "0eln0KGAUB0wqBH5",
          "type" : "Class"
        },
        "subsettedProperties" : null,
        "redefinedProperties" : null,
        "aggregationKind" : "COMPOSITE"
      } ]
    }, {
      "id" : "2r6v0KGAUB0wqBTQ",
      "name" : null,
      "description" : null,
      "type" : "Relation",
      "propertyAssignments" : null,
      "stereotype" : "componentOf",
      "isAbstract" : false,
      "isDerived" : false,
      "properties" : [ {
        "id" : "2r6v0KGAUB0wqBTR",
        "name" : null,
        "description" : null,
        "type" : "Property",
        "propertyAssignments" : null,
        "stereotype" : null,
        "isDerived" : false,
        "isReadOnly" : false,
        "isOrdered" : false,
        "cardinality" : "1..*",
        "propertyType" : {
          "id" : "Vf3L0KGAUB0wqA8q",
          "type" : "Class"
        },
        "subsettedProperties" : null,
        "redefinedProperties" : null,
        "aggregationKind" : "NONE"
      }, {
        "id" : "2r6v0KGAUB0wqBTT",
        "name" : null,
        "description" : null,
        "type" : "Property",
        "propertyAssignments" : null,
        "stereotype" : null,
        "isDerived" : false,
        "isReadOnly" : false,
        "isOrdered" : false,
        "cardinality" : "1..*",
        "propertyType" : {
          "id" : "4MEv0KGAUB0wqBSU",
          "type" : "Class"
        },
        "subsettedProperties" : null,
        "redefinedProperties" : null,
        "aggregationKind" : "COMPOSITE"
      } ]
    }, {
      "id" : "WOxmRqGGAqBwAQwI",
      "name" : null,
      "description" : null,
      "type" : "Relation",
      "propertyAssignments" : null,
      "stereotype" : "memberOf",
      "isAbstract" : false,
      "isDerived" : false,
      "properties" : [ {
        "id" : "WOxmRqGGAqBwAQwJ",
        "name" : null,
        "description" : null,
        "type" : "Property",
        "propertyAssignments" : null,
        "stereotype" : null,
        "isDerived" : false,
        "isReadOnly" : false,
        "isOrdered" : false,
        "cardinality" : "1..*",
        "propertyType" : {
          "id" : "Oh1opKGFYEAAhQox",
          "type" : "Class"
        },
        "subsettedProperties" : null,
        "redefinedProperties" : null,
        "aggregationKind" : "NONE"
      }, {
        "id" : "WOxmRqGGAqBwAQwL",
        "name" : null,
        "description" : null,
        "type" : "Property",
        "propertyAssignments" : null,
        "stereotype" : null,
        "isDerived" : false,
        "isReadOnly" : false,
        "isOrdered" : false,
        "cardinality" : "1..*",
        "propertyType" : {
          "id" : "_7YT0KGAUB0wqA3G",
          "type" : "Class"
        },
        "subsettedProperties" : null,
        "redefinedProperties" : null,
        "aggregationKind" : "SHARED"
      } ]
    }, {
      "id" : "70V.RqGGAqBwAQ0y",
      "name" : null,
      "description" : null,
      "type" : "Relation",
      "propertyAssignments" : null,
      "stereotype" : "componentOf",
      "isAbstract" : false,
      "isDerived" : false,
      "properties" : [ {
        "id" : "70V.RqGGAqBwAQ0z",
        "name" : null,
        "description" : null,
        "type" : "Property",
        "propertyAssignments" : null,
        "stereotype" : null,
        "isDerived" : false,
        "isReadOnly" : false,
        "isOrdered" : false,
        "cardinality" : "1..*",
        "propertyType" : {
          "id" : "QnTORqGGAqBwAQx7",
          "type" : "Class"
        },
        "subsettedProperties" : null,
        "redefinedProperties" : null,
        "aggregationKind" : "NONE"
      }, {
        "id" : "70V.RqGGAqBwAQ01",
        "name" : null,
        "description" : null,
        "type" : "Property",
        "propertyAssignments" : null,
        "stereotype" : null,
        "isDerived" : false,
        "isReadOnly" : false,
        "isOrdered" : false,
        "cardinality" : "1",
        "propertyType" : {
          "id" : "_7YT0KGAUB0wqA3G",
          "type" : "Class"
        },
        "subsettedProperties" : null,
        "redefinedProperties" : null,
        "aggregationKind" : "COMPOSITE"
      } ]
    }, {
      "id" : "F98xRqGGAqBwAQ7t",
      "name" : "Recommend",
      "description" : null,
      "type" : "Relation",
      "propertyAssignments" : null,
      "stereotype" : null,
      "isAbstract" : false,
      "isDerived" : false,
      "properties" : [ {
        "id" : "F98xRqGGAqBwAQ7u",
        "name" : null,
        "description" : null,
        "type" : "Property",
        "propertyAssignments" : null,
        "stereotype" : null,
        "isDerived" : false,
        "isReadOnly" : false,
        "isOrdered" : false,
        "cardinality" : "0..1",
        "propertyType" : {
          "id" : "TFacpKGFYEAAhQ65",
          "type" : "Class"
        },
        "subsettedProperties" : null,
        "redefinedProperties" : null,
        "aggregationKind" : "NONE"
      }, {
        "id" : "F98xRqGGAqBwAQ7w",
        "name" : null,
        "description" : null,
        "type" : "Property",
        "propertyAssignments" : null,
        "stereotype" : null,
        "isDerived" : false,
        "isReadOnly" : false,
        "isOrdered" : false,
        "cardinality" : "1..*",
        "propertyType" : {
          "id" : "E6TENaGAUB0yoQw3",
          "type" : "Class"
        },
        "subsettedProperties" : null,
        "redefinedProperties" : null,
        "aggregationKind" : "NONE"
      } ]
    }, {
      "id" : "qptTxqGGAqBwAQ9j",
      "name" : "Help",
      "description" : null,
      "type" : "Relation",
      "propertyAssignments" : null,
      "stereotype" : null,
      "isAbstract" : false,
      "isDerived" : false,
      "properties" : [ {
        "id" : "qptTxqGGAqBwAQ9k",
        "name" : null,
        "description" : null,
        "type" : "Property",
        "propertyAssignments" : null,
        "stereotype" : null,
        "isDerived" : false,
        "isReadOnly" : false,
        "isOrdered" : false,
        "cardinality" : "1..*",
        "propertyType" : {
          "id" : "TFacpKGFYEAAhQ65",
          "type" : "Class"
        },
        "subsettedProperties" : null,
        "redefinedProperties" : null,
        "aggregationKind" : "NONE"
      }, {
        "id" : "qptTxqGGAqBwAQ9m",
        "name" : null,
        "description" : null,
        "type" : "Property",
        "propertyAssignments" : null,
        "stereotype" : null,
        "isDerived" : false,
        "isReadOnly" : false,
        "isOrdered" : false,
        "cardinality" : "1..*",
        "propertyType" : {
          "id" : "qgUr0KGAUB0wqA9J",
          "type" : "Class"
        },
        "subsettedProperties" : null,
        "redefinedProperties" : null,
        "aggregationKind" : "NONE"
      } ]
    }, {
      "id" : "H1abxqGGAqBwAQ_k",
      "name" : "Manages",
      "description" : null,
      "type" : "Relation",
      "propertyAssignments" : null,
      "stereotype" : null,
      "isAbstract" : false,
      "isDerived" : false,
      "properties" : [ {
        "id" : "H1abxqGGAqBwAQ_l",
        "name" : null,
        "description" : null,
        "type" : "Property",
        "propertyAssignments" : null,
        "stereotype" : null,
        "isDerived" : false,
        "isReadOnly" : true,
        "isOrdered" : false,
        "cardinality" : "1",
        "propertyType" : {
          "id" : "QnTORqGGAqBwAQx7",
          "type" : "Class"
        },
        "subsettedProperties" : null,
        "redefinedProperties" : null,
        "aggregationKind" : "NONE"
      }, {
        "id" : "H1abxqGGAqBwAQ_n",
        "name" : null,
        "description" : null,
        "type" : "Property",
        "propertyAssignments" : null,
        "stereotype" : null,
        "isDerived" : false,
        "isReadOnly" : true,
        "isOrdered" : false,
        "cardinality" : "1..*",
        "propertyType" : {
          "id" : "Vf3L0KGAUB0wqA8q",
          "type" : "Class"
        },
        "subsettedProperties" : null,
        "redefinedProperties" : null,
        "aggregationKind" : "NONE"
      } ]
    }, {
      "id" : "cQGiHqGGAqBwAQlT",
      "name" : null,
      "description" : null,
      "type" : "Relation",
      "propertyAssignments" : null,
      "stereotype" : "componentOf",
      "isAbstract" : false,
      "isDerived" : false,
      "properties" : [ {
        "id" : "cQGiHqGGAqBwAQlU",
        "name" : null,
        "description" : null,
        "type" : "Property",
        "propertyAssignments" : null,
        "stereotype" : null,
        "isDerived" : false,
        "isReadOnly" : false,
        "isOrdered" : false,
        "cardinality" : "1..*",
        "propertyType" : {
          "id" : "w_8ypKGFYEAAhQ98",
          "type" : "Class"
        },
        "subsettedProperties" : null,
        "redefinedProperties" : null,
        "aggregationKind" : "NONE"
      }, {
        "id" : "cQGiHqGGAqBwAQlW",
        "name" : null,
        "description" : null,
        "type" : "Property",
        "propertyAssignments" : null,
        "stereotype" : null,
        "isDerived" : false,
        "isReadOnly" : false,
        "isOrdered" : false,
        "cardinality" : "1",
        "propertyType" : {
          "id" : "C5sypKGFYEAAhQ9t",
          "type" : "Class"
        },
        "subsettedProperties" : null,
        "redefinedProperties" : null,
        "aggregationKind" : "COMPOSITE"
      } ]
    }, {
      "id" : "evOiHqGGAqBwAQln",
      "name" : "",
      "description" : null,
      "type" : "Relation",
      "propertyAssignments" : null,
      "stereotype" : "componentOf",
      "isAbstract" : false,
      "isDerived" : false,
      "properties" : [ {
        "id" : "evOiHqGGAqBwAQlo",
        "name" : null,
        "description" : null,
        "type" : "Property",
        "propertyAssignments" : null,
        "stereotype" : null,
        "isDerived" : false,
        "isReadOnly" : false,
        "isOrdered" : false,
        "cardinality" : "1..*",
        "propertyType" : {
          "id" : "w_8ypKGFYEAAhQ98",
          "type" : "Class"
        },
        "subsettedProperties" : null,
        "redefinedProperties" : null,
        "aggregationKind" : "NONE"
      }, {
        "id" : "evOiHqGGAqBwAQlq",
        "name" : null,
        "description" : null,
        "type" : "Property",
        "propertyAssignments" : null,
        "stereotype" : null,
        "isDerived" : false,
        "isReadOnly" : false,
        "isOrdered" : false,
        "cardinality" : "0..*",
        "propertyType" : {
          "id" : "_7YT0KGAUB0wqA3G",
          "type" : "Class"
        },
        "subsettedProperties" : null,
        "redefinedProperties" : null,
        "aggregationKind" : "COMPOSITE"
      } ]
    }, {
      "id" : "KZm_naGAUB0yKQwL",
      "name" : null,
      "description" : null,
      "type" : "Relation",
      "propertyAssignments" : null,
      "stereotype" : "componentOf",
      "isAbstract" : false,
      "isDerived" : false,
      "properties" : [ {
        "id" : "KZm_naGAUB0yKQwM",
        "name" : null,
        "description" : null,
        "type" : "Property",
        "propertyAssignments" : null,
        "stereotype" : null,
        "isDerived" : false,
        "isReadOnly" : false,
        "isOrdered" : false,
        "cardinality" : "0..1",
        "propertyType" : {
          "id" : "KpzoNaGAUB0yoQtb",
          "type" : "Class"
        },
        "subsettedProperties" : null,
        "redefinedProperties" : null,
        "aggregationKind" : "NONE"
      }, {
        "id" : "KZm_naGAUB0yKQwO",
        "name" : null,
        "description" : null,
        "type" : "Property",
        "propertyAssignments" : null,
        "stereotype" : null,
        "isDerived" : false,
        "isReadOnly" : false,
        "isOrdered" : false,
        "cardinality" : "1",
        "propertyType" : {
          "id" : "7RNfnaGAUB0yKQtz",
          "type" : "Class"
        },
        "subsettedProperties" : null,
        "redefinedProperties" : null,
        "aggregationKind" : "COMPOSITE"
      } ]
    }, {
      "id" : "ta2_naGAUB0yKQwm",
      "name" : null,
      "description" : null,
      "type" : "Relation",
      "propertyAssignments" : null,
      "stereotype" : "componentOf",
      "isAbstract" : false,
      "isDerived" : false,
      "properties" : [ {
        "id" : "ta2_naGAUB0yKQwn",
        "name" : null,
        "description" : null,
        "type" : "Property",
        "propertyAssignments" : null,
        "stereotype" : null,
        "isDerived" : false,
        "isReadOnly" : false,
        "isOrdered" : false,
        "cardinality" : "0..1",
        "propertyType" : {
          "id" : "iYQ_naGAUB0yKQux",
          "type" : "Class"
        },
        "subsettedProperties" : null,
        "redefinedProperties" : null,
        "aggregationKind" : "NONE"
      }, {
        "id" : "ta2_naGAUB0yKQwp",
        "name" : null,
        "description" : null,
        "type" : "Property",
        "propertyAssignments" : null,
        "stereotype" : null,
        "isDerived" : false,
        "isReadOnly" : false,
        "isOrdered" : false,
        "cardinality" : "1",
        "propertyType" : {
          "id" : "7RNfnaGAUB0yKQtz",
          "type" : "Class"
        },
        "subsettedProperties" : null,
        "redefinedProperties" : null,
        "aggregationKind" : "COMPOSITE"
      } ]
    }, {
      "id" : "2_EYXaGAUB0yKRCb",
      "name" : null,
      "description" : null,
      "type" : "Relation",
      "propertyAssignments" : null,
      "stereotype" : "mediation",
      "isAbstract" : false,
      "isDerived" : false,
      "properties" : [ {
        "id" : "2_EYXaGAUB0yKRCc",
        "name" : null,
        "description" : null,
        "type" : "Property",
        "propertyAssignments" : null,
        "stereotype" : null,
        "isDerived" : false,
        "isReadOnly" : false,
        "isOrdered" : false,
        "cardinality" : "1",
        "propertyType" : {
          "id" : "6QaMNaGAUB0yoQ1J",
          "type" : "Class"
        },
        "subsettedProperties" : null,
        "redefinedProperties" : null,
        "aggregationKind" : "NONE"
      }, {
        "id" : "2_EYXaGAUB0yKRCe",
        "name" : null,
        "description" : null,
        "type" : "Property",
        "propertyAssignments" : null,
        "stereotype" : null,
        "isDerived" : false,
        "isReadOnly" : true,
        "isOrdered" : false,
        "cardinality" : "0..1",
        "propertyType" : {
          "id" : "E6TENaGAUB0yoQw3",
          "type" : "Class"
        },
        "subsettedProperties" : null,
        "redefinedProperties" : null,
        "aggregationKind" : "NONE"
      } ]
    }, {
      "id" : "qlkYXaGAUB0yKRCu",
      "name" : null,
      "description" : null,
      "type" : "Relation",
      "propertyAssignments" : null,
      "stereotype" : "mediation",
      "isAbstract" : false,
      "isDerived" : false,
      "properties" : [ {
        "id" : "qlkYXaGAUB0yKRCv",
        "name" : null,
        "description" : null,
        "type" : "Property",
        "propertyAssignments" : null,
        "stereotype" : null,
        "isDerived" : false,
        "isReadOnly" : false,
        "isOrdered" : false,
        "cardinality" : "1",
        "propertyType" : {
          "id" : "iYQ_naGAUB0yKQux",
          "type" : "Class"
        },
        "subsettedProperties" : null,
        "redefinedProperties" : null,
        "aggregationKind" : "NONE"
      }, {
        "id" : "qlkYXaGAUB0yKRCx",
        "name" : null,
        "description" : null,
        "type" : "Property",
        "propertyAssignments" : null,
        "stereotype" : null,
        "isDerived" : false,
        "isReadOnly" : true,
        "isOrdered" : false,
        "cardinality" : "0..*",
        "propertyType" : {
          "id" : "E6TENaGAUB0yoQw3",
          "type" : "Class"
        },
        "subsettedProperties" : null,
        "redefinedProperties" : null,
        "aggregationKind" : "NONE"
      } ]
    }, {
      "id" : "iDtYNaGAUB0yoQvj",
      "name" : "",
      "description" : null,
      "type" : "Relation",
      "propertyAssignments" : null,
      "stereotype" : "characterization",
      "isAbstract" : false,
      "isDerived" : false,
      "properties" : [ {
        "id" : "iDtYNaGAUB0yoQvk",
        "name" : null,
        "description" : null,
        "type" : "Property",
        "propertyAssignments" : null,
        "stereotype" : null,
        "isDerived" : false,
        "isReadOnly" : false,
        "isOrdered" : false,
        "cardinality" : "1..*",
        "propertyType" : {
          "id" : "KpzoNaGAUB0yoQtb",
          "type" : "Class"
        },
        "subsettedProperties" : null,
        "redefinedProperties" : null,
        "aggregationKind" : "NONE"
      }, {
        "id" : "iDtYNaGAUB0yoQvm",
        "name" : null,
        "description" : null,
        "type" : "Property",
        "propertyAssignments" : null,
        "stereotype" : null,
        "isDerived" : false,
        "isReadOnly" : true,
        "isOrdered" : false,
        "cardinality" : "1..*",
        "propertyType" : {
          "id" : "w_8ypKGFYEAAhQ98",
          "type" : "Class"
        },
        "subsettedProperties" : null,
        "redefinedProperties" : null,
        "aggregationKind" : "NONE"
      } ]
    }, {
      "id" : "BzDo3aGAUB0yKQ3d",
      "name" : "",
      "description" : null,
      "type" : "Relation",
      "propertyAssignments" : null,
      "stereotype" : "componentOf",
      "isAbstract" : false,
      "isDerived" : false,
      "properties" : [ {
        "id" : "BzDo3aGAUB0yKQ3e",
        "name" : null,
        "description" : null,
        "type" : "Property",
        "propertyAssignments" : null,
        "stereotype" : null,
        "isDerived" : false,
        "isReadOnly" : false,
        "isOrdered" : false,
        "cardinality" : "0..*",
        "propertyType" : {
          "id" : "_7YT0KGAUB0wqA3G",
          "type" : "Class"
        },
        "subsettedProperties" : null,
        "redefinedProperties" : null,
        "aggregationKind" : "NONE"
      }, {
        "id" : "BzDo3aGAUB0yKQ3g",
        "name" : null,
        "description" : null,
        "type" : "Property",
        "propertyAssignments" : null,
        "stereotype" : null,
        "isDerived" : false,
        "isReadOnly" : false,
        "isOrdered" : false,
        "cardinality" : "1..*",
        "propertyType" : {
          "id" : "p0Oo3aGAUB0yKQ2j",
          "type" : "Class"
        },
        "subsettedProperties" : null,
        "redefinedProperties" : null,
        "aggregationKind" : "COMPOSITE"
      } ]
    }, {
      "id" : "Mqw1Y6GGAqACawyP",
      "name" : null,
      "description" : null,
      "type" : "Relation",
      "propertyAssignments" : null,
      "stereotype" : "mediation",
      "isAbstract" : false,
      "isDerived" : false,
      "properties" : [ {
        "id" : "Mqw1Y6GGAqACawyQ",
        "name" : null,
        "description" : null,
        "type" : "Property",
        "propertyAssignments" : null,
        "stereotype" : null,
        "isDerived" : false,
        "isReadOnly" : false,
        "isOrdered" : false,
        "cardinality" : "0..*",
        "propertyType" : {
          "id" : "E6TENaGAUB0yoQw3",
          "type" : "Class"
        },
        "subsettedProperties" : null,
        "redefinedProperties" : null,
        "aggregationKind" : "NONE"
      }, {
        "id" : "Mqw1Y6GGAqACawyS",
        "name" : null,
        "description" : null,
        "type" : "Property",
        "propertyAssignments" : null,
        "stereotype" : null,
        "isDerived" : false,
        "isReadOnly" : true,
        "isOrdered" : false,
        "cardinality" : "1",
        "propertyType" : {
          "id" : "ZNVVY6GGAqACawvx",
          "type" : "Class"
        },
        "subsettedProperties" : null,
        "redefinedProperties" : null,
        "aggregationKind" : "NONE"
      } ]
    }, {
      "id" : "hOI1Y6GGAqACawyi",
      "name" : null,
      "description" : null,
      "type" : "Relation",
      "propertyAssignments" : null,
      "stereotype" : "mediation",
      "isAbstract" : false,
      "isDerived" : false,
      "properties" : [ {
        "id" : "hOI1Y6GGAqACawyj",
        "name" : null,
        "description" : null,
        "type" : "Property",
        "propertyAssignments" : null,
        "stereotype" : null,
        "isDerived" : false,
        "isReadOnly" : false,
        "isOrdered" : false,
        "cardinality" : "0..*",
        "propertyType" : {
          "id" : "qgUr0KGAUB0wqA9J",
          "type" : "Class"
        },
        "subsettedProperties" : null,
        "redefinedProperties" : null,
        "aggregationKind" : "NONE"
      }, {
        "id" : "hOI1Y6GGAqACawyl",
        "name" : null,
        "description" : null,
        "type" : "Property",
        "propertyAssignments" : null,
        "stereotype" : null,
        "isDerived" : false,
        "isReadOnly" : true,
        "isOrdered" : false,
        "cardinality" : "1",
        "propertyType" : {
          "id" : "ZNVVY6GGAqACawvx",
          "type" : "Class"
        },
        "subsettedProperties" : null,
        "redefinedProperties" : null,
        "aggregationKind" : "NONE"
      } ]
    }, {
      "id" : "rX4BU6GAUB0yKRSF",
      "name" : null,
      "description" : null,
      "type" : "Relation",
      "propertyAssignments" : null,
      "stereotype" : "comparative",
      "isAbstract" : false,
      "isDerived" : false,
      "properties" : [ {
        "id" : "rX4BU6GAUB0yKRSG",
        "name" : null,
        "description" : null,
        "type" : "Property",
        "propertyAssignments" : null,
        "stereotype" : null,
        "isDerived" : false,
        "isReadOnly" : false,
        "isOrdered" : false,
        "cardinality" : "*",
        "propertyType" : {
          "id" : "0eln0KGAUB0wqBH5",
          "type" : "Class"
        },
        "subsettedProperties" : null,
        "redefinedProperties" : null,
        "aggregationKind" : "NONE"
      }, {
        "id" : "rX4BU6GAUB0yKRSI",
        "name" : null,
        "description" : null,
        "type" : "Property",
        "propertyAssignments" : null,
        "stereotype" : null,
        "isDerived" : false,
        "isReadOnly" : false,
        "isOrdered" : false,
        "cardinality" : "*",
        "propertyType" : {
          "id" : "0eln0KGAUB0wqBH5",
          "type" : "Class"
        },
        "subsettedProperties" : null,
        "redefinedProperties" : null,
        "aggregationKind" : "NONE"
      } ]
    }, {
      "id" : "9w5xU6GAUB0yKRZW",
      "name" : "Teaches",
      "description" : null,
      "type" : "Relation",
      "propertyAssignments" : null,
      "stereotype" : null,
      "isAbstract" : false,
      "isDerived" : false,
      "properties" : [ {
        "id" : "9w5xU6GAUB0yKRZX",
        "name" : null,
        "description" : null,
        "type" : "Property",
        "propertyAssignments" : null,
        "stereotype" : null,
        "isDerived" : false,
        "isReadOnly" : false,
        "isOrdered" : false,
        "cardinality" : "1..*",
        "propertyType" : {
          "id" : "Oh1opKGFYEAAhQox",
          "type" : "Class"
        },
        "subsettedProperties" : null,
        "redefinedProperties" : null,
        "aggregationKind" : "NONE"
      }, {
        "id" : "9w5xU6GAUB0yKRZZ",
        "name" : null,
        "description" : null,
        "type" : "Property",
        "propertyAssignments" : null,
        "stereotype" : null,
        "isDerived" : false,
        "isReadOnly" : true,
        "isOrdered" : false,
        "cardinality" : "1..*",
        "propertyType" : {
          "id" : "4MEv0KGAUB0wqBSU",
          "type" : "Class"
        },
        "subsettedProperties" : null,
        "redefinedProperties" : null,
        "aggregationKind" : "NONE"
      } ]
    }, {
      "id" : "6t.JU6GAUB0yKRcU",
      "name" : null,
      "description" : null,
      "type" : "Relation",
      "propertyAssignments" : null,
      "stereotype" : "mediation",
      "isAbstract" : false,
      "isDerived" : false,
      "properties" : [ {
        "id" : "6t.JU6GAUB0yKRcV",
        "name" : null,
        "description" : null,
        "type" : "Property",
        "propertyAssignments" : null,
        "stereotype" : null,
        "isDerived" : false,
        "isReadOnly" : false,
        "isOrdered" : false,
        "cardinality" : "0..*",
        "propertyType" : {
          "id" : "Vf3L0KGAUB0wqA8q",
          "type" : "Class"
        },
        "subsettedProperties" : null,
        "redefinedProperties" : null,
        "aggregationKind" : "NONE"
      }, {
        "id" : "6t.JU6GAUB0yKRcX",
        "name" : null,
        "description" : null,
        "type" : "Property",
        "propertyAssignments" : null,
        "stereotype" : null,
        "isDerived" : false,
        "isReadOnly" : true,
        "isOrdered" : false,
        "cardinality" : "1",
        "propertyType" : {
          "id" : "E6TENaGAUB0yoQw3",
          "type" : "Class"
        },
        "subsettedProperties" : null,
        "redefinedProperties" : null,
        "aggregationKind" : "NONE"
      } ]
    } ]
  },
  "diagrams" : [ {
    "id" : "nFoT0KGAUB0wqA27",
    "name" : "UML model of concepts",
    "description" : null,
    "type" : "Diagram",
    "owner" : {
      "id" : "EjPj0KGAUB0wqAng_root",
      "type" : "Package"
    },
    "contents" : [ {
      "id" : "vv5GU6GAUB0yKRE6",
      "type" : "GeneralizationView",
      "modelElement" : {
        "id" : "bv5GU6GAUB0yKRE5",
        "type" : "Generalization"
      },
      "shape" : {
        "id" : "vv5GU6GAUB0yKRE6_path",
        "type" : "Path",
        "points" : [ {
          "x" : 795,
          "y" : 368
        }, {
          "x" : 751,
          "y" : 368
        }, {
          "x" : 718,
          "y" : 368
        } ]
      },
      "source" : {
        "id" : "Vf3L0KGAUB0wqA8p",
        "type" : "ClassView"
      },
      "target" : {
        "id" : "xv5GU6GAUB0yKREz",
        "type" : "ClassView"
      }
    }, {
      "id" : "xv5GU6GAUB0yKREz",
      "type" : "ClassView",
      "modelElement" : {
        "id" : "xv5GU6GAUB0yKRE0",
        "type" : "Class"
      },
      "shape" : {
        "id" : "xv5GU6GAUB0yKREz_shape",
        "type" : "Rectangle",
        "x" : 638,
        "y" : 349,
        "width" : 80,
        "height" : 40
      }
    }, {
      "id" : "xDtYNaGAUB0yoQvo",
      "type" : "RelationView",
      "modelElement" : {
        "id" : "iDtYNaGAUB0yoQvj",
        "type" : "Relation"
      },
      "shape" : {
        "id" : "xDtYNaGAUB0yoQvo_path",
        "type" : "Path",
        "points" : [ {
          "x" : 547,
          "y" : 535
        }, {
          "x" : 547,
          "y" : 585
        } ]
      },
      "source" : {
        "id" : "KpzoNaGAUB0yoQta",
        "type" : "ClassView"
      },
      "target" : {
        "id" : "w_8ypKGFYEAAhQ97",
        "type" : "ClassView"
      }
    }, {
      "id" : "4MEv0KGAUB0wqBST",
      "type" : "ClassView",
      "modelElement" : {
        "id" : "4MEv0KGAUB0wqBSU",
        "type" : "Class"
      },
      "shape" : {
        "id" : "4MEv0KGAUB0wqBST_shape",
        "type" : "Rectangle",
        "x" : 1074,
        "y" : 349,
        "width" : 80,
        "height" : 40
      }
    }, {
      "id" : "1Pt4pKGFYEAAhQr6",
      "type" : "ClassView",
      "modelElement" : {
        "id" : "1Pt4pKGFYEAAhQr7",
        "type" : "Class"
      },
      "shape" : {
        "id" : "1Pt4pKGFYEAAhQr6_shape",
        "type" : "Rectangle",
        "x" : 1290,
        "y" : 320,
        "width" : 103,
        "height" : 40
      }
    }, {
      "id" : "fX4BU6GAUB0yKRSK",
      "type" : "RelationView",
      "modelElement" : {
        "id" : "rX4BU6GAUB0yKRSF",
        "type" : "Relation"
      },
      "shape" : {
        "id" : "fX4BU6GAUB0yKRSK_path",
        "type" : "Path",
        "points" : [ {
          "x" : 1308,
          "y" : 78
        }, {
          "x" : 1308,
          "y" : 59
        }, {
          "x" : 1369,
          "y" : 59
        }, {
          "x" : 1369,
          "y" : 98
        }, {
          "x" : 1349,
          "y" : 98
        } ]
      },
      "source" : {
        "id" : "0eln0KGAUB0wqBH4",
        "type" : "ClassView"
      },
      "target" : {
        "id" : "0eln0KGAUB0wqBH4",
        "type" : "ClassView"
      }
    }, {
      "id" : "XWl0pKGFYEAAhQ3R",
      "type" : "GeneralizationView",
      "modelElement" : {
        "id" : "lWl0pKGFYEAAhQ3Q",
        "type" : "Generalization"
      },
      "shape" : {
        "id" : "XWl0pKGFYEAAhQ3R_path",
        "type" : "Path",
        "points" : [ {
          "x" : 1272,
          "y" : 229
        }, {
          "x" : 1272,
          "y" : 267
        }, {
          "x" : 1311,
          "y" : 267
        }, {
          "x" : 1311,
          "y" : 320
        } ]
      },
      "source" : {
        "id" : "qgUr0KGAUB0wqA9I",
        "type" : "ClassView"
      },
      "target" : {
        "id" : "1Pt4pKGFYEAAhQr6",
        "type" : "ClassView"
      }
    }, {
      "id" : "T3N4pKGFYEAAhQro",
      "type" : "ClassView",
      "modelElement" : {
        "id" : "z3N4pKGFYEAAhQrp",
        "type" : "Class"
      },
      "shape" : {
        "id" : "T3N4pKGFYEAAhQro_shape",
        "type" : "Rectangle",
        "x" : 1217,
        "y" : 425,
        "width" : 126,
        "height" : 40
      }
    }, {
      "id" : "dxoXxqGGAqBwARCo",
      "type" : "GeneralizationView",
      "modelElement" : {
        "id" : "4xoXxqGGAqBwARCn",
        "type" : "Generalization"
      },
      "shape" : {
        "id" : "dxoXxqGGAqBwARCo_path",
        "type" : "Path",
        "points" : [ {
          "x" : 874,
          "y" : 348
        }, {
          "x" : 874,
          "y" : 300
        } ]
      },
      "source" : {
        "id" : "Vf3L0KGAUB0wqA8p",
        "type" : "ClassView"
      },
      "target" : {
        "id" : "maPEpKGFYEAAhQtu",
        "type" : "ClassView"
      }
    }, {
      "id" : "0eln0KGAUB0wqBH4",
      "type" : "ClassView",
      "modelElement" : {
        "id" : "0eln0KGAUB0wqBH5",
        "type" : "Class"
      },
      "shape" : {
        "id" : "0eln0KGAUB0wqBH4_shape",
        "type" : "Rectangle",
        "x" : 1268,
        "y" : 78,
        "width" : 80,
        "height" : 40
      }
    }, {
      "id" : "Vf3L0KGAUB0wqA8p",
      "type" : "ClassView",
      "modelElement" : {
        "id" : "Vf3L0KGAUB0wqA8q",
        "type" : "Class"
      },
      "shape" : {
        "id" : "Vf3L0KGAUB0wqA8p_shape",
        "type" : "Rectangle",
        "x" : 797,
        "y" : 349,
        "width" : 90,
        "height" : 40
      }
    }, {
      "id" : "TFacpKGFYEAAhQ64",
      "type" : "ClassView",
      "modelElement" : {
        "id" : "TFacpKGFYEAAhQ65",
        "type" : "Class"
      },
      "shape" : {
        "id" : "TFacpKGFYEAAhQ64_shape",
        "type" : "Rectangle",
        "x" : 1013,
        "y" : 99,
        "width" : 107,
        "height" : 40
      }
    }, {
      "id" : "ZNVVY6GGAqACawvw",
      "type" : "ClassView",
      "modelElement" : {
        "id" : "ZNVVY6GGAqACawvx",
        "type" : "Class"
      },
      "shape" : {
        "id" : "ZNVVY6GGAqACawvw_shape",
        "type" : "Rectangle",
        "x" : 1027,
        "y" : 188,
        "width" : 80,
        "height" : 40
      }
    }, {
      "id" : "Hw5xU6GAUB0yKRZb",
      "type" : "RelationView",
      "modelElement" : {
        "id" : "9w5xU6GAUB0yKRZW",
        "type" : "Relation"
      },
      "shape" : {
        "id" : "Hw5xU6GAUB0yKRZb_path",
        "type" : "Path",
        "points" : [ {
          "x" : 1115,
          "y" : 466
        }, {
          "x" : 1115,
          "y" : 390
        } ]
      },
      "source" : {
        "id" : "Oh1opKGFYEAAhQow",
        "type" : "ClassView"
      },
      "target" : {
        "id" : "4MEv0KGAUB0wqBST",
        "type" : "ClassView"
      }
    }, {
      "id" : "_JKJU6GAUB0yKRb0",
      "type" : "RelationView",
      "modelElement" : {
        "id" : "60O70KGAUB0wqBB4",
        "type" : "Relation"
      },
      "shape" : {
        "id" : "_JKJU6GAUB0yKRb0_path",
        "type" : "Path",
        "points" : [ {
          "x" : 1457,
          "y" : 197
        }, {
          "x" : 1312,
          "y" : 197
        } ]
      },
      "source" : {
        "id" : "f8Cr0KGAUB0wqA9m",
        "type" : "ClassView"
      },
      "target" : {
        "id" : "qgUr0KGAUB0wqA9I",
        "type" : "ClassView"
      }
    }, {
      "id" : "E6TENaGAUB0yoQw2",
      "type" : "ClassView",
      "modelElement" : {
        "id" : "E6TENaGAUB0yoQw3",
        "type" : "Class"
      },
      "shape" : {
        "id" : "E6TENaGAUB0yoQw2_shape",
        "type" : "Rectangle",
        "x" : 791,
        "y" : 188,
        "width" : 105,
        "height" : 40
      }
    }, {
      "id" : "36F0pKGFYEAAhQ3A",
      "type" : "GeneralizationView",
      "modelElement" : {
        "id" : "t6F0pKGFYEAAhQ2_",
        "type" : "Generalization"
      },
      "shape" : {
        "id" : "36F0pKGFYEAAhQ3A_path",
        "type" : "Path",
        "points" : [ {
          "x" : 1272,
          "y" : 229
        }, {
          "x" : 1272,
          "y" : 373
        } ]
      },
      "source" : {
        "id" : "qgUr0KGAUB0wqA9I",
        "type" : "ClassView"
      },
      "target" : {
        "id" : "Xsb4pKGFYEAAhQsD",
        "type" : "ClassView"
      }
    }, {
      "id" : "kMV.RqGGAqBwAQ03",
      "type" : "RelationView",
      "modelElement" : {
        "id" : "70V.RqGGAqBwAQ0y",
        "type" : "Relation"
      },
      "shape" : {
        "id" : "kMV.RqGGAqBwAQ03_path",
        "type" : "Path",
        "points" : [ {
          "x" : 843,
          "y" : 508
        }, {
          "x" : 843,
          "y" : 585
        } ]
      },
      "source" : {
        "id" : "gnTORqGGAqBwAQx6",
        "type" : "ClassView"
      },
      "target" : {
        "id" : "_7YT0KGAUB0wqA3F",
        "type" : "ClassView"
      }
    }, {
      "id" : "qgUr0KGAUB0wqA9I",
      "type" : "ClassView",
      "modelElement" : {
        "id" : "qgUr0KGAUB0wqA9J",
        "type" : "Class"
      },
      "shape" : {
        "id" : "qgUr0KGAUB0wqA9I_shape",
        "type" : "Rectangle",
        "x" : 1232,
        "y" : 188,
        "width" : 80,
        "height" : 40
      }
    }, {
      "id" : "iYQ_naGAUB0yKQuw",
      "type" : "ClassView",
      "modelElement" : {
        "id" : "iYQ_naGAUB0yKQux",
        "type" : "Class"
      },
      "shape" : {
        "id" : "iYQ_naGAUB0yKQuw_shape",
        "type" : "Rectangle",
        "x" : 479,
        "y" : 198,
        "width" : 133,
        "height" : 40
      }
    }, {
      "id" : "kNiT0KGAUB0wqA3r",
      "type" : "ClassView",
      "modelElement" : {
        "id" : "kNiT0KGAUB0wqA3s",
        "type" : "Class"
      },
      "shape" : {
        "id" : "kNiT0KGAUB0wqA3r_shape",
        "type" : "Rectangle",
        "x" : 1070,
        "y" : 710,
        "width" : 105,
        "height" : 40
      }
    }, {
      "id" : "H.OGU6GAUB0yKREV",
      "type" : "GeneralizationView",
      "modelElement" : {
        "id" : "9.OGU6GAUB0yKREU",
        "type" : "Generalization"
      },
      "shape" : {
        "id" : "H.OGU6GAUB0yKREV_path",
        "type" : "Path",
        "points" : [ {
          "x" : 795,
          "y" : 368
        }, {
          "x" : 751,
          "y" : 368
        }, {
          "x" : 751,
          "y" : 433
        }, {
          "x" : 718,
          "y" : 433
        } ]
      },
      "source" : {
        "id" : "Vf3L0KGAUB0wqA8p",
        "type" : "ClassView"
      },
      "target" : {
        "id" : "huAaU6GAUB0yKRAQ",
        "type" : "ClassView"
      }
    }, {
      "id" : "huAaU6GAUB0yKRAQ",
      "type" : "ClassView",
      "modelElement" : {
        "id" : "huAaU6GAUB0yKRAR",
        "type" : "Class"
      },
      "shape" : {
        "id" : "huAaU6GAUB0yKRAQ_shape",
        "type" : "Rectangle",
        "x" : 638,
        "y" : 412,
        "width" : 80,
        "height" : 40
      }
    }, {
      "id" : ".Zm_naGAUB0yKQwQ",
      "type" : "RelationView",
      "modelElement" : {
        "id" : "KZm_naGAUB0yKQwL",
        "type" : "Relation"
      },
      "shape" : {
        "id" : ".Zm_naGAUB0yKQwQ_path",
        "type" : "Path",
        "points" : [ {
          "x" : 547,
          "y" : 493
        }, {
          "x" : 547,
          "y" : 387
        } ]
      },
      "source" : {
        "id" : "KpzoNaGAUB0yoQta",
        "type" : "ClassView"
      },
      "target" : {
        "id" : "7RNfnaGAUB0yKQty",
        "type" : "ClassView"
      }
    }, {
      "id" : "YiMXxqGGAqBwARCx",
      "type" : "GeneralizationView",
      "modelElement" : {
        "id" : "OCMXxqGGAqBwARCw",
        "type" : "Generalization"
      },
      "shape" : {
        "id" : "YiMXxqGGAqBwARCx_path",
        "type" : "Path",
        "points" : [ {
          "x" : 888,
          "y" : 386
        }, {
          "x" : 938,
          "y" : 386
        }, {
          "x" : 938,
          "y" : 438
        } ]
      },
      "source" : {
        "id" : "Vf3L0KGAUB0wqA8p",
        "type" : "ClassView"
      },
      "target" : {
        "id" : "Q7AkpKGFYEAAhQuL",
        "type" : "ClassView"
      }
    }, {
      "id" : "SnGmU6GAUB0yKRGN",
      "type" : "GeneralizationSetView",
      "modelElement" : {
        "id" : "gnGmU6GAUB0yKRGL",
        "type" : "GeneralizationSet"
      },
      "shape" : {
        "id" : "SnGmU6GAUB0yKRGN_shape",
        "type" : "Text",
        "x" : 716,
        "y" : 351,
        "width" : 69,
        "height" : 15,
        "value" : ""
      }
    }, {
      "id" : "yZvMU6GAUB0yKQyQ",
      "type" : "RelationView",
      "modelElement" : {
        "id" : "cQGiHqGGAqBwAQlT",
        "type" : "Relation"
      },
      "shape" : {
        "id" : "yZvMU6GAUB0yKQyQ_path",
        "type" : "Path",
        "points" : [ {
          "x" : 543,
          "y" : 626
        }, {
          "x" : 543,
          "y" : 703
        } ]
      },
      "source" : {
        "id" : "w_8ypKGFYEAAhQ97",
        "type" : "ClassView"
      },
      "target" : {
        "id" : "C5sypKGFYEAAhQ9s",
        "type" : "ClassView"
      }
    }, {
      "id" : "6QaMNaGAUB0yoQ1I",
      "type" : "ClassView",
      "modelElement" : {
        "id" : "6QaMNaGAUB0yoQ1J",
        "type" : "Class"
      },
      "shape" : {
        "id" : "6QaMNaGAUB0yoQ1I_shape",
        "type" : "Rectangle",
        "x" : 600,
        "y" : 105,
        "width" : 118,
        "height" : 40
      }
    }, {
      "id" : "Q7AkpKGFYEAAhQuL",
      "type" : "ClassView",
      "modelElement" : {
        "id" : "Q7AkpKGFYEAAhQuM",
        "type" : "Class"
      },
      "shape" : {
        "id" : "Q7AkpKGFYEAAhQuL_shape",
        "type" : "Rectangle",
        "x" : 936,
        "y" : 438,
        "width" : 80,
        "height" : 40
      }
    }, {
      "id" : "4ozhU6GAUB0yKRV.",
      "type" : "RelationView",
      "modelElement" : {
        "id" : "BzDo3aGAUB0yKQ3d",
        "type" : "Relation"
      },
      "shape" : {
        "id" : "4ozhU6GAUB0yKRV._path",
        "type" : "Path",
        "points" : [ {
          "x" : 841,
          "y" : 702
        }, {
          "x" : 841,
          "y" : 627
        } ]
      },
      "source" : {
        "id" : "J0Oo3aGAUB0yKQ2i",
        "type" : "ClassView"
      },
      "target" : {
        "id" : "_7YT0KGAUB0wqA3F",
        "type" : "ClassView"
      }
    }, {
      "id" : "GOyJU6GAUB0yKRbl",
      "type" : "RelationView",
      "modelElement" : {
        "id" : "y6YH0KGAUB0wqBDe",
        "type" : "Relation"
      },
      "shape" : {
        "id" : "GOyJU6GAUB0yKRbl_path",
        "type" : "Path",
        "points" : [ {
          "x" : 1457,
          "y" : 105
        }, {
          "x" : 1312,
          "y" : 187
        } ]
      },
      "source" : {
        "id" : "Dzwb0KGAUB0wqA.w",
        "type" : "ClassView"
      },
      "target" : {
        "id" : "qgUr0KGAUB0wqA9I",
        "type" : "ClassView"
      }
    }, {
      "id" : "hcE1Y6GGAqACawy8",
      "type" : "RelationView",
      "modelElement" : {
        "id" : "hOI1Y6GGAqACawyi",
        "type" : "Relation"
      },
      "shape" : {
        "id" : "hcE1Y6GGAqACawy8_path",
        "type" : "Path",
        "points" : [ {
          "x" : 1108,
          "y" : 208
        }, {
          "x" : 1230,
          "y" : 208
        } ]
      },
      "source" : {
        "id" : "ZNVVY6GGAqACawvw",
        "type" : "ClassView"
      },
      "target" : {
        "id" : "qgUr0KGAUB0wqA9I",
        "type" : "ClassView"
      }
    }, {
      "id" : "pjriU6GAUB0yKQwM",
      "type" : "ClassView",
      "modelElement" : {
        "id" : "pjriU6GAUB0yKQwN",
        "type" : "Class"
      },
      "shape" : {
        "id" : "pjriU6GAUB0yKQwM_shape",
        "type" : "Rectangle",
        "x" : 1429,
        "y" : 272,
        "width" : 80,
        "height" : 40
      }
    }, {
      "id" : "7RNfnaGAUB0yKQty",
      "type" : "ClassView",
      "modelElement" : {
        "id" : "7RNfnaGAUB0yKQtz",
        "type" : "Class"
      },
      "shape" : {
        "id" : "7RNfnaGAUB0yKQty_shape",
        "type" : "Rectangle",
        "x" : 506,
        "y" : 346,
        "width" : 80,
        "height" : 40
      }
    }, {
      "id" : "06JL0KGAUB0wqA6c",
      "type" : "GeneralizationView",
      "modelElement" : {
        "id" : "E6JL0KGAUB0wqA6b",
        "type" : "Generalization"
      },
      "shape" : {
        "id" : "06JL0KGAUB0wqA6c_path",
        "type" : "Path",
        "points" : [ {
          "x" : 916,
          "y" : 608
        }, {
          "x" : 1004,
          "y" : 608
        }, {
          "x" : 1004,
          "y" : 730
        }, {
          "x" : 1070,
          "y" : 730
        } ]
      },
      "source" : {
        "id" : "_7YT0KGAUB0wqA3F",
        "type" : "ClassView"
      },
      "target" : {
        "id" : "kNiT0KGAUB0wqA3r",
        "type" : "ClassView"
      }
    }, {
      "id" : "LvOiHqGGAqBwAQls",
      "type" : "RelationView",
      "modelElement" : {
        "id" : "evOiHqGGAqBwAQln",
        "type" : "Relation"
      },
      "shape" : {
        "id" : "LvOiHqGGAqBwAQls_path",
        "type" : "Path",
        "points" : [ {
          "x" : 587,
          "y" : 608
        }, {
          "x" : 771,
          "y" : 608
        } ]
      },
      "source" : {
        "id" : "w_8ypKGFYEAAhQ97",
        "type" : "ClassView"
      },
      "target" : {
        "id" : "_7YT0KGAUB0wqA3F",
        "type" : "ClassView"
      }
    }, {
      "id" : "BzBJU6GAUB0yKRcj",
      "type" : "RelationView",
      "modelElement" : {
        "id" : "6t.JU6GAUB0yKRcU",
        "type" : "Relation"
      },
      "shape" : {
        "id" : "BzBJU6GAUB0yKRcj_path",
        "type" : "Path",
        "points" : [ {
          "x" : 841,
          "y" : 229
        }, {
          "x" : 841,
          "y" : 347
        } ]
      },
      "source" : {
        "id" : "E6TENaGAUB0yoQw2",
        "type" : "ClassView"
      },
      "target" : {
        "id" : "Vf3L0KGAUB0wqA8p",
        "type" : "ClassView"
      }
    }, {
      "id" : "iHziU6GAUB0yKQvy",
      "type" : "ClassView",
      "modelElement" : {
        "id" : "iHziU6GAUB0yKQvz",
        "type" : "Class"
      },
      "shape" : {
        "id" : "iHziU6GAUB0yKQvy_shape",
        "type" : "Rectangle",
        "x" : 1429,
        "y" : 223,
        "width" : 80,
        "height" : 40
      }
    }, {
      "id" : "PUhT0KGAUB0wqA37",
      "type" : "ClassView",
      "modelElement" : {
        "id" : "PUhT0KGAUB0wqA38",
        "type" : "Class"
      },
      "shape" : {
        "id" : "PUhT0KGAUB0wqA37_shape",
        "type" : "Rectangle",
        "x" : 1082,
        "y" : 569,
        "width" : 80,
        "height" : 40
      }
    }, {
      "id" : "DpLL0KGAUB0wqA75",
      "type" : "GeneralizationView",
      "modelElement" : {
        "id" : "tpLL0KGAUB0wqA74",
        "type" : "Generalization"
      },
      "shape" : {
        "id" : "DpLL0KGAUB0wqA75_path",
        "type" : "Path",
        "points" : [ {
          "x" : 916,
          "y" : 608
        }, {
          "x" : 1004,
          "y" : 608
        }, {
          "x" : 1004,
          "y" : 683
        }, {
          "x" : 1082,
          "y" : 683
        } ]
      },
      "source" : {
        "id" : "_7YT0KGAUB0wqA3F",
        "type" : "ClassView"
      },
      "target" : {
        "id" : "EUMT0KGAUB0wqA3R",
        "type" : "ClassView"
      }
    }, {
      "id" : "DMW.U6GAUB0yKRPg",
      "type" : "RelationView",
      "modelElement" : {
        "id" : "2_EYXaGAUB0yKRCb",
        "type" : "Relation"
      },
      "shape" : {
        "id" : "DMW.U6GAUB0yKRPg_path",
        "type" : "Path",
        "points" : [ {
          "x" : 790,
          "y" : 187
        }, {
          "x" : 718,
          "y" : 145
        } ]
      },
      "source" : {
        "id" : "E6TENaGAUB0yoQw2",
        "type" : "ClassView"
      },
      "target" : {
        "id" : "6QaMNaGAUB0yoQ1I",
        "type" : "ClassView"
      }
    }, {
      "id" : "sjY1Y6GGAqACawyx",
      "type" : "RelationView",
      "modelElement" : {
        "id" : "Mqw1Y6GGAqACawyP",
        "type" : "Relation"
      },
      "shape" : {
        "id" : "sjY1Y6GGAqACawyx_path",
        "type" : "Path",
        "points" : [ {
          "x" : 1026,
          "y" : 208
        }, {
          "x" : 897,
          "y" : 208
        } ]
      },
      "source" : {
        "id" : "ZNVVY6GGAqACawvw",
        "type" : "ClassView"
      },
      "target" : {
        "id" : "E6TENaGAUB0yoQw2",
        "type" : "ClassView"
      }
    }, {
      "id" : "ATriU6GAUB0yKQwT",
      "type" : "GeneralizationView",
      "modelElement" : {
        "id" : "XjriU6GAUB0yKQwS",
        "type" : "Generalization"
      },
      "shape" : {
        "id" : "ATriU6GAUB0yKQwT_path",
        "type" : "Path",
        "points" : [ {
          "x" : 1312,
          "y" : 227
        }, {
          "x" : 1392,
          "y" : 227
        }, {
          "x" : 1392,
          "y" : 272
        }, {
          "x" : 1429,
          "y" : 272
        } ]
      },
      "source" : {
        "id" : "qgUr0KGAUB0wqA9I",
        "type" : "ClassView"
      },
      "target" : {
        "id" : "pjriU6GAUB0yKQwM",
        "type" : "ClassView"
      }
    }, {
      "id" : "Vd2GU6GAUB0yKREG",
      "type" : "GeneralizationView",
      "modelElement" : {
        "id" : "Rd2GU6GAUB0yKREF",
        "type" : "Generalization"
      },
      "shape" : {
        "id" : "Vd2GU6GAUB0yKREG_path",
        "type" : "Path",
        "points" : [ {
          "x" : 795,
          "y" : 368
        }, {
          "x" : 751,
          "y" : 368
        }, {
          "x" : 751,
          "y" : 305
        }, {
          "x" : 718,
          "y" : 305
        } ]
      },
      "source" : {
        "id" : "Vf3L0KGAUB0wqA8p",
        "type" : "ClassView"
      },
      "target" : {
        "id" : "e2AkpKGFYEAAhQuC",
        "type" : "ClassView"
      }
    }, {
      "id" : "EUMT0KGAUB0wqA3R",
      "type" : "ClassView",
      "modelElement" : {
        "id" : "kUMT0KGAUB0wqA3S",
        "type" : "Class"
      },
      "shape" : {
        "id" : "EUMT0KGAUB0wqA3R_shape",
        "type" : "Rectangle",
        "x" : 1083,
        "y" : 663,
        "width" : 80,
        "height" : 40
      }
    }, {
      "id" : "w_8ypKGFYEAAhQ97",
      "type" : "ClassView",
      "modelElement" : {
        "id" : "w_8ypKGFYEAAhQ98",
        "type" : "Class"
      },
      "shape" : {
        "id" : "w_8ypKGFYEAAhQ97_shape",
        "type" : "Rectangle",
        "x" : 506,
        "y" : 586,
        "width" : 80,
        "height" : 40
      }
    }, {
      "id" : "ANabxqGGAqBwAQ_p",
      "type" : "RelationView",
      "modelElement" : {
        "id" : "H1abxqGGAqBwAQ_k",
        "type" : "Relation"
      },
      "shape" : {
        "id" : "ANabxqGGAqBwAQ_p_path",
        "type" : "Path",
        "points" : [ {
          "x" : 843,
          "y" : 466
        }, {
          "x" : 843,
          "y" : 390
        } ]
      },
      "source" : {
        "id" : "gnTORqGGAqBwAQx6",
        "type" : "ClassView"
      },
      "target" : {
        "id" : "Vf3L0KGAUB0wqA8p",
        "type" : "ClassView"
      }
    }, {
      "id" : "_7YT0KGAUB0wqA3F",
      "type" : "ClassView",
      "modelElement" : {
        "id" : "_7YT0KGAUB0wqA3G",
        "type" : "Class"
      },
      "shape" : {
        "id" : "_7YT0KGAUB0wqA3F_shape",
        "type" : "Rectangle",
        "x" : 772,
        "y" : 586,
        "width" : 143,
        "height" : 40
      }
    }, {
      "id" : "JROSU6GAUB0yKQyX",
      "type" : "GeneralizationSetView",
      "modelElement" : {
        "id" : "SROSU6GAUB0yKQyV",
        "type" : "GeneralizationSet"
      },
      "shape" : {
        "id" : "JROSU6GAUB0yKQyX_shape",
        "type" : "Text",
        "x" : 924,
        "y" : 588,
        "width" : 161,
        "height" : 15,
        "value" : ""
      }
    }, {
      "id" : "7a2_naGAUB0yKQwr",
      "type" : "RelationView",
      "modelElement" : {
        "id" : "ta2_naGAUB0yKQwm",
        "type" : "Relation"
      },
      "shape" : {
        "id" : "7a2_naGAUB0yKQwr_path",
        "type" : "Path",
        "points" : [ {
          "x" : 546,
          "y" : 238
        }, {
          "x" : 546,
          "y" : 344
        } ]
      },
      "source" : {
        "id" : "iYQ_naGAUB0yKQuw",
        "type" : "ClassView"
      },
      "target" : {
        "id" : "7RNfnaGAUB0yKQty",
        "type" : "ClassView"
      }
    }, {
      "id" : "ZmvEpKGFYEAAhQt5",
      "type" : "ClassView",
      "modelElement" : {
        "id" : "ZmvEpKGFYEAAhQt6",
        "type" : "Class"
      },
      "shape" : {
        "id" : "ZmvEpKGFYEAAhQt5_shape",
        "type" : "Rectangle",
        "x" : 946,
        "y" : 385,
        "width" : 80,
        "height" : 40
      }
    }, {
      "id" : "gATL0KGAUB0wqA7X",
      "type" : "GeneralizationView",
      "modelElement" : {
        "id" : "f_jL0KGAUB0wqA7W",
        "type" : "Generalization"
      },
      "shape" : {
        "id" : "gATL0KGAUB0wqA7X_path",
        "type" : "Path",
        "points" : [ {
          "x" : 916,
          "y" : 608
        }, {
          "x" : 1004,
          "y" : 608
        }, {
          "x" : 1004,
          "y" : 636
        }, {
          "x" : 1082,
          "y" : 636
        } ]
      },
      "source" : {
        "id" : "_7YT0KGAUB0wqA3F",
        "type" : "ClassView"
      },
      "target" : {
        "id" : "ldsT0KGAUB0wqA3b",
        "type" : "ClassView"
      }
    }, {
      "id" : "maPEpKGFYEAAhQtu",
      "type" : "ClassView",
      "modelElement" : {
        "id" : "maPEpKGFYEAAhQtv",
        "type" : "Class"
      },
      "shape" : {
        "id" : "maPEpKGFYEAAhQtu_shape",
        "type" : "Rectangle",
        "x" : 874,
        "y" : 260,
        "width" : 92,
        "height" : 40
      }
    }, {
      "id" : "9k50pKGFYEAAhQ2x",
      "type" : "GeneralizationView",
      "modelElement" : {
        "id" : "hk50pKGFYEAAhQ2w",
        "type" : "Generalization"
      },
      "shape" : {
        "id" : "9k50pKGFYEAAhQ2x_path",
        "type" : "Path",
        "points" : [ {
          "x" : 1272,
          "y" : 229
        }, {
          "x" : 1272,
          "y" : 267
        }, {
          "x" : 1236,
          "y" : 267
        }, {
          "x" : 1236,
          "y" : 425
        } ]
      },
      "source" : {
        "id" : "qgUr0KGAUB0wqA9I",
        "type" : "ClassView"
      },
      "target" : {
        "id" : "T3N4pKGFYEAAhQro",
        "type" : "ClassView"
      }
    }, {
      "id" : "wZtTxqGGAqBwAQ9o",
      "type" : "RelationView",
      "modelElement" : {
        "id" : "qptTxqGGAqBwAQ9j",
        "type" : "Relation"
      },
      "shape" : {
        "id" : "wZtTxqGGAqBwAQ9o_path",
        "type" : "Path",
        "points" : [ {
          "x" : 1119,
          "y" : 139
        }, {
          "x" : 1230,
          "y" : 187
        } ]
      },
      "source" : {
        "id" : "TFacpKGFYEAAhQ64",
        "type" : "ClassView"
      },
      "target" : {
        "id" : "qgUr0KGAUB0wqA9I",
        "type" : "ClassView"
      }
    }, {
      "id" : "J0Oo3aGAUB0yKQ2i",
      "type" : "ClassView",
      "modelElement" : {
        "id" : "p0Oo3aGAUB0yKQ2j",
        "type" : "Class"
      },
      "shape" : {
        "id" : "J0Oo3aGAUB0yKQ2i_shape",
        "type" : "Rectangle",
        "x" : 803,
        "y" : 703,
        "width" : 80,
        "height" : 40
      }
    }, {
      "id" : "sxe.U6GAUB0yKRPz",
      "type" : "RelationView",
      "modelElement" : {
        "id" : "qlkYXaGAUB0yKRCu",
        "type" : "Relation"
      },
      "shape" : {
        "id" : "sxe.U6GAUB0yKRPz_path",
        "type" : "Path",
        "points" : [ {
          "x" : 789,
          "y" : 208
        }, {
          "x" : 612,
          "y" : 208
        } ]
      },
      "source" : {
        "id" : "E6TENaGAUB0yoQw2",
        "type" : "ClassView"
      },
      "target" : {
        "id" : "iYQ_naGAUB0yKQuw",
        "type" : "ClassView"
      }
    }, {
      "id" : "f8Cr0KGAUB0wqA9m",
      "type" : "ClassView",
      "modelElement" : {
        "id" : "f8Cr0KGAUB0wqA9n",
        "type" : "Class"
      },
      "shape" : {
        "id" : "f8Cr0KGAUB0wqA9m_shape",
        "type" : "Rectangle",
        "x" : 1458,
        "y" : 158,
        "width" : 117,
        "height" : 40
      }
    }, {
      "id" : "Xsb4pKGFYEAAhQsD",
      "type" : "ClassView",
      "modelElement" : {
        "id" : "Xsb4pKGFYEAAhQsE",
        "type" : "Class"
      },
      "shape" : {
        "id" : "Xsb4pKGFYEAAhQsD_shape",
        "type" : "Rectangle",
        "x" : 1254,
        "y" : 373,
        "width" : 109,
        "height" : 40
      }
    }, {
      "id" : "Oh1opKGFYEAAhQow",
      "type" : "ClassView",
      "modelElement" : {
        "id" : "Oh1opKGFYEAAhQox",
        "type" : "Class"
      },
      "shape" : {
        "id" : "Oh1opKGFYEAAhQow_shape",
        "type" : "Rectangle",
        "x" : 1057,
        "y" : 467,
        "width" : 117,
        "height" : 40
      }
    }, {
      "id" : "4r8XxqGGAqBwARC3",
      "type" : "GeneralizationView",
      "modelElement" : {
        "id" : "KL8XxqGGAqBwARC2",
        "type" : "Generalization"
      },
      "shape" : {
        "id" : "4r8XxqGGAqBwARC3_path",
        "type" : "Path",
        "points" : [ {
          "x" : 888,
          "y" : 386
        }, {
          "x" : 938,
          "y" : 386
        }, {
          "x" : 945,
          "y" : 386
        } ]
      },
      "source" : {
        "id" : "Vf3L0KGAUB0wqA8p",
        "type" : "ClassView"
      },
      "target" : {
        "id" : "ZmvEpKGFYEAAhQt5",
        "type" : "ClassView"
      }
    }, {
      "id" : "gnTORqGGAqBwAQx6",
      "type" : "ClassView",
      "modelElement" : {
        "id" : "QnTORqGGAqBwAQx7",
        "type" : "Class"
      },
      "shape" : {
        "id" : "gnTORqGGAqBwAQx6_shape",
        "type" : "Rectangle",
        "x" : 803,
        "y" : 467,
        "width" : 80,
        "height" : 40
      }
    }, {
      "id" : "Dzwb0KGAUB0wqA.w",
      "type" : "ClassView",
      "modelElement" : {
        "id" : "Dzwb0KGAUB0wqA.x",
        "type" : "Class"
      },
      "shape" : {
        "id" : "Dzwb0KGAUB0wqA.w_shape",
        "type" : "Rectangle",
        "x" : 1458,
        "y" : 65,
        "width" : 115,
        "height" : 40
      }
    }, {
      "id" : "X98xRqGGAqBwAQ7y",
      "type" : "RelationView",
      "modelElement" : {
        "id" : "F98xRqGGAqBwAQ7t",
        "type" : "Relation"
      },
      "shape" : {
        "id" : "X98xRqGGAqBwAQ7y_path",
        "type" : "Path",
        "points" : [ {
          "x" : 1014,
          "y" : 139
        }, {
          "x" : 897,
          "y" : 187
        } ]
      },
      "source" : {
        "id" : "TFacpKGFYEAAhQ64",
        "type" : "ClassView"
      },
      "target" : {
        "id" : "E6TENaGAUB0yoQw2",
        "type" : "ClassView"
      }
    }, {
      "id" : "e2AkpKGFYEAAhQuC",
      "type" : "ClassView",
      "modelElement" : {
        "id" : "e2AkpKGFYEAAhQuD",
        "type" : "Class"
      },
      "shape" : {
        "id" : "e2AkpKGFYEAAhQuC_shape",
        "type" : "Rectangle",
        "x" : 638,
        "y" : 285,
        "width" : 80,
        "height" : 40
      }
    }, {
      "id" : "ldsT0KGAUB0wqA3b",
      "type" : "ClassView",
      "modelElement" : {
        "id" : "ldsT0KGAUB0wqA3c",
        "type" : "Class"
      },
      "shape" : {
        "id" : "ldsT0KGAUB0wqA3b_shape",
        "type" : "Rectangle",
        "x" : 1083,
        "y" : 616,
        "width" : 80,
        "height" : 40
      }
    }, {
      "id" : "DqiJU6GAUB0yKRbW",
      "type" : "RelationView",
      "modelElement" : {
        "id" : "9dtn0KGAUB0wqBIp",
        "type" : "Relation"
      },
      "shape" : {
        "id" : "DqiJU6GAUB0yKRbW_path",
        "type" : "Path",
        "points" : [ {
          "x" : 1283,
          "y" : 119
        }, {
          "x" : 1283,
          "y" : 186
        } ]
      },
      "source" : {
        "id" : "0eln0KGAUB0wqBH4",
        "type" : "ClassView"
      },
      "target" : {
        "id" : "qgUr0KGAUB0wqA9I",
        "type" : "ClassView"
      }
    }, {
      "id" : "C5sypKGFYEAAhQ9s",
      "type" : "ClassView",
      "modelElement" : {
        "id" : "C5sypKGFYEAAhQ9t",
        "type" : "Class"
      },
      "shape" : {
        "id" : "C5sypKGFYEAAhQ9s_shape",
        "type" : "Rectangle",
        "x" : 506,
        "y" : 704,
        "width" : 80,
        "height" : 40
      }
    }, {
      "id" : "TwzL0KGAUB0wqA7o",
      "type" : "GeneralizationView",
      "modelElement" : {
        "id" : "9wzL0KGAUB0wqA7n",
        "type" : "Generalization"
      },
      "shape" : {
        "id" : "TwzL0KGAUB0wqA7o_path",
        "type" : "Path",
        "points" : [ {
          "x" : 916,
          "y" : 608
        }, {
          "x" : 1004,
          "y" : 608
        }, {
          "x" : 1081,
          "y" : 608
        } ]
      },
      "source" : {
        "id" : "_7YT0KGAUB0wqA3F",
        "type" : "ClassView"
      },
      "target" : {
        "id" : "PUhT0KGAUB0wqA37",
        "type" : "ClassView"
      }
    }, {
      "id" : "KpzoNaGAUB0yoQta",
      "type" : "ClassView",
      "modelElement" : {
        "id" : "KpzoNaGAUB0yoQtb",
        "type" : "Class"
      },
      "shape" : {
        "id" : "KpzoNaGAUB0yoQta_shape",
        "type" : "Rectangle",
        "x" : 496,
        "y" : 494,
        "width" : 100,
        "height" : 40
      }
    }, {
      "id" : "8np0U6GAUB0yKQuW",
      "type" : "RelationView",
      "modelElement" : {
        "id" : "2r6v0KGAUB0wqBTQ",
        "type" : "Relation"
      },
      "shape" : {
        "id" : "8np0U6GAUB0yKQuW_path",
        "type" : "Path",
        "points" : [ {
          "x" : 1073,
          "y" : 349
        }, {
          "x" : 887,
          "y" : 349
        } ]
      },
      "source" : {
        "id" : "4MEv0KGAUB0wqBST",
        "type" : "ClassView"
      },
      "target" : {
        "id" : "Vf3L0KGAUB0wqA8p",
        "type" : "ClassView"
      }
    }, {
      "id" : "9sYSU6GAUB0yKQxV",
      "type" : "GeneralizationSetView",
      "modelElement" : {
        "id" : "2sYSU6GAUB0yKQxT",
        "type" : "GeneralizationSet"
      },
      "shape" : {
        "id" : "9sYSU6GAUB0yKQxV_shape",
        "type" : "Text",
        "x" : 1323,
        "y" : 213,
        "width" : 106,
        "height" : 15,
        "value" : ""
      }
    }, {
      "id" : "axKmU6GAUB0yKRGF",
      "type" : "GeneralizationSetView",
      "modelElement" : {
        "id" : "wxKmU6GAUB0yKRGD",
        "type" : "GeneralizationSet"
      },
      "shape" : {
        "id" : "axKmU6GAUB0yKRGF_shape",
        "type" : "Text",
        "x" : 899,
        "y" : 370,
        "width" : 66,
        "height" : 15,
        "value" : ""
      }
    }, {
      "id" : "LUTcU6GAUB0yKQ08",
      "type" : "GeneralizationSetView",
      "modelElement" : {
        "id" : "RUTcU6GAUB0yKQ06",
        "type" : "GeneralizationSet"
      },
      "shape" : {
        "id" : "LUTcU6GAUB0yKQ08_shape",
        "type" : "Text",
        "x" : 1210,
        "y" : 250,
        "width" : 124,
        "height" : 15,
        "value" : ""
      }
    }, {
      "id" : "dOxmRqGGAqBwAQwN",
      "type" : "RelationView",
      "modelElement" : {
        "id" : "WOxmRqGGAqBwAQwI",
        "type" : "Relation"
      },
      "shape" : {
        "id" : "dOxmRqGGAqBwAQwN_path",
        "type" : "Path",
        "points" : [ {
          "x" : 1056,
          "y" : 507
        }, {
          "x" : 916,
          "y" : 586
        } ]
      },
      "source" : {
        "id" : "Oh1opKGFYEAAhQow",
        "type" : "ClassView"
      },
      "target" : {
        "id" : "_7YT0KGAUB0wqA3F",
        "type" : "ClassView"
      }
    }, {
      "id" : "jHziU6GAUB0yKQv5",
      "type" : "GeneralizationView",
      "modelElement" : {
        "id" : "1HziU6GAUB0yKQv4",
        "type" : "Generalization"
      },
      "shape" : {
        "id" : "jHziU6GAUB0yKQv5_path",
        "type" : "Path",
        "points" : [ {
          "x" : 1312,
          "y" : 227
        }, {
          "x" : 1392,
          "y" : 227
        }, {
          "x" : 1429,
          "y" : 227
        } ]
      },
      "source" : {
        "id" : "qgUr0KGAUB0wqA9I",
        "type" : "ClassView"
      },
      "target" : {
        "id" : "iHziU6GAUB0yKQvy",
        "type" : "ClassView"
      }
    } ]
  } ]
}