{
  "id" : "tKRdiX6GAqAAbwBO",
  "name" : "ontology",
  "description" : null,
  "type" : "Project",
  "model" : {
    "id" : "tKRdiX6GAqAAbwBO_root",
    "name" : "ontology",
    "description" : null,
    "type" : "Package",
    "propertyAssignments" : null,
    "contents" : [ {
      "id" : "VEC9iX6GAqAAbwWv",
      "name" : "Instance Variable",
      "description" : null,
      "type" : "Class",
      "propertyAssignments" : null,
      "stereotype" : "subkind",
      "isAbstract" : false,
      "isDerived" : false,
      "properties" : null,
      "isExtensional" : false,
      "isPowertype" : null,
      "order" : null,
      "literals" : null,
      "restrictedTo" : null
    }, {
      "id" : "sDi9iX6GAqAAbwW6",
      "name" : "Class",
      "description" : null,
      "type" : "Class",
      "propertyAssignments" : null,
      "stereotype" : "kind",
      "isAbstract" : false,
      "isDerived" : false,
      "properties" : null,
      "isExtensional" : null,
      "isPowertype" : null,
      "order" : null,
      "literals" : null,
      "restrictedTo" : [ "functional-complex" ]
    }, {
      "id" : "jIy9iX6GAqAAbwXF",
      "name" : "Relationship Mapping",
      "description" : null,
      "type" : "Class",
      "propertyAssignments" : null,
      "stereotype" : "relator",
      "isAbstract" : false,
      "isDerived" : false,
      "properties" : null,
      "isExtensional" : null,
      "isPowertype" : null,
      "order" : null,
      "literals" : null,
      "restrictedTo" : [ "relator" ]
    }, {
      "id" : "K2q9iX6GAqAAbwXQ",
      "name" : "Entity Class",
      "description" : null,
      "type" : "Class",
      "propertyAssignments" : null,
      "stereotype" : "role",
      "isAbstract" : false,
      "isDerived" : false,
      "properties" : null,
      "isExtensional" : false,
      "isPowertype" : null,
      "order" : null,
      "literals" : null,
      "restrictedTo" : [ "functional-complex" ]
    }, {
      "id" : "uy69iX6GAqAAbwXb",
      "name" : "Class Mapping",
      "description" : null,
      "type" : "Class",
      "propertyAssignments" : null,
      "stereotype" : "relator",
      "isAbstract" : false,
      "isDerived" : false,
      "properties" : null,
      "isExtensional" : null,
      "isPowertype" : null,
      "order" : null,
      "literals" : null,
      "restrictedTo" : [ "relator" ]
    }, {
      "id" : "kWJ9iX6GAqAAbwXm",
      "name" : "Entity Table",
      "description" : null,
      "type" : "Class",
      "propertyAssignments" : null,
      "stereotype" : "role",
      "isAbstract" : false,
      "isDerived" : false,
      "properties" : null,
      "isExtensional" : false,
      "isPowertype" : null,
      "order" : null,
      "literals" : null,
      "restrictedTo" : [ "functional-complex" ]
    }, {
      "id" : "_0d9iX6GAqAAbwX3",
      "name" : "Table",
      "description" : null,
      "type" : "Class",
      "propertyAssignments" : null,
      "stereotype" : "kind",
      "isAbstract" : false,
      "isDerived" : false,
      "properties" : null,
      "isExtensional" : null,
      "isPowertype" : null,
      "order" : null,
      "literals" : null,
      "restrictedTo" : [ "functional-complex" ]
    }, {
      "id" : "fd4DiX6GAqAAbwYK",
      "name" : "One To One Relationship Mapping",
      "description" : null,
      "type" : "Class",
      "propertyAssignments" : null,
      "stereotype" : "relator",
      "isAbstract" : false,
      "isDerived" : false,
      "properties" : null,
      "isExtensional" : null,
      "isPowertype" : null,
      "order" : null,
      "literals" : null,
      "restrictedTo" : [ "relator" ]
    }, {
      "id" : "bCUDiX6GAqAAbwYV",
      "name" : "One To Many Relationship Mapping",
      "description" : null,
      "type" : "Class",
      "propertyAssignments" : null,
      "stereotype" : "relator",
      "isAbstract" : false,
      "isDerived" : false,
      "properties" : null,
      "isExtensional" : null,
      "isPowertype" : null,
      "order" : null,
      "literals" : null,
      "restrictedTo" : [ "relator" ]
    }, {
      "id" : "3LMDiX6GAqAAbwYg",
      "name" : "Many To One Relationship Mapping",
      "description" : null,
      "type" : "Class",
      "propertyAssignments" : null,
      "stereotype" : "relator",
      "isAbstract" : false,
      "isDerived" : false,
      "properties" : null,
      "isExtensional" : null,
      "isPowertype" : null,
      "order" : null,
      "literals" : null,
      "restrictedTo" : [ "relator" ]
    }, {
      "id" : "oVCDiX6GAqAAbwYt",
      "name" : "Many to Many Relationship Mapping",
      "description" : null,
      "type" : "Class",
      "propertyAssignments" : null,
      "stereotype" : "relator",
      "isAbstract" : false,
      "isDerived" : false,
      "properties" : null,
      "isExtensional" : null,
      "isPowertype" : null,
      "order" : null,
      "literals" : null,
      "restrictedTo" : [ "relator" ]
    }, {
      "id" : "K1yDiX6GAqAAbwY4",
      "name" : "Relationship Association Table",
      "description" : null,
      "type" : "Class",
      "propertyAssignments" : null,
      "stereotype" : "role",
      "isAbstract" : false,
      "isDerived" : false,
      "properties" : null,
      "isExtensional" : false,
      "isPowertype" : null,
      "order" : null,
      "literals" : null,
      "restrictedTo" : [ "functional-complex" ]
    }, {
      "id" : "nj5TiX6GAqAAbwmk",
      "name" : "Extendable Class",
      "description" : null,
      "type" : "Class",
      "propertyAssignments" : null,
      "stereotype" : "subkind",
      "isAbstract" : false,
      "isDerived" : false,
      "properties" : null,
      "isExtensional" : false,
      "isPowertype" : null,
      "order" : null,
      "literals" : null,
      "restrictedTo" : [ "functional-complex" ]
    }, {
      "id" : "7QlTiX6GAqAAbwmv",
      "name" : "Spuerclass",
      "description" : null,
      "type" : "Class",
      "propertyAssignments" : null,
      "stereotype" : "role",
      "isAbstract" : false,
      "isDerived" : false,
      "properties" : null,
      "isExtensional" : false,
      "isPowertype" : null,
      "order" : null,
      "literals" : null,
      "restrictedTo" : [ "functional-complex" ]
    }, {
      "id" : "_OVTiX6GAqAAbwm6",
      "name" : "Inheritance",
      "description" : null,
      "type" : "Class",
      "propertyAssignments" : null,
      "stereotype" : "relator",
      "isAbstract" : false,
      "isDerived" : false,
      "properties" : null,
      "isExtensional" : null,
      "isPowertype" : null,
      "order" : null,
      "literals" : null,
      "restrictedTo" : [ "relator" ]
    }, {
      "id" : "I.1TiX6GAqAAbwnF",
      "name" : "Subclass",
      "description" : null,
      "type" : "Class",
      "propertyAssignments" : null,
      "stereotype" : "role",
      "isAbstract" : false,
      "isDerived" : false,
      "properties" : null,
      "isExtensional" : false,
      "isPowertype" : null,
      "order" : null,
      "literals" : null,
      "restrictedTo" : [ "functional-complex" ]
    }, {
      "id" : "PEnTiX6GAqAAbwoc",
      "name" : "Entity Subclass",
      "description" : null,
      "type" : "Class",
      "propertyAssignments" : null,
      "stereotype" : "role",
      "isAbstract" : false,
      "isDerived" : false,
      "properties" : null,
      "isExtensional" : false,
      "isPowertype" : null,
      "order" : null,
      "literals" : null,
      "restrictedTo" : [ "functional-complex" ]
    }, {
      "id" : "TdXTiX6GAqAAbwon",
      "name" : "Inheritance Mapping",
      "description" : null,
      "type" : "Class",
      "propertyAssignments" : null,
      "stereotype" : "relator",
      "isAbstract" : false,
      "isDerived" : false,
      "properties" : null,
      "isExtensional" : null,
      "isPowertype" : null,
      "order" : null,
      "literals" : null,
      "restrictedTo" : [ "relator" ]
    }, {
      "id" : "IzvTiX6GAqAAbwo4",
      "name" : "Entity Superclass",
      "description" : null,
      "type" : "Class",
      "propertyAssignments" : null,
      "stereotype" : "role",
      "isAbstract" : false,
      "isDerived" : false,
      "properties" : null,
      "isExtensional" : false,
      "isPowertype" : null,
      "order" : null,
      "literals" : null,
      "restrictedTo" : [ "functional-complex" ]
    }, {
      "id" : "hXAziX6GAqAAbwpF",
      "name" : "Single Table Inheritance Mapping",
      "description" : null,
      "type" : "Class",
      "propertyAssignments" : null,
      "stereotype" : "relator",
      "isAbstract" : false,
      "isDerived" : false,
      "properties" : null,
      "isExtensional" : null,
      "isPowertype" : null,
      "order" : null,
      "literals" : null,
      "restrictedTo" : [ "relator" ]
    }, {
      "id" : "g2wziX6GAqAAbwpQ",
      "name" : "Table per Class Inheritance Mapping",
      "description" : null,
      "type" : "Class",
      "propertyAssignments" : null,
      "stereotype" : "relator",
      "isAbstract" : false,
      "isDerived" : false,
      "properties" : null,
      "isExtensional" : null,
      "isPowertype" : null,
      "order" : null,
      "literals" : null,
      "restrictedTo" : [ "relator" ]
    }, {
      "id" : "Ba4ziX6GAqAAbwpb",
      "name" : "Table per Concrete Class Inheritance Mapping",
      "description" : null,
      "type" : "Class",
      "propertyAssignments" : null,
      "stereotype" : "relator",
      "isAbstract" : false,
      "isDerived" : false,
      "properties" : null,
      "isExtensional" : null,
      "isPowertype" : null,
      "order" : null,
      "literals" : null,
      "restrictedTo" : [ "relator" ]
    }, {
      "id" : "HDMziX6GAqAAbwp0",
      "name" : "Single Entity Table",
      "description" : null,
      "type" : "Class",
      "propertyAssignments" : null,
      "stereotype" : "role",
      "isAbstract" : false,
      "isDerived" : false,
      "properties" : null,
      "isExtensional" : false,
      "isPowertype" : null,
      "order" : null,
      "literals" : null,
      "restrictedTo" : [ "functional-complex" ]
    }, {
      "id" : "hNcziX6GAqAAbwp_",
      "name" : "Multiple Entities Table",
      "description" : null,
      "type" : "Class",
      "propertyAssignments" : null,
      "stereotype" : "role",
      "isAbstract" : false,
      "isDerived" : false,
      "properties" : null,
      "isExtensional" : false,
      "isPowertype" : null,
      "order" : null,
      "literals" : null,
      "restrictedTo" : [ "functional-complex" ]
    }, {
      "id" : "G2XLiX6GAqAAbw0X",
      "name" : "Mapped Variable",
      "description" : null,
      "type" : "Class",
      "propertyAssignments" : null,
      "stereotype" : "role",
      "isAbstract" : false,
      "isDerived" : false,
      "properties" : null,
      "isExtensional" : false,
      "isPowertype" : null,
      "order" : null,
      "literals" : null,
      "restrictedTo" : null
    }, {
      "id" : "6j3LiX6GAqAAbw0i",
      "name" : "Nullability",
      "description" : null,
      "type" : "Class",
      "propertyAssignments" : null,
      "stereotype" : "quality",
      "isAbstract" : false,
      "isDerived" : false,
      "properties" : null,
      "isExtensional" : null,
      "isPowertype" : null,
      "order" : null,
      "literals" : null,
      "restrictedTo" : [ "quality" ]
    }, {
      "id" : "GkvLiX6GAqAAbw0t",
      "name" : "Variable Mapping",
      "description" : null,
      "type" : "Class",
      "propertyAssignments" : null,
      "stereotype" : "relator",
      "isAbstract" : false,
      "isDerived" : false,
      "properties" : null,
      "isExtensional" : null,
      "isPowertype" : null,
      "order" : null,
      "literals" : null,
      "restrictedTo" : [ "relator" ]
    }, {
      "id" : "OhfLiX6GAqAAbw04",
      "name" : "Column",
      "description" : null,
      "type" : "Class",
      "propertyAssignments" : null,
      "stereotype" : "kind",
      "isAbstract" : false,
      "isDerived" : false,
      "properties" : null,
      "isExtensional" : null,
      "isPowertype" : null,
      "order" : null,
      "literals" : null,
      "restrictedTo" : [ "functional-complex" ]
    }, {
      "id" : "Sx_LiX6GAqAAbw1D",
      "name" : "Primary Key Column",
      "description" : null,
      "type" : "Class",
      "propertyAssignments" : null,
      "stereotype" : "role",
      "isAbstract" : false,
      "isDerived" : false,
      "properties" : null,
      "isExtensional" : false,
      "isPowertype" : null,
      "order" : null,
      "literals" : null,
      "restrictedTo" : [ "functional-complex" ]
    }, {
      "id" : "rEgriX6GAqAAbw1O",
      "name" : "Foreign Key Column",
      "description" : null,
      "type" : "Class",
      "propertyAssignments" : null,
      "stereotype" : "role",
      "isAbstract" : false,
      "isDerived" : false,
      "properties" : null,
      "isExtensional" : false,
      "isPowertype" : null,
      "order" : null,
      "literals" : null,
      "restrictedTo" : [ "functional-complex" ]
    }, {
      "id" : "pAIriX6GAqAAbw1b",
      "name" : "Foreign Key Mapping",
      "description" : null,
      "type" : "Class",
      "propertyAssignments" : null,
      "stereotype" : "relator",
      "isAbstract" : false,
      "isDerived" : false,
      "properties" : null,
      "isExtensional" : null,
      "isPowertype" : null,
      "order" : null,
      "literals" : null,
      "restrictedTo" : [ "relator" ]
    }, {
      "id" : "ukiriX6GAqAAbw12",
      "name" : "Primary Key Mapping",
      "description" : null,
      "type" : "Class",
      "propertyAssignments" : null,
      "stereotype" : "relator",
      "isAbstract" : false,
      "isDerived" : false,
      "properties" : null,
      "isExtensional" : null,
      "isPowertype" : null,
      "order" : null,
      "literals" : null,
      "restrictedTo" : [ "relator" ]
    }, {
      "id" : "z7SriX6GAqAAbw2B",
      "name" : "Mapped Primary Key",
      "description" : null,
      "type" : "Class",
      "propertyAssignments" : null,
      "stereotype" : "role",
      "isAbstract" : false,
      "isDerived" : false,
      "properties" : null,
      "isExtensional" : false,
      "isPowertype" : null,
      "order" : null,
      "literals" : null,
      "restrictedTo" : null
    }, {
      "id" : "YBKriX6GAqAAbw2M",
      "name" : "Mapped Foreign Key",
      "description" : null,
      "type" : "Class",
      "propertyAssignments" : null,
      "stereotype" : "role",
      "isAbstract" : false,
      "isDerived" : false,
      "properties" : null,
      "isExtensional" : false,
      "isPowertype" : null,
      "order" : null,
      "literals" : null,
      "restrictedTo" : null
    }, {
      "id" : "gOhDiX6GAqAAbwZu",
      "name" : null,
      "description" : null,
      "type" : "Generalization",
      "propertyAssignments" : null,
      "general" : {
        "id" : "jIy9iX6GAqAAbwXF",
        "type" : "Class"
      },
      "specific" : {
        "id" : "fd4DiX6GAqAAbwYK",
        "type" : "Class"
      }
    }, {
      "id" : "FjhDiX6GAqAAbwZ0",
      "name" : null,
      "description" : null,
      "type" : "Generalization",
      "propertyAssignments" : null,
      "general" : {
        "id" : "jIy9iX6GAqAAbwXF",
        "type" : "Class"
      },
      "specific" : {
        "id" : "3LMDiX6GAqAAbwYg",
        "type" : "Class"
      }
    }, {
      "id" : "A0RDiX6GAqAAbwZ6",
      "name" : null,
      "description" : null,
      "type" : "Generalization",
      "propertyAssignments" : null,
      "general" : {
        "id" : "jIy9iX6GAqAAbwXF",
        "type" : "Class"
      },
      "specific" : {
        "id" : "bCUDiX6GAqAAbwYV",
        "type" : "Class"
      }
    }, {
      "id" : "kpRDiX6GAqAAbwaA",
      "name" : null,
      "description" : null,
      "type" : "Generalization",
      "propertyAssignments" : null,
      "general" : {
        "id" : "jIy9iX6GAqAAbwXF",
        "type" : "Class"
      },
      "specific" : {
        "id" : "oVCDiX6GAqAAbwYt",
        "type" : "Class"
      }
    }, {
      "id" : "bDDjiX6GAqAAbwii",
      "name" : null,
      "description" : null,
      "type" : "Generalization",
      "propertyAssignments" : null,
      "general" : {
        "id" : "sDi9iX6GAqAAbwW6",
        "type" : "Class"
      },
      "specific" : {
        "id" : "K2q9iX6GAqAAbwXQ",
        "type" : "Class"
      }
    }, {
      "id" : "dBrjiX6GAqAAbwjE",
      "name" : null,
      "description" : null,
      "type" : "Generalization",
      "propertyAssignments" : null,
      "general" : {
        "id" : "_0d9iX6GAqAAbwX3",
        "type" : "Class"
      },
      "specific" : {
        "id" : "kWJ9iX6GAqAAbwXm",
        "type" : "Class"
      }
    }, {
      "id" : "gTrjiX6GAqAAbwjK",
      "name" : null,
      "description" : null,
      "type" : "Generalization",
      "propertyAssignments" : null,
      "general" : {
        "id" : "_0d9iX6GAqAAbwX3",
        "type" : "Class"
      },
      "specific" : {
        "id" : "K1yDiX6GAqAAbwY4",
        "type" : "Class"
      }
    }, {
      "id" : "bX2ziX6GAqAAbwrW",
      "name" : ":Inheritance",
      "description" : null,
      "type" : "Generalization",
      "propertyAssignments" : null,
      "general" : {
        "id" : "sDi9iX6GAqAAbwW6",
        "type" : "Class"
      },
      "specific" : {
        "id" : "I.1TiX6GAqAAbwnF",
        "type" : "Class"
      }
    }, {
      "id" : "3FOziX6GAqAAbwrc",
      "name" : ":Extension",
      "description" : null,
      "type" : "Generalization",
      "propertyAssignments" : null,
      "general" : {
        "id" : "sDi9iX6GAqAAbwW6",
        "type" : "Class"
      },
      "specific" : {
        "id" : "nj5TiX6GAqAAbwmk",
        "type" : "Class"
      }
    }, {
      "id" : "_DJziX6GAqAAbwr4",
      "name" : null,
      "description" : null,
      "type" : "Generalization",
      "propertyAssignments" : null,
      "general" : {
        "id" : "I.1TiX6GAqAAbwnF",
        "type" : "Class"
      },
      "specific" : {
        "id" : "PEnTiX6GAqAAbwoc",
        "type" : "Class"
      }
    }, {
      "id" : "FRpziX6GAqAAbwr.",
      "name" : null,
      "description" : null,
      "type" : "Generalization",
      "propertyAssignments" : null,
      "general" : {
        "id" : "7QlTiX6GAqAAbwmv",
        "type" : "Class"
      },
      "specific" : {
        "id" : "IzvTiX6GAqAAbwo4",
        "type" : "Class"
      }
    }, {
      "id" : "WkZziX6GAqAAbwsE",
      "name" : null,
      "description" : null,
      "type" : "Generalization",
      "propertyAssignments" : null,
      "general" : {
        "id" : "nj5TiX6GAqAAbwmk",
        "type" : "Class"
      },
      "specific" : {
        "id" : "7QlTiX6GAqAAbwmv",
        "type" : "Class"
      }
    }, {
      "id" : "mS5ziX6GAqAAbwsK",
      "name" : null,
      "description" : null,
      "type" : "Generalization",
      "propertyAssignments" : null,
      "general" : {
        "id" : "TdXTiX6GAqAAbwon",
        "type" : "Class"
      },
      "specific" : {
        "id" : "hXAziX6GAqAAbwpF",
        "type" : "Class"
      }
    }, {
      "id" : "Cl5ziX6GAqAAbwsQ",
      "name" : null,
      "description" : null,
      "type" : "Generalization",
      "propertyAssignments" : null,
      "general" : {
        "id" : "TdXTiX6GAqAAbwon",
        "type" : "Class"
      },
      "specific" : {
        "id" : "Ba4ziX6GAqAAbwpb",
        "type" : "Class"
      }
    }, {
      "id" : "hAFziX6GAqAAbwsW",
      "name" : null,
      "description" : null,
      "type" : "Generalization",
      "propertyAssignments" : null,
      "general" : {
        "id" : "TdXTiX6GAqAAbwon",
        "type" : "Class"
      },
      "specific" : {
        "id" : "g2wziX6GAqAAbwpQ",
        "type" : "Class"
      }
    }, {
      "id" : "Dy.LiX6GAqAAbwyL",
      "name" : null,
      "description" : null,
      "type" : "Generalization",
      "propertyAssignments" : null,
      "general" : {
        "id" : "kWJ9iX6GAqAAbwXm",
        "type" : "Class"
      },
      "specific" : {
        "id" : "HDMziX6GAqAAbwp0",
        "type" : "Class"
      }
    }, {
      "id" : "3j.LiX6GAqAAbwyR",
      "name" : null,
      "description" : null,
      "type" : "Generalization",
      "propertyAssignments" : null,
      "general" : {
        "id" : "kWJ9iX6GAqAAbwXm",
        "type" : "Class"
      },
      "specific" : {
        "id" : "hNcziX6GAqAAbwp_",
        "type" : "Class"
      }
    }, {
      "id" : "y8RriX6GAqAAbw3s",
      "name" : null,
      "description" : null,
      "type" : "Generalization",
      "propertyAssignments" : null,
      "general" : {
        "id" : "OhfLiX6GAqAAbw04",
        "type" : "Class"
      },
      "specific" : {
        "id" : "Sx_LiX6GAqAAbw1D",
        "type" : "Class"
      }
    }, {
      "id" : "DFRriX6GAqAAbw3y",
      "name" : null,
      "description" : null,
      "type" : "Generalization",
      "propertyAssignments" : null,
      "general" : {
        "id" : "OhfLiX6GAqAAbw04",
        "type" : "Class"
      },
      "specific" : {
        "id" : "rEgriX6GAqAAbw1O",
        "type" : "Class"
      }
    }, {
      "id" : "DepriX6GAqAAbw4E",
      "name" : null,
      "description" : null,
      "type" : "Generalization",
      "propertyAssignments" : null,
      "general" : {
        "id" : "GkvLiX6GAqAAbw0t",
        "type" : "Class"
      },
      "specific" : {
        "id" : "ukiriX6GAqAAbw12",
        "type" : "Class"
      }
    }, {
      "id" : "KrpriX6GAqAAbw4K",
      "name" : null,
      "description" : null,
      "type" : "Generalization",
      "propertyAssignments" : null,
      "general" : {
        "id" : "GkvLiX6GAqAAbw0t",
        "type" : "Class"
      },
      "specific" : {
        "id" : "pAIriX6GAqAAbw1b",
        "type" : "Class"
      }
    }, {
      "id" : "dCdriX6GAqAAbw4n",
      "name" : null,
      "description" : null,
      "type" : "Generalization",
      "propertyAssignments" : null,
      "general" : {
        "id" : "G2XLiX6GAqAAbw0X",
        "type" : "Class"
      },
      "specific" : {
        "id" : "z7SriX6GAqAAbw2B",
        "type" : "Class"
      }
    }, {
      "id" : "fJdriX6GAqAAbw4t",
      "name" : null,
      "description" : null,
      "type" : "Generalization",
      "propertyAssignments" : null,
      "general" : {
        "id" : "G2XLiX6GAqAAbw0X",
        "type" : "Class"
      },
      "specific" : {
        "id" : "YBKriX6GAqAAbw2M",
        "type" : "Class"
      }
    }, {
      "id" : "Ik9riX6GAqAAbw4z",
      "name" : null,
      "description" : null,
      "type" : "Generalization",
      "propertyAssignments" : null,
      "general" : {
        "id" : "VEC9iX6GAqAAbwWv",
        "type" : "Class"
      },
      "specific" : {
        "id" : "G2XLiX6GAqAAbw0X",
        "type" : "Class"
      }
    }, {
      "id" : "SH5Dzv6GAqAABQoy",
      "name" : "",
      "description" : null,
      "type" : "GeneralizationSet",
      "propertyAssignments" : null,
      "isDisjoint" : true,
      "isComplete" : true,
      "categorizer" : null,
      "generalizations" : [ {
        "id" : "Cl5ziX6GAqAAbwsQ",
        "type" : "Generalization"
      }, {
        "id" : "hAFziX6GAqAAbwsW",
        "type" : "Generalization"
      }, {
        "id" : "mS5ziX6GAqAAbwsK",
        "type" : "Generalization"
      } ]
    }, {
      "id" : "WTHDzv6GAqAABQpg",
      "name" : "",
      "description" : null,
      "type" : "GeneralizationSet",
      "propertyAssignments" : null,
      "isDisjoint" : true,
      "isComplete" : false,
      "categorizer" : null,
      "generalizations" : [ {
        "id" : "gTrjiX6GAqAAbwjK",
        "type" : "Generalization"
      }, {
        "id" : "dBrjiX6GAqAAbwjE",
        "type" : "Generalization"
      } ]
    }, {
      "id" : "qCdDiX6GAqAAbwbJ",
      "name" : null,
      "description" : null,
      "type" : "Relation",
      "propertyAssignments" : null,
      "stereotype" : null,
      "isAbstract" : false,
      "isDerived" : false,
      "properties" : [ {
        "id" : "mCdDiX6GAqAAbwbL",
        "name" : null,
        "description" : null,
        "type" : "Property",
        "propertyAssignments" : null,
        "stereotype" : null,
        "isDerived" : false,
        "isReadOnly" : false,
        "isOrdered" : false,
        "cardinality" : "0..1",
        "propertyType" : {
          "id" : "jIy9iX6GAqAAbwXF",
          "type" : "Class"
        },
        "subsettedProperties" : null,
        "redefinedProperties" : null,
        "aggregationKind" : "NONE"
      }, {
        "id" : "WCdDiX6GAqAAbwbO",
        "name" : null,
        "description" : null,
        "type" : "Property",
        "propertyAssignments" : null,
        "stereotype" : null,
        "isDerived" : false,
        "isReadOnly" : false,
        "isOrdered" : false,
        "cardinality" : "1",
        "propertyType" : {
          "id" : "jIy9iX6GAqAAbwXF",
          "type" : "Class"
        },
        "subsettedProperties" : null,
        "redefinedProperties" : null,
        "aggregationKind" : "NONE"
      } ]
    }, {
      "id" : "k7CjiX6GAqAAbwf9",
      "name" : null,
      "description" : null,
      "type" : "Relation",
      "propertyAssignments" : null,
      "stereotype" : "mediation",
      "isAbstract" : false,
      "isDerived" : false,
      "properties" : [ {
        "id" : "k7CjiX6GAqAAbwf.",
        "name" : null,
        "description" : null,
        "type" : "Property",
        "propertyAssignments" : null,
        "stereotype" : null,
        "isDerived" : false,
        "isReadOnly" : false,
        "isOrdered" : false,
        "cardinality" : "1",
        "propertyType" : {
          "id" : "oVCDiX6GAqAAbwYt",
          "type" : "Class"
        },
        "subsettedProperties" : null,
        "redefinedProperties" : null,
        "aggregationKind" : "NONE"
      }, {
        "id" : "k7CjiX6GAqAAbwgA",
        "name" : null,
        "description" : null,
        "type" : "Property",
        "propertyAssignments" : null,
        "stereotype" : null,
        "isDerived" : false,
        "isReadOnly" : true,
        "isOrdered" : false,
        "cardinality" : "1",
        "propertyType" : {
          "id" : "K1yDiX6GAqAAbwY4",
          "type" : "Class"
        },
        "subsettedProperties" : null,
        "redefinedProperties" : null,
        "aggregationKind" : "NONE"
      } ]
    }, {
      "id" : "ycGjiX6GAqAAbwg5",
      "name" : null,
      "description" : null,
      "type" : "Relation",
      "propertyAssignments" : null,
      "stereotype" : "mediation",
      "isAbstract" : false,
      "isDerived" : false,
      "properties" : [ {
        "id" : "ycGjiX6GAqAAbwg6",
        "name" : null,
        "description" : null,
        "type" : "Property",
        "propertyAssignments" : null,
        "stereotype" : null,
        "isDerived" : false,
        "isReadOnly" : false,
        "isOrdered" : false,
        "cardinality" : "1",
        "propertyType" : {
          "id" : "bCUDiX6GAqAAbwYV",
          "type" : "Class"
        },
        "subsettedProperties" : null,
        "redefinedProperties" : null,
        "aggregationKind" : "NONE"
      }, {
        "id" : "ycGjiX6GAqAAbwg8",
        "name" : null,
        "description" : null,
        "type" : "Property",
        "propertyAssignments" : null,
        "stereotype" : null,
        "isDerived" : false,
        "isReadOnly" : true,
        "isOrdered" : false,
        "cardinality" : "0..1",
        "propertyType" : {
          "id" : "K1yDiX6GAqAAbwY4",
          "type" : "Class"
        },
        "subsettedProperties" : null,
        "redefinedProperties" : null,
        "aggregationKind" : "NONE"
      } ]
    }, {
      "id" : "U2RjiX6GAqAAbwhy",
      "name" : null,
      "description" : null,
      "type" : "Relation",
      "propertyAssignments" : null,
      "stereotype" : "mediation",
      "isAbstract" : false,
      "isDerived" : false,
      "properties" : [ {
        "id" : "U2RjiX6GAqAAbwhz",
        "name" : null,
        "description" : null,
        "type" : "Property",
        "propertyAssignments" : null,
        "stereotype" : null,
        "isDerived" : false,
        "isReadOnly" : false,
        "isOrdered" : false,
        "cardinality" : "0..1",
        "propertyType" : {
          "id" : "jIy9iX6GAqAAbwXF",
          "type" : "Class"
        },
        "subsettedProperties" : null,
        "redefinedProperties" : null,
        "aggregationKind" : "NONE"
      }, {
        "id" : "U2RjiX6GAqAAbwh1",
        "name" : null,
        "description" : null,
        "type" : "Property",
        "propertyAssignments" : null,
        "stereotype" : null,
        "isDerived" : false,
        "isReadOnly" : true,
        "isOrdered" : false,
        "cardinality" : "1",
        "propertyType" : {
          "id" : "VEC9iX6GAqAAbwWv",
          "type" : "Class"
        },
        "subsettedProperties" : null,
        "redefinedProperties" : null,
        "aggregationKind" : "NONE"
      } ]
    }, {
      "id" : "iLATiX6GAqAAbwj5",
      "name" : "directly related to",
      "description" : null,
      "type" : "Relation",
      "propertyAssignments" : null,
      "stereotype" : null,
      "isAbstract" : false,
      "isDerived" : false,
      "properties" : [ {
        "id" : "iLATiX6GAqAAbwj6",
        "name" : null,
        "description" : null,
        "type" : "Property",
        "propertyAssignments" : null,
        "stereotype" : null,
        "isDerived" : false,
        "isReadOnly" : false,
        "isOrdered" : false,
        "cardinality" : "0..1",
        "propertyType" : {
          "id" : "kWJ9iX6GAqAAbwXm",
          "type" : "Class"
        },
        "subsettedProperties" : null,
        "redefinedProperties" : null,
        "aggregationKind" : "NONE"
      }, {
        "id" : "iLATiX6GAqAAbwj8",
        "name" : null,
        "description" : null,
        "type" : "Property",
        "propertyAssignments" : null,
        "stereotype" : null,
        "isDerived" : false,
        "isReadOnly" : false,
        "isOrdered" : false,
        "cardinality" : "1",
        "propertyType" : {
          "id" : "K2q9iX6GAqAAbwXQ",
          "type" : "Class"
        },
        "subsettedProperties" : null,
        "redefinedProperties" : null,
        "aggregationKind" : "NONE"
      } ]
    }, {
      "id" : "7WUTiX6GAqAAbwkv",
      "name" : null,
      "description" : null,
      "type" : "Relation",
      "propertyAssignments" : null,
      "stereotype" : "mediation",
      "isAbstract" : false,
      "isDerived" : false,
      "properties" : [ {
        "id" : "7WUTiX6GAqAAbwkw",
        "name" : null,
        "description" : null,
        "type" : "Property",
        "propertyAssignments" : null,
        "stereotype" : null,
        "isDerived" : false,
        "isReadOnly" : false,
        "isOrdered" : false,
        "cardinality" : "1..*",
        "propertyType" : {
          "id" : "uy69iX6GAqAAbwXb",
          "type" : "Class"
        },
        "subsettedProperties" : null,
        "redefinedProperties" : null,
        "aggregationKind" : "NONE"
      }, {
        "id" : "7WUTiX6GAqAAbwky",
        "name" : null,
        "description" : null,
        "type" : "Property",
        "propertyAssignments" : null,
        "stereotype" : null,
        "isDerived" : false,
        "isReadOnly" : true,
        "isOrdered" : false,
        "cardinality" : "1",
        "propertyType" : {
          "id" : "kWJ9iX6GAqAAbwXm",
          "type" : "Class"
        },
        "subsettedProperties" : null,
        "redefinedProperties" : null,
        "aggregationKind" : "NONE"
      } ]
    }, {
      "id" : "qQiTiX6GAqAAbwll",
      "name" : null,
      "description" : null,
      "type" : "Relation",
      "propertyAssignments" : null,
      "stereotype" : "mediation",
      "isAbstract" : false,
      "isDerived" : false,
      "properties" : [ {
        "id" : "qQiTiX6GAqAAbwlm",
        "name" : null,
        "description" : null,
        "type" : "Property",
        "propertyAssignments" : null,
        "stereotype" : null,
        "isDerived" : false,
        "isReadOnly" : false,
        "isOrdered" : false,
        "cardinality" : "1",
        "propertyType" : {
          "id" : "uy69iX6GAqAAbwXb",
          "type" : "Class"
        },
        "subsettedProperties" : null,
        "redefinedProperties" : null,
        "aggregationKind" : "NONE"
      }, {
        "id" : "qQiTiX6GAqAAbwlo",
        "name" : null,
        "description" : null,
        "type" : "Property",
        "propertyAssignments" : null,
        "stereotype" : null,
        "isDerived" : false,
        "isReadOnly" : true,
        "isOrdered" : false,
        "cardinality" : "1",
        "propertyType" : {
          "id" : "K2q9iX6GAqAAbwXQ",
          "type" : "Class"
        },
        "subsettedProperties" : null,
        "redefinedProperties" : null,
        "aggregationKind" : "NONE"
      } ]
    }, {
      "id" : "YOrziX6GAqAAbwtR",
      "name" : null,
      "description" : null,
      "type" : "Relation",
      "propertyAssignments" : null,
      "stereotype" : null,
      "isAbstract" : false,
      "isDerived" : false,
      "properties" : [ {
        "id" : "YOrziX6GAqAAbwtS",
        "name" : null,
        "description" : null,
        "type" : "Property",
        "propertyAssignments" : null,
        "stereotype" : null,
        "isDerived" : false,
        "isReadOnly" : false,
        "isOrdered" : false,
        "cardinality" : "1..*",
        "propertyType" : {
          "id" : "7QlTiX6GAqAAbwmv",
          "type" : "Class"
        },
        "subsettedProperties" : null,
        "redefinedProperties" : null,
        "aggregationKind" : "NONE"
      }, {
        "id" : "YOrziX6GAqAAbwtU",
        "name" : null,
        "description" : null,
        "type" : "Property",
        "propertyAssignments" : null,
        "stereotype" : null,
        "isDerived" : false,
        "isReadOnly" : false,
        "isOrdered" : false,
        "cardinality" : "1..*",
        "propertyType" : {
          "id" : "_OVTiX6GAqAAbwm6",
          "type" : "Class"
        },
        "subsettedProperties" : null,
        "redefinedProperties" : null,
        "aggregationKind" : "NONE"
      } ]
    }, {
      "id" : "LSHziX6GAqAAbwt4",
      "name" : null,
      "description" : null,
      "type" : "Relation",
      "propertyAssignments" : null,
      "stereotype" : null,
      "isAbstract" : false,
      "isDerived" : false,
      "properties" : [ {
        "id" : "LSHziX6GAqAAbwt5",
        "name" : null,
        "description" : null,
        "type" : "Property",
        "propertyAssignments" : null,
        "stereotype" : null,
        "isDerived" : false,
        "isReadOnly" : false,
        "isOrdered" : false,
        "cardinality" : "1",
        "propertyType" : {
          "id" : "_OVTiX6GAqAAbwm6",
          "type" : "Class"
        },
        "subsettedProperties" : null,
        "redefinedProperties" : null,
        "aggregationKind" : "NONE"
      }, {
        "id" : "LSHziX6GAqAAbwt7",
        "name" : null,
        "description" : null,
        "type" : "Property",
        "propertyAssignments" : null,
        "stereotype" : null,
        "isDerived" : false,
        "isReadOnly" : false,
        "isOrdered" : false,
        "cardinality" : "1",
        "propertyType" : {
          "id" : "I.1TiX6GAqAAbwnF",
          "type" : "Class"
        },
        "subsettedProperties" : null,
        "redefinedProperties" : null,
        "aggregationKind" : "NONE"
      } ]
    }, {
      "id" : "bv3ziX6GAqAAbwup",
      "name" : null,
      "description" : null,
      "type" : "Relation",
      "propertyAssignments" : null,
      "stereotype" : "mediation",
      "isAbstract" : false,
      "isDerived" : false,
      "properties" : [ {
        "id" : "bv3ziX6GAqAAbwuq",
        "name" : null,
        "description" : null,
        "type" : "Property",
        "propertyAssignments" : null,
        "stereotype" : null,
        "isDerived" : false,
        "isReadOnly" : false,
        "isOrdered" : false,
        "cardinality" : "1..*",
        "propertyType" : {
          "id" : "TdXTiX6GAqAAbwon",
          "type" : "Class"
        },
        "subsettedProperties" : null,
        "redefinedProperties" : null,
        "aggregationKind" : "NONE"
      }, {
        "id" : "bv3ziX6GAqAAbwus",
        "name" : null,
        "description" : null,
        "type" : "Property",
        "propertyAssignments" : null,
        "stereotype" : null,
        "isDerived" : false,
        "isReadOnly" : true,
        "isOrdered" : false,
        "cardinality" : "1..*",
        "propertyType" : {
          "id" : "IzvTiX6GAqAAbwo4",
          "type" : "Class"
        },
        "subsettedProperties" : null,
        "redefinedProperties" : null,
        "aggregationKind" : "NONE"
      } ]
    }, {
      "id" : "4HALiX6GAqAAbwvR",
      "name" : null,
      "description" : null,
      "type" : "Relation",
      "propertyAssignments" : null,
      "stereotype" : "mediation",
      "isAbstract" : false,
      "isDerived" : false,
      "properties" : [ {
        "id" : "4HALiX6GAqAAbwvS",
        "name" : null,
        "description" : null,
        "type" : "Property",
        "propertyAssignments" : null,
        "stereotype" : null,
        "isDerived" : false,
        "isReadOnly" : false,
        "isOrdered" : false,
        "cardinality" : "1",
        "propertyType" : {
          "id" : "TdXTiX6GAqAAbwon",
          "type" : "Class"
        },
        "subsettedProperties" : null,
        "redefinedProperties" : null,
        "aggregationKind" : "NONE"
      }, {
        "id" : "4HALiX6GAqAAbwvU",
        "name" : null,
        "description" : null,
        "type" : "Property",
        "propertyAssignments" : null,
        "stereotype" : null,
        "isDerived" : false,
        "isReadOnly" : true,
        "isOrdered" : false,
        "cardinality" : "1",
        "propertyType" : {
          "id" : "PEnTiX6GAqAAbwoc",
          "type" : "Class"
        },
        "subsettedProperties" : null,
        "redefinedProperties" : null,
        "aggregationKind" : "NONE"
      } ]
    }, {
      "id" : "urELiX6GAqAAbwwF",
      "name" : null,
      "description" : null,
      "type" : "Relation",
      "propertyAssignments" : null,
      "stereotype" : "mediation",
      "isAbstract" : false,
      "isDerived" : false,
      "properties" : [ {
        "id" : "urELiX6GAqAAbwwG",
        "name" : null,
        "description" : null,
        "type" : "Property",
        "propertyAssignments" : null,
        "stereotype" : null,
        "isDerived" : false,
        "isReadOnly" : false,
        "isOrdered" : false,
        "cardinality" : "1",
        "propertyType" : {
          "id" : "g2wziX6GAqAAbwpQ",
          "type" : "Class"
        },
        "subsettedProperties" : null,
        "redefinedProperties" : null,
        "aggregationKind" : "NONE"
      }, {
        "id" : "urELiX6GAqAAbwwI",
        "name" : null,
        "description" : null,
        "type" : "Property",
        "propertyAssignments" : null,
        "stereotype" : null,
        "isDerived" : false,
        "isReadOnly" : true,
        "isOrdered" : false,
        "cardinality" : "2..*",
        "propertyType" : {
          "id" : "HDMziX6GAqAAbwp0",
          "type" : "Class"
        },
        "subsettedProperties" : null,
        "redefinedProperties" : null,
        "aggregationKind" : "NONE"
      } ]
    }, {
      "id" : "OUiLiX6GAqAAbwwx",
      "name" : null,
      "description" : null,
      "type" : "Relation",
      "propertyAssignments" : null,
      "stereotype" : "mediation",
      "isAbstract" : false,
      "isDerived" : false,
      "properties" : [ {
        "id" : "OUiLiX6GAqAAbwwy",
        "name" : null,
        "description" : null,
        "type" : "Property",
        "propertyAssignments" : null,
        "stereotype" : null,
        "isDerived" : false,
        "isReadOnly" : false,
        "isOrdered" : false,
        "cardinality" : "1",
        "propertyType" : {
          "id" : "Ba4ziX6GAqAAbwpb",
          "type" : "Class"
        },
        "subsettedProperties" : null,
        "redefinedProperties" : null,
        "aggregationKind" : "NONE"
      }, {
        "id" : "OUiLiX6GAqAAbww0",
        "name" : null,
        "description" : null,
        "type" : "Property",
        "propertyAssignments" : null,
        "stereotype" : null,
        "isDerived" : false,
        "isReadOnly" : true,
        "isOrdered" : false,
        "cardinality" : "0..1",
        "propertyType" : {
          "id" : "HDMziX6GAqAAbwp0",
          "type" : "Class"
        },
        "subsettedProperties" : null,
        "redefinedProperties" : null,
        "aggregationKind" : "NONE"
      } ]
    }, {
      "id" : "_2mLiX6GAqAAbwxl",
      "name" : null,
      "description" : null,
      "type" : "Relation",
      "propertyAssignments" : null,
      "stereotype" : "mediation",
      "isAbstract" : false,
      "isDerived" : false,
      "properties" : [ {
        "id" : "_2mLiX6GAqAAbwxm",
        "name" : null,
        "description" : null,
        "type" : "Property",
        "propertyAssignments" : null,
        "stereotype" : null,
        "isDerived" : false,
        "isReadOnly" : false,
        "isOrdered" : false,
        "cardinality" : "1",
        "propertyType" : {
          "id" : "Ba4ziX6GAqAAbwpb",
          "type" : "Class"
        },
        "subsettedProperties" : null,
        "redefinedProperties" : null,
        "aggregationKind" : "NONE"
      }, {
        "id" : "_2mLiX6GAqAAbwxo",
        "name" : null,
        "description" : null,
        "type" : "Property",
        "propertyAssignments" : null,
        "stereotype" : null,
        "isDerived" : false,
        "isReadOnly" : true,
        "isOrdered" : false,
        "cardinality" : "1..*",
        "propertyType" : {
          "id" : "hNcziX6GAqAAbwp_",
          "type" : "Class"
        },
        "subsettedProperties" : null,
        "redefinedProperties" : null,
        "aggregationKind" : "NONE"
      } ]
    }, {
      "id" : "cmpLiX6GAqAAbwyr",
      "name" : null,
      "description" : null,
      "type" : "Relation",
      "propertyAssignments" : null,
      "stereotype" : "mediation",
      "isAbstract" : false,
      "isDerived" : false,
      "properties" : [ {
        "id" : "8mpLiX6GAqAAbwys",
        "name" : null,
        "description" : null,
        "type" : "Property",
        "propertyAssignments" : null,
        "stereotype" : null,
        "isDerived" : false,
        "isReadOnly" : false,
        "isOrdered" : false,
        "cardinality" : "1..*",
        "propertyType" : {
          "id" : "hXAziX6GAqAAbwpF",
          "type" : "Class"
        },
        "subsettedProperties" : null,
        "redefinedProperties" : null,
        "aggregationKind" : "NONE"
      }, {
        "id" : "8mpLiX6GAqAAbwyu",
        "name" : null,
        "description" : null,
        "type" : "Property",
        "propertyAssignments" : null,
        "stereotype" : null,
        "isDerived" : false,
        "isReadOnly" : true,
        "isOrdered" : false,
        "cardinality" : "1",
        "propertyType" : {
          "id" : "hNcziX6GAqAAbwp_",
          "type" : "Class"
        },
        "subsettedProperties" : null,
        "redefinedProperties" : null,
        "aggregationKind" : "NONE"
      } ]
    }, {
      "id" : "UlzriX6GAqAAbw5N",
      "name" : null,
      "description" : null,
      "type" : "Relation",
      "propertyAssignments" : null,
      "stereotype" : "characterization",
      "isAbstract" : false,
      "isDerived" : false,
      "properties" : [ {
        "id" : "UlzriX6GAqAAbw5O",
        "name" : null,
        "description" : null,
        "type" : "Property",
        "propertyAssignments" : null,
        "stereotype" : null,
        "isDerived" : false,
        "isReadOnly" : false,
        "isOrdered" : false,
        "cardinality" : "1",
        "propertyType" : {
          "id" : "6j3LiX6GAqAAbw0i",
          "type" : "Class"
        },
        "subsettedProperties" : null,
        "redefinedProperties" : null,
        "aggregationKind" : "NONE"
      }, {
        "id" : "UlzriX6GAqAAbw5Q",
        "name" : null,
        "description" : null,
        "type" : "Property",
        "propertyAssignments" : null,
        "stereotype" : null,
        "isDerived" : false,
        "isReadOnly" : true,
        "isOrdered" : false,
        "cardinality" : "1",
        "propertyType" : {
          "id" : "G2XLiX6GAqAAbw0X",
          "type" : "Class"
        },
        "subsettedProperties" : null,
        "redefinedProperties" : null,
        "aggregationKind" : "NONE"
      } ]
    }, {
      "id" : "QFHriX6GAqAAbw51",
      "name" : null,
      "description" : null,
      "type" : "Relation",
      "propertyAssignments" : null,
      "stereotype" : "mediation",
      "isAbstract" : false,
      "isDerived" : false,
      "properties" : [ {
        "id" : "QFHriX6GAqAAbw52",
        "name" : null,
        "description" : null,
        "type" : "Property",
        "propertyAssignments" : null,
        "stereotype" : null,
        "isDerived" : false,
        "isReadOnly" : false,
        "isOrdered" : false,
        "cardinality" : "0..1",
        "propertyType" : {
          "id" : "GkvLiX6GAqAAbw0t",
          "type" : "Class"
        },
        "subsettedProperties" : null,
        "redefinedProperties" : null,
        "aggregationKind" : "NONE"
      }, {
        "id" : "QFHriX6GAqAAbw54",
        "name" : null,
        "description" : null,
        "type" : "Property",
        "propertyAssignments" : null,
        "stereotype" : null,
        "isDerived" : false,
        "isReadOnly" : true,
        "isOrdered" : false,
        "cardinality" : "1",
        "propertyType" : {
          "id" : "G2XLiX6GAqAAbw0X",
          "type" : "Class"
        },
        "subsettedProperties" : null,
        "redefinedProperties" : null,
        "aggregationKind" : "NONE"
      } ]
    }, {
      "id" : "DRvriX6GAqAAbw6Z",
      "name" : null,
      "description" : null,
      "type" : "Relation",
      "propertyAssignments" : null,
      "stereotype" : "mediation",
      "isAbstract" : false,
      "isDerived" : false,
      "properties" : [ {
        "id" : "DRvriX6GAqAAbw6a",
        "name" : null,
        "description" : null,
        "type" : "Property",
        "propertyAssignments" : null,
        "stereotype" : null,
        "isDerived" : false,
        "isReadOnly" : false,
        "isOrdered" : false,
        "cardinality" : "1",
        "propertyType" : {
          "id" : "GkvLiX6GAqAAbw0t",
          "type" : "Class"
        },
        "subsettedProperties" : null,
        "redefinedProperties" : null,
        "aggregationKind" : "NONE"
      }, {
        "id" : "DRvriX6GAqAAbw6c",
        "name" : null,
        "description" : null,
        "type" : "Property",
        "propertyAssignments" : null,
        "stereotype" : null,
        "isDerived" : false,
        "isReadOnly" : true,
        "isOrdered" : false,
        "cardinality" : "1..*",
        "propertyType" : {
          "id" : "OhfLiX6GAqAAbw04",
          "type" : "Class"
        },
        "subsettedProperties" : null,
        "redefinedProperties" : null,
        "aggregationKind" : "NONE"
      } ]
    }, {
      "id" : "JuwbiX6GAqAAbw7B",
      "name" : null,
      "description" : null,
      "type" : "Relation",
      "propertyAssignments" : null,
      "stereotype" : "mediation",
      "isAbstract" : false,
      "isDerived" : false,
      "properties" : [ {
        "id" : "JuwbiX6GAqAAbw7C",
        "name" : null,
        "description" : null,
        "type" : "Property",
        "propertyAssignments" : null,
        "stereotype" : null,
        "isDerived" : false,
        "isReadOnly" : false,
        "isOrdered" : false,
        "cardinality" : "1",
        "propertyType" : {
          "id" : "ukiriX6GAqAAbw12",
          "type" : "Class"
        },
        "subsettedProperties" : null,
        "redefinedProperties" : null,
        "aggregationKind" : "NONE"
      }, {
        "id" : "JuwbiX6GAqAAbw7E",
        "name" : null,
        "description" : null,
        "type" : "Property",
        "propertyAssignments" : null,
        "stereotype" : null,
        "isDerived" : false,
        "isReadOnly" : true,
        "isOrdered" : false,
        "cardinality" : "1..*",
        "propertyType" : {
          "id" : "z7SriX6GAqAAbw2B",
          "type" : "Class"
        },
        "subsettedProperties" : null,
        "redefinedProperties" : null,
        "aggregationKind" : "NONE"
      } ]
    }, {
      "id" : "WKEbiX6GAqAAbw7l",
      "name" : null,
      "description" : null,
      "type" : "Relation",
      "propertyAssignments" : null,
      "stereotype" : "mediation",
      "isAbstract" : false,
      "isDerived" : false,
      "properties" : [ {
        "id" : "WKEbiX6GAqAAbw7m",
        "name" : null,
        "description" : null,
        "type" : "Property",
        "propertyAssignments" : null,
        "stereotype" : null,
        "isDerived" : false,
        "isReadOnly" : false,
        "isOrdered" : false,
        "cardinality" : "1..*",
        "propertyType" : {
          "id" : "pAIriX6GAqAAbw1b",
          "type" : "Class"
        },
        "subsettedProperties" : null,
        "redefinedProperties" : null,
        "aggregationKind" : "NONE"
      }, {
        "id" : "WKEbiX6GAqAAbw7o",
        "name" : null,
        "description" : null,
        "type" : "Property",
        "propertyAssignments" : null,
        "stereotype" : null,
        "isDerived" : false,
        "isReadOnly" : true,
        "isOrdered" : false,
        "cardinality" : "1",
        "propertyType" : {
          "id" : "YBKriX6GAqAAbw2M",
          "type" : "Class"
        },
        "subsettedProperties" : null,
        "redefinedProperties" : null,
        "aggregationKind" : "NONE"
      } ]
    }, {
      "id" : "91cbiX6GAqAAbw8H",
      "name" : null,
      "description" : null,
      "type" : "Relation",
      "propertyAssignments" : null,
      "stereotype" : "mediation",
      "isAbstract" : false,
      "isDerived" : false,
      "properties" : [ {
        "id" : "91cbiX6GAqAAbw8I",
        "name" : null,
        "description" : null,
        "type" : "Property",
        "propertyAssignments" : null,
        "stereotype" : null,
        "isDerived" : false,
        "isReadOnly" : false,
        "isOrdered" : false,
        "cardinality" : "1",
        "propertyType" : {
          "id" : "pAIriX6GAqAAbw1b",
          "type" : "Class"
        },
        "subsettedProperties" : null,
        "redefinedProperties" : null,
        "aggregationKind" : "NONE"
      }, {
        "id" : "91cbiX6GAqAAbw8K",
        "name" : null,
        "description" : null,
        "type" : "Property",
        "propertyAssignments" : null,
        "stereotype" : null,
        "isDerived" : false,
        "isReadOnly" : true,
        "isOrdered" : false,
        "cardinality" : "1..*",
        "propertyType" : {
          "id" : "rEgriX6GAqAAbw1O",
          "type" : "Class"
        },
        "subsettedProperties" : null,
        "redefinedProperties" : null,
        "aggregationKind" : "NONE"
      } ]
    }, {
      "id" : "WaKbiX6GAqAAbw81",
      "name" : null,
      "description" : null,
      "type" : "Relation",
      "propertyAssignments" : null,
      "stereotype" : "mediation",
      "isAbstract" : false,
      "isDerived" : false,
      "properties" : [ {
        "id" : "WaKbiX6GAqAAbw82",
        "name" : null,
        "description" : null,
        "type" : "Property",
        "propertyAssignments" : null,
        "stereotype" : null,
        "isDerived" : false,
        "isReadOnly" : false,
        "isOrdered" : false,
        "cardinality" : "1",
        "propertyType" : {
          "id" : "ukiriX6GAqAAbw12",
          "type" : "Class"
        },
        "subsettedProperties" : null,
        "redefinedProperties" : null,
        "aggregationKind" : "NONE"
      }, {
        "id" : "WaKbiX6GAqAAbw84",
        "name" : null,
        "description" : null,
        "type" : "Property",
        "propertyAssignments" : null,
        "stereotype" : null,
        "isDerived" : false,
        "isReadOnly" : true,
        "isOrdered" : false,
        "cardinality" : "1..*",
        "propertyType" : {
          "id" : "Sx_LiX6GAqAAbw1D",
          "type" : "Class"
        },
        "subsettedProperties" : null,
        "redefinedProperties" : null,
        "aggregationKind" : "NONE"
      } ]
    } ]
  },
  "diagrams" : [ {
    "id" : "CPc9iX6GAqAAbwWf",
    "name" : "Classes and Relationships",
    "description" : null,
    "type" : "Diagram",
    "owner" : {
      "id" : "tKRdiX6GAqAAbwBO_root",
      "type" : "Package"
    },
    "contents" : [ {
      "id" : "DIy9iX6GAqAAbwXE",
      "type" : "ClassView",
      "modelElement" : {
        "id" : "jIy9iX6GAqAAbwXF",
        "type" : "Class"
      },
      "shape" : {
        "id" : "DIy9iX6GAqAAbwXE_shape",
        "type" : "Rectangle",
        "x" : 259,
        "y" : 200,
        "width" : 125,
        "height" : 40
      }
    }, {
      "id" : "lCdDiX6GAqAAbwbQ",
      "type" : "RelationView",
      "modelElement" : {
        "id" : "qCdDiX6GAqAAbwbJ",
        "type" : "Relation"
      },
      "shape" : {
        "id" : "lCdDiX6GAqAAbwbQ_path",
        "type" : "Path",
        "points" : [ {
          "x" : 283,
          "y" : 241
        }, {
          "x" : 283,
          "y" : 291
        }, {
          "x" : 178,
          "y" : 291
        }, {
          "x" : 178,
          "y" : 220
        }, {
          "x" : 258,
          "y" : 220
        } ]
      },
      "source" : {
        "id" : "DIy9iX6GAqAAbwXE",
        "type" : "ClassView"
      },
      "target" : {
        "id" : "DIy9iX6GAqAAbwXE",
        "type" : "ClassView"
      }
    }, {
      "id" : "gjDjiX6GAqAAbwij",
      "type" : "GeneralizationView",
      "modelElement" : {
        "id" : "bDDjiX6GAqAAbwii",
        "type" : "Generalization"
      },
      "shape" : {
        "id" : "gjDjiX6GAqAAbwij_path",
        "type" : "Path",
        "points" : [ {
          "x" : 495,
          "y" : 113
        }, {
          "x" : 495,
          "y" : 146
        }, {
          "x" : 529,
          "y" : 146
        }, {
          "x" : 529,
          "y" : 207
        } ]
      },
      "source" : {
        "id" : "sDi9iX6GAqAAbwW5",
        "type" : "ClassView"
      },
      "target" : {
        "id" : "K2q9iX6GAqAAbwXP",
        "type" : "ClassView"
      }
    }, {
      "id" : "K1yDiX6GAqAAbwY3",
      "type" : "ClassView",
      "modelElement" : {
        "id" : "K1yDiX6GAqAAbwY4",
        "type" : "Class"
      },
      "shape" : {
        "id" : "K1yDiX6GAqAAbwY3_shape",
        "type" : "Rectangle",
        "x" : 1022,
        "y" : 319,
        "width" : 180,
        "height" : 40
      }
    }, {
      "id" : "iOhDiX6GAqAAbwZv",
      "type" : "GeneralizationView",
      "modelElement" : {
        "id" : "gOhDiX6GAqAAbwZu",
        "type" : "Generalization"
      },
      "shape" : {
        "id" : "iOhDiX6GAqAAbwZv_path",
        "type" : "Path",
        "points" : [ {
          "x" : 321,
          "y" : 241
        }, {
          "x" : 321,
          "y" : 315
        }, {
          "x" : 384,
          "y" : 315
        }, {
          "x" : 384,
          "y" : 395
        } ]
      },
      "source" : {
        "id" : "DIy9iX6GAqAAbwXE",
        "type" : "ClassView"
      },
      "target" : {
        "id" : "fd4DiX6GAqAAbwYJ",
        "type" : "ClassView"
      }
    }, {
      "id" : "hQiTiX6GAqAAbwlq",
      "type" : "RelationView",
      "modelElement" : {
        "id" : "qQiTiX6GAqAAbwll",
        "type" : "Relation"
      },
      "shape" : {
        "id" : "hQiTiX6GAqAAbwlq_path",
        "type" : "Path",
        "points" : [ {
          "x" : 741,
          "y" : 207
        }, {
          "x" : 741,
          "y" : 183
        }, {
          "x" : 585,
          "y" : 183
        }, {
          "x" : 585,
          "y" : 207
        } ]
      },
      "source" : {
        "id" : "Oy69iX6GAqAAbwXa",
        "type" : "ClassView"
      },
      "target" : {
        "id" : "K2q9iX6GAqAAbwXP",
        "type" : "ClassView"
      }
    }, {
      "id" : "XLMDiX6GAqAAbwYf",
      "type" : "ClassView",
      "modelElement" : {
        "id" : "3LMDiX6GAqAAbwYg",
        "type" : "Class"
      },
      "shape" : {
        "id" : "XLMDiX6GAqAAbwYf_shape",
        "type" : "Rectangle",
        "x" : 616,
        "y" : 396,
        "width" : 197,
        "height" : 40
      }
    }, {
      "id" : "bCUDiX6GAqAAbwYU",
      "type" : "ClassView",
      "modelElement" : {
        "id" : "bCUDiX6GAqAAbwYV",
        "type" : "Class"
      },
      "shape" : {
        "id" : "bCUDiX6GAqAAbwYU_shape",
        "type" : "Rectangle",
        "x" : 423,
        "y" : 465,
        "width" : 197,
        "height" : 40
      }
    }, {
      "id" : "uLATiX6GAqAAbwj.",
      "type" : "RelationView",
      "modelElement" : {
        "id" : "iLATiX6GAqAAbwj5",
        "type" : "Relation"
      },
      "shape" : {
        "id" : "uLATiX6GAqAAbwj._path",
        "type" : "Path",
        "points" : [ {
          "x" : 966,
          "y" : 207
        }, {
          "x" : 966,
          "y" : 131
        }, {
          "x" : 555,
          "y" : 131
        }, {
          "x" : 555,
          "y" : 207
        } ]
      },
      "source" : {
        "id" : "EWJ9iX6GAqAAbwXl",
        "type" : "ClassView"
      },
      "target" : {
        "id" : "K2q9iX6GAqAAbwXP",
        "type" : "ClassView"
      }
    }, {
      "id" : "q7CjiX6GAqAAbwgC",
      "type" : "RelationView",
      "modelElement" : {
        "id" : "k7CjiX6GAqAAbwf9",
        "type" : "Relation"
      },
      "shape" : {
        "id" : "q7CjiX6GAqAAbwgC_path",
        "type" : "Path",
        "points" : [ {
          "x" : 993,
          "y" : 486
        }, {
          "x" : 1095,
          "y" : 486
        }, {
          "x" : 1095,
          "y" : 360
        } ]
      },
      "source" : {
        "id" : "oVCDiX6GAqAAbwYs",
        "type" : "ClassView"
      },
      "target" : {
        "id" : "K1yDiX6GAqAAbwY3",
        "type" : "ClassView"
      }
    }, {
      "id" : "EWJ9iX6GAqAAbwXl",
      "type" : "ClassView",
      "modelElement" : {
        "id" : "kWJ9iX6GAqAAbwXm",
        "type" : "Class"
      },
      "shape" : {
        "id" : "EWJ9iX6GAqAAbwXl_shape",
        "type" : "Rectangle",
        "x" : 926,
        "y" : 208,
        "width" : 80,
        "height" : 40
      }
    }, {
      "id" : "fd4DiX6GAqAAbwYJ",
      "type" : "ClassView",
      "modelElement" : {
        "id" : "fd4DiX6GAqAAbwYK",
        "type" : "Class"
      },
      "shape" : {
        "id" : "fd4DiX6GAqAAbwYJ_shape",
        "type" : "Rectangle",
        "x" : 259,
        "y" : 396,
        "width" : 190,
        "height" : 40
      }
    }, {
      "id" : "OcGjiX6GAqAAbwg.",
      "type" : "RelationView",
      "modelElement" : {
        "id" : "ycGjiX6GAqAAbwg5",
        "type" : "Relation"
      },
      "shape" : {
        "id" : "OcGjiX6GAqAAbwg._path",
        "type" : "Path",
        "points" : [ {
          "x" : 488,
          "y" : 506
        }, {
          "x" : 488,
          "y" : 552
        }, {
          "x" : 1180,
          "y" : 552
        }, {
          "x" : 1180,
          "y" : 360
        } ]
      },
      "source" : {
        "id" : "bCUDiX6GAqAAbwYU",
        "type" : "ClassView"
      },
      "target" : {
        "id" : "K1yDiX6GAqAAbwY3",
        "type" : "ClassView"
      }
    }, {
      "id" : "a2RjiX6GAqAAbwh3",
      "type" : "RelationView",
      "modelElement" : {
        "id" : "U2RjiX6GAqAAbwhy",
        "type" : "Relation"
      },
      "shape" : {
        "id" : "a2RjiX6GAqAAbwh3_path",
        "type" : "Path",
        "points" : [ {
          "x" : 321,
          "y" : 199
        }, {
          "x" : 321,
          "y" : 113
        } ]
      },
      "source" : {
        "id" : "DIy9iX6GAqAAbwXE",
        "type" : "ClassView"
      },
      "target" : {
        "id" : "5EC9iX6GAqAAbwWu",
        "type" : "ClassView"
      }
    }, {
      "id" : "sDi9iX6GAqAAbwW5",
      "type" : "ClassView",
      "modelElement" : {
        "id" : "sDi9iX6GAqAAbwW6",
        "type" : "Class"
      },
      "shape" : {
        "id" : "sDi9iX6GAqAAbwW5_shape",
        "type" : "Rectangle",
        "x" : 455,
        "y" : 72,
        "width" : 80,
        "height" : 40
      }
    }, {
      "id" : "qpRDiX6GAqAAbwaB",
      "type" : "GeneralizationView",
      "modelElement" : {
        "id" : "kpRDiX6GAqAAbwaA",
        "type" : "Generalization"
      },
      "shape" : {
        "id" : "qpRDiX6GAqAAbwaB_path",
        "type" : "Path",
        "points" : [ {
          "x" : 321,
          "y" : 241
        }, {
          "x" : 321,
          "y" : 315
        }, {
          "x" : 891,
          "y" : 315
        }, {
          "x" : 891,
          "y" : 465
        } ]
      },
      "source" : {
        "id" : "DIy9iX6GAqAAbwXE",
        "type" : "ClassView"
      },
      "target" : {
        "id" : "oVCDiX6GAqAAbwYs",
        "type" : "ClassView"
      }
    }, {
      "id" : "_0d9iX6GAqAAbwX2",
      "type" : "ClassView",
      "modelElement" : {
        "id" : "_0d9iX6GAqAAbwX3",
        "type" : "Class"
      },
      "shape" : {
        "id" : "_0d9iX6GAqAAbwX2_shape",
        "type" : "Rectangle",
        "x" : 1053,
        "y" : 72,
        "width" : 80,
        "height" : 40
      }
    }, {
      "id" : "jF8TiX6GAqAAbwlW",
      "type" : "RelationView",
      "modelElement" : {
        "id" : "7WUTiX6GAqAAbwkv",
        "type" : "Relation"
      },
      "shape" : {
        "id" : "jF8TiX6GAqAAbwlW_path",
        "type" : "Path",
        "points" : [ {
          "x" : 791,
          "y" : 207
        }, {
          "x" : 791,
          "y" : 183
        }, {
          "x" : 935,
          "y" : 183
        }, {
          "x" : 935,
          "y" : 207
        } ]
      },
      "source" : {
        "id" : "Oy69iX6GAqAAbwXa",
        "type" : "ClassView"
      },
      "target" : {
        "id" : "EWJ9iX6GAqAAbwXl",
        "type" : "ClassView"
      }
    }, {
      "id" : "oVCDiX6GAqAAbwYs",
      "type" : "ClassView",
      "modelElement" : {
        "id" : "oVCDiX6GAqAAbwYt",
        "type" : "Class"
      },
      "shape" : {
        "id" : "oVCDiX6GAqAAbwYs_shape",
        "type" : "Rectangle",
        "x" : 791,
        "y" : 466,
        "width" : 201,
        "height" : 40
      }
    }, {
      "id" : "LjhDiX6GAqAAbwZ1",
      "type" : "GeneralizationView",
      "modelElement" : {
        "id" : "FjhDiX6GAqAAbwZ0",
        "type" : "Generalization"
      },
      "shape" : {
        "id" : "LjhDiX6GAqAAbwZ1_path",
        "type" : "Path",
        "points" : [ {
          "x" : 321,
          "y" : 241
        }, {
          "x" : 321,
          "y" : 315
        }, {
          "x" : 714,
          "y" : 315
        }, {
          "x" : 714,
          "y" : 395
        } ]
      },
      "source" : {
        "id" : "DIy9iX6GAqAAbwXE",
        "type" : "ClassView"
      },
      "target" : {
        "id" : "XLMDiX6GAqAAbwYf",
        "type" : "ClassView"
      }
    }, {
      "id" : "i0RDiX6GAqAAbwZ7",
      "type" : "GeneralizationView",
      "modelElement" : {
        "id" : "A0RDiX6GAqAAbwZ6",
        "type" : "Generalization"
      },
      "shape" : {
        "id" : "i0RDiX6GAqAAbwZ7_path",
        "type" : "Path",
        "points" : [ {
          "x" : 321,
          "y" : 241
        }, {
          "x" : 321,
          "y" : 315
        }, {
          "x" : 535,
          "y" : 315
        }, {
          "x" : 535,
          "y" : 464
        } ]
      },
      "source" : {
        "id" : "DIy9iX6GAqAAbwXE",
        "type" : "ClassView"
      },
      "target" : {
        "id" : "bCUDiX6GAqAAbwYU",
        "type" : "ClassView"
      }
    }, {
      "id" : "XBrjiX6GAqAAbwjF",
      "type" : "GeneralizationView",
      "modelElement" : {
        "id" : "dBrjiX6GAqAAbwjE",
        "type" : "Generalization"
      },
      "shape" : {
        "id" : "XBrjiX6GAqAAbwjF_path",
        "type" : "Path",
        "points" : [ {
          "x" : 1099,
          "y" : 113
        }, {
          "x" : 1099,
          "y" : 183
        }, {
          "x" : 999,
          "y" : 183
        }, {
          "x" : 999,
          "y" : 207
        } ]
      },
      "source" : {
        "id" : "_0d9iX6GAqAAbwX2",
        "type" : "ClassView"
      },
      "target" : {
        "id" : "EWJ9iX6GAqAAbwXl",
        "type" : "ClassView"
      }
    }, {
      "id" : "UTrjiX6GAqAAbwjL",
      "type" : "GeneralizationView",
      "modelElement" : {
        "id" : "gTrjiX6GAqAAbwjK",
        "type" : "Generalization"
      },
      "shape" : {
        "id" : "UTrjiX6GAqAAbwjL_path",
        "type" : "Path",
        "points" : [ {
          "x" : 1099,
          "y" : 113
        }, {
          "x" : 1099,
          "y" : 183
        }, {
          "x" : 1133,
          "y" : 183
        }, {
          "x" : 1133,
          "y" : 318
        } ]
      },
      "source" : {
        "id" : "_0d9iX6GAqAAbwX2",
        "type" : "ClassView"
      },
      "target" : {
        "id" : "K1yDiX6GAqAAbwY3",
        "type" : "ClassView"
      }
    }, {
      "id" : "5EC9iX6GAqAAbwWu",
      "type" : "ClassView",
      "modelElement" : {
        "id" : "VEC9iX6GAqAAbwWv",
        "type" : "Class"
      },
      "shape" : {
        "id" : "5EC9iX6GAqAAbwWu_shape",
        "type" : "Rectangle",
        "x" : 276,
        "y" : 72,
        "width" : 101,
        "height" : 40
      }
    }, {
      "id" : "FTHDzv6GAqAABQpi",
      "type" : "GeneralizationSetView",
      "modelElement" : {
        "id" : "WTHDzv6GAqAABQpg",
        "type" : "GeneralizationSet"
      },
      "shape" : {
        "id" : "FTHDzv6GAqAABQpi_shape",
        "type" : "Text",
        "x" : 1008,
        "y" : 141,
        "width" : 73,
        "height" : 45,
        "value" : ""
      }
    }, {
      "id" : "Oy69iX6GAqAAbwXa",
      "type" : "ClassView",
      "modelElement" : {
        "id" : "uy69iX6GAqAAbwXb",
        "type" : "Class"
      },
      "shape" : {
        "id" : "Oy69iX6GAqAAbwXa_shape",
        "type" : "Rectangle",
        "x" : 727,
        "y" : 208,
        "width" : 88,
        "height" : 40
      }
    }, {
      "id" : "K2q9iX6GAqAAbwXP",
      "type" : "ClassView",
      "modelElement" : {
        "id" : "K2q9iX6GAqAAbwXQ",
        "type" : "Class"
      },
      "shape" : {
        "id" : "K2q9iX6GAqAAbwXP_shape",
        "type" : "Rectangle",
        "x" : 515,
        "y" : 208,
        "width" : 80,
        "height" : 40
      }
    } ]
  }, {
    "id" : "ODpTiX6GAqAAbwmU",
    "name" : "Inheritance",
    "description" : null,
    "type" : "Diagram",
    "owner" : {
      "id" : "tKRdiX6GAqAAbwBO_root",
      "type" : "Package"
    },
    "contents" : [ {
      "id" : "Ba4ziX6GAqAAbwpa",
      "type" : "ClassView",
      "modelElement" : {
        "id" : "Ba4ziX6GAqAAbwpb",
        "type" : "Class"
      },
      "shape" : {
        "id" : "Ba4ziX6GAqAAbwpa_shape",
        "type" : "Rectangle",
        "x" : 395,
        "y" : 505,
        "width" : 253,
        "height" : 40
      }
    }, {
      "id" : "olOziX6GAqAAbwrd",
      "type" : "GeneralizationView",
      "modelElement" : {
        "id" : "3FOziX6GAqAAbwrc",
        "type" : "Generalization"
      },
      "shape" : {
        "id" : "olOziX6GAqAAbwrd_path",
        "type" : "Path",
        "points" : [ {
          "x" : 992,
          "y" : 74
        }, {
          "x" : 992,
          "y" : 12
        }, {
          "x" : 129,
          "y" : 12
        }, {
          "x" : 129,
          "y" : 74
        } ]
      },
      "source" : {
        "id" : "Yg9TiX6GAqAAbwnf",
        "type" : "ClassView"
      },
      "target" : {
        "id" : "nj5TiX6GAqAAbwmj",
        "type" : "ClassView"
      }
    }, {
      "id" : "_OVTiX6GAqAAbwm5",
      "type" : "ClassView",
      "modelElement" : {
        "id" : "_OVTiX6GAqAAbwm6",
        "type" : "Class"
      },
      "shape" : {
        "id" : "_OVTiX6GAqAAbwm5_shape",
        "type" : "Rectangle",
        "x" : 498,
        "y" : 75,
        "width" : 80,
        "height" : 40
      }
    }, {
      "id" : "0jJziX6GAqAAbwr5",
      "type" : "GeneralizationView",
      "modelElement" : {
        "id" : "_DJziX6GAqAAbwr4",
        "type" : "Generalization"
      },
      "shape" : {
        "id" : "0jJziX6GAqAAbwr5_path",
        "type" : "Path",
        "points" : [ {
          "x" : 801,
          "y" : 116
        }, {
          "x" : 801,
          "y" : 283
        } ]
      },
      "source" : {
        "id" : "I.1TiX6GAqAAbwnE",
        "type" : "ClassView"
      },
      "target" : {
        "id" : "PEnTiX6GAqAAbwob",
        "type" : "ClassView"
      }
    }, {
      "id" : "pmpLiX6GAqAAbwyw",
      "type" : "RelationView",
      "modelElement" : {
        "id" : "cmpLiX6GAqAAbwyr",
        "type" : "Relation"
      },
      "shape" : {
        "id" : "pmpLiX6GAqAAbwyw_path",
        "type" : "Path",
        "points" : [ {
          "x" : 257,
          "y" : 439
        }, {
          "x" : 157,
          "y" : 439
        }, {
          "x" : 157,
          "y" : 504
        } ]
      },
      "source" : {
        "id" : "BXAziX6GAqAAbwpE",
        "type" : "ClassView"
      },
      "target" : {
        "id" : "BNcziX6GAqAAbwp.",
        "type" : "ClassView"
      }
    }, {
      "id" : "PEnTiX6GAqAAbwob",
      "type" : "ClassView",
      "modelElement" : {
        "id" : "PEnTiX6GAqAAbwoc",
        "type" : "Class"
      },
      "shape" : {
        "id" : "PEnTiX6GAqAAbwob_shape",
        "type" : "Rectangle",
        "x" : 755,
        "y" : 284,
        "width" : 92,
        "height" : 40
      }
    }, {
      "id" : "cT.LiX6GAqAAbwyS",
      "type" : "GeneralizationView",
      "modelElement" : {
        "id" : "3j.LiX6GAqAAbwyR",
        "type" : "Generalization"
      },
      "shape" : {
        "id" : "cT.LiX6GAqAAbwyS_path",
        "type" : "Path",
        "points" : [ {
          "x" : 1106,
          "y" : 297
        }, {
          "x" : 1106,
          "y" : 638
        }, {
          "x" : 143,
          "y" : 638
        }, {
          "x" : 143,
          "y" : 546
        } ]
      },
      "source" : {
        "id" : "WALTiX6GAqAAbwn5",
        "type" : "ClassView"
      },
      "target" : {
        "id" : "BNcziX6GAqAAbwp.",
        "type" : "ClassView"
      }
    }, {
      "id" : "CKjTiX6GAqAAbwnr",
      "type" : "ClassView",
      "modelElement" : {
        "id" : "_0d9iX6GAqAAbwX3",
        "type" : "Class"
      },
      "shape" : {
        "id" : "CKjTiX6GAqAAbwnr_shape",
        "type" : "Rectangle",
        "x" : 1066,
        "y" : 75,
        "width" : 80,
        "height" : 40
      }
    }, {
      "id" : "7QlTiX6GAqAAbwmu",
      "type" : "ClassView",
      "modelElement" : {
        "id" : "7QlTiX6GAqAAbwmv",
        "type" : "Class"
      },
      "shape" : {
        "id" : "7QlTiX6GAqAAbwmu_shape",
        "type" : "Rectangle",
        "x" : 260,
        "y" : 75,
        "width" : 80,
        "height" : 40
      }
    }, {
      "id" : "TdXTiX6GAqAAbwom",
      "type" : "ClassView",
      "modelElement" : {
        "id" : "TdXTiX6GAqAAbwon",
        "type" : "Class"
      },
      "shape" : {
        "id" : "TdXTiX6GAqAAbwom_shape",
        "type" : "Rectangle",
        "x" : 480,
        "y" : 284,
        "width" : 117,
        "height" : 40
      }
    }, {
      "id" : "LRpziX6GAqAAbwr_",
      "type" : "GeneralizationView",
      "modelElement" : {
        "id" : "FRpziX6GAqAAbwr.",
        "type" : "Generalization"
      },
      "shape" : {
        "id" : "LRpziX6GAqAAbwr__path",
        "type" : "Path",
        "points" : [ {
          "x" : 306,
          "y" : 116
        }, {
          "x" : 306,
          "y" : 283
        } ]
      },
      "source" : {
        "id" : "7QlTiX6GAqAAbwmu",
        "type" : "ClassView"
      },
      "target" : {
        "id" : "IzvTiX6GAqAAbwo3",
        "type" : "ClassView"
      }
    }, {
      "id" : "5H5Dzv6GAqAABQo7",
      "type" : "GeneralizationSetView",
      "modelElement" : {
        "id" : "SH5Dzv6GAqAABQoy",
        "type" : "GeneralizationSet"
      },
      "shape" : {
        "id" : "5H5Dzv6GAqAABQo7_shape",
        "type" : "Text",
        "x" : 414,
        "y" : 332,
        "width" : 65,
        "height" : 45,
        "value" : ""
      }
    }, {
      "id" : "IzvTiX6GAqAAbwo3",
      "type" : "ClassView",
      "modelElement" : {
        "id" : "IzvTiX6GAqAAbwo4",
        "type" : "Class"
      },
      "shape" : {
        "id" : "IzvTiX6GAqAAbwo3_shape",
        "type" : "Rectangle",
        "x" : 260,
        "y" : 284,
        "width" : 103,
        "height" : 40
      }
    }, {
      "id" : "WALTiX6GAqAAbwn5",
      "type" : "ClassView",
      "modelElement" : {
        "id" : "kWJ9iX6GAqAAbwXm",
        "type" : "Class"
      },
      "shape" : {
        "id" : "WALTiX6GAqAAbwn5_shape",
        "type" : "Rectangle",
        "x" : 1066,
        "y" : 256,
        "width" : 80,
        "height" : 40
      }
    }, {
      "id" : "Ol5ziX6GAqAAbwsR",
      "type" : "GeneralizationView",
      "modelElement" : {
        "id" : "Cl5ziX6GAqAAbwsQ",
        "type" : "Generalization"
      },
      "shape" : {
        "id" : "Ol5ziX6GAqAAbwsR_path",
        "type" : "Path",
        "points" : [ {
          "x" : 538,
          "y" : 325
        }, {
          "x" : 538,
          "y" : 371
        }, {
          "x" : 495,
          "y" : 371
        }, {
          "x" : 495,
          "y" : 504
        } ]
      },
      "source" : {
        "id" : "TdXTiX6GAqAAbwom",
        "type" : "ClassView"
      },
      "target" : {
        "id" : "Ba4ziX6GAqAAbwpa",
        "type" : "ClassView"
      }
    }, {
      "id" : "lUiLiX6GAqAAbww2",
      "type" : "RelationView",
      "modelElement" : {
        "id" : "OUiLiX6GAqAAbwwx",
        "type" : "Relation"
      },
      "shape" : {
        "id" : "lUiLiX6GAqAAbww2_path",
        "type" : "Path",
        "points" : [ {
          "x" : 621,
          "y" : 546
        }, {
          "x" : 621,
          "y" : 577
        }, {
          "x" : 865,
          "y" : 577
        }, {
          "x" : 865,
          "y" : 546
        } ]
      },
      "source" : {
        "id" : "Ba4ziX6GAqAAbwpa",
        "type" : "ClassView"
      },
      "target" : {
        "id" : "HDMziX6GAqAAbwpz",
        "type" : "ClassView"
      }
    }, {
      "id" : "tTHDzv6GAqAABQpl",
      "type" : "GeneralizationSetView",
      "modelElement" : {
        "id" : "WTHDzv6GAqAABQpg",
        "type" : "GeneralizationSet"
      },
      "shape" : {
        "id" : "tTHDzv6GAqAABQpl_shape",
        "type" : "Text",
        "x" : 0,
        "y" : 0,
        "width" : 0,
        "height" : 0,
        "value" : ""
      }
    }, {
      "id" : "wK.LiX6GAqAAbwyM",
      "type" : "GeneralizationView",
      "modelElement" : {
        "id" : "Dy.LiX6GAqAAbwyL",
        "type" : "Generalization"
      },
      "shape" : {
        "id" : "wK.LiX6GAqAAbwyM_path",
        "type" : "Path",
        "points" : [ {
          "x" : 1106,
          "y" : 297
        }, {
          "x" : 1106,
          "y" : 638
        }, {
          "x" : 913,
          "y" : 638
        }, {
          "x" : 913,
          "y" : 546
        } ]
      },
      "source" : {
        "id" : "WALTiX6GAqAAbwn5",
        "type" : "ClassView"
      },
      "target" : {
        "id" : "HDMziX6GAqAAbwpz",
        "type" : "ClassView"
      }
    }, {
      "id" : "BXAziX6GAqAAbwpE",
      "type" : "ClassView",
      "modelElement" : {
        "id" : "hXAziX6GAqAAbwpF",
        "type" : "Class"
      },
      "shape" : {
        "id" : "BXAziX6GAqAAbwpE_shape",
        "type" : "Rectangle",
        "x" : 258,
        "y" : 419,
        "width" : 185,
        "height" : 40
      }
    }, {
      "id" : "gyHziX6GAqAAbwt9",
      "type" : "RelationView",
      "modelElement" : {
        "id" : "LSHziX6GAqAAbwt4",
        "type" : "Relation"
      },
      "shape" : {
        "id" : "gyHziX6GAqAAbwt9_path",
        "type" : "Path",
        "points" : [ {
          "x" : 579,
          "y" : 95
        }, {
          "x" : 760,
          "y" : 95
        } ]
      },
      "source" : {
        "id" : "_OVTiX6GAqAAbwm5",
        "type" : "ClassView"
      },
      "target" : {
        "id" : "I.1TiX6GAqAAbwnE",
        "type" : "ClassView"
      }
    }, {
      "id" : "Yg9TiX6GAqAAbwnf",
      "type" : "ClassView",
      "modelElement" : {
        "id" : "sDi9iX6GAqAAbwW6",
        "type" : "Class"
      },
      "shape" : {
        "id" : "Yg9TiX6GAqAAbwnf_shape",
        "type" : "Rectangle",
        "x" : 931,
        "y" : 75,
        "width" : 80,
        "height" : 40
      }
    }, {
      "id" : "nj5TiX6GAqAAbwmj",
      "type" : "ClassView",
      "modelElement" : {
        "id" : "nj5TiX6GAqAAbwmk",
        "type" : "Class"
      },
      "shape" : {
        "id" : "nj5TiX6GAqAAbwmj_shape",
        "type" : "Rectangle",
        "x" : 102,
        "y" : 75,
        "width" : 102,
        "height" : 40
      }
    }, {
      "id" : "HDMziX6GAqAAbwpz",
      "type" : "ClassView",
      "modelElement" : {
        "id" : "HDMziX6GAqAAbwp0",
        "type" : "Class"
      },
      "shape" : {
        "id" : "HDMziX6GAqAAbwpz_shape",
        "type" : "Rectangle",
        "x" : 841,
        "y" : 505,
        "width" : 109,
        "height" : 40
      }
    }, {
      "id" : "BNcziX6GAqAAbwp.",
      "type" : "ClassView",
      "modelElement" : {
        "id" : "hNcziX6GAqAAbwp_",
        "type" : "Class"
      },
      "shape" : {
        "id" : "BNcziX6GAqAAbwp._shape",
        "type" : "Rectangle",
        "x" : 102,
        "y" : 505,
        "width" : 127,
        "height" : 40
      }
    }, {
      "id" : "P.rTiX6GAqAAbwn_",
      "type" : "GeneralizationView",
      "modelElement" : {
        "id" : "dBrjiX6GAqAAbwjE",
        "type" : "Generalization"
      },
      "shape" : {
        "id" : "P.rTiX6GAqAAbwn__path",
        "type" : "Path",
        "points" : [ {
          "x" : 1106,
          "y" : 116
        }, {
          "x" : 1106,
          "y" : 255
        } ]
      },
      "source" : {
        "id" : "CKjTiX6GAqAAbwnr",
        "type" : "ClassView"
      },
      "target" : {
        "id" : "WALTiX6GAqAAbwn5",
        "type" : "ClassView"
      }
    }, {
      "id" : "sOmLiX6GAqAAbwxq",
      "type" : "RelationView",
      "modelElement" : {
        "id" : "_2mLiX6GAqAAbwxl",
        "type" : "Relation"
      },
      "shape" : {
        "id" : "sOmLiX6GAqAAbwxq_path",
        "type" : "Path",
        "points" : [ {
          "x" : 425,
          "y" : 546
        }, {
          "x" : 425,
          "y" : 577
        }, {
          "x" : 205,
          "y" : 577
        }, {
          "x" : 205,
          "y" : 546
        } ]
      },
      "source" : {
        "id" : "Ba4ziX6GAqAAbwpa",
        "type" : "ClassView"
      },
      "target" : {
        "id" : "BNcziX6GAqAAbwp.",
        "type" : "ClassView"
      }
    }, {
      "id" : "ZkZziX6GAqAAbwsF",
      "type" : "GeneralizationView",
      "modelElement" : {
        "id" : "WkZziX6GAqAAbwsE",
        "type" : "Generalization"
      },
      "shape" : {
        "id" : "ZkZziX6GAqAAbwsF_path",
        "type" : "Path",
        "points" : [ {
          "x" : 205,
          "y" : 96
        }, {
          "x" : 259,
          "y" : 96
        } ]
      },
      "source" : {
        "id" : "nj5TiX6GAqAAbwmj",
        "type" : "ClassView"
      },
      "target" : {
        "id" : "7QlTiX6GAqAAbwmu",
        "type" : "ClassView"
      }
    }, {
      "id" : "XjPziX6GAqAAbwu4",
      "type" : "RelationView",
      "modelElement" : {
        "id" : "bv3ziX6GAqAAbwup",
        "type" : "Relation"
      },
      "shape" : {
        "id" : "XjPziX6GAqAAbwu4_path",
        "type" : "Path",
        "points" : [ {
          "x" : 497,
          "y" : 283
        }, {
          "x" : 497,
          "y" : 258
        }, {
          "x" : 341,
          "y" : 258
        }, {
          "x" : 341,
          "y" : 283
        } ]
      },
      "source" : {
        "id" : "TdXTiX6GAqAAbwom",
        "type" : "ClassView"
      },
      "target" : {
        "id" : "IzvTiX6GAqAAbwo3",
        "type" : "ClassView"
      }
    }, {
      "id" : "w32ziX6GAqAAbwrX",
      "type" : "GeneralizationView",
      "modelElement" : {
        "id" : "bX2ziX6GAqAAbwrW",
        "type" : "Generalization"
      },
      "shape" : {
        "id" : "w32ziX6GAqAAbwrX_path",
        "type" : "Path",
        "points" : [ {
          "x" : 940,
          "y" : 74
        }, {
          "x" : 940,
          "y" : 50
        }, {
          "x" : 801,
          "y" : 50
        }, {
          "x" : 801,
          "y" : 74
        } ]
      },
      "source" : {
        "id" : "Yg9TiX6GAqAAbwnf",
        "type" : "ClassView"
      },
      "target" : {
        "id" : "I.1TiX6GAqAAbwnE",
        "type" : "ClassView"
      }
    }, {
      "id" : "SOrziX6GAqAAbwtW",
      "type" : "RelationView",
      "modelElement" : {
        "id" : "YOrziX6GAqAAbwtR",
        "type" : "Relation"
      },
      "shape" : {
        "id" : "SOrziX6GAqAAbwtW_path",
        "type" : "Path",
        "points" : [ {
          "x" : 341,
          "y" : 95
        }, {
          "x" : 497,
          "y" : 95
        } ]
      },
      "source" : {
        "id" : "7QlTiX6GAqAAbwmu",
        "type" : "ClassView"
      },
      "target" : {
        "id" : "_OVTiX6GAqAAbwm5",
        "type" : "ClassView"
      }
    }, {
      "id" : "g2wziX6GAqAAbwpP",
      "type" : "ClassView",
      "modelElement" : {
        "id" : "g2wziX6GAqAAbwpQ",
        "type" : "Class"
      },
      "shape" : {
        "id" : "g2wziX6GAqAAbwpP_shape",
        "type" : "Rectangle",
        "x" : 626,
        "y" : 419,
        "width" : 202,
        "height" : 40
      }
    }, {
      "id" : "JS5ziX6GAqAAbwsL",
      "type" : "GeneralizationView",
      "modelElement" : {
        "id" : "mS5ziX6GAqAAbwsK",
        "type" : "Generalization"
      },
      "shape" : {
        "id" : "JS5ziX6GAqAAbwsL_path",
        "type" : "Path",
        "points" : [ {
          "x" : 538,
          "y" : 325
        }, {
          "x" : 538,
          "y" : 371
        }, {
          "x" : 350,
          "y" : 371
        }, {
          "x" : 350,
          "y" : 418
        } ]
      },
      "source" : {
        "id" : "TdXTiX6GAqAAbwom",
        "type" : "ClassView"
      },
      "target" : {
        "id" : "BXAziX6GAqAAbwpE",
        "type" : "ClassView"
      }
    }, {
      "id" : "dAFziX6GAqAAbwsX",
      "type" : "GeneralizationView",
      "modelElement" : {
        "id" : "hAFziX6GAqAAbwsW",
        "type" : "Generalization"
      },
      "shape" : {
        "id" : "dAFziX6GAqAAbwsX_path",
        "type" : "Path",
        "points" : [ {
          "x" : 538,
          "y" : 325
        }, {
          "x" : 538,
          "y" : 371
        }, {
          "x" : 727,
          "y" : 371
        }, {
          "x" : 727,
          "y" : 418
        } ]
      },
      "source" : {
        "id" : "TdXTiX6GAqAAbwom",
        "type" : "ClassView"
      },
      "target" : {
        "id" : "g2wziX6GAqAAbwpP",
        "type" : "ClassView"
      }
    }, {
      "id" : "I.1TiX6GAqAAbwnE",
      "type" : "ClassView",
      "modelElement" : {
        "id" : "I.1TiX6GAqAAbwnF",
        "type" : "Class"
      },
      "shape" : {
        "id" : "I.1TiX6GAqAAbwnE_shape",
        "type" : "Rectangle",
        "x" : 761,
        "y" : 75,
        "width" : 80,
        "height" : 40
      }
    }, {
      "id" : "yHALiX6GAqAAbwvW",
      "type" : "RelationView",
      "modelElement" : {
        "id" : "4HALiX6GAqAAbwvR",
        "type" : "Relation"
      },
      "shape" : {
        "id" : "yHALiX6GAqAAbwvW_path",
        "type" : "Path",
        "points" : [ {
          "x" : 579,
          "y" : 283
        }, {
          "x" : 579,
          "y" : 258
        }, {
          "x" : 772,
          "y" : 258
        }, {
          "x" : 772,
          "y" : 283
        } ]
      },
      "source" : {
        "id" : "TdXTiX6GAqAAbwom",
        "type" : "ClassView"
      },
      "target" : {
        "id" : "PEnTiX6GAqAAbwob",
        "type" : "ClassView"
      }
    }, {
      "id" : "1rELiX6GAqAAbwwK",
      "type" : "RelationView",
      "modelElement" : {
        "id" : "urELiX6GAqAAbwwF",
        "type" : "Relation"
      },
      "shape" : {
        "id" : "1rELiX6GAqAAbwwK_path",
        "type" : "Path",
        "points" : [ {
          "x" : 829,
          "y" : 439
        }, {
          "x" : 981,
          "y" : 439
        }, {
          "x" : 981,
          "y" : 525
        }, {
          "x" : 951,
          "y" : 525
        } ]
      },
      "source" : {
        "id" : "g2wziX6GAqAAbwpP",
        "type" : "ClassView"
      },
      "target" : {
        "id" : "HDMziX6GAqAAbwpz",
        "type" : "ClassView"
      }
    } ]
  }, {
    "id" : "IkLLiX6GAqAAbwz7",
    "name" : "Variable",
    "description" : null,
    "type" : "Diagram",
    "owner" : {
      "id" : "tKRdiX6GAqAAbwBO_root",
      "type" : "Package"
    },
    "contents" : [ {
      "id" : "vFRriX6GAqAAbw3z",
      "type" : "GeneralizationView",
      "modelElement" : {
        "id" : "DFRriX6GAqAAbw3y",
        "type" : "Generalization"
      },
      "shape" : {
        "id" : "vFRriX6GAqAAbw3z_path",
        "type" : "Path",
        "points" : [ {
          "x" : 633,
          "y" : 71
        }, {
          "x" : 989,
          "y" : 71
        }, {
          "x" : 989,
          "y" : 100
        } ]
      },
      "source" : {
        "id" : "OhfLiX6GAqAAbw03",
        "type" : "ClassView"
      },
      "target" : {
        "id" : "LEgriX6GAqAAbw1N",
        "type" : "ClassView"
      }
    }, {
      "id" : "XepriX6GAqAAbw4F",
      "type" : "GeneralizationView",
      "modelElement" : {
        "id" : "DepriX6GAqAAbw4E",
        "type" : "Generalization"
      },
      "shape" : {
        "id" : "XepriX6GAqAAbw4F_path",
        "type" : "Path",
        "points" : [ {
          "x" : 564,
          "y" : 206
        }, {
          "x" : 564,
          "y" : 231
        }, {
          "x" : 643,
          "y" : 231
        }, {
          "x" : 643,
          "y" : 299
        } ]
      },
      "source" : {
        "id" : "6kvLiX6GAqAAbw0s",
        "type" : "ClassView"
      },
      "target" : {
        "id" : "ukiriX6GAqAAbw11",
        "type" : "ClassView"
      }
    }, {
      "id" : "UpdriX6GAqAAbw4u",
      "type" : "GeneralizationView",
      "modelElement" : {
        "id" : "fJdriX6GAqAAbw4t",
        "type" : "Generalization"
      },
      "shape" : {
        "id" : "UpdriX6GAqAAbw4u_path",
        "type" : "Path",
        "points" : [ {
          "x" : 331,
          "y" : 208
        }, {
          "x" : 331,
          "y" : 262
        }, {
          "x" : 231,
          "y" : 262
        }, {
          "x" : 231,
          "y" : 299
        } ]
      },
      "source" : {
        "id" : "G2XLiX6GAqAAbw0W",
        "type" : "ClassView"
      },
      "target" : {
        "id" : "YBKriX6GAqAAbw2L",
        "type" : "ClassView"
      }
    }, {
      "id" : "TYHLiX6GAqAAbw0K",
      "type" : "ClassView",
      "modelElement" : {
        "id" : "VEC9iX6GAqAAbwWv",
        "type" : "Class"
      },
      "shape" : {
        "id" : "TYHLiX6GAqAAbw0K_shape",
        "type" : "Rectangle",
        "x" : 226,
        "y" : 34,
        "width" : 101,
        "height" : 40
      }
    }, {
      "id" : "ukiriX6GAqAAbw11",
      "type" : "ClassView",
      "modelElement" : {
        "id" : "ukiriX6GAqAAbw12",
        "type" : "Class"
      },
      "shape" : {
        "id" : "ukiriX6GAqAAbw11_shape",
        "type" : "Rectangle",
        "x" : 615,
        "y" : 300,
        "width" : 123,
        "height" : 40
      }
    }, {
      "id" : "3CdriX6GAqAAbw4o",
      "type" : "GeneralizationView",
      "modelElement" : {
        "id" : "dCdriX6GAqAAbw4n",
        "type" : "Generalization"
      },
      "shape" : {
        "id" : "3CdriX6GAqAAbw4o_path",
        "type" : "Path",
        "points" : [ {
          "x" : 331,
          "y" : 208
        }, {
          "x" : 331,
          "y" : 262
        }, {
          "x" : 448,
          "y" : 262
        }, {
          "x" : 448,
          "y" : 299
        } ]
      },
      "source" : {
        "id" : "G2XLiX6GAqAAbw0W",
        "type" : "ClassView"
      },
      "target" : {
        "id" : "z7SriX6GAqAAbw2A",
        "type" : "ClassView"
      }
    }, {
      "id" : "B8RriX6GAqAAbw3t",
      "type" : "GeneralizationView",
      "modelElement" : {
        "id" : "y8RriX6GAqAAbw3s",
        "type" : "Generalization"
      },
      "shape" : {
        "id" : "B8RriX6GAqAAbw3t_path",
        "type" : "Path",
        "points" : [ {
          "x" : 633,
          "y" : 71
        }, {
          "x" : 760,
          "y" : 71
        }, {
          "x" : 760,
          "y" : 96
        } ]
      },
      "source" : {
        "id" : "OhfLiX6GAqAAbw03",
        "type" : "ClassView"
      },
      "target" : {
        "id" : "Sx_LiX6GAqAAbw1C",
        "type" : "ClassView"
      }
    }, {
      "id" : "pAIriX6GAqAAbw1a",
      "type" : "ClassView",
      "modelElement" : {
        "id" : "pAIriX6GAqAAbw1b",
        "type" : "Class"
      },
      "shape" : {
        "id" : "pAIriX6GAqAAbw1a_shape",
        "type" : "Rectangle",
        "x" : 845,
        "y" : 300,
        "width" : 141,
        "height" : 40
      }
    }, {
      "id" : "LEgriX6GAqAAbw1N",
      "type" : "ClassView",
      "modelElement" : {
        "id" : "rEgriX6GAqAAbw1O",
        "type" : "Class"
      },
      "shape" : {
        "id" : "LEgriX6GAqAAbw1N_shape",
        "type" : "Rectangle",
        "x" : 930,
        "y" : 101,
        "width" : 118,
        "height" : 40
      }
    }, {
      "id" : "X1cbiX6GAqAAbw8M",
      "type" : "RelationView",
      "modelElement" : {
        "id" : "91cbiX6GAqAAbw8H",
        "type" : "Relation"
      },
      "shape" : {
        "id" : "X1cbiX6GAqAAbw8M_path",
        "type" : "Path",
        "points" : [ {
          "x" : 966,
          "y" : 299
        }, {
          "x" : 966,
          "y" : 142
        } ]
      },
      "source" : {
        "id" : "pAIriX6GAqAAbw1a",
        "type" : "ClassView"
      },
      "target" : {
        "id" : "LEgriX6GAqAAbw1N",
        "type" : "ClassView"
      }
    }, {
      "id" : "8FHriX6GAqAAbw56",
      "type" : "RelationView",
      "modelElement" : {
        "id" : "QFHriX6GAqAAbw51",
        "type" : "Relation"
      },
      "shape" : {
        "id" : "8FHriX6GAqAAbw56_path",
        "type" : "Path",
        "points" : [ {
          "x" : 532,
          "y" : 164
        }, {
          "x" : 532,
          "y" : 138
        }, {
          "x" : 368,
          "y" : 138
        }, {
          "x" : 368,
          "y" : 166
        } ]
      },
      "source" : {
        "id" : "6kvLiX6GAqAAbw0s",
        "type" : "ClassView"
      },
      "target" : {
        "id" : "G2XLiX6GAqAAbw0W",
        "type" : "ClassView"
      }
    }, {
      "id" : "Sx_LiX6GAqAAbw1C",
      "type" : "ClassView",
      "modelElement" : {
        "id" : "Sx_LiX6GAqAAbw1D",
        "type" : "Class"
      },
      "shape" : {
        "id" : "Sx_LiX6GAqAAbw1C_shape",
        "type" : "Rectangle",
        "x" : 701,
        "y" : 97,
        "width" : 119,
        "height" : 40
      }
    }, {
      "id" : "Ck9riX6GAqAAbw40",
      "type" : "GeneralizationView",
      "modelElement" : {
        "id" : "Ik9riX6GAqAAbw4z",
        "type" : "Generalization"
      },
      "shape" : {
        "id" : "Ck9riX6GAqAAbw40_path",
        "type" : "Path",
        "points" : [ {
          "x" : 270,
          "y" : 75
        }, {
          "x" : 270,
          "y" : 117
        }, {
          "x" : 297,
          "y" : 117
        }, {
          "x" : 297,
          "y" : 166
        } ]
      },
      "source" : {
        "id" : "TYHLiX6GAqAAbw0K",
        "type" : "ClassView"
      },
      "target" : {
        "id" : "G2XLiX6GAqAAbw0W",
        "type" : "ClassView"
      }
    }, {
      "id" : "6j3LiX6GAqAAbw0h",
      "type" : "ClassView",
      "modelElement" : {
        "id" : "6j3LiX6GAqAAbw0i",
        "type" : "Class"
      },
      "shape" : {
        "id" : "6j3LiX6GAqAAbw0h_shape",
        "type" : "Rectangle",
        "x" : 55,
        "y" : 97,
        "width" : 80,
        "height" : 40
      }
    }, {
      "id" : "z7SriX6GAqAAbw2A",
      "type" : "ClassView",
      "modelElement" : {
        "id" : "z7SriX6GAqAAbw2B",
        "type" : "Class"
      },
      "shape" : {
        "id" : "z7SriX6GAqAAbw2A_shape",
        "type" : "Rectangle",
        "x" : 389,
        "y" : 300,
        "width" : 119,
        "height" : 40
      }
    }, {
      "id" : "G2XLiX6GAqAAbw0W",
      "type" : "ClassView",
      "modelElement" : {
        "id" : "G2XLiX6GAqAAbw0X",
        "type" : "Class"
      },
      "shape" : {
        "id" : "G2XLiX6GAqAAbw0W_shape",
        "type" : "Rectangle",
        "x" : 282,
        "y" : 167,
        "width" : 98,
        "height" : 40
      }
    }, {
      "id" : "vRvriX6GAqAAbw6e",
      "type" : "RelationView",
      "modelElement" : {
        "id" : "DRvriX6GAqAAbw6Z",
        "type" : "Relation"
      },
      "shape" : {
        "id" : "vRvriX6GAqAAbw6e_path",
        "type" : "Path",
        "points" : [ {
          "x" : 592,
          "y" : 164
        }, {
          "x" : 592,
          "y" : 87
        } ]
      },
      "source" : {
        "id" : "6kvLiX6GAqAAbw0s",
        "type" : "ClassView"
      },
      "target" : {
        "id" : "OhfLiX6GAqAAbw03",
        "type" : "ClassView"
      }
    }, {
      "id" : "juwbiX6GAqAAbw7G",
      "type" : "RelationView",
      "modelElement" : {
        "id" : "JuwbiX6GAqAAbw7B",
        "type" : "Relation"
      },
      "shape" : {
        "id" : "juwbiX6GAqAAbw7G_path",
        "type" : "Path",
        "points" : [ {
          "x" : 636,
          "y" : 341
        }, {
          "x" : 636,
          "y" : 375
        }, {
          "x" : 471,
          "y" : 375
        }, {
          "x" : 471,
          "y" : 341
        } ]
      },
      "source" : {
        "id" : "ukiriX6GAqAAbw11",
        "type" : "ClassView"
      },
      "target" : {
        "id" : "z7SriX6GAqAAbw2A",
        "type" : "ClassView"
      }
    }, {
      "id" : "OhfLiX6GAqAAbw03",
      "type" : "ClassView",
      "modelElement" : {
        "id" : "OhfLiX6GAqAAbw04",
        "type" : "Class"
      },
      "shape" : {
        "id" : "OhfLiX6GAqAAbw03_shape",
        "type" : "Rectangle",
        "x" : 552,
        "y" : 46,
        "width" : 80,
        "height" : 40
      }
    }, {
      "id" : "6kvLiX6GAqAAbw0s",
      "type" : "ClassView",
      "modelElement" : {
        "id" : "GkvLiX6GAqAAbw0t",
        "type" : "Class"
      },
      "shape" : {
        "id" : "6kvLiX6GAqAAbw0s_shape",
        "type" : "Rectangle",
        "x" : 513,
        "y" : 165,
        "width" : 102,
        "height" : 40
      }
    }, {
      "id" : "ZaKbiX6GAqAAbw86",
      "type" : "RelationView",
      "modelElement" : {
        "id" : "WaKbiX6GAqAAbw81",
        "type" : "Relation"
      },
      "shape" : {
        "id" : "ZaKbiX6GAqAAbw86_path",
        "type" : "Path",
        "points" : [ {
          "x" : 722,
          "y" : 299
        }, {
          "x" : 722,
          "y" : 138
        } ]
      },
      "source" : {
        "id" : "ukiriX6GAqAAbw11",
        "type" : "ClassView"
      },
      "target" : {
        "id" : "Sx_LiX6GAqAAbw1C",
        "type" : "ClassView"
      }
    }, {
      "id" : "5KEbiX6GAqAAbw7q",
      "type" : "RelationView",
      "modelElement" : {
        "id" : "WKEbiX6GAqAAbw7l",
        "type" : "Relation"
      },
      "shape" : {
        "id" : "5KEbiX6GAqAAbw7q_path",
        "type" : "Path",
        "points" : [ {
          "x" : 940,
          "y" : 341
        }, {
          "x" : 940,
          "y" : 404
        }, {
          "x" : 216,
          "y" : 404
        }, {
          "x" : 216,
          "y" : 341
        } ]
      },
      "source" : {
        "id" : "pAIriX6GAqAAbw1a",
        "type" : "ClassView"
      },
      "target" : {
        "id" : "YBKriX6GAqAAbw2L",
        "type" : "ClassView"
      }
    }, {
      "id" : "6lzriX6GAqAAbw5S",
      "type" : "RelationView",
      "modelElement" : {
        "id" : "UlzriX6GAqAAbw5N",
        "type" : "Relation"
      },
      "shape" : {
        "id" : "6lzriX6GAqAAbw5S_path",
        "type" : "Path",
        "points" : [ {
          "x" : 86,
          "y" : 138
        }, {
          "x" : 86,
          "y" : 187
        }, {
          "x" : 281,
          "y" : 187
        } ]
      },
      "source" : {
        "id" : "6j3LiX6GAqAAbw0h",
        "type" : "ClassView"
      },
      "target" : {
        "id" : "G2XLiX6GAqAAbw0W",
        "type" : "ClassView"
      }
    }, {
      "id" : "YBKriX6GAqAAbw2L",
      "type" : "ClassView",
      "modelElement" : {
        "id" : "YBKriX6GAqAAbw2M",
        "type" : "Class"
      },
      "shape" : {
        "id" : "YBKriX6GAqAAbw2L_shape",
        "type" : "Rectangle",
        "x" : 163,
        "y" : 300,
        "width" : 119,
        "height" : 40
      }
    }, {
      "id" : ".rpriX6GAqAAbw4L",
      "type" : "GeneralizationView",
      "modelElement" : {
        "id" : "KrpriX6GAqAAbw4K",
        "type" : "Generalization"
      },
      "shape" : {
        "id" : ".rpriX6GAqAAbw4L_path",
        "type" : "Path",
        "points" : [ {
          "x" : 564,
          "y" : 206
        }, {
          "x" : 564,
          "y" : 231
        }, {
          "x" : 869,
          "y" : 231
        }, {
          "x" : 869,
          "y" : 299
        } ]
      },
      "source" : {
        "id" : "6kvLiX6GAqAAbw0s",
        "type" : "ClassView"
      },
      "target" : {
        "id" : "pAIriX6GAqAAbw1a",
        "type" : "ClassView"
      }
    } ]
  } ]
}