{
  "id" : "BBPW2f6GAqAAaABO",
  "name" : "ontology",
  "description" : null,
  "type" : "Project",
  "model" : {
    "id" : "BBPW2f6GAqAAaABO_root",
    "name" : "ontology",
    "description" : null,
    "type" : "Package",
    "propertyAssignments" : null,
    "contents" : [ {
      "id" : "I31HDf6AUB1CSiLR",
      "name" : "Robotic",
      "description" : null,
      "type" : "Package",
      "propertyAssignments" : null,
      "contents" : [ {
        "id" : "ZsI22f6GAqAAaAW0",
        "name" : "Patient",
        "description" : null,
        "type" : "Class",
        "propertyAssignments" : null,
        "stereotype" : "kind",
        "isAbstract" : false,
        "isDerived" : false,
        "properties" : null,
        "isExtensional" : null,
        "isPowertype" : null,
        "order" : null,
        "literals" : null,
        "restrictedTo" : [ "functional-complex" ]
      }, {
        "id" : ".To22f6GAqAAaAXH",
        "name" : "Being Supported",
        "description" : null,
        "type" : "Class",
        "propertyAssignments" : null,
        "stereotype" : "role",
        "isAbstract" : false,
        "isDerived" : false,
        "properties" : null,
        "isExtensional" : false,
        "isPowertype" : null,
        "order" : null,
        "literals" : null,
        "restrictedTo" : null
      }, {
        "id" : "Ru422f6GAqAAaAXY",
        "name" : "BalanceSupport",
        "description" : null,
        "type" : "Class",
        "propertyAssignments" : null,
        "stereotype" : "relator",
        "isAbstract" : false,
        "isDerived" : false,
        "properties" : null,
        "isExtensional" : null,
        "isPowertype" : null,
        "order" : null,
        "literals" : null,
        "restrictedTo" : [ "relator" ]
      }, {
        "id" : "Y.022f6GAqAAaAXj",
        "name" : "Balance Supporter",
        "description" : null,
        "type" : "Class",
        "propertyAssignments" : null,
        "stereotype" : "role",
        "isAbstract" : false,
        "isDerived" : false,
        "properties" : null,
        "isExtensional" : false,
        "isPowertype" : null,
        "order" : null,
        "literals" : null,
        "restrictedTo" : null
      }, {
        "id" : "CGC22f6GAqAAaAX1",
        "name" : "Being Lifted",
        "description" : null,
        "type" : "Class",
        "propertyAssignments" : null,
        "stereotype" : "role",
        "isAbstract" : false,
        "isDerived" : false,
        "properties" : null,
        "isExtensional" : false,
        "isPowertype" : null,
        "order" : null,
        "literals" : null,
        "restrictedTo" : null
      }, {
        "id" : "S1i22f6GAqAAaAYA",
        "name" : "LiftUp",
        "description" : null,
        "type" : "Class",
        "propertyAssignments" : null,
        "stereotype" : "relator",
        "isAbstract" : false,
        "isDerived" : false,
        "properties" : null,
        "isExtensional" : null,
        "isPowertype" : null,
        "order" : null,
        "literals" : null,
        "restrictedTo" : [ "relator" ]
      }, {
        "id" : "55K22f6GAqAAaAYX",
        "name" : "Object Lifter",
        "description" : null,
        "type" : "Class",
        "propertyAssignments" : null,
        "stereotype" : "role",
        "isAbstract" : false,
        "isDerived" : false,
        "properties" : null,
        "isExtensional" : false,
        "isPowertype" : null,
        "order" : null,
        "literals" : null,
        "restrictedTo" : null
      }, {
        "id" : "XFa22f6GAqAAaAYi",
        "name" : "Robot Handle",
        "description" : null,
        "type" : "Class",
        "propertyAssignments" : null,
        "stereotype" : "kind",
        "isAbstract" : false,
        "isDerived" : false,
        "properties" : null,
        "isExtensional" : null,
        "isPowertype" : null,
        "order" : null,
        "literals" : null,
        "restrictedTo" : [ "functional-complex" ]
      }, {
        "id" : "S_n22f6GAqAAaAd2",
        "name" : "Robot",
        "description" : null,
        "type" : "Class",
        "propertyAssignments" : null,
        "stereotype" : "kind",
        "isAbstract" : false,
        "isDerived" : false,
        "properties" : null,
        "isExtensional" : null,
        "isPowertype" : null,
        "order" : null,
        "literals" : null,
        "restrictedTo" : [ "functional-complex" ]
      }, {
        "id" : "UjgO2f6GAqAAaAeX",
        "name" : "Electricity Consumer",
        "description" : null,
        "type" : "Class",
        "propertyAssignments" : null,
        "stereotype" : "role",
        "isAbstract" : false,
        "isDerived" : false,
        "properties" : null,
        "isExtensional" : false,
        "isPowertype" : null,
        "order" : null,
        "literals" : null,
        "restrictedTo" : null
      }, {
        "id" : "MPIO2f6GAqAAaAek",
        "name" : "Electricity Source",
        "description" : null,
        "type" : "Class",
        "propertyAssignments" : null,
        "stereotype" : "role",
        "isAbstract" : false,
        "isDerived" : false,
        "properties" : null,
        "isExtensional" : false,
        "isPowertype" : null,
        "order" : null,
        "literals" : null,
        "restrictedTo" : null
      }, {
        "id" : ".x4O2f6GAqAAaAev",
        "name" : "Battery",
        "description" : null,
        "type" : "Class",
        "propertyAssignments" : null,
        "stereotype" : "kind",
        "isAbstract" : false,
        "isDerived" : false,
        "properties" : null,
        "isExtensional" : null,
        "isPowertype" : null,
        "order" : null,
        "literals" : null,
        "restrictedTo" : [ "functional-complex" ]
      }, {
        "id" : "AXKO2f6GAqAAaAgC",
        "name" : "Electricity Consumption",
        "description" : null,
        "type" : "Class",
        "propertyAssignments" : null,
        "stereotype" : "relator",
        "isAbstract" : false,
        "isDerived" : false,
        "properties" : null,
        "isExtensional" : null,
        "isPowertype" : null,
        "order" : null,
        "literals" : null,
        "restrictedTo" : [ "relator" ]
      }, {
        "id" : "MKm22f6GAqAAaAYs",
        "name" : "play",
        "description" : null,
        "type" : "Relation",
        "propertyAssignments" : null,
        "stereotype" : null,
        "isAbstract" : false,
        "isDerived" : false,
        "properties" : [ {
          "id" : "iKm22f6GAqAAaAYu",
          "name" : null,
          "description" : null,
          "type" : "Property",
          "propertyAssignments" : null,
          "stereotype" : null,
          "isDerived" : false,
          "isReadOnly" : false,
          "isOrdered" : false,
          "cardinality" : "*",
          "propertyType" : {
            "id" : "ZsI22f6GAqAAaAW0",
            "type" : "Class"
          },
          "subsettedProperties" : null,
          "redefinedProperties" : null,
          "aggregationKind" : "NONE"
        }, {
          "id" : "6Km22f6GAqAAaAYx",
          "name" : null,
          "description" : null,
          "type" : "Property",
          "propertyAssignments" : null,
          "stereotype" : null,
          "isDerived" : false,
          "isReadOnly" : false,
          "isOrdered" : false,
          "cardinality" : "*",
          "propertyType" : {
            "id" : ".To22f6GAqAAaAXH",
            "type" : "Class"
          },
          "subsettedProperties" : null,
          "redefinedProperties" : null,
          "aggregationKind" : "NONE"
        } ]
      }, {
        "id" : "NNm22f6GAqAAaAY4",
        "name" : "play",
        "description" : null,
        "type" : "Relation",
        "propertyAssignments" : null,
        "stereotype" : null,
        "isAbstract" : false,
        "isDerived" : false,
        "properties" : [ {
          "id" : "NNm22f6GAqAAaAY5",
          "name" : null,
          "description" : null,
          "type" : "Property",
          "propertyAssignments" : null,
          "stereotype" : null,
          "isDerived" : false,
          "isReadOnly" : false,
          "isOrdered" : false,
          "cardinality" : "*",
          "propertyType" : {
            "id" : "ZsI22f6GAqAAaAW0",
            "type" : "Class"
          },
          "subsettedProperties" : null,
          "redefinedProperties" : null,
          "aggregationKind" : "NONE"
        }, {
          "id" : "NNm22f6GAqAAaAY7",
          "name" : "",
          "description" : null,
          "type" : "Property",
          "propertyAssignments" : null,
          "stereotype" : null,
          "isDerived" : false,
          "isReadOnly" : false,
          "isOrdered" : false,
          "cardinality" : "*",
          "propertyType" : {
            "id" : "CGC22f6GAqAAaAX1",
            "type" : "Class"
          },
          "subsettedProperties" : null,
          "redefinedProperties" : null,
          "aggregationKind" : "NONE"
        } ]
      }, {
        "id" : "JzW22f6GAqAAaAZG",
        "name" : null,
        "description" : null,
        "type" : "Relation",
        "propertyAssignments" : null,
        "stereotype" : null,
        "isAbstract" : false,
        "isDerived" : false,
        "properties" : [ {
          "id" : "JzW22f6GAqAAaAZH",
          "name" : null,
          "description" : null,
          "type" : "Property",
          "propertyAssignments" : null,
          "stereotype" : null,
          "isDerived" : false,
          "isReadOnly" : false,
          "isOrdered" : false,
          "cardinality" : "*",
          "propertyType" : {
            "id" : ".To22f6GAqAAaAXH",
            "type" : "Class"
          },
          "subsettedProperties" : null,
          "redefinedProperties" : null,
          "aggregationKind" : "NONE"
        }, {
          "id" : "JzW22f6GAqAAaAZJ",
          "name" : null,
          "description" : null,
          "type" : "Property",
          "propertyAssignments" : null,
          "stereotype" : null,
          "isDerived" : false,
          "isReadOnly" : false,
          "isOrdered" : false,
          "cardinality" : "*",
          "propertyType" : {
            "id" : "Ru422f6GAqAAaAXY",
            "type" : "Class"
          },
          "subsettedProperties" : null,
          "redefinedProperties" : null,
          "aggregationKind" : "NONE"
        } ]
      }, {
        "id" : "La222f6GAqAAaAZT",
        "name" : null,
        "description" : null,
        "type" : "Relation",
        "propertyAssignments" : null,
        "stereotype" : null,
        "isAbstract" : false,
        "isDerived" : false,
        "properties" : [ {
          "id" : "La222f6GAqAAaAZU",
          "name" : null,
          "description" : null,
          "type" : "Property",
          "propertyAssignments" : null,
          "stereotype" : null,
          "isDerived" : false,
          "isReadOnly" : false,
          "isOrdered" : false,
          "cardinality" : "*",
          "propertyType" : {
            "id" : "Ru422f6GAqAAaAXY",
            "type" : "Class"
          },
          "subsettedProperties" : null,
          "redefinedProperties" : null,
          "aggregationKind" : "NONE"
        }, {
          "id" : "La222f6GAqAAaAZW",
          "name" : null,
          "description" : null,
          "type" : "Property",
          "propertyAssignments" : null,
          "stereotype" : null,
          "isDerived" : false,
          "isReadOnly" : false,
          "isOrdered" : false,
          "cardinality" : "*",
          "propertyType" : {
            "id" : "Y.022f6GAqAAaAXj",
            "type" : "Class"
          },
          "subsettedProperties" : null,
          "redefinedProperties" : null,
          "aggregationKind" : "NONE"
        } ]
      }, {
        "id" : "U1O22f6GAqAAaAZd",
        "name" : "play",
        "description" : null,
        "type" : "Relation",
        "propertyAssignments" : null,
        "stereotype" : null,
        "isAbstract" : false,
        "isDerived" : false,
        "properties" : [ {
          "id" : "U1O22f6GAqAAaAZe",
          "name" : null,
          "description" : null,
          "type" : "Property",
          "propertyAssignments" : null,
          "stereotype" : null,
          "isDerived" : false,
          "isReadOnly" : false,
          "isOrdered" : false,
          "cardinality" : "*",
          "propertyType" : {
            "id" : "XFa22f6GAqAAaAYi",
            "type" : "Class"
          },
          "subsettedProperties" : null,
          "redefinedProperties" : null,
          "aggregationKind" : "NONE"
        }, {
          "id" : "U1O22f6GAqAAaAZg",
          "name" : "",
          "description" : null,
          "type" : "Property",
          "propertyAssignments" : null,
          "stereotype" : null,
          "isDerived" : false,
          "isReadOnly" : false,
          "isOrdered" : false,
          "cardinality" : "*",
          "propertyType" : {
            "id" : "Y.022f6GAqAAaAXj",
            "type" : "Class"
          },
          "subsettedProperties" : null,
          "redefinedProperties" : null,
          "aggregationKind" : "NONE"
        } ]
      }, {
        "id" : "O2u22f6GAqAAaAZr",
        "name" : "play",
        "description" : null,
        "type" : "Relation",
        "propertyAssignments" : null,
        "stereotype" : null,
        "isAbstract" : false,
        "isDerived" : false,
        "properties" : [ {
          "id" : "O2u22f6GAqAAaAZs",
          "name" : "",
          "description" : null,
          "type" : "Property",
          "propertyAssignments" : null,
          "stereotype" : null,
          "isDerived" : false,
          "isReadOnly" : false,
          "isOrdered" : false,
          "cardinality" : "*",
          "propertyType" : {
            "id" : "XFa22f6GAqAAaAYi",
            "type" : "Class"
          },
          "subsettedProperties" : null,
          "redefinedProperties" : null,
          "aggregationKind" : "NONE"
        }, {
          "id" : "O2u22f6GAqAAaAZu",
          "name" : "",
          "description" : null,
          "type" : "Property",
          "propertyAssignments" : null,
          "stereotype" : null,
          "isDerived" : false,
          "isReadOnly" : false,
          "isOrdered" : false,
          "cardinality" : "*",
          "propertyType" : {
            "id" : "55K22f6GAqAAaAYX",
            "type" : "Class"
          },
          "subsettedProperties" : null,
          "redefinedProperties" : null,
          "aggregationKind" : "NONE"
        } ]
      }, {
        "id" : "LVe22f6GAqAAaAZ5",
        "name" : null,
        "description" : null,
        "type" : "Relation",
        "propertyAssignments" : null,
        "stereotype" : null,
        "isAbstract" : false,
        "isDerived" : false,
        "properties" : [ {
          "id" : "LVe22f6GAqAAaAZ6",
          "name" : null,
          "description" : null,
          "type" : "Property",
          "propertyAssignments" : null,
          "stereotype" : null,
          "isDerived" : false,
          "isReadOnly" : false,
          "isOrdered" : false,
          "cardinality" : "*",
          "propertyType" : {
            "id" : "CGC22f6GAqAAaAX1",
            "type" : "Class"
          },
          "subsettedProperties" : null,
          "redefinedProperties" : null,
          "aggregationKind" : "NONE"
        }, {
          "id" : "LVe22f6GAqAAaAZ8",
          "name" : null,
          "description" : null,
          "type" : "Property",
          "propertyAssignments" : null,
          "stereotype" : null,
          "isDerived" : false,
          "isReadOnly" : false,
          "isOrdered" : false,
          "cardinality" : "*",
          "propertyType" : {
            "id" : "S1i22f6GAqAAaAYA",
            "type" : "Class"
          },
          "subsettedProperties" : null,
          "redefinedProperties" : null,
          "aggregationKind" : "NONE"
        } ]
      }, {
        "id" : "N..22f6GAqAAaAaD",
        "name" : null,
        "description" : null,
        "type" : "Relation",
        "propertyAssignments" : null,
        "stereotype" : null,
        "isAbstract" : false,
        "isDerived" : false,
        "properties" : [ {
          "id" : "N..22f6GAqAAaAaE",
          "name" : null,
          "description" : null,
          "type" : "Property",
          "propertyAssignments" : null,
          "stereotype" : null,
          "isDerived" : false,
          "isReadOnly" : false,
          "isOrdered" : false,
          "cardinality" : "*",
          "propertyType" : {
            "id" : "S1i22f6GAqAAaAYA",
            "type" : "Class"
          },
          "subsettedProperties" : null,
          "redefinedProperties" : null,
          "aggregationKind" : "NONE"
        }, {
          "id" : "t..22f6GAqAAaAaG",
          "name" : null,
          "description" : null,
          "type" : "Property",
          "propertyAssignments" : null,
          "stereotype" : null,
          "isDerived" : false,
          "isReadOnly" : false,
          "isOrdered" : false,
          "cardinality" : "*",
          "propertyType" : {
            "id" : "55K22f6GAqAAaAYX",
            "type" : "Class"
          },
          "subsettedProperties" : null,
          "redefinedProperties" : null,
          "aggregationKind" : "NONE"
        } ]
      }, {
        "id" : "Ndv22f6GAqAAaAeF",
        "name" : "ispartof",
        "description" : null,
        "type" : "Relation",
        "propertyAssignments" : null,
        "stereotype" : null,
        "isAbstract" : false,
        "isDerived" : false,
        "properties" : [ {
          "id" : "Ndv22f6GAqAAaAeG",
          "name" : null,
          "description" : null,
          "type" : "Property",
          "propertyAssignments" : null,
          "stereotype" : null,
          "isDerived" : false,
          "isReadOnly" : false,
          "isOrdered" : false,
          "cardinality" : "*",
          "propertyType" : {
            "id" : "XFa22f6GAqAAaAYi",
            "type" : "Class"
          },
          "subsettedProperties" : null,
          "redefinedProperties" : null,
          "aggregationKind" : "NONE"
        }, {
          "id" : "Ndv22f6GAqAAaAeI",
          "name" : null,
          "description" : null,
          "type" : "Property",
          "propertyAssignments" : null,
          "stereotype" : null,
          "isDerived" : false,
          "isReadOnly" : false,
          "isOrdered" : false,
          "cardinality" : "*",
          "propertyType" : {
            "id" : "S_n22f6GAqAAaAd2",
            "type" : "Class"
          },
          "subsettedProperties" : null,
          "redefinedProperties" : null,
          "aggregationKind" : "NONE"
        } ]
      }, {
        "id" : "rtkO2f6GAqAAaAe4",
        "name" : "play",
        "description" : null,
        "type" : "Relation",
        "propertyAssignments" : null,
        "stereotype" : null,
        "isAbstract" : false,
        "isDerived" : false,
        "properties" : [ {
          "id" : "rtkO2f6GAqAAaAe5",
          "name" : null,
          "description" : null,
          "type" : "Property",
          "propertyAssignments" : null,
          "stereotype" : null,
          "isDerived" : false,
          "isReadOnly" : false,
          "isOrdered" : false,
          "cardinality" : "*",
          "propertyType" : {
            "id" : "S_n22f6GAqAAaAd2",
            "type" : "Class"
          },
          "subsettedProperties" : null,
          "redefinedProperties" : null,
          "aggregationKind" : "NONE"
        }, {
          "id" : "rtkO2f6GAqAAaAe7",
          "name" : null,
          "description" : null,
          "type" : "Property",
          "propertyAssignments" : null,
          "stereotype" : null,
          "isDerived" : false,
          "isReadOnly" : false,
          "isOrdered" : false,
          "cardinality" : "*",
          "propertyType" : {
            "id" : "UjgO2f6GAqAAaAeX",
            "type" : "Class"
          },
          "subsettedProperties" : null,
          "redefinedProperties" : null,
          "aggregationKind" : "NONE"
        } ]
      }, {
        "id" : "J3UO2f6GAqAAaAfC",
        "name" : "play",
        "description" : null,
        "type" : "Relation",
        "propertyAssignments" : null,
        "stereotype" : null,
        "isAbstract" : false,
        "isDerived" : false,
        "properties" : [ {
          "id" : "J3UO2f6GAqAAaAfD",
          "name" : null,
          "description" : null,
          "type" : "Property",
          "propertyAssignments" : null,
          "stereotype" : null,
          "isDerived" : false,
          "isReadOnly" : false,
          "isOrdered" : false,
          "cardinality" : "*",
          "propertyType" : {
            "id" : ".x4O2f6GAqAAaAev",
            "type" : "Class"
          },
          "subsettedProperties" : null,
          "redefinedProperties" : null,
          "aggregationKind" : "NONE"
        }, {
          "id" : "p3UO2f6GAqAAaAfF",
          "name" : null,
          "description" : null,
          "type" : "Property",
          "propertyAssignments" : null,
          "stereotype" : null,
          "isDerived" : false,
          "isReadOnly" : false,
          "isOrdered" : false,
          "cardinality" : "*",
          "propertyType" : {
            "id" : "MPIO2f6GAqAAaAek",
            "type" : "Class"
          },
          "subsettedProperties" : null,
          "redefinedProperties" : null,
          "aggregationKind" : "NONE"
        } ]
      }, {
        "id" : "t3iO2f6GAqAAaAfw",
        "name" : "ispartof",
        "description" : null,
        "type" : "Relation",
        "propertyAssignments" : null,
        "stereotype" : null,
        "isAbstract" : false,
        "isDerived" : false,
        "properties" : [ {
          "id" : "t3iO2f6GAqAAaAfx",
          "name" : null,
          "description" : null,
          "type" : "Property",
          "propertyAssignments" : null,
          "stereotype" : null,
          "isDerived" : false,
          "isReadOnly" : false,
          "isOrdered" : false,
          "cardinality" : "*",
          "propertyType" : {
            "id" : ".x4O2f6GAqAAaAev",
            "type" : "Class"
          },
          "subsettedProperties" : null,
          "redefinedProperties" : null,
          "aggregationKind" : "NONE"
        }, {
          "id" : "t3iO2f6GAqAAaAfz",
          "name" : null,
          "description" : null,
          "type" : "Property",
          "propertyAssignments" : null,
          "stereotype" : null,
          "isDerived" : false,
          "isReadOnly" : false,
          "isOrdered" : false,
          "cardinality" : "*",
          "propertyType" : {
            "id" : "S_n22f6GAqAAaAd2",
            "type" : "Class"
          },
          "subsettedProperties" : null,
          "redefinedProperties" : null,
          "aggregationKind" : "NONE"
        } ]
      }, {
        "id" : "PkuO2f6GAqAAaAgR",
        "name" : null,
        "description" : null,
        "type" : "Relation",
        "propertyAssignments" : null,
        "stereotype" : null,
        "isAbstract" : false,
        "isDerived" : false,
        "properties" : [ {
          "id" : "PkuO2f6GAqAAaAgS",
          "name" : null,
          "description" : null,
          "type" : "Property",
          "propertyAssignments" : null,
          "stereotype" : null,
          "isDerived" : false,
          "isReadOnly" : false,
          "isOrdered" : false,
          "cardinality" : "*",
          "propertyType" : {
            "id" : "AXKO2f6GAqAAaAgC",
            "type" : "Class"
          },
          "subsettedProperties" : null,
          "redefinedProperties" : null,
          "aggregationKind" : "NONE"
        }, {
          "id" : "PkuO2f6GAqAAaAgU",
          "name" : null,
          "description" : null,
          "type" : "Property",
          "propertyAssignments" : null,
          "stereotype" : null,
          "isDerived" : false,
          "isReadOnly" : false,
          "isOrdered" : false,
          "cardinality" : "*",
          "propertyType" : {
            "id" : "UjgO2f6GAqAAaAeX",
            "type" : "Class"
          },
          "subsettedProperties" : null,
          "redefinedProperties" : null,
          "aggregationKind" : "NONE"
        } ]
      }, {
        "id" : "IDuO2f6GAqAAaAgb",
        "name" : null,
        "description" : null,
        "type" : "Relation",
        "propertyAssignments" : null,
        "stereotype" : null,
        "isAbstract" : false,
        "isDerived" : false,
        "properties" : [ {
          "id" : "IDuO2f6GAqAAaAgc",
          "name" : null,
          "description" : null,
          "type" : "Property",
          "propertyAssignments" : null,
          "stereotype" : null,
          "isDerived" : false,
          "isReadOnly" : false,
          "isOrdered" : false,
          "cardinality" : "*",
          "propertyType" : {
            "id" : "AXKO2f6GAqAAaAgC",
            "type" : "Class"
          },
          "subsettedProperties" : null,
          "redefinedProperties" : null,
          "aggregationKind" : "NONE"
        }, {
          "id" : "IDuO2f6GAqAAaAge",
          "name" : null,
          "description" : null,
          "type" : "Property",
          "propertyAssignments" : null,
          "stereotype" : null,
          "isDerived" : false,
          "isReadOnly" : false,
          "isOrdered" : false,
          "cardinality" : "*",
          "propertyType" : {
            "id" : "MPIO2f6GAqAAaAek",
            "type" : "Class"
          },
          "subsettedProperties" : null,
          "redefinedProperties" : null,
          "aggregationKind" : "NONE"
        } ]
      } ]
    } ]
  },
  "diagrams" : [ {
    "id" : "0p_W2f6GAqAAaAWf",
    "name" : "Robotic Strolling System",
    "description" : null,
    "type" : "Diagram",
    "owner" : {
      "id" : "I31HDf6AUB1CSiLR",
      "type" : "Package"
    },
    "contents" : [ {
      "id" : "v3iO2f6GAqAAaAf1",
      "type" : "RelationView",
      "modelElement" : {
        "id" : "t3iO2f6GAqAAaAfw",
        "type" : "Relation"
      },
      "shape" : {
        "id" : "v3iO2f6GAqAAaAf1_path",
        "type" : "Path",
        "points" : [ {
          "x" : 649,
          "y" : 524
        }, {
          "x" : 560,
          "y" : 524
        } ]
      },
      "source" : {
        "id" : "ex4O2f6GAqAAaAeu",
        "type" : "ClassView"
      },
      "target" : {
        "id" : "i_n22f6GAqAAaAd1",
        "type" : "ClassView"
      }
    }, {
      "id" : "UjgO2f6GAqAAaAeW",
      "type" : "ClassView",
      "modelElement" : {
        "id" : "UjgO2f6GAqAAaAeX",
        "type" : "Class"
      },
      "shape" : {
        "id" : "UjgO2f6GAqAAaAeW_shape",
        "type" : "Rectangle",
        "x" : 459,
        "y" : 296,
        "width" : 128,
        "height" : 40
      }
    }, {
      "id" : "aDuO2f6GAqAAaAgg",
      "type" : "RelationView",
      "modelElement" : {
        "id" : "IDuO2f6GAqAAaAgb",
        "type" : "Relation"
      },
      "shape" : {
        "id" : "aDuO2f6GAqAAaAgg_path",
        "type" : "Path",
        "points" : [ {
          "x" : 649,
          "y" : 233
        }, {
          "x" : 649,
          "y" : 295
        } ]
      },
      "source" : {
        "id" : "AXKO2f6GAqAAaAgB",
        "type" : "ClassView"
      },
      "target" : {
        "id" : "MPIO2f6GAqAAaAej",
        "type" : "ClassView"
      }
    }, {
      "id" : "Z5K22f6GAqAAaAYW",
      "type" : "ClassView",
      "modelElement" : {
        "id" : "55K22f6GAqAAaAYX",
        "type" : "Class"
      },
      "shape" : {
        "id" : "Z5K22f6GAqAAaAYW_shape",
        "type" : "Rectangle",
        "x" : 301,
        "y" : 400,
        "width" : 81,
        "height" : 40
      }
    }, {
      "id" : "Y.022f6GAqAAaAXi",
      "type" : "ClassView",
      "modelElement" : {
        "id" : "Y.022f6GAqAAaAXj",
        "type" : "Class"
      },
      "shape" : {
        "id" : "Y.022f6GAqAAaAXi_shape",
        "type" : "Rectangle",
        "x" : 93,
        "y" : 400,
        "width" : 113,
        "height" : 40
      }
    }, {
      "id" : "RsI22f6GAqAAaAWz",
      "type" : "ClassView",
      "modelElement" : {
        "id" : "ZsI22f6GAqAAaAW0",
        "type" : "Class"
      },
      "shape" : {
        "id" : "RsI22f6GAqAAaAWz_shape",
        "type" : "Rectangle",
        "x" : 107,
        "y" : 87,
        "width" : 80,
        "height" : 40
      }
    }, {
      "id" : "Pa222f6GAqAAaAZY",
      "type" : "RelationView",
      "modelElement" : {
        "id" : "La222f6GAqAAaAZT",
        "type" : "Relation"
      },
      "shape" : {
        "id" : "Pa222f6GAqAAaAZY_path",
        "type" : "Path",
        "points" : [ {
          "x" : 149,
          "y" : 337
        }, {
          "x" : 149,
          "y" : 399
        } ]
      },
      "source" : {
        "id" : "hu422f6GAqAAaAXX",
        "type" : "ClassView"
      },
      "target" : {
        "id" : "Y.022f6GAqAAaAXi",
        "type" : "ClassView"
      }
    }, {
      "id" : "IdkO2f6GAqAAaAe9",
      "type" : "RelationView",
      "modelElement" : {
        "id" : "rtkO2f6GAqAAaAe4",
        "type" : "Relation"
      },
      "shape" : {
        "id" : "IdkO2f6GAqAAaAe9_path",
        "type" : "Path",
        "points" : [ {
          "x" : 523,
          "y" : 503
        }, {
          "x" : 523,
          "y" : 337
        } ]
      },
      "source" : {
        "id" : "i_n22f6GAqAAaAd1",
        "type" : "ClassView"
      },
      "target" : {
        "id" : "UjgO2f6GAqAAaAeW",
        "type" : "ClassView"
      }
    }, {
      "id" : "cUuO2f6GAqAAaAgW",
      "type" : "RelationView",
      "modelElement" : {
        "id" : "PkuO2f6GAqAAaAgR",
        "type" : "Relation"
      },
      "shape" : {
        "id" : "cUuO2f6GAqAAaAgW_path",
        "type" : "Path",
        "points" : [ {
          "x" : 545,
          "y" : 233
        }, {
          "x" : 545,
          "y" : 295
        } ]
      },
      "source" : {
        "id" : "AXKO2f6GAqAAaAgB",
        "type" : "ClassView"
      },
      "target" : {
        "id" : "UjgO2f6GAqAAaAeW",
        "type" : "ClassView"
      }
    }, {
      "id" : "AXKO2f6GAqAAaAgB",
      "type" : "ClassView",
      "modelElement" : {
        "id" : "AXKO2f6GAqAAaAgC",
        "type" : "Class"
      },
      "shape" : {
        "id" : "AXKO2f6GAqAAaAgB_shape",
        "type" : "Rectangle",
        "x" : 525,
        "y" : 192,
        "width" : 146,
        "height" : 40
      }
    }, {
      "id" : "7..22f6GAqAAaAaI",
      "type" : "RelationView",
      "modelElement" : {
        "id" : "N..22f6GAqAAaAaD",
        "type" : "Relation"
      },
      "shape" : {
        "id" : "7..22f6GAqAAaAaI_path",
        "type" : "Path",
        "points" : [ {
          "x" : 340,
          "y" : 337
        }, {
          "x" : 340,
          "y" : 399
        } ]
      },
      "source" : {
        "id" : "S1i22f6GAqAAaAX_",
        "type" : "ClassView"
      },
      "target" : {
        "id" : "Z5K22f6GAqAAaAYW",
        "type" : "ClassView"
      }
    }, {
      "id" : "MPIO2f6GAqAAaAej",
      "type" : "ClassView",
      "modelElement" : {
        "id" : "MPIO2f6GAqAAaAek",
        "type" : "Class"
      },
      "shape" : {
        "id" : "MPIO2f6GAqAAaAej_shape",
        "type" : "Rectangle",
        "x" : 639,
        "y" : 296,
        "width" : 108,
        "height" : 40
      }
    }, {
      "id" : "ex4O2f6GAqAAaAeu",
      "type" : "ClassView",
      "modelElement" : {
        "id" : ".x4O2f6GAqAAaAev",
        "type" : "Class"
      },
      "shape" : {
        "id" : "ex4O2f6GAqAAaAeu_shape",
        "type" : "Rectangle",
        "x" : 650,
        "y" : 504,
        "width" : 80,
        "height" : 40
      }
    }, {
      "id" : "CGC22f6GAqAAaAX0",
      "type" : "ClassView",
      "modelElement" : {
        "id" : "CGC22f6GAqAAaAX1",
        "type" : "Class"
      },
      "shape" : {
        "id" : "CGC22f6GAqAAaAX0_shape",
        "type" : "Rectangle",
        "x" : 301,
        "y" : 192,
        "width" : 80,
        "height" : 40
      }
    }, {
      "id" : "81O22f6GAqAAaAZi",
      "type" : "RelationView",
      "modelElement" : {
        "id" : "U1O22f6GAqAAaAZd",
        "type" : "Relation"
      },
      "shape" : {
        "id" : "81O22f6GAqAAaAZi_path",
        "type" : "Path",
        "points" : [ {
          "x" : 200,
          "y" : 524
        }, {
          "x" : 145,
          "y" : 524
        }, {
          "x" : 145,
          "y" : 441
        } ]
      },
      "source" : {
        "id" : "nFa22f6GAqAAaAYh",
        "type" : "ClassView"
      },
      "target" : {
        "id" : "Y.022f6GAqAAaAXi",
        "type" : "ClassView"
      }
    }, {
      "id" : "JKm22f6GAqAAaAYz",
      "type" : "RelationView",
      "modelElement" : {
        "id" : "MKm22f6GAqAAaAYs",
        "type" : "Relation"
      },
      "shape" : {
        "id" : "JKm22f6GAqAAaAYz_path",
        "type" : "Path",
        "points" : [ {
          "x" : 147,
          "y" : 128
        }, {
          "x" : 147,
          "y" : 191
        } ]
      },
      "source" : {
        "id" : "RsI22f6GAqAAaAWz",
        "type" : "ClassView"
      },
      "target" : {
        "id" : "eTo22f6GAqAAaAXG",
        "type" : "ClassView"
      }
    }, {
      "id" : "Z2u22f6GAqAAaAZw",
      "type" : "RelationView",
      "modelElement" : {
        "id" : "O2u22f6GAqAAaAZr",
        "type" : "Relation"
      },
      "shape" : {
        "id" : "Z2u22f6GAqAAaAZw_path",
        "type" : "Path",
        "points" : [ {
          "x" : 289,
          "y" : 511
        }, {
          "x" : 343,
          "y" : 511
        }, {
          "x" : 343,
          "y" : 441
        } ]
      },
      "source" : {
        "id" : "nFa22f6GAqAAaAYh",
        "type" : "ClassView"
      },
      "target" : {
        "id" : "Z5K22f6GAqAAaAYW",
        "type" : "ClassView"
      }
    }, {
      "id" : "nFa22f6GAqAAaAYh",
      "type" : "ClassView",
      "modelElement" : {
        "id" : "XFa22f6GAqAAaAYi",
        "type" : "Class"
      },
      "shape" : {
        "id" : "nFa22f6GAqAAaAYh_shape",
        "type" : "Rectangle",
        "x" : 201,
        "y" : 504,
        "width" : 87,
        "height" : 40
      }
    }, {
      "id" : "S1i22f6GAqAAaAX_",
      "type" : "ClassView",
      "modelElement" : {
        "id" : "S1i22f6GAqAAaAYA",
        "type" : "Class"
      },
      "shape" : {
        "id" : "S1i22f6GAqAAaAX__shape",
        "type" : "Rectangle",
        "x" : 301,
        "y" : 296,
        "width" : 81,
        "height" : 40
      }
    }, {
      "id" : "eTo22f6GAqAAaAXG",
      "type" : "ClassView",
      "modelElement" : {
        "id" : ".To22f6GAqAAaAXH",
        "type" : "Class"
      },
      "shape" : {
        "id" : "eTo22f6GAqAAaAXG_shape",
        "type" : "Rectangle",
        "x" : 98,
        "y" : 192,
        "width" : 104,
        "height" : 40
      }
    }, {
      "id" : "d3UO2f6GAqAAaAfH",
      "type" : "RelationView",
      "modelElement" : {
        "id" : "J3UO2f6GAqAAaAfC",
        "type" : "Relation"
      },
      "shape" : {
        "id" : "d3UO2f6GAqAAaAfH_path",
        "type" : "Path",
        "points" : [ {
          "x" : 695,
          "y" : 503
        }, {
          "x" : 695,
          "y" : 337
        } ]
      },
      "source" : {
        "id" : "ex4O2f6GAqAAaAeu",
        "type" : "ClassView"
      },
      "target" : {
        "id" : "MPIO2f6GAqAAaAej",
        "type" : "ClassView"
      }
    }, {
      "id" : "i_n22f6GAqAAaAd1",
      "type" : "ClassView",
      "modelElement" : {
        "id" : "S_n22f6GAqAAaAd2",
        "type" : "Class"
      },
      "shape" : {
        "id" : "i_n22f6GAqAAaAd1_shape",
        "type" : "Rectangle",
        "x" : 479,
        "y" : 504,
        "width" : 80,
        "height" : 40
      }
    }, {
      "id" : "bNm22f6GAqAAaAY9",
      "type" : "RelationView",
      "modelElement" : {
        "id" : "NNm22f6GAqAAaAY4",
        "type" : "Relation"
      },
      "shape" : {
        "id" : "bNm22f6GAqAAaAY9_path",
        "type" : "Path",
        "points" : [ {
          "x" : 188,
          "y" : 107
        }, {
          "x" : 341,
          "y" : 107
        }, {
          "x" : 341,
          "y" : 191
        } ]
      },
      "source" : {
        "id" : "RsI22f6GAqAAaAWz",
        "type" : "ClassView"
      },
      "target" : {
        "id" : "CGC22f6GAqAAaAX0",
        "type" : "ClassView"
      }
    }, {
      "id" : "hu422f6GAqAAaAXX",
      "type" : "ClassView",
      "modelElement" : {
        "id" : "Ru422f6GAqAAaAXY",
        "type" : "Class"
      },
      "shape" : {
        "id" : "hu422f6GAqAAaAXX_shape",
        "type" : "Rectangle",
        "x" : 102,
        "y" : 296,
        "width" : 98,
        "height" : 40
      }
    }, {
      "id" : "vdv22f6GAqAAaAeK",
      "type" : "RelationView",
      "modelElement" : {
        "id" : "Ndv22f6GAqAAaAeF",
        "type" : "Relation"
      },
      "shape" : {
        "id" : "vdv22f6GAqAAaAeK_path",
        "type" : "Path",
        "points" : [ {
          "x" : 289,
          "y" : 532
        }, {
          "x" : 478,
          "y" : 532
        } ]
      },
      "source" : {
        "id" : "nFa22f6GAqAAaAYh",
        "type" : "ClassView"
      },
      "target" : {
        "id" : "i_n22f6GAqAAaAd1",
        "type" : "ClassView"
      }
    }, {
      "id" : "fVe22f6GAqAAaAZ.",
      "type" : "RelationView",
      "modelElement" : {
        "id" : "LVe22f6GAqAAaAZ5",
        "type" : "Relation"
      },
      "shape" : {
        "id" : "fVe22f6GAqAAaAZ._path",
        "type" : "Path",
        "points" : [ {
          "x" : 343,
          "y" : 233
        }, {
          "x" : 343,
          "y" : 295
        } ]
      },
      "source" : {
        "id" : "CGC22f6GAqAAaAX0",
        "type" : "ClassView"
      },
      "target" : {
        "id" : "S1i22f6GAqAAaAX_",
        "type" : "ClassView"
      }
    }, {
      "id" : "DzW22f6GAqAAaAZL",
      "type" : "RelationView",
      "modelElement" : {
        "id" : "JzW22f6GAqAAaAZG",
        "type" : "Relation"
      },
      "shape" : {
        "id" : "DzW22f6GAqAAaAZL_path",
        "type" : "Path",
        "points" : [ {
          "x" : 149,
          "y" : 233
        }, {
          "x" : 149,
          "y" : 295
        } ]
      },
      "source" : {
        "id" : "eTo22f6GAqAAaAXG",
        "type" : "ClassView"
      },
      "target" : {
        "id" : "hu422f6GAqAAaAXX",
        "type" : "ClassView"
      }
    } ]
  } ]
}