{
  "id" : "BBPW2f6GAqAAaABO",
  "name" : "ontology",
  "description" : null,
  "type" : "Project",
  "model" : {
    "id" : "BBPW2f6GAqAAaABO_root",
    "name" : "ontology",
    "description" : null,
    "type" : "Package",
    "propertyAssignments" : null,
    "contents" : [ {
      "id" : "7DKnDf6AUB1CSi2_",
      "name" : "Train Control System",
      "description" : null,
      "type" : "Package",
      "propertyAssignments" : null,
      "contents" : [ {
        "id" : ".5tO2f6GAqAAaAhV",
        "name" : "Dispatcher",
        "description" : null,
        "type" : "Class",
        "propertyAssignments" : null,
        "stereotype" : "kind",
        "isAbstract" : false,
        "isDerived" : false,
        "properties" : null,
        "isExtensional" : null,
        "isPowertype" : null,
        "order" : null,
        "literals" : null,
        "restrictedTo" : [ "functional-complex" ]
      }, {
        "id" : "cLdO2f6GAqAAaAhg",
        "name" : "Provider",
        "description" : null,
        "type" : "Class",
        "propertyAssignments" : null,
        "stereotype" : "role",
        "isAbstract" : false,
        "isDerived" : false,
        "properties" : null,
        "isExtensional" : false,
        "isPowertype" : null,
        "order" : null,
        "literals" : null,
        "restrictedTo" : null
      }, {
        "id" : "mH9O2f6GAqAAaAhr",
        "name" : "Communication",
        "description" : null,
        "type" : "Class",
        "propertyAssignments" : null,
        "stereotype" : "relator",
        "isAbstract" : false,
        "isDerived" : false,
        "properties" : null,
        "isExtensional" : null,
        "isPowertype" : null,
        "order" : null,
        "literals" : null,
        "restrictedTo" : [ "relator" ]
      }, {
        "id" : "dRjO2f6GAqAAaAh2",
        "name" : "Channel",
        "description" : null,
        "type" : "Class",
        "propertyAssignments" : null,
        "stereotype" : "role",
        "isAbstract" : false,
        "isDerived" : false,
        "properties" : null,
        "isExtensional" : false,
        "isPowertype" : null,
        "order" : null,
        "literals" : null,
        "restrictedTo" : null
      }, {
        "id" : "HzTO2f6GAqAAaAiB",
        "name" : "Wireless Network",
        "description" : null,
        "type" : "Class",
        "propertyAssignments" : null,
        "stereotype" : "kind",
        "isAbstract" : false,
        "isDerived" : false,
        "properties" : null,
        "isExtensional" : null,
        "isPowertype" : null,
        "order" : null,
        "literals" : null,
        "restrictedTo" : [ "functional-complex" ]
      }, {
        "id" : "92HO2f6GAqAAaAiP",
        "name" : "Receiver",
        "description" : null,
        "type" : "Class",
        "propertyAssignments" : null,
        "stereotype" : "role",
        "isAbstract" : false,
        "isDerived" : false,
        "properties" : null,
        "isExtensional" : false,
        "isPowertype" : null,
        "order" : null,
        "literals" : null,
        "restrictedTo" : null
      }, {
        "id" : "dhnO2f6GAqAAaAia",
        "name" : "Message",
        "description" : null,
        "type" : "Class",
        "propertyAssignments" : null,
        "stereotype" : "role",
        "isAbstract" : false,
        "isDerived" : false,
        "properties" : null,
        "isExtensional" : false,
        "isPowertype" : null,
        "order" : null,
        "literals" : null,
        "restrictedTo" : null
      }, {
        "id" : "bCfO2f6GAqAAaAiu",
        "name" : "RBC",
        "description" : null,
        "type" : "Class",
        "propertyAssignments" : null,
        "stereotype" : "kind",
        "isAbstract" : false,
        "isDerived" : false,
        "properties" : null,
        "isExtensional" : null,
        "isPowertype" : null,
        "order" : null,
        "literals" : null,
        "restrictedTo" : [ "functional-complex" ]
      }, {
        "id" : "W1vu2f6GAqAAaAnr",
        "name" : "On-board System",
        "description" : null,
        "type" : "Class",
        "propertyAssignments" : null,
        "stereotype" : "kind",
        "isAbstract" : false,
        "isDerived" : false,
        "properties" : null,
        "isExtensional" : null,
        "isPowertype" : null,
        "order" : null,
        "literals" : null,
        "restrictedTo" : [ "functional-complex" ]
      }, {
        "id" : "wo8e2f6GAqAAaApG",
        "name" : "MA with TSR",
        "description" : null,
        "type" : "Class",
        "propertyAssignments" : null,
        "stereotype" : "kind",
        "isAbstract" : false,
        "isDerived" : false,
        "properties" : null,
        "isExtensional" : null,
        "isPowertype" : null,
        "order" : null,
        "literals" : null,
        "restrictedTo" : [ "functional-complex" ]
      }, {
        "id" : "PL.e2f6GAqAAaAp9",
        "name" : "Train",
        "description" : null,
        "type" : "Class",
        "propertyAssignments" : null,
        "stereotype" : "kind",
        "isAbstract" : false,
        "isDerived" : false,
        "properties" : null,
        "isExtensional" : null,
        "isPowertype" : null,
        "order" : null,
        "literals" : null,
        "restrictedTo" : [ "functional-complex" ]
      }, {
        "id" : "ktBe2f6GAqAAaAqI",
        "name" : "TSR Area",
        "description" : null,
        "type" : "Class",
        "propertyAssignments" : null,
        "stereotype" : "kind",
        "isAbstract" : false,
        "isDerived" : false,
        "properties" : null,
        "isExtensional" : null,
        "isPowertype" : null,
        "order" : null,
        "literals" : null,
        "restrictedTo" : [ "functional-complex" ]
      }, {
        "id" : "ANpe2f6GAqAAaAqo",
        "name" : "SpeedControl",
        "description" : null,
        "type" : "Class",
        "propertyAssignments" : null,
        "stereotype" : "relator",
        "isAbstract" : false,
        "isDerived" : false,
        "properties" : null,
        "isExtensional" : null,
        "isPowertype" : null,
        "order" : null,
        "literals" : null,
        "restrictedTo" : [ "relator" ]
      }, {
        "id" : "Po5e2f6GAqAAaAqz",
        "name" : "Transportation",
        "description" : null,
        "type" : "Class",
        "propertyAssignments" : null,
        "stereotype" : "relator",
        "isAbstract" : false,
        "isDerived" : false,
        "properties" : null,
        "isExtensional" : null,
        "isPowertype" : null,
        "order" : null,
        "literals" : null,
        "restrictedTo" : [ "relator" ]
      }, {
        "id" : "lZ9e2f6GAqAAaAro",
        "name" : "Controller",
        "description" : null,
        "type" : "Class",
        "propertyAssignments" : null,
        "stereotype" : "role",
        "isAbstract" : false,
        "isDerived" : false,
        "properties" : null,
        "isExtensional" : false,
        "isPowertype" : null,
        "order" : null,
        "literals" : null,
        "restrictedTo" : null
      }, {
        "id" : "rFDe2f6GAqAAaArz",
        "name" : "BeingControlled",
        "description" : null,
        "type" : "Class",
        "propertyAssignments" : null,
        "stereotype" : "role",
        "isAbstract" : false,
        "isDerived" : false,
        "properties" : null,
        "isExtensional" : false,
        "isPowertype" : null,
        "order" : null,
        "literals" : null,
        "restrictedTo" : null
      }, {
        "id" : "FPje2f6GAqAAaAr.",
        "name" : "Mover",
        "description" : null,
        "type" : "Class",
        "propertyAssignments" : null,
        "stereotype" : "role",
        "isAbstract" : false,
        "isDerived" : false,
        "properties" : null,
        "isExtensional" : false,
        "isPowertype" : null,
        "order" : null,
        "literals" : null,
        "restrictedTo" : null
      }, {
        "id" : "yGze2f6GAqAAaAsJ",
        "name" : "Place",
        "description" : null,
        "type" : "Class",
        "propertyAssignments" : null,
        "stereotype" : "role",
        "isAbstract" : false,
        "isDerived" : false,
        "properties" : null,
        "isExtensional" : false,
        "isPowertype" : null,
        "order" : null,
        "literals" : null,
        "restrictedTo" : null
      }, {
        "id" : "6zK.2f6GAqAAaAvk",
        "name" : "Sensor",
        "description" : null,
        "type" : "Class",
        "propertyAssignments" : null,
        "stereotype" : "role",
        "isAbstract" : false,
        "isDerived" : false,
        "properties" : null,
        "isExtensional" : false,
        "isPowertype" : null,
        "order" : null,
        "literals" : null,
        "restrictedTo" : null
      }, {
        "id" : "pbq.2f6GAqAAaAvv",
        "name" : "Monitor",
        "description" : null,
        "type" : "Class",
        "propertyAssignments" : null,
        "stereotype" : "relator",
        "isAbstract" : false,
        "isDerived" : false,
        "properties" : null,
        "isExtensional" : null,
        "isPowertype" : null,
        "order" : null,
        "literals" : null,
        "restrictedTo" : [ "relator" ]
      }, {
        "id" : "upa.2f6GAqAAaAv6",
        "name" : "BeingSensed",
        "description" : null,
        "type" : "Class",
        "propertyAssignments" : null,
        "stereotype" : "role",
        "isAbstract" : false,
        "isDerived" : false,
        "properties" : null,
        "isExtensional" : false,
        "isPowertype" : null,
        "order" : null,
        "literals" : null,
        "restrictedTo" : null
      }, {
        "id" : "uj6.2f6GAqAAaAwF",
        "name" : "Train Wheel",
        "description" : null,
        "type" : "Class",
        "propertyAssignments" : null,
        "stereotype" : "kind",
        "isAbstract" : false,
        "isDerived" : false,
        "properties" : null,
        "isExtensional" : null,
        "isPowertype" : null,
        "order" : null,
        "literals" : null,
        "restrictedTo" : [ "functional-complex" ]
      }, {
        "id" : "u1m.2f6GAqAAaAwQ",
        "name" : "SDU",
        "description" : null,
        "type" : "Class",
        "propertyAssignments" : null,
        "stereotype" : "kind",
        "isAbstract" : false,
        "isDerived" : false,
        "properties" : null,
        "isExtensional" : null,
        "isPowertype" : null,
        "order" : null,
        "literals" : null,
        "restrictedTo" : [ "functional-complex" ]
      }, {
        "id" : "uqB.2f6GAqAAaAxS",
        "name" : "Control Parameter Communication",
        "description" : null,
        "type" : "Class",
        "propertyAssignments" : null,
        "stereotype" : "relator",
        "isAbstract" : false,
        "isDerived" : false,
        "properties" : null,
        "isExtensional" : null,
        "isPowertype" : null,
        "order" : null,
        "literals" : null,
        "restrictedTo" : [ "relator" ]
      }, {
        "id" : "Lfp.2f6GAqAAaAx_",
        "name" : "Speed/Distance Message",
        "description" : null,
        "type" : "Class",
        "propertyAssignments" : null,
        "stereotype" : "kind",
        "isAbstract" : false,
        "isDerived" : false,
        "properties" : null,
        "isExtensional" : null,
        "isPowertype" : null,
        "order" : null,
        "literals" : null,
        "restrictedTo" : [ "functional-complex" ]
      }, {
        "id" : "1D2u2f6GAqAAaAkr",
        "name" : "play",
        "description" : null,
        "type" : "Relation",
        "propertyAssignments" : null,
        "stereotype" : null,
        "isAbstract" : false,
        "isDerived" : false,
        "properties" : [ {
          "id" : "1D2u2f6GAqAAaAks",
          "name" : null,
          "description" : null,
          "type" : "Property",
          "propertyAssignments" : null,
          "stereotype" : null,
          "isDerived" : false,
          "isReadOnly" : false,
          "isOrdered" : false,
          "cardinality" : "*",
          "propertyType" : {
            "id" : ".5tO2f6GAqAAaAhV",
            "type" : "Class"
          },
          "subsettedProperties" : null,
          "redefinedProperties" : null,
          "aggregationKind" : "NONE"
        }, {
          "id" : "1D2u2f6GAqAAaAku",
          "name" : null,
          "description" : null,
          "type" : "Property",
          "propertyAssignments" : null,
          "stereotype" : null,
          "isDerived" : false,
          "isReadOnly" : false,
          "isOrdered" : false,
          "cardinality" : "*",
          "propertyType" : {
            "id" : "cLdO2f6GAqAAaAhg",
            "type" : "Class"
          },
          "subsettedProperties" : null,
          "redefinedProperties" : null,
          "aggregationKind" : "NONE"
        } ]
      }, {
        "id" : "LCuu2f6GAqAAaAk1",
        "name" : null,
        "description" : null,
        "type" : "Relation",
        "propertyAssignments" : null,
        "stereotype" : null,
        "isAbstract" : false,
        "isDerived" : false,
        "properties" : [ {
          "id" : "LCuu2f6GAqAAaAk2",
          "name" : null,
          "description" : null,
          "type" : "Property",
          "propertyAssignments" : null,
          "stereotype" : null,
          "isDerived" : false,
          "isReadOnly" : false,
          "isOrdered" : false,
          "cardinality" : "*",
          "propertyType" : {
            "id" : "cLdO2f6GAqAAaAhg",
            "type" : "Class"
          },
          "subsettedProperties" : null,
          "redefinedProperties" : null,
          "aggregationKind" : "NONE"
        }, {
          "id" : "LCuu2f6GAqAAaAk4",
          "name" : null,
          "description" : null,
          "type" : "Property",
          "propertyAssignments" : null,
          "stereotype" : null,
          "isDerived" : false,
          "isReadOnly" : false,
          "isOrdered" : false,
          "cardinality" : "*",
          "propertyType" : {
            "id" : "mH9O2f6GAqAAaAhr",
            "type" : "Class"
          },
          "subsettedProperties" : null,
          "redefinedProperties" : null,
          "aggregationKind" : "NONE"
        } ]
      }, {
        "id" : "gDuu2f6GAqAAaAk_",
        "name" : null,
        "description" : null,
        "type" : "Relation",
        "propertyAssignments" : null,
        "stereotype" : null,
        "isAbstract" : false,
        "isDerived" : false,
        "properties" : [ {
          "id" : "gDuu2f6GAqAAaAlA",
          "name" : null,
          "description" : null,
          "type" : "Property",
          "propertyAssignments" : null,
          "stereotype" : null,
          "isDerived" : false,
          "isReadOnly" : false,
          "isOrdered" : false,
          "cardinality" : "*",
          "propertyType" : {
            "id" : "92HO2f6GAqAAaAiP",
            "type" : "Class"
          },
          "subsettedProperties" : null,
          "redefinedProperties" : null,
          "aggregationKind" : "NONE"
        }, {
          "id" : "gDuu2f6GAqAAaAlC",
          "name" : null,
          "description" : null,
          "type" : "Property",
          "propertyAssignments" : null,
          "stereotype" : null,
          "isDerived" : false,
          "isReadOnly" : false,
          "isOrdered" : false,
          "cardinality" : "*",
          "propertyType" : {
            "id" : "mH9O2f6GAqAAaAhr",
            "type" : "Class"
          },
          "subsettedProperties" : null,
          "redefinedProperties" : null,
          "aggregationKind" : "NONE"
        } ]
      }, {
        "id" : "SZ.u2f6GAqAAaAlP",
        "name" : null,
        "description" : null,
        "type" : "Relation",
        "propertyAssignments" : null,
        "stereotype" : null,
        "isAbstract" : false,
        "isDerived" : false,
        "properties" : [ {
          "id" : "SZ.u2f6GAqAAaAlQ",
          "name" : null,
          "description" : null,
          "type" : "Property",
          "propertyAssignments" : null,
          "stereotype" : null,
          "isDerived" : false,
          "isReadOnly" : false,
          "isOrdered" : false,
          "cardinality" : "*",
          "propertyType" : {
            "id" : "mH9O2f6GAqAAaAhr",
            "type" : "Class"
          },
          "subsettedProperties" : null,
          "redefinedProperties" : null,
          "aggregationKind" : "NONE"
        }, {
          "id" : "SZ.u2f6GAqAAaAlS",
          "name" : null,
          "description" : null,
          "type" : "Property",
          "propertyAssignments" : null,
          "stereotype" : null,
          "isDerived" : false,
          "isReadOnly" : false,
          "isOrdered" : false,
          "cardinality" : "*",
          "propertyType" : {
            "id" : "dRjO2f6GAqAAaAh2",
            "type" : "Class"
          },
          "subsettedProperties" : null,
          "redefinedProperties" : null,
          "aggregationKind" : "NONE"
        } ]
      }, {
        "id" : "WQBu2f6GAqAAaAlZ",
        "name" : null,
        "description" : null,
        "type" : "Relation",
        "propertyAssignments" : null,
        "stereotype" : null,
        "isAbstract" : false,
        "isDerived" : false,
        "properties" : [ {
          "id" : "WQBu2f6GAqAAaAla",
          "name" : null,
          "description" : null,
          "type" : "Property",
          "propertyAssignments" : null,
          "stereotype" : null,
          "isDerived" : false,
          "isReadOnly" : false,
          "isOrdered" : false,
          "cardinality" : "*",
          "propertyType" : {
            "id" : "mH9O2f6GAqAAaAhr",
            "type" : "Class"
          },
          "subsettedProperties" : null,
          "redefinedProperties" : null,
          "aggregationKind" : "NONE"
        }, {
          "id" : "WQBu2f6GAqAAaAlc",
          "name" : null,
          "description" : null,
          "type" : "Property",
          "propertyAssignments" : null,
          "stereotype" : null,
          "isDerived" : false,
          "isReadOnly" : false,
          "isOrdered" : false,
          "cardinality" : "*",
          "propertyType" : {
            "id" : "dhnO2f6GAqAAaAia",
            "type" : "Class"
          },
          "subsettedProperties" : null,
          "redefinedProperties" : null,
          "aggregationKind" : "NONE"
        } ]
      }, {
        "id" : "R1Bu2f6GAqAAaAlj",
        "name" : "play",
        "description" : null,
        "type" : "Relation",
        "propertyAssignments" : null,
        "stereotype" : null,
        "isAbstract" : false,
        "isDerived" : false,
        "properties" : [ {
          "id" : "R1Bu2f6GAqAAaAlk",
          "name" : null,
          "description" : null,
          "type" : "Property",
          "propertyAssignments" : null,
          "stereotype" : null,
          "isDerived" : false,
          "isReadOnly" : false,
          "isOrdered" : false,
          "cardinality" : "*",
          "propertyType" : {
            "id" : "HzTO2f6GAqAAaAiB",
            "type" : "Class"
          },
          "subsettedProperties" : null,
          "redefinedProperties" : null,
          "aggregationKind" : "NONE"
        }, {
          "id" : "R1Bu2f6GAqAAaAlm",
          "name" : null,
          "description" : null,
          "type" : "Property",
          "propertyAssignments" : null,
          "stereotype" : null,
          "isDerived" : false,
          "isReadOnly" : false,
          "isOrdered" : false,
          "cardinality" : "*",
          "propertyType" : {
            "id" : "dRjO2f6GAqAAaAh2",
            "type" : "Class"
          },
          "subsettedProperties" : null,
          "redefinedProperties" : null,
          "aggregationKind" : "NONE"
        } ]
      }, {
        "id" : "QjRu2f6GAqAAaAlt",
        "name" : "play",
        "description" : null,
        "type" : "Relation",
        "propertyAssignments" : null,
        "stereotype" : null,
        "isAbstract" : false,
        "isDerived" : false,
        "properties" : [ {
          "id" : "QjRu2f6GAqAAaAlu",
          "name" : null,
          "description" : null,
          "type" : "Property",
          "propertyAssignments" : null,
          "stereotype" : null,
          "isDerived" : false,
          "isReadOnly" : false,
          "isOrdered" : false,
          "cardinality" : "*",
          "propertyType" : {
            "id" : "92HO2f6GAqAAaAiP",
            "type" : "Class"
          },
          "subsettedProperties" : null,
          "redefinedProperties" : null,
          "aggregationKind" : "NONE"
        }, {
          "id" : "QjRu2f6GAqAAaAlw",
          "name" : null,
          "description" : null,
          "type" : "Property",
          "propertyAssignments" : null,
          "stereotype" : null,
          "isDerived" : false,
          "isReadOnly" : false,
          "isOrdered" : false,
          "cardinality" : "*",
          "propertyType" : {
            "id" : "bCfO2f6GAqAAaAiu",
            "type" : "Class"
          },
          "subsettedProperties" : null,
          "redefinedProperties" : null,
          "aggregationKind" : "NONE"
        } ]
      }, {
        "id" : "hClu2f6GAqAAaAmP",
        "name" : "play",
        "description" : null,
        "type" : "Relation",
        "propertyAssignments" : null,
        "stereotype" : null,
        "isAbstract" : false,
        "isDerived" : false,
        "properties" : [ {
          "id" : "hClu2f6GAqAAaAmQ",
          "name" : null,
          "description" : null,
          "type" : "Property",
          "propertyAssignments" : null,
          "stereotype" : null,
          "isDerived" : false,
          "isReadOnly" : false,
          "isOrdered" : false,
          "cardinality" : "*",
          "propertyType" : {
            "id" : "bCfO2f6GAqAAaAiu",
            "type" : "Class"
          },
          "subsettedProperties" : null,
          "redefinedProperties" : null,
          "aggregationKind" : "NONE"
        }, {
          "id" : "RClu2f6GAqAAaAmS",
          "name" : null,
          "description" : null,
          "type" : "Property",
          "propertyAssignments" : null,
          "stereotype" : null,
          "isDerived" : false,
          "isReadOnly" : false,
          "isOrdered" : false,
          "cardinality" : "*",
          "propertyType" : {
            "id" : "cLdO2f6GAqAAaAhg",
            "type" : "Class"
          },
          "subsettedProperties" : null,
          "redefinedProperties" : null,
          "aggregationKind" : "NONE"
        } ]
      }, {
        "id" : "3JNu2f6GAqAAaAmf",
        "name" : null,
        "description" : null,
        "type" : "Relation",
        "propertyAssignments" : null,
        "stereotype" : null,
        "isAbstract" : false,
        "isDerived" : false,
        "properties" : [ {
          "id" : "3JNu2f6GAqAAaAmg",
          "name" : null,
          "description" : null,
          "type" : "Property",
          "propertyAssignments" : null,
          "stereotype" : null,
          "isDerived" : false,
          "isReadOnly" : false,
          "isOrdered" : false,
          "cardinality" : "*",
          "propertyType" : {
            "id" : "cLdO2f6GAqAAaAhg",
            "type" : "Class"
          },
          "subsettedProperties" : null,
          "redefinedProperties" : null,
          "aggregationKind" : "NONE"
        }, {
          "id" : "3JNu2f6GAqAAaAmi",
          "name" : null,
          "description" : null,
          "type" : "Property",
          "propertyAssignments" : null,
          "stereotype" : null,
          "isDerived" : false,
          "isReadOnly" : false,
          "isOrdered" : false,
          "cardinality" : "*",
          "propertyType" : {
            "id" : "mH9O2f6GAqAAaAhr",
            "type" : "Class"
          },
          "subsettedProperties" : null,
          "redefinedProperties" : null,
          "aggregationKind" : "NONE"
        } ]
      }, {
        "id" : "sbtu2f6GAqAAaAmp",
        "name" : null,
        "description" : null,
        "type" : "Relation",
        "propertyAssignments" : null,
        "stereotype" : null,
        "isAbstract" : false,
        "isDerived" : false,
        "properties" : [ {
          "id" : "sbtu2f6GAqAAaAmq",
          "name" : null,
          "description" : null,
          "type" : "Property",
          "propertyAssignments" : null,
          "stereotype" : null,
          "isDerived" : false,
          "isReadOnly" : false,
          "isOrdered" : false,
          "cardinality" : "*",
          "propertyType" : {
            "id" : "mH9O2f6GAqAAaAhr",
            "type" : "Class"
          },
          "subsettedProperties" : null,
          "redefinedProperties" : null,
          "aggregationKind" : "NONE"
        }, {
          "id" : "sbtu2f6GAqAAaAms",
          "name" : null,
          "description" : null,
          "type" : "Property",
          "propertyAssignments" : null,
          "stereotype" : null,
          "isDerived" : false,
          "isReadOnly" : false,
          "isOrdered" : false,
          "cardinality" : "*",
          "propertyType" : {
            "id" : "dRjO2f6GAqAAaAh2",
            "type" : "Class"
          },
          "subsettedProperties" : null,
          "redefinedProperties" : null,
          "aggregationKind" : "NONE"
        } ]
      }, {
        "id" : "IRIe2f6GAqAAaAoG",
        "name" : "play",
        "description" : null,
        "type" : "Relation",
        "propertyAssignments" : null,
        "stereotype" : null,
        "isAbstract" : false,
        "isDerived" : false,
        "properties" : [ {
          "id" : "IRIe2f6GAqAAaAoH",
          "name" : null,
          "description" : null,
          "type" : "Property",
          "propertyAssignments" : null,
          "stereotype" : null,
          "isDerived" : false,
          "isReadOnly" : false,
          "isOrdered" : false,
          "cardinality" : "*",
          "propertyType" : {
            "id" : "W1vu2f6GAqAAaAnr",
            "type" : "Class"
          },
          "subsettedProperties" : null,
          "redefinedProperties" : null,
          "aggregationKind" : "NONE"
        }, {
          "id" : "IRIe2f6GAqAAaAoJ",
          "name" : null,
          "description" : null,
          "type" : "Property",
          "propertyAssignments" : null,
          "stereotype" : null,
          "isDerived" : false,
          "isReadOnly" : false,
          "isOrdered" : false,
          "cardinality" : "*",
          "propertyType" : {
            "id" : "92HO2f6GAqAAaAiP",
            "type" : "Class"
          },
          "subsettedProperties" : null,
          "redefinedProperties" : null,
          "aggregationKind" : "NONE"
        } ]
      }, {
        "id" : "UpSe2f6GAqAAaApR",
        "name" : "play",
        "description" : null,
        "type" : "Relation",
        "propertyAssignments" : null,
        "stereotype" : null,
        "isAbstract" : false,
        "isDerived" : false,
        "properties" : [ {
          "id" : "UpSe2f6GAqAAaApS",
          "name" : null,
          "description" : null,
          "type" : "Property",
          "propertyAssignments" : null,
          "stereotype" : null,
          "isDerived" : false,
          "isReadOnly" : false,
          "isOrdered" : false,
          "cardinality" : "*",
          "propertyType" : {
            "id" : "wo8e2f6GAqAAaApG",
            "type" : "Class"
          },
          "subsettedProperties" : null,
          "redefinedProperties" : null,
          "aggregationKind" : "NONE"
        }, {
          "id" : "UpSe2f6GAqAAaApU",
          "name" : null,
          "description" : null,
          "type" : "Property",
          "propertyAssignments" : null,
          "stereotype" : null,
          "isDerived" : false,
          "isReadOnly" : false,
          "isOrdered" : false,
          "cardinality" : "*",
          "propertyType" : {
            "id" : "dhnO2f6GAqAAaAia",
            "type" : "Class"
          },
          "subsettedProperties" : null,
          "redefinedProperties" : null,
          "aggregationKind" : "NONE"
        } ]
      }, {
        "id" : "bmPe2f6GAqAAaAsv",
        "name" : null,
        "description" : null,
        "type" : "Relation",
        "propertyAssignments" : null,
        "stereotype" : null,
        "isAbstract" : false,
        "isDerived" : false,
        "properties" : [ {
          "id" : "bmPe2f6GAqAAaAsw",
          "name" : null,
          "description" : null,
          "type" : "Property",
          "propertyAssignments" : null,
          "stereotype" : null,
          "isDerived" : false,
          "isReadOnly" : false,
          "isOrdered" : false,
          "cardinality" : "*",
          "propertyType" : {
            "id" : "Po5e2f6GAqAAaAqz",
            "type" : "Class"
          },
          "subsettedProperties" : null,
          "redefinedProperties" : null,
          "aggregationKind" : "NONE"
        }, {
          "id" : "bmPe2f6GAqAAaAsy",
          "name" : null,
          "description" : null,
          "type" : "Property",
          "propertyAssignments" : null,
          "stereotype" : null,
          "isDerived" : false,
          "isReadOnly" : false,
          "isOrdered" : false,
          "cardinality" : "*",
          "propertyType" : {
            "id" : "yGze2f6GAqAAaAsJ",
            "type" : "Class"
          },
          "subsettedProperties" : null,
          "redefinedProperties" : null,
          "aggregationKind" : "NONE"
        } ]
      }, {
        "id" : "ILPe2f6GAqAAaAs5",
        "name" : null,
        "description" : null,
        "type" : "Relation",
        "propertyAssignments" : null,
        "stereotype" : null,
        "isAbstract" : false,
        "isDerived" : false,
        "properties" : [ {
          "id" : "ILPe2f6GAqAAaAs6",
          "name" : null,
          "description" : null,
          "type" : "Property",
          "propertyAssignments" : null,
          "stereotype" : null,
          "isDerived" : false,
          "isReadOnly" : false,
          "isOrdered" : false,
          "cardinality" : "*",
          "propertyType" : {
            "id" : "Po5e2f6GAqAAaAqz",
            "type" : "Class"
          },
          "subsettedProperties" : null,
          "redefinedProperties" : null,
          "aggregationKind" : "NONE"
        }, {
          "id" : "oLPe2f6GAqAAaAs8",
          "name" : null,
          "description" : null,
          "type" : "Property",
          "propertyAssignments" : null,
          "stereotype" : null,
          "isDerived" : false,
          "isReadOnly" : false,
          "isOrdered" : false,
          "cardinality" : "*",
          "propertyType" : {
            "id" : "FPje2f6GAqAAaAr.",
            "type" : "Class"
          },
          "subsettedProperties" : null,
          "redefinedProperties" : null,
          "aggregationKind" : "NONE"
        } ]
      }, {
        "id" : "Wqve2f6GAqAAaAtD",
        "name" : null,
        "description" : null,
        "type" : "Relation",
        "propertyAssignments" : null,
        "stereotype" : null,
        "isAbstract" : false,
        "isDerived" : false,
        "properties" : [ {
          "id" : "Wqve2f6GAqAAaAtE",
          "name" : null,
          "description" : null,
          "type" : "Property",
          "propertyAssignments" : null,
          "stereotype" : null,
          "isDerived" : false,
          "isReadOnly" : false,
          "isOrdered" : false,
          "cardinality" : "*",
          "propertyType" : {
            "id" : "ANpe2f6GAqAAaAqo",
            "type" : "Class"
          },
          "subsettedProperties" : null,
          "redefinedProperties" : null,
          "aggregationKind" : "NONE"
        }, {
          "id" : "Wqve2f6GAqAAaAtG",
          "name" : null,
          "description" : null,
          "type" : "Property",
          "propertyAssignments" : null,
          "stereotype" : null,
          "isDerived" : false,
          "isReadOnly" : false,
          "isOrdered" : false,
          "cardinality" : "*",
          "propertyType" : {
            "id" : "rFDe2f6GAqAAaArz",
            "type" : "Class"
          },
          "subsettedProperties" : null,
          "redefinedProperties" : null,
          "aggregationKind" : "NONE"
        } ]
      }, {
        "id" : "NTve2f6GAqAAaAtN",
        "name" : null,
        "description" : null,
        "type" : "Relation",
        "propertyAssignments" : null,
        "stereotype" : null,
        "isAbstract" : false,
        "isDerived" : false,
        "properties" : [ {
          "id" : "NTve2f6GAqAAaAtO",
          "name" : null,
          "description" : null,
          "type" : "Property",
          "propertyAssignments" : null,
          "stereotype" : null,
          "isDerived" : false,
          "isReadOnly" : false,
          "isOrdered" : false,
          "cardinality" : "*",
          "propertyType" : {
            "id" : "ANpe2f6GAqAAaAqo",
            "type" : "Class"
          },
          "subsettedProperties" : null,
          "redefinedProperties" : null,
          "aggregationKind" : "NONE"
        }, {
          "id" : "NTve2f6GAqAAaAtQ",
          "name" : null,
          "description" : null,
          "type" : "Property",
          "propertyAssignments" : null,
          "stereotype" : null,
          "isDerived" : false,
          "isReadOnly" : false,
          "isOrdered" : false,
          "cardinality" : "*",
          "propertyType" : {
            "id" : "lZ9e2f6GAqAAaAro",
            "type" : "Class"
          },
          "subsettedProperties" : null,
          "redefinedProperties" : null,
          "aggregationKind" : "NONE"
        } ]
      }, {
        "id" : "l.A.2f6GAqAAaAto",
        "name" : "play",
        "description" : null,
        "type" : "Relation",
        "propertyAssignments" : null,
        "stereotype" : null,
        "isAbstract" : false,
        "isDerived" : false,
        "properties" : [ {
          "id" : "l.A.2f6GAqAAaAtp",
          "name" : null,
          "description" : null,
          "type" : "Property",
          "propertyAssignments" : null,
          "stereotype" : null,
          "isDerived" : false,
          "isReadOnly" : false,
          "isOrdered" : false,
          "cardinality" : "*",
          "propertyType" : {
            "id" : "W1vu2f6GAqAAaAnr",
            "type" : "Class"
          },
          "subsettedProperties" : null,
          "redefinedProperties" : null,
          "aggregationKind" : "NONE"
        }, {
          "id" : "V.A.2f6GAqAAaAtr",
          "name" : null,
          "description" : null,
          "type" : "Property",
          "propertyAssignments" : null,
          "stereotype" : null,
          "isDerived" : false,
          "isReadOnly" : false,
          "isOrdered" : false,
          "cardinality" : "*",
          "propertyType" : {
            "id" : "lZ9e2f6GAqAAaAro",
            "type" : "Class"
          },
          "subsettedProperties" : null,
          "redefinedProperties" : null,
          "aggregationKind" : "NONE"
        } ]
      }, {
        "id" : "xLg.2f6GAqAAaAty",
        "name" : "play",
        "description" : null,
        "type" : "Relation",
        "propertyAssignments" : null,
        "stereotype" : null,
        "isAbstract" : false,
        "isDerived" : false,
        "properties" : [ {
          "id" : "xLg.2f6GAqAAaAtz",
          "name" : null,
          "description" : null,
          "type" : "Property",
          "propertyAssignments" : null,
          "stereotype" : null,
          "isDerived" : false,
          "isReadOnly" : false,
          "isOrdered" : false,
          "cardinality" : "*",
          "propertyType" : {
            "id" : "PL.e2f6GAqAAaAp9",
            "type" : "Class"
          },
          "subsettedProperties" : null,
          "redefinedProperties" : null,
          "aggregationKind" : "NONE"
        }, {
          "id" : "xLg.2f6GAqAAaAt1",
          "name" : null,
          "description" : null,
          "type" : "Property",
          "propertyAssignments" : null,
          "stereotype" : null,
          "isDerived" : false,
          "isReadOnly" : false,
          "isOrdered" : false,
          "cardinality" : "*",
          "propertyType" : {
            "id" : "rFDe2f6GAqAAaArz",
            "type" : "Class"
          },
          "subsettedProperties" : null,
          "redefinedProperties" : null,
          "aggregationKind" : "NONE"
        } ]
      }, {
        "id" : "0uQ.2f6GAqAAaAt8",
        "name" : "play",
        "description" : null,
        "type" : "Relation",
        "propertyAssignments" : null,
        "stereotype" : null,
        "isAbstract" : false,
        "isDerived" : false,
        "properties" : [ {
          "id" : "0uQ.2f6GAqAAaAt9",
          "name" : null,
          "description" : null,
          "type" : "Property",
          "propertyAssignments" : null,
          "stereotype" : null,
          "isDerived" : false,
          "isReadOnly" : false,
          "isOrdered" : false,
          "cardinality" : "*",
          "propertyType" : {
            "id" : "PL.e2f6GAqAAaAp9",
            "type" : "Class"
          },
          "subsettedProperties" : null,
          "redefinedProperties" : null,
          "aggregationKind" : "NONE"
        }, {
          "id" : "0uQ.2f6GAqAAaAt_",
          "name" : null,
          "description" : null,
          "type" : "Property",
          "propertyAssignments" : null,
          "stereotype" : null,
          "isDerived" : false,
          "isReadOnly" : false,
          "isOrdered" : false,
          "cardinality" : "*",
          "propertyType" : {
            "id" : "FPje2f6GAqAAaAr.",
            "type" : "Class"
          },
          "subsettedProperties" : null,
          "redefinedProperties" : null,
          "aggregationKind" : "NONE"
        } ]
      }, {
        "id" : "zkw.2f6GAqAAaAuG",
        "name" : "play",
        "description" : null,
        "type" : "Relation",
        "propertyAssignments" : null,
        "stereotype" : null,
        "isAbstract" : false,
        "isDerived" : false,
        "properties" : [ {
          "id" : "zkw.2f6GAqAAaAuH",
          "name" : null,
          "description" : null,
          "type" : "Property",
          "propertyAssignments" : null,
          "stereotype" : null,
          "isDerived" : false,
          "isReadOnly" : false,
          "isOrdered" : false,
          "cardinality" : "*",
          "propertyType" : {
            "id" : "ktBe2f6GAqAAaAqI",
            "type" : "Class"
          },
          "subsettedProperties" : null,
          "redefinedProperties" : null,
          "aggregationKind" : "NONE"
        }, {
          "id" : "zkw.2f6GAqAAaAuJ",
          "name" : null,
          "description" : null,
          "type" : "Property",
          "propertyAssignments" : null,
          "stereotype" : null,
          "isDerived" : false,
          "isReadOnly" : false,
          "isOrdered" : false,
          "cardinality" : "*",
          "propertyType" : {
            "id" : "yGze2f6GAqAAaAsJ",
            "type" : "Class"
          },
          "subsettedProperties" : null,
          "redefinedProperties" : null,
          "aggregationKind" : "NONE"
        } ]
      }, {
        "id" : "Fwn.2f6GAqAAaAzj",
        "name" : "play",
        "description" : null,
        "type" : "Relation",
        "propertyAssignments" : null,
        "stereotype" : null,
        "isAbstract" : false,
        "isDerived" : false,
        "properties" : [ {
          "id" : "Fwn.2f6GAqAAaAzk",
          "name" : null,
          "description" : null,
          "type" : "Property",
          "propertyAssignments" : null,
          "stereotype" : null,
          "isDerived" : false,
          "isReadOnly" : false,
          "isOrdered" : false,
          "cardinality" : "*",
          "propertyType" : {
            "id" : "u1m.2f6GAqAAaAwQ",
            "type" : "Class"
          },
          "subsettedProperties" : null,
          "redefinedProperties" : null,
          "aggregationKind" : "NONE"
        }, {
          "id" : "Fwn.2f6GAqAAaAzm",
          "name" : null,
          "description" : null,
          "type" : "Property",
          "propertyAssignments" : null,
          "stereotype" : null,
          "isDerived" : false,
          "isReadOnly" : false,
          "isOrdered" : false,
          "cardinality" : "*",
          "propertyType" : {
            "id" : "6zK.2f6GAqAAaAvk",
            "type" : "Class"
          },
          "subsettedProperties" : null,
          "redefinedProperties" : null,
          "aggregationKind" : "NONE"
        } ]
      }, {
        "id" : "HKX.2f6GAqAAaAzt",
        "name" : "play",
        "description" : null,
        "type" : "Relation",
        "propertyAssignments" : null,
        "stereotype" : null,
        "isAbstract" : false,
        "isDerived" : false,
        "properties" : [ {
          "id" : "HKX.2f6GAqAAaAzu",
          "name" : null,
          "description" : null,
          "type" : "Property",
          "propertyAssignments" : null,
          "stereotype" : null,
          "isDerived" : false,
          "isReadOnly" : false,
          "isOrdered" : false,
          "cardinality" : "*",
          "propertyType" : {
            "id" : "u1m.2f6GAqAAaAwQ",
            "type" : "Class"
          },
          "subsettedProperties" : null,
          "redefinedProperties" : null,
          "aggregationKind" : "NONE"
        }, {
          "id" : "HKX.2f6GAqAAaAzw",
          "name" : null,
          "description" : null,
          "type" : "Property",
          "propertyAssignments" : null,
          "stereotype" : null,
          "isDerived" : false,
          "isReadOnly" : false,
          "isOrdered" : false,
          "cardinality" : "*",
          "propertyType" : {
            "id" : "cLdO2f6GAqAAaAhg",
            "type" : "Class"
          },
          "subsettedProperties" : null,
          "redefinedProperties" : null,
          "aggregationKind" : "NONE"
        } ]
      }, {
        "id" : "hPP.2f6GAqAAaA0B",
        "name" : "play",
        "description" : null,
        "type" : "Relation",
        "propertyAssignments" : null,
        "stereotype" : null,
        "isAbstract" : false,
        "isDerived" : false,
        "properties" : [ {
          "id" : "hPP.2f6GAqAAaA0C",
          "name" : null,
          "description" : null,
          "type" : "Property",
          "propertyAssignments" : null,
          "stereotype" : null,
          "isDerived" : false,
          "isReadOnly" : false,
          "isOrdered" : false,
          "cardinality" : "*",
          "propertyType" : {
            "id" : "Lfp.2f6GAqAAaAx_",
            "type" : "Class"
          },
          "subsettedProperties" : null,
          "redefinedProperties" : null,
          "aggregationKind" : "NONE"
        }, {
          "id" : "hPP.2f6GAqAAaA0E",
          "name" : null,
          "description" : null,
          "type" : "Property",
          "propertyAssignments" : null,
          "stereotype" : null,
          "isDerived" : false,
          "isReadOnly" : false,
          "isOrdered" : false,
          "cardinality" : "*",
          "propertyType" : {
            "id" : "dhnO2f6GAqAAaAia",
            "type" : "Class"
          },
          "subsettedProperties" : null,
          "redefinedProperties" : null,
          "aggregationKind" : "NONE"
        } ]
      }, {
        "id" : "GE0B2f6GAqAAaA1Z",
        "name" : null,
        "description" : null,
        "type" : "Relation",
        "propertyAssignments" : null,
        "stereotype" : null,
        "isAbstract" : false,
        "isDerived" : false,
        "properties" : [ {
          "id" : "GE0B2f6GAqAAaA1a",
          "name" : null,
          "description" : null,
          "type" : "Property",
          "propertyAssignments" : null,
          "stereotype" : null,
          "isDerived" : false,
          "isReadOnly" : false,
          "isOrdered" : false,
          "cardinality" : "*",
          "propertyType" : {
            "id" : "pbq.2f6GAqAAaAvv",
            "type" : "Class"
          },
          "subsettedProperties" : null,
          "redefinedProperties" : null,
          "aggregationKind" : "NONE"
        }, {
          "id" : "mE0B2f6GAqAAaA1c",
          "name" : null,
          "description" : null,
          "type" : "Property",
          "propertyAssignments" : null,
          "stereotype" : null,
          "isDerived" : false,
          "isReadOnly" : false,
          "isOrdered" : false,
          "cardinality" : "*",
          "propertyType" : {
            "id" : "6zK.2f6GAqAAaAvk",
            "type" : "Class"
          },
          "subsettedProperties" : null,
          "redefinedProperties" : null,
          "aggregationKind" : "NONE"
        } ]
      }, {
        "id" : "BR0B2f6GAqAAaA1j",
        "name" : null,
        "description" : null,
        "type" : "Relation",
        "propertyAssignments" : null,
        "stereotype" : null,
        "isAbstract" : false,
        "isDerived" : false,
        "properties" : [ {
          "id" : "BR0B2f6GAqAAaA1k",
          "name" : null,
          "description" : null,
          "type" : "Property",
          "propertyAssignments" : null,
          "stereotype" : null,
          "isDerived" : false,
          "isReadOnly" : false,
          "isOrdered" : false,
          "cardinality" : "*",
          "propertyType" : {
            "id" : "pbq.2f6GAqAAaAvv",
            "type" : "Class"
          },
          "subsettedProperties" : null,
          "redefinedProperties" : null,
          "aggregationKind" : "NONE"
        }, {
          "id" : "hR0B2f6GAqAAaA1m",
          "name" : null,
          "description" : null,
          "type" : "Property",
          "propertyAssignments" : null,
          "stereotype" : null,
          "isDerived" : false,
          "isReadOnly" : false,
          "isOrdered" : false,
          "cardinality" : "*",
          "propertyType" : {
            "id" : "upa.2f6GAqAAaAv6",
            "type" : "Class"
          },
          "subsettedProperties" : null,
          "redefinedProperties" : null,
          "aggregationKind" : "NONE"
        } ]
      }, {
        "id" : "HoMB2f6GAqAAaA1t",
        "name" : "play",
        "description" : null,
        "type" : "Relation",
        "propertyAssignments" : null,
        "stereotype" : null,
        "isAbstract" : false,
        "isDerived" : false,
        "properties" : [ {
          "id" : "HoMB2f6GAqAAaA1u",
          "name" : null,
          "description" : null,
          "type" : "Property",
          "propertyAssignments" : null,
          "stereotype" : null,
          "isDerived" : false,
          "isReadOnly" : false,
          "isOrdered" : false,
          "cardinality" : "*",
          "propertyType" : {
            "id" : "uj6.2f6GAqAAaAwF",
            "type" : "Class"
          },
          "subsettedProperties" : null,
          "redefinedProperties" : null,
          "aggregationKind" : "NONE"
        }, {
          "id" : "HoMB2f6GAqAAaA1w",
          "name" : null,
          "description" : null,
          "type" : "Property",
          "propertyAssignments" : null,
          "stereotype" : null,
          "isDerived" : false,
          "isReadOnly" : false,
          "isOrdered" : false,
          "cardinality" : "*",
          "propertyType" : {
            "id" : "upa.2f6GAqAAaAv6",
            "type" : "Class"
          },
          "subsettedProperties" : null,
          "redefinedProperties" : null,
          "aggregationKind" : "NONE"
        } ]
      }, {
        "id" : "FwCB2f6GAqAAaA2F",
        "name" : null,
        "description" : null,
        "type" : "Relation",
        "propertyAssignments" : null,
        "stereotype" : null,
        "isAbstract" : false,
        "isDerived" : false,
        "properties" : [ {
          "id" : "lwCB2f6GAqAAaA2G",
          "name" : null,
          "description" : null,
          "type" : "Property",
          "propertyAssignments" : null,
          "stereotype" : null,
          "isDerived" : false,
          "isReadOnly" : false,
          "isOrdered" : false,
          "cardinality" : "*",
          "propertyType" : {
            "id" : "uqB.2f6GAqAAaAxS",
            "type" : "Class"
          },
          "subsettedProperties" : null,
          "redefinedProperties" : null,
          "aggregationKind" : "NONE"
        }, {
          "id" : "lwCB2f6GAqAAaA2I",
          "name" : null,
          "description" : null,
          "type" : "Property",
          "propertyAssignments" : null,
          "stereotype" : null,
          "isDerived" : false,
          "isReadOnly" : false,
          "isOrdered" : false,
          "cardinality" : "*",
          "propertyType" : {
            "id" : "cLdO2f6GAqAAaAhg",
            "type" : "Class"
          },
          "subsettedProperties" : null,
          "redefinedProperties" : null,
          "aggregationKind" : "NONE"
        } ]
      }, {
        "id" : "zqiB2f6GAqAAaA2T",
        "name" : null,
        "description" : null,
        "type" : "Relation",
        "propertyAssignments" : null,
        "stereotype" : null,
        "isAbstract" : false,
        "isDerived" : false,
        "properties" : [ {
          "id" : "zqiB2f6GAqAAaA2U",
          "name" : null,
          "description" : null,
          "type" : "Property",
          "propertyAssignments" : null,
          "stereotype" : null,
          "isDerived" : false,
          "isReadOnly" : false,
          "isOrdered" : false,
          "cardinality" : "*",
          "propertyType" : {
            "id" : "uqB.2f6GAqAAaAxS",
            "type" : "Class"
          },
          "subsettedProperties" : null,
          "redefinedProperties" : null,
          "aggregationKind" : "NONE"
        }, {
          "id" : "zqiB2f6GAqAAaA2W",
          "name" : null,
          "description" : null,
          "type" : "Property",
          "propertyAssignments" : null,
          "stereotype" : null,
          "isDerived" : false,
          "isReadOnly" : false,
          "isOrdered" : false,
          "cardinality" : "*",
          "propertyType" : {
            "id" : "92HO2f6GAqAAaAiP",
            "type" : "Class"
          },
          "subsettedProperties" : null,
          "redefinedProperties" : null,
          "aggregationKind" : "NONE"
        } ]
      }, {
        "id" : "nTKB2f6GAqAAaA25",
        "name" : null,
        "description" : null,
        "type" : "Relation",
        "propertyAssignments" : null,
        "stereotype" : null,
        "isAbstract" : false,
        "isDerived" : false,
        "properties" : [ {
          "id" : "nTKB2f6GAqAAaA26",
          "name" : null,
          "description" : null,
          "type" : "Property",
          "propertyAssignments" : null,
          "stereotype" : null,
          "isDerived" : false,
          "isReadOnly" : false,
          "isOrdered" : false,
          "cardinality" : "*",
          "propertyType" : {
            "id" : "uqB.2f6GAqAAaAxS",
            "type" : "Class"
          },
          "subsettedProperties" : null,
          "redefinedProperties" : null,
          "aggregationKind" : "NONE"
        }, {
          "id" : "nTKB2f6GAqAAaA28",
          "name" : null,
          "description" : null,
          "type" : "Property",
          "propertyAssignments" : null,
          "stereotype" : null,
          "isDerived" : false,
          "isReadOnly" : false,
          "isOrdered" : false,
          "cardinality" : "*",
          "propertyType" : {
            "id" : "dhnO2f6GAqAAaAia",
            "type" : "Class"
          },
          "subsettedProperties" : null,
          "redefinedProperties" : null,
          "aggregationKind" : "NONE"
        } ]
      }, {
        "id" : "JvRpzf6GAqACBwyM",
        "name" : null,
        "description" : null,
        "type" : "Relation",
        "propertyAssignments" : null,
        "stereotype" : null,
        "isAbstract" : false,
        "isDerived" : false,
        "properties" : [ {
          "id" : "JvRpzf6GAqACBwyN",
          "name" : null,
          "description" : null,
          "type" : "Property",
          "propertyAssignments" : null,
          "stereotype" : null,
          "isDerived" : false,
          "isReadOnly" : false,
          "isOrdered" : false,
          "cardinality" : "*",
          "propertyType" : {
            "id" : "dRjO2f6GAqAAaAh2",
            "type" : "Class"
          },
          "subsettedProperties" : null,
          "redefinedProperties" : null,
          "aggregationKind" : "NONE"
        }, {
          "id" : "JvRpzf6GAqACBwyP",
          "name" : null,
          "description" : null,
          "type" : "Property",
          "propertyAssignments" : null,
          "stereotype" : null,
          "isDerived" : false,
          "isReadOnly" : false,
          "isOrdered" : false,
          "cardinality" : "*",
          "propertyType" : {
            "id" : "uqB.2f6GAqAAaAxS",
            "type" : "Class"
          },
          "subsettedProperties" : null,
          "redefinedProperties" : null,
          "aggregationKind" : "NONE"
        } ]
      } ]
    } ]
  },
  "diagrams" : [ {
    "id" : "yb5O2f6GAqAAaAg6",
    "name" : "Train Control System 1",
    "description" : null,
    "type" : "Diagram",
    "owner" : {
      "id" : "7DKnDf6AUB1CSi2_",
      "type" : "Package"
    },
    "contents" : [ {
      "id" : "wWPe2f6GAqAAaAs0",
      "type" : "RelationView",
      "modelElement" : {
        "id" : "bmPe2f6GAqAAaAsv",
        "type" : "Relation"
      },
      "shape" : {
        "id" : "wWPe2f6GAqAAaAs0_path",
        "type" : "Path",
        "points" : [ {
          "x" : 900,
          "y" : 65
        }, {
          "x" : 900,
          "y" : 122
        } ]
      },
      "source" : {
        "id" : "Po5e2f6GAqAAaAqy",
        "type" : "ClassView"
      },
      "target" : {
        "id" : "yGze2f6GAqAAaAsI",
        "type" : "ClassView"
      }
    }, {
      "id" : "IlHu2f6GAqAAaAnW",
      "type" : "RelationView",
      "modelElement" : {
        "id" : "R1Bu2f6GAqAAaAlj",
        "type" : "Relation"
      },
      "shape" : {
        "id" : "IlHu2f6GAqAAaAnW_path",
        "type" : "Path",
        "points" : [ {
          "x" : 552,
          "y" : 579
        }, {
          "x" : 502,
          "y" : 579
        } ]
      },
      "source" : {
        "id" : "uw9u2f6GAqAAaAm2",
        "type" : "ClassView"
      },
      "target" : {
        "id" : "dFMu2f6GAqAAaAjn",
        "type" : "ClassView"
      }
    }, {
      "id" : "uw9u2f6GAqAAaAm2",
      "type" : "ClassView",
      "modelElement" : {
        "id" : "HzTO2f6GAqAAaAiB",
        "type" : "Class"
      },
      "shape" : {
        "id" : "uw9u2f6GAqAAaAm2_shape",
        "type" : "Rectangle",
        "x" : 553,
        "y" : 559,
        "width" : 109,
        "height" : 40
      }
    }, {
      "id" : "yjRu2f6GAqAAaAly",
      "type" : "RelationView",
      "modelElement" : {
        "id" : "QjRu2f6GAqAAaAlt",
        "type" : "Relation"
      },
      "shape" : {
        "id" : "yjRu2f6GAqAAaAly_path",
        "type" : "Path",
        "points" : [ {
          "x" : 327,
          "y" : 271
        }, {
          "x" : 420,
          "y" : 271
        } ]
      },
      "source" : {
        "id" : "92HO2f6GAqAAaAiO",
        "type" : "ClassView"
      },
      "target" : {
        "id" : "bCfO2f6GAqAAaAit",
        "type" : "ClassView"
      }
    }, {
      "id" : "W1vu2f6GAqAAaAnq",
      "type" : "ClassView",
      "modelElement" : {
        "id" : "W1vu2f6GAqAAaAnr",
        "type" : "Class"
      },
      "shape" : {
        "id" : "W1vu2f6GAqAAaAnq_shape",
        "type" : "Rectangle",
        "x" : 566,
        "y" : 251,
        "width" : 111,
        "height" : 40
      }
    }, {
      "id" : "7zTO2f6GAqAAaAiA",
      "type" : "ClassView",
      "modelElement" : {
        "id" : "HzTO2f6GAqAAaAiB",
        "type" : "Class"
      },
      "shape" : {
        "id" : "7zTO2f6GAqAAaAiA_shape",
        "type" : "Rectangle",
        "x" : 78,
        "y" : 559,
        "width" : 109,
        "height" : 40
      }
    }, {
      "id" : "zLg.2f6GAqAAaAt3",
      "type" : "RelationView",
      "modelElement" : {
        "id" : "xLg.2f6GAqAAaAty",
        "type" : "Relation"
      },
      "shape" : {
        "id" : "zLg.2f6GAqAAaAt3_path",
        "type" : "Path",
        "points" : [ {
          "x" : 753,
          "y" : 250
        }, {
          "x" : 753,
          "y" : 209
        }, {
          "x" : 650,
          "y" : 209
        }, {
          "x" : 650,
          "y" : 164
        } ]
      },
      "source" : {
        "id" : "PL.e2f6GAqAAaAp8",
        "type" : "ClassView"
      },
      "target" : {
        "id" : "rFDe2f6GAqAAaAry",
        "type" : "ClassView"
      }
    }, {
      "id" : "Nt_O2f6GAqAAaAi4",
      "type" : "ClassView",
      "modelElement" : {
        "id" : "cLdO2f6GAqAAaAhg",
        "type" : "Class"
      },
      "shape" : {
        "id" : "Nt_O2f6GAqAAaAi4_shape",
        "type" : "Rectangle",
        "x" : 421,
        "y" : 357,
        "width" : 80,
        "height" : 40
      }
    }, {
      "id" : "79Me2f6GAqAAaAo9",
      "type" : "RelationView",
      "modelElement" : {
        "id" : "WQBu2f6GAqAAaAlZ",
        "type" : "Relation"
      },
      "shape" : {
        "id" : "79Me2f6GAqAAaAo9_path",
        "type" : "Path",
        "points" : [ {
          "x" : 621,
          "y" : 480
        }, {
          "x" : 728,
          "y" : 480
        }, {
          "x" : 728,
          "y" : 558
        } ]
      },
      "source" : {
        "id" : "YHIu2f6GAqAAaAjE",
        "type" : "ClassView"
      },
      "target" : {
        "id" : "dqke2f6GAqAAaAon",
        "type" : "ClassView"
      }
    }, {
      "id" : "FPje2f6GAqAAaAr9",
      "type" : "ClassView",
      "modelElement" : {
        "id" : "FPje2f6GAqAAaAr.",
        "type" : "Class"
      },
      "shape" : {
        "id" : "FPje2f6GAqAAaAr9_shape",
        "type" : "Rectangle",
        "x" : 733,
        "y" : 123,
        "width" : 80,
        "height" : 40
      }
    }, {
      "id" : "nD2u2f6GAqAAaAkw",
      "type" : "RelationView",
      "modelElement" : {
        "id" : "1D2u2f6GAqAAaAkr",
        "type" : "Relation"
      },
      "shape" : {
        "id" : "nD2u2f6GAqAAaAkw_path",
        "type" : "Path",
        "points" : [ {
          "x" : 140,
          "y" : 204
        }, {
          "x" : 140,
          "y" : 250
        } ]
      },
      "source" : {
        "id" : ".5tO2f6GAqAAaAhU",
        "type" : "ClassView"
      },
      "target" : {
        "id" : "cLdO2f6GAqAAaAhf",
        "type" : "ClassView"
      }
    }, {
      "id" : "L1Bu2f6GAqAAaAlo",
      "type" : "RelationView",
      "modelElement" : {
        "id" : "R1Bu2f6GAqAAaAlj",
        "type" : "Relation"
      },
      "shape" : {
        "id" : "L1Bu2f6GAqAAaAlo_path",
        "type" : "Path",
        "points" : [ {
          "x" : 133,
          "y" : 558
        }, {
          "x" : 133,
          "y" : 501
        } ]
      },
      "source" : {
        "id" : "7zTO2f6GAqAAaAiA",
        "type" : "ClassView"
      },
      "target" : {
        "id" : "dRjO2f6GAqAAaAh1",
        "type" : "ClassView"
      }
    }, {
      "id" : "WXqe2f6GAqAAaApi",
      "type" : "RelationView",
      "modelElement" : {
        "id" : "UpSe2f6GAqAAaApR",
        "type" : "Relation"
      },
      "shape" : {
        "id" : "WXqe2f6GAqAAaApi_path",
        "type" : "Path",
        "points" : [ {
          "x" : 893,
          "y" : 600
        }, {
          "x" : 893,
          "y" : 649
        }, {
          "x" : 316,
          "y" : 649
        }, {
          "x" : 316,
          "y" : 501
        } ]
      },
      "source" : {
        "id" : "wo8e2f6GAqAAaApF",
        "type" : "ClassView"
      },
      "target" : {
        "id" : "thnO2f6GAqAAaAiZ",
        "type" : "ClassView"
      }
    }, {
      "id" : "nTve2f6GAqAAaAtS",
      "type" : "RelationView",
      "modelElement" : {
        "id" : "NTve2f6GAqAAaAtN",
        "type" : "Relation"
      },
      "shape" : {
        "id" : "nTve2f6GAqAAaAtS_path",
        "type" : "Path",
        "points" : [ {
          "x" : 473,
          "y" : 65
        }, {
          "x" : 473,
          "y" : 122
        } ]
      },
      "source" : {
        "id" : "_1pe2f6GAqAAaAqn",
        "type" : "ClassView"
      },
      "target" : {
        "id" : "lZ9e2f6GAqAAaArn",
        "type" : "ClassView"
      }
    }, {
      "id" : "zmge2f6GAqAAaAn1",
      "type" : "ClassView",
      "modelElement" : {
        "id" : "92HO2f6GAqAAaAiP",
        "type" : "Class"
      },
      "shape" : {
        "id" : "zmge2f6GAqAAaAn1_shape",
        "type" : "Rectangle",
        "x" : 578,
        "y" : 357,
        "width" : 80,
        "height" : 40
      }
    }, {
      "id" : "bCfO2f6GAqAAaAit",
      "type" : "ClassView",
      "modelElement" : {
        "id" : "bCfO2f6GAqAAaAiu",
        "type" : "Class"
      },
      "shape" : {
        "id" : "bCfO2f6GAqAAaAit_shape",
        "type" : "Rectangle",
        "x" : 421,
        "y" : 251,
        "width" : 80,
        "height" : 40
      }
    }, {
      "id" : ".5tO2f6GAqAAaAhU",
      "type" : "ClassView",
      "modelElement" : {
        "id" : ".5tO2f6GAqAAaAhV",
        "type" : "Class"
      },
      "shape" : {
        "id" : ".5tO2f6GAqAAaAhU_shape",
        "type" : "Rectangle",
        "x" : 100,
        "y" : 163,
        "width" : 80,
        "height" : 40
      }
    }, {
      "id" : "GH9O2f6GAqAAaAhq",
      "type" : "ClassView",
      "modelElement" : {
        "id" : "mH9O2f6GAqAAaAhr",
        "type" : "Class"
      },
      "shape" : {
        "id" : "GH9O2f6GAqAAaAhq_shape",
        "type" : "Rectangle",
        "x" : 100,
        "y" : 357,
        "width" : 226,
        "height" : 40
      }
    }, {
      "id" : "yGze2f6GAqAAaAsI",
      "type" : "ClassView",
      "modelElement" : {
        "id" : "yGze2f6GAqAAaAsJ",
        "type" : "Class"
      },
      "shape" : {
        "id" : "yGze2f6GAqAAaAsI_shape",
        "type" : "Rectangle",
        "x" : 878,
        "y" : 123,
        "width" : 80,
        "height" : 40
      }
    }, {
      "id" : "oUw.2f6GAqAAaAuL",
      "type" : "RelationView",
      "modelElement" : {
        "id" : "zkw.2f6GAqAAaAuG",
        "type" : "Relation"
      },
      "shape" : {
        "id" : "oUw.2f6GAqAAaAuL_path",
        "type" : "Path",
        "points" : [ {
          "x" : 913,
          "y" : 250
        }, {
          "x" : 913,
          "y" : 164
        } ]
      },
      "source" : {
        "id" : "ktBe2f6GAqAAaAqH",
        "type" : "ClassView"
      },
      "target" : {
        "id" : "yGze2f6GAqAAaAsI",
        "type" : "ClassView"
      }
    }, {
      "id" : "dRjO2f6GAqAAaAh1",
      "type" : "ClassView",
      "modelElement" : {
        "id" : "dRjO2f6GAqAAaAh2",
        "type" : "Class"
      },
      "shape" : {
        "id" : "dRjO2f6GAqAAaAh1_shape",
        "type" : "Rectangle",
        "x" : 89,
        "y" : 460,
        "width" : 80,
        "height" : 40
      }
    }, {
      "id" : "92HO2f6GAqAAaAiO",
      "type" : "ClassView",
      "modelElement" : {
        "id" : "92HO2f6GAqAAaAiP",
        "type" : "Class"
      },
      "shape" : {
        "id" : "92HO2f6GAqAAaAiO_shape",
        "type" : "Rectangle",
        "x" : 246,
        "y" : 251,
        "width" : 80,
        "height" : 40
      }
    }, {
      "id" : "dqke2f6GAqAAaAon",
      "type" : "ClassView",
      "modelElement" : {
        "id" : "dhnO2f6GAqAAaAia",
        "type" : "Class"
      },
      "shape" : {
        "id" : "dqke2f6GAqAAaAon_shape",
        "type" : "Rectangle",
        "x" : 688,
        "y" : 559,
        "width" : 80,
        "height" : 40
      }
    }, {
      "id" : "OpSe2f6GAqAAaApW",
      "type" : "RelationView",
      "modelElement" : {
        "id" : "UpSe2f6GAqAAaApR",
        "type" : "Relation"
      },
      "shape" : {
        "id" : "OpSe2f6GAqAAaApW_path",
        "type" : "Path",
        "points" : [ {
          "x" : 851,
          "y" : 583
        }, {
          "x" : 769,
          "y" : 583
        } ]
      },
      "source" : {
        "id" : "wo8e2f6GAqAAaApF",
        "type" : "ClassView"
      },
      "target" : {
        "id" : "dqke2f6GAqAAaAon",
        "type" : "ClassView"
      }
    }, {
      "id" : "wo8e2f6GAqAAaApF",
      "type" : "ClassView",
      "modelElement" : {
        "id" : "wo8e2f6GAqAAaApG",
        "type" : "Class"
      },
      "shape" : {
        "id" : "wo8e2f6GAqAAaApF_shape",
        "type" : "Rectangle",
        "x" : 852,
        "y" : 559,
        "width" : 82,
        "height" : 40
      }
    }, {
      "id" : "qLPe2f6GAqAAaAs.",
      "type" : "RelationView",
      "modelElement" : {
        "id" : "ILPe2f6GAqAAaAs5",
        "type" : "Relation"
      },
      "shape" : {
        "id" : "qLPe2f6GAqAAaAs._path",
        "type" : "Path",
        "points" : [ {
          "x" : 795,
          "y" : 65
        }, {
          "x" : 795,
          "y" : 122
        } ]
      },
      "source" : {
        "id" : "Po5e2f6GAqAAaAqy",
        "type" : "ClassView"
      },
      "target" : {
        "id" : "FPje2f6GAqAAaAr9",
        "type" : "ClassView"
      }
    }, {
      "id" : "dFMu2f6GAqAAaAjn",
      "type" : "ClassView",
      "modelElement" : {
        "id" : "dRjO2f6GAqAAaAh2",
        "type" : "Class"
      },
      "shape" : {
        "id" : "dFMu2f6GAqAAaAjn_shape",
        "type" : "Rectangle",
        "x" : 421,
        "y" : 559,
        "width" : 80,
        "height" : 40
      }
    }, {
      "id" : "P.A.2f6GAqAAaAtt",
      "type" : "RelationView",
      "modelElement" : {
        "id" : "l.A.2f6GAqAAaAto",
        "type" : "Relation"
      },
      "shape" : {
        "id" : "P.A.2f6GAqAAaAtt_path",
        "type" : "Path",
        "points" : [ {
          "x" : 621,
          "y" : 250
        }, {
          "x" : 621,
          "y" : 209
        }, {
          "x" : 487,
          "y" : 209
        }, {
          "x" : 487,
          "y" : 164
        } ]
      },
      "source" : {
        "id" : "W1vu2f6GAqAAaAnq",
        "type" : "ClassView"
      },
      "target" : {
        "id" : "lZ9e2f6GAqAAaArn",
        "type" : "ClassView"
      }
    }, {
      "id" : "lZ9e2f6GAqAAaArn",
      "type" : "ClassView",
      "modelElement" : {
        "id" : "lZ9e2f6GAqAAaAro",
        "type" : "Class"
      },
      "shape" : {
        "id" : "lZ9e2f6GAqAAaArn_shape",
        "type" : "Rectangle",
        "x" : 421,
        "y" : 123,
        "width" : 80,
        "height" : 40
      }
    }, {
      "id" : "KDuu2f6GAqAAaAlE",
      "type" : "RelationView",
      "modelElement" : {
        "id" : "gDuu2f6GAqAAaAk_",
        "type" : "Relation"
      },
      "shape" : {
        "id" : "KDuu2f6GAqAAaAlE_path",
        "type" : "Path",
        "points" : [ {
          "x" : 286,
          "y" : 292
        }, {
          "x" : 286,
          "y" : 356
        } ]
      },
      "source" : {
        "id" : "92HO2f6GAqAAaAiO",
        "type" : "ClassView"
      },
      "target" : {
        "id" : "GH9O2f6GAqAAaAhq",
        "type" : "ClassView"
      }
    }, {
      "id" : "DClu2f6GAqAAaAmU",
      "type" : "RelationView",
      "modelElement" : {
        "id" : "hClu2f6GAqAAaAmP",
        "type" : "Relation"
      },
      "shape" : {
        "id" : "DClu2f6GAqAAaAmU_path",
        "type" : "Path",
        "points" : [ {
          "x" : 458,
          "y" : 292
        }, {
          "x" : 458,
          "y" : 356
        } ]
      },
      "source" : {
        "id" : "bCfO2f6GAqAAaAit",
        "type" : "ClassView"
      },
      "target" : {
        "id" : "Nt_O2f6GAqAAaAi4",
        "type" : "ClassView"
      }
    }, {
      "id" : "JZ.u2f6GAqAAaAlU",
      "type" : "RelationView",
      "modelElement" : {
        "id" : "SZ.u2f6GAqAAaAlP",
        "type" : "Relation"
      },
      "shape" : {
        "id" : "JZ.u2f6GAqAAaAlU_path",
        "type" : "Path",
        "points" : [ {
          "x" : 133,
          "y" : 398
        }, {
          "x" : 133,
          "y" : 459
        } ]
      },
      "source" : {
        "id" : "GH9O2f6GAqAAaAhq",
        "type" : "ClassView"
      },
      "target" : {
        "id" : "dRjO2f6GAqAAaAh1",
        "type" : "ClassView"
      }
    }, {
      "id" : "kpNu2f6GAqAAaAmk",
      "type" : "RelationView",
      "modelElement" : {
        "id" : "3JNu2f6GAqAAaAmf",
        "type" : "Relation"
      },
      "shape" : {
        "id" : "kpNu2f6GAqAAaAmk_path",
        "type" : "Path",
        "points" : [ {
          "x" : 480,
          "y" : 398
        }, {
          "x" : 480,
          "y" : 459
        } ]
      },
      "source" : {
        "id" : "Nt_O2f6GAqAAaAi4",
        "type" : "ClassView"
      },
      "target" : {
        "id" : "YHIu2f6GAqAAaAjE",
        "type" : "ClassView"
      }
    }, {
      "id" : "0N4e2f6GAqAAaAoZ",
      "type" : "RelationView",
      "modelElement" : {
        "id" : "gDuu2f6GAqAAaAk_",
        "type" : "Relation"
      },
      "shape" : {
        "id" : "0N4e2f6GAqAAaAoZ_path",
        "type" : "Path",
        "points" : [ {
          "x" : 613,
          "y" : 398
        }, {
          "x" : 613,
          "y" : 459
        } ]
      },
      "source" : {
        "id" : "zmge2f6GAqAAaAn1",
        "type" : "ClassView"
      },
      "target" : {
        "id" : "YHIu2f6GAqAAaAjE",
        "type" : "ClassView"
      }
    }, {
      "id" : "Vqve2f6GAqAAaAtI",
      "type" : "RelationView",
      "modelElement" : {
        "id" : "Wqve2f6GAqAAaAtD",
        "type" : "Relation"
      },
      "shape" : {
        "id" : "Vqve2f6GAqAAaAtI_path",
        "type" : "Path",
        "points" : [ {
          "x" : 601,
          "y" : 65
        }, {
          "x" : 601,
          "y" : 122
        } ]
      },
      "source" : {
        "id" : "_1pe2f6GAqAAaAqn",
        "type" : "ClassView"
      },
      "target" : {
        "id" : "rFDe2f6GAqAAaAry",
        "type" : "ClassView"
      }
    }, {
      "id" : "Po5e2f6GAqAAaAqy",
      "type" : "ClassView",
      "modelElement" : {
        "id" : "Po5e2f6GAqAAaAqz",
        "type" : "Class"
      },
      "shape" : {
        "id" : "Po5e2f6GAqAAaAqy_shape",
        "type" : "Rectangle",
        "x" : 769,
        "y" : 24,
        "width" : 146,
        "height" : 40
      }
    }, {
      "id" : "cLdO2f6GAqAAaAhf",
      "type" : "ClassView",
      "modelElement" : {
        "id" : "cLdO2f6GAqAAaAhg",
        "type" : "Class"
      },
      "shape" : {
        "id" : "cLdO2f6GAqAAaAhf_shape",
        "type" : "Rectangle",
        "x" : 100,
        "y" : 251,
        "width" : 80,
        "height" : 40
      }
    }, {
      "id" : "lQBu2f6GAqAAaAle",
      "type" : "RelationView",
      "modelElement" : {
        "id" : "WQBu2f6GAqAAaAlZ",
        "type" : "Relation"
      },
      "shape" : {
        "id" : "lQBu2f6GAqAAaAle_path",
        "type" : "Path",
        "points" : [ {
          "x" : 295,
          "y" : 398
        }, {
          "x" : 295,
          "y" : 459
        } ]
      },
      "source" : {
        "id" : "GH9O2f6GAqAAaAhq",
        "type" : "ClassView"
      },
      "target" : {
        "id" : "thnO2f6GAqAAaAiZ",
        "type" : "ClassView"
      }
    }, {
      "id" : "Qiuu2f6GAqAAaAk6",
      "type" : "RelationView",
      "modelElement" : {
        "id" : "LCuu2f6GAqAAaAk1",
        "type" : "Relation"
      },
      "shape" : {
        "id" : "Qiuu2f6GAqAAaAk6_path",
        "type" : "Path",
        "points" : [ {
          "x" : 151,
          "y" : 292
        }, {
          "x" : 151,
          "y" : 356
        } ]
      },
      "source" : {
        "id" : "cLdO2f6GAqAAaAhf",
        "type" : "ClassView"
      },
      "target" : {
        "id" : "GH9O2f6GAqAAaAhq",
        "type" : "ClassView"
      }
    }, {
      "id" : "Wbtu2f6GAqAAaAmu",
      "type" : "RelationView",
      "modelElement" : {
        "id" : "sbtu2f6GAqAAaAmp",
        "type" : "Relation"
      },
      "shape" : {
        "id" : "Wbtu2f6GAqAAaAmu_path",
        "type" : "Path",
        "points" : [ {
          "x" : 481,
          "y" : 501
        }, {
          "x" : 481,
          "y" : 558
        } ]
      },
      "source" : {
        "id" : "YHIu2f6GAqAAaAjE",
        "type" : "ClassView"
      },
      "target" : {
        "id" : "dFMu2f6GAqAAaAjn",
        "type" : "ClassView"
      }
    }, {
      "id" : "2uQ.2f6GAqAAaAuB",
      "type" : "RelationView",
      "modelElement" : {
        "id" : "0uQ.2f6GAqAAaAt8",
        "type" : "Relation"
      },
      "shape" : {
        "id" : "2uQ.2f6GAqAAaAuB_path",
        "type" : "Path",
        "points" : [ {
          "x" : 795,
          "y" : 250
        }, {
          "x" : 795,
          "y" : 164
        } ]
      },
      "source" : {
        "id" : "PL.e2f6GAqAAaAp8",
        "type" : "ClassView"
      },
      "target" : {
        "id" : "FPje2f6GAqAAaAr9",
        "type" : "ClassView"
      }
    }, {
      "id" : "PL.e2f6GAqAAaAp8",
      "type" : "ClassView",
      "modelElement" : {
        "id" : "PL.e2f6GAqAAaAp9",
        "type" : "Class"
      },
      "shape" : {
        "id" : "PL.e2f6GAqAAaAp8_shape",
        "type" : "Rectangle",
        "x" : 733,
        "y" : 251,
        "width" : 80,
        "height" : 40
      }
    }, {
      "id" : "rFDe2f6GAqAAaAry",
      "type" : "ClassView",
      "modelElement" : {
        "id" : "rFDe2f6GAqAAaArz",
        "type" : "Class"
      },
      "shape" : {
        "id" : "rFDe2f6GAqAAaAry_shape",
        "type" : "Rectangle",
        "x" : 569,
        "y" : 123,
        "width" : 101,
        "height" : 40
      }
    }, {
      "id" : "_1pe2f6GAqAAaAqn",
      "type" : "ClassView",
      "modelElement" : {
        "id" : "ANpe2f6GAqAAaAqo",
        "type" : "Class"
      },
      "shape" : {
        "id" : "_1pe2f6GAqAAaAqn_shape",
        "type" : "Rectangle",
        "x" : 469,
        "y" : 24,
        "width" : 145,
        "height" : 40
      }
    }, {
      "id" : "YHIu2f6GAqAAaAjE",
      "type" : "ClassView",
      "modelElement" : {
        "id" : "mH9O2f6GAqAAaAhr",
        "type" : "Class"
      },
      "shape" : {
        "id" : "YHIu2f6GAqAAaAjE_shape",
        "type" : "Rectangle",
        "x" : 451,
        "y" : 460,
        "width" : 169,
        "height" : 40
      }
    }, {
      "id" : "SRIe2f6GAqAAaAoL",
      "type" : "RelationView",
      "modelElement" : {
        "id" : "IRIe2f6GAqAAaAoG",
        "type" : "Relation"
      },
      "shape" : {
        "id" : "SRIe2f6GAqAAaAoL_path",
        "type" : "Path",
        "points" : [ {
          "x" : 613,
          "y" : 292
        }, {
          "x" : 613,
          "y" : 356
        } ]
      },
      "source" : {
        "id" : "W1vu2f6GAqAAaAnq",
        "type" : "ClassView"
      },
      "target" : {
        "id" : "zmge2f6GAqAAaAn1",
        "type" : "ClassView"
      }
    }, {
      "id" : "ktBe2f6GAqAAaAqH",
      "type" : "ClassView",
      "modelElement" : {
        "id" : "ktBe2f6GAqAAaAqI",
        "type" : "Class"
      },
      "shape" : {
        "id" : "ktBe2f6GAqAAaAqH_shape",
        "type" : "Rectangle",
        "x" : 878,
        "y" : 251,
        "width" : 80,
        "height" : 40
      }
    }, {
      "id" : "thnO2f6GAqAAaAiZ",
      "type" : "ClassView",
      "modelElement" : {
        "id" : "dhnO2f6GAqAAaAia",
        "type" : "Class"
      },
      "shape" : {
        "id" : "thnO2f6GAqAAaAiZ_shape",
        "type" : "Rectangle",
        "x" : 276,
        "y" : 460,
        "width" : 80,
        "height" : 40
      }
    } ]
  }, {
    "id" : "kcy.2f6GAqAAaAvM",
    "name" : "Train Control System 2",
    "description" : null,
    "type" : "Diagram",
    "owner" : {
      "id" : "7DKnDf6AUB1CSi2_",
      "type" : "Package"
    },
    "contents" : [ {
      "id" : "rOHJzf6GAqACBwtH",
      "type" : "RelationView",
      "modelElement" : {
        "id" : "NTve2f6GAqAAaAtN",
        "type" : "Relation"
      },
      "shape" : {
        "id" : "rOHJzf6GAqACBwtH_path",
        "type" : "Path",
        "points" : [ {
          "x" : 465,
          "y" : 424
        }, {
          "x" : 465,
          "y" : 347
        } ]
      },
      "source" : {
        "id" : "EPDJzf6GAqACBwsp",
        "type" : "ClassView"
      },
      "target" : {
        "id" : "zB83Df6AUB1CSjBG",
        "type" : "ClassView"
      }
    }, {
      "id" : "UgFpzf6GAqACBwy4",
      "type" : "ClassView",
      "modelElement" : {
        "id" : "dhnO2f6GAqAAaAia",
        "type" : "Class"
      },
      "shape" : {
        "id" : "UgFpzf6GAqACBwy4_shape",
        "type" : "Rectangle",
        "x" : 384,
        "y" : 542,
        "width" : 80,
        "height" : 40
      }
    }, {
      "id" : "kzKB2f6GAqAAaA2.",
      "type" : "RelationView",
      "modelElement" : {
        "id" : "nTKB2f6GAqAAaA25",
        "type" : "Relation"
      },
      "shape" : {
        "id" : "kzKB2f6GAqAAaA2._path",
        "type" : "Path",
        "points" : [ {
          "x" : 322,
          "y" : 444
        }, {
          "x" : 407,
          "y" : 444
        }, {
          "x" : 407,
          "y" : 542
        } ]
      },
      "source" : {
        "id" : "OqB.2f6GAqAAaAxR",
        "type" : "ClassView"
      },
      "target" : {
        "id" : "UgFpzf6GAqACBwy4",
        "type" : "ClassView"
      }
    }, {
      "id" : "zB83Df6AUB1CSjBG",
      "type" : "ClassView",
      "modelElement" : {
        "id" : "lZ9e2f6GAqAAaAro",
        "type" : "Class"
      },
      "shape" : {
        "id" : "zB83Df6AUB1CSjBG_shape",
        "type" : "Rectangle",
        "x" : 427,
        "y" : 307,
        "width" : 80,
        "height" : 40
      }
    }, {
      "id" : "VvRpzf6GAqACBwyR",
      "type" : "RelationView",
      "modelElement" : {
        "id" : "JvRpzf6GAqACBwyM",
        "type" : "Relation"
      },
      "shape" : {
        "id" : "VvRpzf6GAqACBwyR_path",
        "type" : "Path",
        "points" : [ {
          "x" : 114,
          "y" : 542
        }, {
          "x" : 114,
          "y" : 464
        } ]
      },
      "source" : {
        "id" : "UhOpzf6GAqACBwxY",
        "type" : "ClassView"
      },
      "target" : {
        "id" : "OqB.2f6GAqAAaAxR",
        "type" : "ClassView"
      }
    }, {
      "id" : "upa.2f6GAqAAaAv5",
      "type" : "ClassView",
      "modelElement" : {
        "id" : "upa.2f6GAqAAaAv6",
        "type" : "Class"
      },
      "shape" : {
        "id" : "upa.2f6GAqAAaAv5_shape",
        "type" : "Rectangle",
        "x" : 384,
        "y" : 67,
        "width" : 82,
        "height" : 40
      }
    }, {
      "id" : "5E0B2f6GAqAAaA1e",
      "type" : "RelationView",
      "modelElement" : {
        "id" : "GE0B2f6GAqAAaA1Z",
        "type" : "Relation"
      },
      "shape" : {
        "id" : "5E0B2f6GAqAAaA1e_path",
        "type" : "Path",
        "points" : [ {
          "x" : 223,
          "y" : 78
        }, {
          "x" : 153,
          "y" : 78
        } ]
      },
      "source" : {
        "id" : "Jbq.2f6GAqAAaAvu",
        "type" : "ClassView"
      },
      "target" : {
        "id" : "6zK.2f6GAqAAaAvj",
        "type" : "ClassView"
      }
    }, {
      "id" : "Oj6.2f6GAqAAaAwE",
      "type" : "ClassView",
      "modelElement" : {
        "id" : "uj6.2f6GAqAAaAwF",
        "type" : "Class"
      },
      "shape" : {
        "id" : "Oj6.2f6GAqAAaAwE_shape",
        "type" : "Rectangle",
        "x" : 564,
        "y" : 68,
        "width" : 80,
        "height" : 40
      }
    }, {
      "id" : "TzG3Df6AUB1CSjCU",
      "type" : "ClassView",
      "modelElement" : {
        "id" : "W1vu2f6GAqAAaAnr",
        "type" : "Class"
      },
      "shape" : {
        "id" : "TzG3Df6AUB1CSjCU_shape",
        "type" : "Rectangle",
        "x" : 220,
        "y" : 186,
        "width" : 111,
        "height" : 40
      }
    }, {
      "id" : "H203Df6AUB1CSjAd",
      "type" : "ClassView",
      "modelElement" : {
        "id" : "cLdO2f6GAqAAaAhg",
        "type" : "Class"
      },
      "shape" : {
        "id" : "H203Df6AUB1CSjAd_shape",
        "type" : "Rectangle",
        "x" : 74,
        "y" : 317,
        "width" : 80,
        "height" : 40
      }
    }, {
      "id" : "erPJzf6GAqACBwte",
      "type" : "ClassView",
      "modelElement" : {
        "id" : "FPje2f6GAqAAaAr.",
        "type" : "Class"
      },
      "shape" : {
        "id" : "erPJzf6GAqACBwte_shape",
        "type" : "Rectangle",
        "x" : 750,
        "y" : 193,
        "width" : 80,
        "height" : 40
      }
    }, {
      "id" : "p3c3Df6AUB1CSjA6",
      "type" : "ClassView",
      "modelElement" : {
        "id" : "92HO2f6GAqAAaAiP",
        "type" : "Class"
      },
      "shape" : {
        "id" : "p3c3Df6AUB1CSjA6_shape",
        "type" : "Rectangle",
        "x" : 235,
        "y" : 307,
        "width" : 80,
        "height" : 40
      }
    }, {
      "id" : "OiQpzf6GAqACBwt8",
      "type" : "ClassView",
      "modelElement" : {
        "id" : "ktBe2f6GAqAAaAqI",
        "type" : "Class"
      },
      "shape" : {
        "id" : "OiQpzf6GAqACBwt8_shape",
        "type" : "Rectangle",
        "x" : 742,
        "y" : 542,
        "width" : 80,
        "height" : 40
      }
    }, {
      "id" : "vpV3Df6AUB1CSjDx",
      "type" : "ClassView",
      "modelElement" : {
        "id" : "PL.e2f6GAqAAaAp9",
        "type" : "Class"
      },
      "shape" : {
        "id" : "vpV3Df6AUB1CSjDx_shape",
        "type" : "Rectangle",
        "x" : 562,
        "y" : 193,
        "width" : 80,
        "height" : 40
      }
    }, {
      "id" : "3RfJzf6GAqACBwto",
      "type" : "ClassView",
      "modelElement" : {
        "id" : "Po5e2f6GAqAAaAqz",
        "type" : "Class"
      },
      "shape" : {
        "id" : "3RfJzf6GAqACBwto_shape",
        "type" : "Rectangle",
        "x" : 742,
        "y" : 306,
        "width" : 96,
        "height" : 40
      }
    }, {
      "id" : "nwCB2f6GAqAAaA2K",
      "type" : "RelationView",
      "modelElement" : {
        "id" : "FwCB2f6GAqAAaA2F",
        "type" : "Relation"
      },
      "shape" : {
        "id" : "nwCB2f6GAqAAaA2K_path",
        "type" : "Path",
        "points" : [ {
          "x" : 114,
          "y" : 424
        }, {
          "x" : 114,
          "y" : 357
        } ]
      },
      "source" : {
        "id" : "OqB.2f6GAqAAaAxR",
        "type" : "ClassView"
      },
      "target" : {
        "id" : "H203Df6AUB1CSjAd",
        "type" : "ClassView"
      }
    }, {
      "id" : "Pw.pzf6GAqACBwxs",
      "type" : "ClassView",
      "modelElement" : {
        "id" : "HzTO2f6GAqAAaAiB",
        "type" : "Class"
      },
      "shape" : {
        "id" : "Pw.pzf6GAqACBwxs_shape",
        "type" : "Rectangle",
        "x" : 235,
        "y" : 542,
        "width" : 110,
        "height" : 40
      }
    }, {
      "id" : "25Apzf6GAqACBwty",
      "type" : "ClassView",
      "modelElement" : {
        "id" : "yGze2f6GAqAAaAsJ",
        "type" : "Class"
      },
      "shape" : {
        "id" : "25Apzf6GAqACBwty_shape",
        "type" : "Rectangle",
        "x" : 750,
        "y" : 420,
        "width" : 80,
        "height" : 40
      }
    }, {
      "id" : "DD13Df6AUB1CSjEE",
      "type" : "RelationView",
      "modelElement" : {
        "id" : "xLg.2f6GAqAAaAty",
        "type" : "Relation"
      },
      "shape" : {
        "id" : "DD13Df6AUB1CSjEE_path",
        "type" : "Path",
        "points" : [ {
          "x" : 602,
          "y" : 233
        }, {
          "x" : 602,
          "y" : 306
        } ]
      },
      "source" : {
        "id" : "vpV3Df6AUB1CSjDx",
        "type" : "ClassView"
      },
      "target" : {
        "id" : "1D13Df6AUB1CSjEC",
        "type" : "ClassView"
      }
    }, {
      "id" : "urPJzf6GAqACBwtc",
      "type" : "RelationView",
      "modelElement" : {
        "id" : "0uQ.2f6GAqAAaAt8",
        "type" : "Relation"
      },
      "shape" : {
        "id" : "urPJzf6GAqACBwtc_path",
        "type" : "Path",
        "points" : [ {
          "x" : 642,
          "y" : 213
        }, {
          "x" : 750,
          "y" : 213
        } ]
      },
      "source" : {
        "id" : "vpV3Df6AUB1CSjDx",
        "type" : "ClassView"
      },
      "target" : {
        "id" : "erPJzf6GAqACBwte",
        "type" : "ClassView"
      }
    }, {
      "id" : "Xwn.2f6GAqAAaAzo",
      "type" : "RelationView",
      "modelElement" : {
        "id" : "Fwn.2f6GAqAAaAzj",
        "type" : "Relation"
      },
      "shape" : {
        "id" : "Xwn.2f6GAqAAaAzo_path",
        "type" : "Path",
        "points" : [ {
          "x" : 111,
          "y" : 192
        }, {
          "x" : 111,
          "y" : 107
        } ]
      },
      "source" : {
        "id" : "u1m.2f6GAqAAaAwP",
        "type" : "ClassView"
      },
      "target" : {
        "id" : "6zK.2f6GAqAAaAvj",
        "type" : "ClassView"
      }
    }, {
      "id" : "bzG3Df6AUB1CSjCW",
      "type" : "RelationView",
      "modelElement" : {
        "id" : "IRIe2f6GAqAAaAoG",
        "type" : "Relation"
      },
      "shape" : {
        "id" : "bzG3Df6AUB1CSjCW_path",
        "type" : "Path",
        "points" : [ {
          "x" : 275,
          "y" : 226
        }, {
          "x" : 275,
          "y" : 307
        } ]
      },
      "source" : {
        "id" : "TzG3Df6AUB1CSjCU",
        "type" : "ClassView"
      },
      "target" : {
        "id" : "p3c3Df6AUB1CSjA6",
        "type" : "ClassView"
      }
    }, {
      "id" : "3RfJzf6GAqACBwtm",
      "type" : "RelationView",
      "modelElement" : {
        "id" : "ILPe2f6GAqAAaAs5",
        "type" : "Relation"
      },
      "shape" : {
        "id" : "3RfJzf6GAqACBwtm_path",
        "type" : "Path",
        "points" : [ {
          "x" : 790,
          "y" : 306
        }, {
          "x" : 790,
          "y" : 233
        } ]
      },
      "source" : {
        "id" : "3RfJzf6GAqACBwto",
        "type" : "ClassView"
      },
      "target" : {
        "id" : "erPJzf6GAqACBwte",
        "type" : "ClassView"
      }
    }, {
      "id" : "2iQpzf6GAqACBwt6",
      "type" : "RelationView",
      "modelElement" : {
        "id" : "zkw.2f6GAqAAaAuG",
        "type" : "Relation"
      },
      "shape" : {
        "id" : "2iQpzf6GAqACBwt6_path",
        "type" : "Path",
        "points" : [ {
          "x" : 782,
          "y" : 542
        }, {
          "x" : 782,
          "y" : 460
        } ]
      },
      "source" : {
        "id" : "OiQpzf6GAqACBwt8",
        "type" : "ClassView"
      },
      "target" : {
        "id" : "25Apzf6GAqACBwty",
        "type" : "ClassView"
      }
    }, {
      "id" : "WqX.2f6GAqAAaAzy",
      "type" : "RelationView",
      "modelElement" : {
        "id" : "HKX.2f6GAqAAaAzt",
        "type" : "Relation"
      },
      "shape" : {
        "id" : "WqX.2f6GAqAAaAzy_path",
        "type" : "Path",
        "points" : [ {
          "x" : 113,
          "y" : 233
        }, {
          "x" : 113,
          "y" : 317
        } ]
      },
      "source" : {
        "id" : "u1m.2f6GAqAAaAwP",
        "type" : "ClassView"
      },
      "target" : {
        "id" : "H203Df6AUB1CSjAd",
        "type" : "ClassView"
      }
    }, {
      "id" : "OqB.2f6GAqAAaAxR",
      "type" : "ClassView",
      "modelElement" : {
        "id" : "uqB.2f6GAqAAaAxS",
        "type" : "Class"
      },
      "shape" : {
        "id" : "OqB.2f6GAqAAaAxR_shape",
        "type" : "Rectangle",
        "x" : 74,
        "y" : 424,
        "width" : 248,
        "height" : 40
      }
    }, {
      "id" : "UhOpzf6GAqACBwxY",
      "type" : "ClassView",
      "modelElement" : {
        "id" : "dRjO2f6GAqAAaAh2",
        "type" : "Class"
      },
      "shape" : {
        "id" : "UhOpzf6GAqACBwxY_shape",
        "type" : "Rectangle",
        "x" : 74,
        "y" : 542,
        "width" : 80,
        "height" : 40
      }
    }, {
      "id" : "zR0B2f6GAqAAaA1o",
      "type" : "RelationView",
      "modelElement" : {
        "id" : "BR0B2f6GAqAAaA1j",
        "type" : "Relation"
      },
      "shape" : {
        "id" : "zR0B2f6GAqAAaA1o_path",
        "type" : "Path",
        "points" : [ {
          "x" : 305,
          "y" : 91
        }, {
          "x" : 383,
          "y" : 91
        } ]
      },
      "source" : {
        "id" : "Jbq.2f6GAqAAaAvu",
        "type" : "ClassView"
      },
      "target" : {
        "id" : "upa.2f6GAqAAaAv5",
        "type" : "ClassView"
      }
    }, {
      "id" : "wPDJzf6GAqACBwsn",
      "type" : "RelationView",
      "modelElement" : {
        "id" : "Wqve2f6GAqAAaAtD",
        "type" : "Relation"
      },
      "shape" : {
        "id" : "wPDJzf6GAqACBwsn_path",
        "type" : "Path",
        "points" : [ {
          "x" : 593,
          "y" : 424
        }, {
          "x" : 593,
          "y" : 346
        } ]
      },
      "source" : {
        "id" : "EPDJzf6GAqACBwsp",
        "type" : "ClassView"
      },
      "target" : {
        "id" : "1D13Df6AUB1CSjEC",
        "type" : "ClassView"
      }
    }, {
      "id" : "EPDJzf6GAqACBwsp",
      "type" : "ClassView",
      "modelElement" : {
        "id" : "ANpe2f6GAqAAaAqo",
        "type" : "Class"
      },
      "shape" : {
        "id" : "EPDJzf6GAqACBwsp_shape",
        "type" : "Rectangle",
        "x" : 426,
        "y" : 424,
        "width" : 217,
        "height" : 40
      }
    }, {
      "id" : "u1m.2f6GAqAAaAwP",
      "type" : "ClassView",
      "modelElement" : {
        "id" : "u1m.2f6GAqAAaAwQ",
        "type" : "Class"
      },
      "shape" : {
        "id" : "u1m.2f6GAqAAaAwP_shape",
        "type" : "Rectangle",
        "x" : 74,
        "y" : 193,
        "width" : 80,
        "height" : 40
      }
    }, {
      "id" : "9PP.2f6GAqAAaA0G",
      "type" : "RelationView",
      "modelElement" : {
        "id" : "hPP.2f6GAqAAaA0B",
        "type" : "Relation"
      },
      "shape" : {
        "id" : "9PP.2f6GAqAAaA0G_path",
        "type" : "Path",
        "points" : [ {
          "x" : 552,
          "y" : 562
        }, {
          "x" : 464,
          "y" : 562
        } ]
      },
      "source" : {
        "id" : "Lfp.2f6GAqAAaAx.",
        "type" : "ClassView"
      },
      "target" : {
        "id" : "UgFpzf6GAqACBwy4",
        "type" : "ClassView"
      }
    }, {
      "id" : "gaiB2f6GAqAAaA2Y",
      "type" : "RelationView",
      "modelElement" : {
        "id" : "zqiB2f6GAqAAaA2T",
        "type" : "Relation"
      },
      "shape" : {
        "id" : "gaiB2f6GAqAAaA2Y_path",
        "type" : "Path",
        "points" : [ {
          "x" : 275,
          "y" : 424
        }, {
          "x" : 275,
          "y" : 347
        } ]
      },
      "source" : {
        "id" : "OqB.2f6GAqAAaAxR",
        "type" : "ClassView"
      },
      "target" : {
        "id" : "p3c3Df6AUB1CSjA6",
        "type" : "ClassView"
      }
    }, {
      "id" : "W5Apzf6GAqACBwtw",
      "type" : "RelationView",
      "modelElement" : {
        "id" : "bmPe2f6GAqAAaAsv",
        "type" : "Relation"
      },
      "shape" : {
        "id" : "W5Apzf6GAqACBwtw_path",
        "type" : "Path",
        "points" : [ {
          "x" : 790,
          "y" : 346
        }, {
          "x" : 790,
          "y" : 420
        } ]
      },
      "source" : {
        "id" : "3RfJzf6GAqACBwto",
        "type" : "ClassView"
      },
      "target" : {
        "id" : "25Apzf6GAqACBwty",
        "type" : "ClassView"
      }
    }, {
      "id" : "6zK.2f6GAqAAaAvj",
      "type" : "ClassView",
      "modelElement" : {
        "id" : "6zK.2f6GAqAAaAvk",
        "type" : "Class"
      },
      "shape" : {
        "id" : "6zK.2f6GAqAAaAvj_shape",
        "type" : "Rectangle",
        "x" : 73,
        "y" : 67,
        "width" : 80,
        "height" : 40
      }
    }, {
      "id" : "1D13Df6AUB1CSjEC",
      "type" : "ClassView",
      "modelElement" : {
        "id" : "rFDe2f6GAqAAaArz",
        "type" : "Class"
      },
      "shape" : {
        "id" : "1D13Df6AUB1CSjEC_shape",
        "type" : "Rectangle",
        "x" : 543,
        "y" : 306,
        "width" : 101,
        "height" : 40
      }
    }, {
      "id" : "UYMB2f6GAqAAaA1y",
      "type" : "RelationView",
      "modelElement" : {
        "id" : "HoMB2f6GAqAAaA1t",
        "type" : "Relation"
      },
      "shape" : {
        "id" : "UYMB2f6GAqAAaA1y_path",
        "type" : "Path",
        "points" : [ {
          "x" : 563,
          "y" : 86
        }, {
          "x" : 465,
          "y" : 86
        } ]
      },
      "source" : {
        "id" : "Oj6.2f6GAqAAaAwE",
        "type" : "ClassView"
      },
      "target" : {
        "id" : "upa.2f6GAqAAaAv5",
        "type" : "ClassView"
      }
    }, {
      "id" : "Xw.pzf6GAqACBwxq",
      "type" : "RelationView",
      "modelElement" : {
        "id" : "R1Bu2f6GAqAAaAlj",
        "type" : "Relation"
      },
      "shape" : {
        "id" : "Xw.pzf6GAqACBwxq_path",
        "type" : "Path",
        "points" : [ {
          "x" : 235,
          "y" : 562
        }, {
          "x" : 154,
          "y" : 562
        } ]
      },
      "source" : {
        "id" : "Pw.pzf6GAqACBwxs",
        "type" : "ClassView"
      },
      "target" : {
        "id" : "UhOpzf6GAqACBwxY",
        "type" : "ClassView"
      }
    }, {
      "id" : "7zG3Df6AUB1CSjCY",
      "type" : "RelationView",
      "modelElement" : {
        "id" : "l.A.2f6GAqAAaAto",
        "type" : "Relation"
      },
      "shape" : {
        "id" : "7zG3Df6AUB1CSjCY_path",
        "type" : "Path",
        "points" : [ {
          "x" : 331,
          "y" : 206
        }, {
          "x" : 464,
          "y" : 206
        }, {
          "x" : 464,
          "y" : 307
        } ]
      },
      "source" : {
        "id" : "TzG3Df6AUB1CSjCU",
        "type" : "ClassView"
      },
      "target" : {
        "id" : "zB83Df6AUB1CSjBG",
        "type" : "ClassView"
      }
    }, {
      "id" : "Lfp.2f6GAqAAaAx.",
      "type" : "ClassView",
      "modelElement" : {
        "id" : "Lfp.2f6GAqAAaAx_",
        "type" : "Class"
      },
      "shape" : {
        "id" : "Lfp.2f6GAqAAaAx._shape",
        "type" : "Rectangle",
        "x" : 552,
        "y" : 542,
        "width" : 152,
        "height" : 40
      }
    }, {
      "id" : "Jbq.2f6GAqAAaAvu",
      "type" : "ClassView",
      "modelElement" : {
        "id" : "pbq.2f6GAqAAaAvv",
        "type" : "Class"
      },
      "shape" : {
        "id" : "Jbq.2f6GAqAAaAvu_shape",
        "type" : "Rectangle",
        "x" : 224,
        "y" : 67,
        "width" : 81,
        "height" : 40
      }
    } ]
  } ]
}