{
  "id" : "uOJLCf6AUBwIcwBO",
  "name" : "ontology",
  "description" : null,
  "type" : "Project",
  "model" : {
    "id" : "uOJLCf6AUBwIcwBO_root",
    "name" : "ontology",
    "description" : null,
    "type" : "Package",
    "propertyAssignments" : null,
    "contents" : [ {
      "id" : "BG5rDf6AUB1CShic",
      "name" : "Model",
      "description" : null,
      "type" : "Package",
      "propertyAssignments" : null,
      "contents" : [ {
        "id" : "vKzbCf6AUBwIcwW2",
        "name" : "Situation",
        "description" : null,
        "type" : "Class",
        "propertyAssignments" : null,
        "stereotype" : null,
        "isAbstract" : false,
        "isDerived" : false,
        "properties" : null,
        "isExtensional" : null,
        "isPowertype" : null,
        "order" : null,
        "literals" : null,
        "restrictedTo" : null
      }, {
        "id" : "smLbCf6AUBwIcwXB",
        "name" : "Event",
        "description" : null,
        "type" : "Class",
        "propertyAssignments" : null,
        "stereotype" : null,
        "isAbstract" : false,
        "isDerived" : false,
        "properties" : null,
        "isExtensional" : null,
        "isPowertype" : null,
        "order" : null,
        "literals" : null,
        "restrictedTo" : null
      }, {
        "id" : "OErbCf6AUBwIcwXM",
        "name" : "Initiating Condition",
        "description" : null,
        "type" : "Class",
        "propertyAssignments" : null,
        "stereotype" : null,
        "isAbstract" : false,
        "isDerived" : false,
        "properties" : null,
        "isExtensional" : null,
        "isPowertype" : null,
        "order" : null,
        "literals" : null,
        "restrictedTo" : null
      }, {
        "id" : "NNbbCf6AUBwIcwXX",
        "name" : "Initiating Event",
        "description" : null,
        "type" : "Class",
        "propertyAssignments" : null,
        "stereotype" : null,
        "isAbstract" : false,
        "isDerived" : false,
        "properties" : null,
        "isExtensional" : null,
        "isPowertype" : null,
        "order" : null,
        "literals" : null,
        "restrictedTo" : null
      }, {
        "id" : "JyHbCf6AUBwIcwXi",
        "name" : "Initiating Role",
        "description" : null,
        "type" : "Class",
        "propertyAssignments" : null,
        "stereotype" : null,
        "isAbstract" : false,
        "isDerived" : false,
        "properties" : null,
        "isExtensional" : null,
        "isPowertype" : null,
        "order" : null,
        "literals" : null,
        "restrictedTo" : null
      }, {
        "id" : "2nnbCf6AUBwIcwXt",
        "name" : "Kind",
        "description" : null,
        "type" : "Class",
        "propertyAssignments" : null,
        "stereotype" : null,
        "isAbstract" : false,
        "isDerived" : false,
        "properties" : null,
        "isExtensional" : null,
        "isPowertype" : null,
        "order" : null,
        "literals" : null,
        "restrictedTo" : null
      }, {
        "id" : "JNXbCf6AUBwIcwX4",
        "name" : "Environment Object",
        "description" : null,
        "type" : "Class",
        "propertyAssignments" : null,
        "stereotype" : null,
        "isAbstract" : false,
        "isDerived" : false,
        "properties" : null,
        "isExtensional" : null,
        "isPowertype" : null,
        "order" : null,
        "literals" : null,
        "restrictedTo" : null
      }, {
        "id" : "LYvbCf6AUBwIcwYD",
        "name" : "Initiator Factor",
        "description" : null,
        "type" : "Class",
        "propertyAssignments" : null,
        "stereotype" : null,
        "isAbstract" : false,
        "isDerived" : false,
        "properties" : null,
        "isExtensional" : null,
        "isPowertype" : null,
        "order" : null,
        "literals" : null,
        "restrictedTo" : null
      }, {
        "id" : "SBw7Cf6AUBwIcwYc",
        "name" : "Mishap",
        "description" : null,
        "type" : "Class",
        "propertyAssignments" : null,
        "stereotype" : null,
        "isAbstract" : false,
        "isDerived" : false,
        "properties" : null,
        "isExtensional" : null,
        "isPowertype" : null,
        "order" : null,
        "literals" : null,
        "restrictedTo" : null
      }, {
        "id" : "3eE7Cf6AUBwIcwYn",
        "name" : "Hazard",
        "description" : null,
        "type" : "Class",
        "propertyAssignments" : null,
        "stereotype" : null,
        "isAbstract" : false,
        "isDerived" : false,
        "properties" : null,
        "isExtensional" : null,
        "isPowertype" : null,
        "order" : null,
        "literals" : null,
        "restrictedTo" : null
      }, {
        "id" : "3wU7Cf6AUBwIcwYy",
        "name" : "Relator",
        "description" : null,
        "type" : "Class",
        "propertyAssignments" : null,
        "stereotype" : null,
        "isAbstract" : false,
        "isDerived" : false,
        "properties" : null,
        "isExtensional" : null,
        "isPowertype" : null,
        "order" : null,
        "literals" : null,
        "restrictedTo" : null
      }, {
        "id" : "qbU7Cf6AUBwIcwY9",
        "name" : "Exposure",
        "description" : null,
        "type" : "Class",
        "propertyAssignments" : null,
        "stereotype" : null,
        "isAbstract" : false,
        "isDerived" : false,
        "properties" : null,
        "isExtensional" : null,
        "isPowertype" : null,
        "order" : null,
        "literals" : null,
        "restrictedTo" : null
      }, {
        "id" : "xks7Cf6AUBwIcwZI",
        "name" : "Hazard Element",
        "description" : null,
        "type" : "Class",
        "propertyAssignments" : null,
        "stereotype" : null,
        "isAbstract" : false,
        "isDerived" : false,
        "properties" : null,
        "isExtensional" : null,
        "isPowertype" : null,
        "order" : null,
        "literals" : null,
        "restrictedTo" : null
      }, {
        "id" : "K5c7Cf6AUBwIcwZT",
        "name" : "Mishap Victim",
        "description" : null,
        "type" : "Class",
        "propertyAssignments" : null,
        "stereotype" : null,
        "isAbstract" : false,
        "isDerived" : false,
        "properties" : null,
        "isExtensional" : null,
        "isPowertype" : null,
        "order" : null,
        "literals" : null,
        "restrictedTo" : null
      }, {
        "id" : "IYi7Cf6AUBwIcwZe",
        "name" : "Harm TruthMaker",
        "description" : null,
        "type" : "Class",
        "propertyAssignments" : null,
        "stereotype" : null,
        "isAbstract" : false,
        "isDerived" : false,
        "properties" : null,
        "isExtensional" : null,
        "isPowertype" : null,
        "order" : null,
        "literals" : null,
        "restrictedTo" : null
      }, {
        "id" : "tVS7Cf6AUBwIcwZp",
        "name" : "Role",
        "description" : null,
        "type" : "Class",
        "propertyAssignments" : null,
        "stereotype" : null,
        "isAbstract" : false,
        "isDerived" : false,
        "properties" : null,
        "isExtensional" : null,
        "isPowertype" : null,
        "order" : null,
        "literals" : null,
        "restrictedTo" : null
      }, {
        "id" : "Pyy7Cf6AUBwIcwZ0",
        "name" : "Disposition",
        "description" : null,
        "type" : "Class",
        "propertyAssignments" : null,
        "stereotype" : null,
        "isAbstract" : false,
        "isDerived" : false,
        "properties" : null,
        "isExtensional" : null,
        "isPowertype" : null,
        "order" : null,
        "literals" : null,
        "restrictedTo" : null
      }, {
        "id" : "7VjHCf6AUBwIcwaJ",
        "name" : null,
        "description" : null,
        "type" : "Generalization",
        "propertyAssignments" : null,
        "general" : {
          "id" : "vKzbCf6AUBwIcwW2",
          "type" : "Class"
        },
        "specific" : {
          "id" : "OErbCf6AUBwIcwXM",
          "type" : "Class"
        }
      }, {
        "id" : "pTHHCf6AUBwIcwa.",
        "name" : null,
        "description" : null,
        "type" : "Generalization",
        "propertyAssignments" : null,
        "general" : {
          "id" : "Pyy7Cf6AUBwIcwZ0",
          "type" : "Class"
        },
        "specific" : {
          "id" : "LYvbCf6AUBwIcwYD",
          "type" : "Class"
        }
      }, {
        "id" : "M9nHCf6AUBwIcwbI",
        "name" : null,
        "description" : null,
        "type" : "Generalization",
        "propertyAssignments" : null,
        "general" : {
          "id" : "Pyy7Cf6AUBwIcwZ0",
          "type" : "Class"
        },
        "specific" : {
          "id" : "IYi7Cf6AUBwIcwZe",
          "type" : "Class"
        }
      }, {
        "id" : "sggnCf6AUBwIcwb6",
        "name" : null,
        "description" : null,
        "type" : "Generalization",
        "propertyAssignments" : null,
        "general" : {
          "id" : "3wU7Cf6AUBwIcwYy",
          "type" : "Class"
        },
        "specific" : {
          "id" : "qbU7Cf6AUBwIcwY9",
          "type" : "Class"
        }
      }, {
        "id" : "okinCf6AUBwIcwdm",
        "name" : null,
        "description" : null,
        "type" : "Generalization",
        "propertyAssignments" : null,
        "general" : {
          "id" : "smLbCf6AUBwIcwXB",
          "type" : "Class"
        },
        "specific" : {
          "id" : "NNbbCf6AUBwIcwXX",
          "type" : "Class"
        }
      }, {
        "id" : "s6SnCf6AUBwIcwdw",
        "name" : null,
        "description" : null,
        "type" : "Generalization",
        "propertyAssignments" : null,
        "general" : {
          "id" : "vKzbCf6AUBwIcwW2",
          "type" : "Class"
        },
        "specific" : {
          "id" : "3eE7Cf6AUBwIcwYn",
          "type" : "Class"
        }
      }, {
        "id" : "JaynCf6AUBwIcwd6",
        "name" : null,
        "description" : null,
        "type" : "Generalization",
        "propertyAssignments" : null,
        "general" : {
          "id" : "smLbCf6AUBwIcwXB",
          "type" : "Class"
        },
        "specific" : {
          "id" : "SBw7Cf6AUBwIcwYc",
          "type" : "Class"
        }
      }, {
        "id" : "msuPCf6AUBwIcwpH",
        "name" : null,
        "description" : null,
        "type" : "Generalization",
        "propertyAssignments" : null,
        "general" : {
          "id" : "xks7Cf6AUBwIcwZI",
          "type" : "Class"
        },
        "specific" : {
          "id" : "K5c7Cf6AUBwIcwZT",
          "type" : "Class"
        }
      }, {
        "id" : "aczHCf6AUBwIcwaS",
        "name" : "existIn",
        "description" : null,
        "type" : "Relation",
        "propertyAssignments" : null,
        "stereotype" : null,
        "isAbstract" : false,
        "isDerived" : false,
        "properties" : [ {
          "id" : "mczHCf6AUBwIcwaU",
          "name" : null,
          "description" : null,
          "type" : "Property",
          "propertyAssignments" : null,
          "stereotype" : null,
          "isDerived" : false,
          "isReadOnly" : false,
          "isOrdered" : false,
          "cardinality" : "1..*",
          "propertyType" : {
            "id" : "JyHbCf6AUBwIcwXi",
            "type" : "Class"
          },
          "subsettedProperties" : null,
          "redefinedProperties" : null,
          "aggregationKind" : "NONE"
        }, {
          "id" : "WczHCf6AUBwIcwaX",
          "name" : "",
          "description" : null,
          "type" : "Property",
          "propertyAssignments" : null,
          "stereotype" : null,
          "isDerived" : false,
          "isReadOnly" : false,
          "isOrdered" : false,
          "cardinality" : "1",
          "propertyType" : {
            "id" : "OErbCf6AUBwIcwXM",
            "type" : "Class"
          },
          "subsettedProperties" : null,
          "redefinedProperties" : null,
          "aggregationKind" : "NONE"
        } ]
      }, {
        "id" : "ynzHCf6AUBwIcwae",
        "name" : "characterize",
        "description" : null,
        "type" : "Relation",
        "propertyAssignments" : null,
        "stereotype" : null,
        "isAbstract" : false,
        "isDerived" : false,
        "properties" : [ {
          "id" : "KnzHCf6AUBwIcwaf",
          "name" : null,
          "description" : null,
          "type" : "Property",
          "propertyAssignments" : null,
          "stereotype" : null,
          "isDerived" : false,
          "isReadOnly" : false,
          "isOrdered" : false,
          "cardinality" : "1..*",
          "propertyType" : {
            "id" : "LYvbCf6AUBwIcwYD",
            "type" : "Class"
          },
          "subsettedProperties" : null,
          "redefinedProperties" : null,
          "aggregationKind" : "NONE"
        }, {
          "id" : "KnzHCf6AUBwIcwah",
          "name" : null,
          "description" : null,
          "type" : "Property",
          "propertyAssignments" : null,
          "stereotype" : null,
          "isDerived" : false,
          "isReadOnly" : false,
          "isOrdered" : false,
          "cardinality" : "1",
          "propertyType" : {
            "id" : "JyHbCf6AUBwIcwXi",
            "type" : "Class"
          },
          "subsettedProperties" : null,
          "redefinedProperties" : null,
          "aggregationKind" : "NONE"
        } ]
      }, {
        "id" : "VVrHCf6AUBwIcwao",
        "name" : "instOf",
        "description" : null,
        "type" : "Relation",
        "propertyAssignments" : null,
        "stereotype" : null,
        "isAbstract" : false,
        "isDerived" : false,
        "properties" : [ {
          "id" : "VVrHCf6AUBwIcwap",
          "name" : null,
          "description" : null,
          "type" : "Property",
          "propertyAssignments" : null,
          "stereotype" : null,
          "isDerived" : false,
          "isReadOnly" : false,
          "isOrdered" : false,
          "cardinality" : "*",
          "propertyType" : {
            "id" : "JyHbCf6AUBwIcwXi",
            "type" : "Class"
          },
          "subsettedProperties" : null,
          "redefinedProperties" : null,
          "aggregationKind" : "NONE"
        }, {
          "id" : "VVrHCf6AUBwIcwar",
          "name" : null,
          "description" : null,
          "type" : "Property",
          "propertyAssignments" : null,
          "stereotype" : null,
          "isDerived" : false,
          "isReadOnly" : false,
          "isOrdered" : false,
          "cardinality" : "*",
          "propertyType" : {
            "id" : "tVS7Cf6AUBwIcwZp",
            "type" : "Class"
          },
          "subsettedProperties" : null,
          "redefinedProperties" : null,
          "aggregationKind" : "NONE"
        } ]
      }, {
        "id" : "xc7HCf6AUBwIcway",
        "name" : "play",
        "description" : null,
        "type" : "Relation",
        "propertyAssignments" : null,
        "stereotype" : null,
        "isAbstract" : false,
        "isDerived" : false,
        "properties" : [ {
          "id" : "xc7HCf6AUBwIcwaz",
          "name" : null,
          "description" : null,
          "type" : "Property",
          "propertyAssignments" : null,
          "stereotype" : null,
          "isDerived" : false,
          "isReadOnly" : false,
          "isOrdered" : false,
          "cardinality" : "1",
          "propertyType" : {
            "id" : "JNXbCf6AUBwIcwX4",
            "type" : "Class"
          },
          "subsettedProperties" : null,
          "redefinedProperties" : null,
          "aggregationKind" : "NONE"
        }, {
          "id" : "xc7HCf6AUBwIcwa1",
          "name" : null,
          "description" : null,
          "type" : "Property",
          "propertyAssignments" : null,
          "stereotype" : null,
          "isDerived" : false,
          "isReadOnly" : false,
          "isOrdered" : false,
          "cardinality" : "1..*",
          "propertyType" : {
            "id" : "JyHbCf6AUBwIcwXi",
            "type" : "Class"
          },
          "subsettedProperties" : null,
          "redefinedProperties" : null,
          "aggregationKind" : "NONE"
        } ]
      }, {
        "id" : "ylXHCf6AUBwIcwbQ",
        "name" : "instOf",
        "description" : null,
        "type" : "Relation",
        "propertyAssignments" : null,
        "stereotype" : null,
        "isAbstract" : false,
        "isDerived" : false,
        "properties" : [ {
          "id" : "ylXHCf6AUBwIcwbR",
          "name" : null,
          "description" : null,
          "type" : "Property",
          "propertyAssignments" : null,
          "stereotype" : null,
          "isDerived" : false,
          "isReadOnly" : false,
          "isOrdered" : false,
          "cardinality" : "*",
          "propertyType" : {
            "id" : "xks7Cf6AUBwIcwZI",
            "type" : "Class"
          },
          "subsettedProperties" : null,
          "redefinedProperties" : null,
          "aggregationKind" : "NONE"
        }, {
          "id" : "ylXHCf6AUBwIcwbT",
          "name" : null,
          "description" : null,
          "type" : "Property",
          "propertyAssignments" : null,
          "stereotype" : null,
          "isDerived" : false,
          "isReadOnly" : false,
          "isOrdered" : false,
          "cardinality" : "*",
          "propertyType" : {
            "id" : "tVS7Cf6AUBwIcwZp",
            "type" : "Class"
          },
          "subsettedProperties" : null,
          "redefinedProperties" : null,
          "aggregationKind" : "NONE"
        } ]
      }, {
        "id" : "w6PHCf6AUBwIcwba",
        "name" : "instOf",
        "description" : null,
        "type" : "Relation",
        "propertyAssignments" : null,
        "stereotype" : null,
        "isAbstract" : false,
        "isDerived" : false,
        "properties" : [ {
          "id" : "w6PHCf6AUBwIcwbb",
          "name" : null,
          "description" : null,
          "type" : "Property",
          "propertyAssignments" : null,
          "stereotype" : null,
          "isDerived" : false,
          "isReadOnly" : false,
          "isOrdered" : false,
          "cardinality" : "*",
          "propertyType" : {
            "id" : "JNXbCf6AUBwIcwX4",
            "type" : "Class"
          },
          "subsettedProperties" : null,
          "redefinedProperties" : null,
          "aggregationKind" : "NONE"
        }, {
          "id" : "w6PHCf6AUBwIcwbd",
          "name" : null,
          "description" : null,
          "type" : "Property",
          "propertyAssignments" : null,
          "stereotype" : null,
          "isDerived" : false,
          "isReadOnly" : false,
          "isOrdered" : false,
          "cardinality" : "*",
          "propertyType" : {
            "id" : "2nnbCf6AUBwIcwXt",
            "type" : "Class"
          },
          "subsettedProperties" : null,
          "redefinedProperties" : null,
          "aggregationKind" : "NONE"
        } ]
      }, {
        "id" : "X3fHCf6AUBwIcwbk",
        "name" : "play",
        "description" : null,
        "type" : "Relation",
        "propertyAssignments" : null,
        "stereotype" : null,
        "isAbstract" : false,
        "isDerived" : false,
        "properties" : [ {
          "id" : "X3fHCf6AUBwIcwbl",
          "name" : null,
          "description" : null,
          "type" : "Property",
          "propertyAssignments" : null,
          "stereotype" : null,
          "isDerived" : false,
          "isReadOnly" : false,
          "isOrdered" : false,
          "cardinality" : "1",
          "propertyType" : {
            "id" : "JNXbCf6AUBwIcwX4",
            "type" : "Class"
          },
          "subsettedProperties" : null,
          "redefinedProperties" : null,
          "aggregationKind" : "NONE"
        }, {
          "id" : "X3fHCf6AUBwIcwbn",
          "name" : null,
          "description" : null,
          "type" : "Property",
          "propertyAssignments" : null,
          "stereotype" : null,
          "isDerived" : false,
          "isReadOnly" : false,
          "isOrdered" : false,
          "cardinality" : "1..*",
          "propertyType" : {
            "id" : "xks7Cf6AUBwIcwZI",
            "type" : "Class"
          },
          "subsettedProperties" : null,
          "redefinedProperties" : null,
          "aggregationKind" : "NONE"
        } ]
      }, {
        "id" : "yEAnCf6AUBwIcwbu",
        "name" : "mediation",
        "description" : null,
        "type" : "Relation",
        "propertyAssignments" : null,
        "stereotype" : null,
        "isAbstract" : false,
        "isDerived" : false,
        "properties" : [ {
          "id" : "yEAnCf6AUBwIcwbv",
          "name" : null,
          "description" : null,
          "type" : "Property",
          "propertyAssignments" : null,
          "stereotype" : null,
          "isDerived" : false,
          "isReadOnly" : false,
          "isOrdered" : false,
          "cardinality" : "1",
          "propertyType" : {
            "id" : "qbU7Cf6AUBwIcwY9",
            "type" : "Class"
          },
          "subsettedProperties" : null,
          "redefinedProperties" : null,
          "aggregationKind" : "NONE"
        }, {
          "id" : "yEAnCf6AUBwIcwbx",
          "name" : null,
          "description" : null,
          "type" : "Property",
          "propertyAssignments" : null,
          "stereotype" : null,
          "isDerived" : false,
          "isReadOnly" : false,
          "isOrdered" : false,
          "cardinality" : "1..*",
          "propertyType" : {
            "id" : "xks7Cf6AUBwIcwZI",
            "type" : "Class"
          },
          "subsettedProperties" : null,
          "redefinedProperties" : null,
          "aggregationKind" : "NONE"
        } ]
      }, {
        "id" : "xQwnCf6AUBwIcwcC",
        "name" : "mediation",
        "description" : null,
        "type" : "Relation",
        "propertyAssignments" : null,
        "stereotype" : null,
        "isAbstract" : false,
        "isDerived" : false,
        "properties" : [ {
          "id" : "xQwnCf6AUBwIcwcD",
          "name" : "",
          "description" : null,
          "type" : "Property",
          "propertyAssignments" : null,
          "stereotype" : null,
          "isDerived" : false,
          "isReadOnly" : false,
          "isOrdered" : false,
          "cardinality" : "1",
          "propertyType" : {
            "id" : "qbU7Cf6AUBwIcwY9",
            "type" : "Class"
          },
          "subsettedProperties" : null,
          "redefinedProperties" : null,
          "aggregationKind" : "NONE"
        }, {
          "id" : "xQwnCf6AUBwIcwcF",
          "name" : null,
          "description" : null,
          "type" : "Property",
          "propertyAssignments" : null,
          "stereotype" : null,
          "isDerived" : false,
          "isReadOnly" : false,
          "isOrdered" : false,
          "cardinality" : "1..*",
          "propertyType" : {
            "id" : "K5c7Cf6AUBwIcwZT",
            "type" : "Class"
          },
          "subsettedProperties" : null,
          "redefinedProperties" : null,
          "aggregationKind" : "NONE"
        } ]
      }, {
        "id" : "0EonCf6AUBwIcwcM",
        "name" : "characterize",
        "description" : null,
        "type" : "Relation",
        "propertyAssignments" : null,
        "stereotype" : null,
        "isAbstract" : false,
        "isDerived" : false,
        "properties" : [ {
          "id" : "0EonCf6AUBwIcwcN",
          "name" : null,
          "description" : null,
          "type" : "Property",
          "propertyAssignments" : null,
          "stereotype" : null,
          "isDerived" : false,
          "isReadOnly" : false,
          "isOrdered" : false,
          "cardinality" : "1..*",
          "propertyType" : {
            "id" : "IYi7Cf6AUBwIcwZe",
            "type" : "Class"
          },
          "subsettedProperties" : null,
          "redefinedProperties" : null,
          "aggregationKind" : "NONE"
        }, {
          "id" : "0EonCf6AUBwIcwcP",
          "name" : "",
          "description" : null,
          "type" : "Property",
          "propertyAssignments" : null,
          "stereotype" : null,
          "isDerived" : false,
          "isReadOnly" : false,
          "isOrdered" : false,
          "cardinality" : "1",
          "propertyType" : {
            "id" : "xks7Cf6AUBwIcwZI",
            "type" : "Class"
          },
          "subsettedProperties" : null,
          "redefinedProperties" : null,
          "aggregationKind" : "NONE"
        } ]
      }, {
        "id" : "xaEnCf6AUBwIcwca",
        "name" : "existIn",
        "description" : null,
        "type" : "Relation",
        "propertyAssignments" : null,
        "stereotype" : null,
        "isAbstract" : false,
        "isDerived" : false,
        "properties" : [ {
          "id" : "xaEnCf6AUBwIcwcb",
          "name" : null,
          "description" : null,
          "type" : "Property",
          "propertyAssignments" : null,
          "stereotype" : null,
          "isDerived" : false,
          "isReadOnly" : false,
          "isOrdered" : false,
          "cardinality" : "1..*",
          "propertyType" : {
            "id" : "qbU7Cf6AUBwIcwY9",
            "type" : "Class"
          },
          "subsettedProperties" : null,
          "redefinedProperties" : null,
          "aggregationKind" : "NONE"
        }, {
          "id" : "xaEnCf6AUBwIcwcd",
          "name" : null,
          "description" : null,
          "type" : "Property",
          "propertyAssignments" : null,
          "stereotype" : null,
          "isDerived" : false,
          "isReadOnly" : false,
          "isOrdered" : false,
          "cardinality" : "1",
          "propertyType" : {
            "id" : "3eE7Cf6AUBwIcwYn",
            "type" : "Class"
          },
          "subsettedProperties" : null,
          "redefinedProperties" : null,
          "aggregationKind" : "NONE"
        } ]
      }, {
        "id" : "RRknCf6AUBwIcwck",
        "name" : "participate",
        "description" : null,
        "type" : "Relation",
        "propertyAssignments" : null,
        "stereotype" : null,
        "isAbstract" : false,
        "isDerived" : false,
        "properties" : [ {
          "id" : "RRknCf6AUBwIcwcl",
          "name" : null,
          "description" : null,
          "type" : "Property",
          "propertyAssignments" : null,
          "stereotype" : null,
          "isDerived" : false,
          "isReadOnly" : false,
          "isOrdered" : false,
          "cardinality" : "1..*",
          "propertyType" : {
            "id" : "K5c7Cf6AUBwIcwZT",
            "type" : "Class"
          },
          "subsettedProperties" : null,
          "redefinedProperties" : null,
          "aggregationKind" : "NONE"
        }, {
          "id" : "RRknCf6AUBwIcwcn",
          "name" : "",
          "description" : null,
          "type" : "Property",
          "propertyAssignments" : null,
          "stereotype" : null,
          "isDerived" : false,
          "isReadOnly" : false,
          "isOrdered" : false,
          "cardinality" : "1",
          "propertyType" : {
            "id" : "SBw7Cf6AUBwIcwYc",
            "type" : "Class"
          },
          "subsettedProperties" : null,
          "redefinedProperties" : null,
          "aggregationKind" : "NONE"
        } ]
      }, {
        "id" : "VmUnCf6AUBwIcwcu",
        "name" : "trigger",
        "description" : null,
        "type" : "Relation",
        "propertyAssignments" : null,
        "stereotype" : null,
        "isAbstract" : false,
        "isDerived" : false,
        "properties" : [ {
          "id" : "1mUnCf6AUBwIcwcv",
          "name" : null,
          "description" : null,
          "type" : "Property",
          "propertyAssignments" : null,
          "stereotype" : null,
          "isDerived" : false,
          "isReadOnly" : false,
          "isOrdered" : false,
          "cardinality" : "1..*",
          "propertyType" : {
            "id" : "3eE7Cf6AUBwIcwYn",
            "type" : "Class"
          },
          "subsettedProperties" : null,
          "redefinedProperties" : null,
          "aggregationKind" : "NONE"
        }, {
          "id" : "1mUnCf6AUBwIcwcx",
          "name" : null,
          "description" : null,
          "type" : "Property",
          "propertyAssignments" : null,
          "stereotype" : null,
          "isDerived" : false,
          "isReadOnly" : false,
          "isOrdered" : false,
          "cardinality" : "1..*",
          "propertyType" : {
            "id" : "SBw7Cf6AUBwIcwYc",
            "type" : "Class"
          },
          "subsettedProperties" : null,
          "redefinedProperties" : null,
          "aggregationKind" : "NONE"
        } ]
      }, {
        "id" : "J.0nCf6AUBwIcwc4",
        "name" : "cause",
        "description" : null,
        "type" : "Relation",
        "propertyAssignments" : null,
        "stereotype" : null,
        "isAbstract" : false,
        "isDerived" : false,
        "properties" : [ {
          "id" : "J.0nCf6AUBwIcwc5",
          "name" : null,
          "description" : null,
          "type" : "Property",
          "propertyAssignments" : null,
          "stereotype" : null,
          "isDerived" : false,
          "isReadOnly" : false,
          "isOrdered" : false,
          "cardinality" : "1..*",
          "propertyType" : {
            "id" : "NNbbCf6AUBwIcwXX",
            "type" : "Class"
          },
          "subsettedProperties" : null,
          "redefinedProperties" : null,
          "aggregationKind" : "NONE"
        }, {
          "id" : "J.0nCf6AUBwIcwc7",
          "name" : null,
          "description" : null,
          "type" : "Property",
          "propertyAssignments" : null,
          "stereotype" : null,
          "isDerived" : false,
          "isReadOnly" : false,
          "isOrdered" : false,
          "cardinality" : "0..1",
          "propertyType" : {
            "id" : "NNbbCf6AUBwIcwXX",
            "type" : "Class"
          },
          "subsettedProperties" : null,
          "redefinedProperties" : null,
          "aggregationKind" : "NONE"
        } ]
      }, {
        "id" : "NhsnCf6AUBwIcwdG",
        "name" : "trigger",
        "description" : null,
        "type" : "Relation",
        "propertyAssignments" : null,
        "stereotype" : null,
        "isAbstract" : false,
        "isDerived" : false,
        "properties" : [ {
          "id" : "NhsnCf6AUBwIcwdH",
          "name" : null,
          "description" : null,
          "type" : "Property",
          "propertyAssignments" : null,
          "stereotype" : null,
          "isDerived" : false,
          "isReadOnly" : false,
          "isOrdered" : false,
          "cardinality" : "1",
          "propertyType" : {
            "id" : "OErbCf6AUBwIcwXM",
            "type" : "Class"
          },
          "subsettedProperties" : null,
          "redefinedProperties" : null,
          "aggregationKind" : "NONE"
        }, {
          "id" : "NhsnCf6AUBwIcwdJ",
          "name" : null,
          "description" : null,
          "type" : "Property",
          "propertyAssignments" : null,
          "stereotype" : null,
          "isDerived" : false,
          "isReadOnly" : false,
          "isOrdered" : false,
          "cardinality" : "1..*",
          "propertyType" : {
            "id" : "NNbbCf6AUBwIcwXX",
            "type" : "Class"
          },
          "subsettedProperties" : null,
          "redefinedProperties" : null,
          "aggregationKind" : "NONE"
        } ]
      }, {
        "id" : "KMcnCf6AUBwIcwdQ",
        "name" : "trigger",
        "description" : null,
        "type" : "Relation",
        "propertyAssignments" : null,
        "stereotype" : null,
        "isAbstract" : false,
        "isDerived" : false,
        "properties" : [ {
          "id" : "KMcnCf6AUBwIcwdR",
          "name" : null,
          "description" : null,
          "type" : "Property",
          "propertyAssignments" : null,
          "stereotype" : null,
          "isDerived" : false,
          "isReadOnly" : false,
          "isOrdered" : false,
          "cardinality" : "0..*",
          "propertyType" : {
            "id" : "NNbbCf6AUBwIcwXX",
            "type" : "Class"
          },
          "subsettedProperties" : null,
          "redefinedProperties" : null,
          "aggregationKind" : "NONE"
        }, {
          "id" : "KMcnCf6AUBwIcwdT",
          "name" : null,
          "description" : null,
          "type" : "Property",
          "propertyAssignments" : null,
          "stereotype" : null,
          "isDerived" : false,
          "isReadOnly" : false,
          "isOrdered" : false,
          "cardinality" : "1",
          "propertyType" : {
            "id" : "3eE7Cf6AUBwIcwYn",
            "type" : "Class"
          },
          "subsettedProperties" : null,
          "redefinedProperties" : null,
          "aggregationKind" : "NONE"
        } ]
      }, {
        "id" : "8y8nCf6AUBwIcwda",
        "name" : "bringAbout",
        "description" : null,
        "type" : "Relation",
        "propertyAssignments" : null,
        "stereotype" : null,
        "isAbstract" : false,
        "isDerived" : false,
        "properties" : [ {
          "id" : "8y8nCf6AUBwIcwdb",
          "name" : null,
          "description" : null,
          "type" : "Property",
          "propertyAssignments" : null,
          "stereotype" : null,
          "isDerived" : false,
          "isReadOnly" : false,
          "isOrdered" : false,
          "cardinality" : "1",
          "propertyType" : {
            "id" : "3eE7Cf6AUBwIcwYn",
            "type" : "Class"
          },
          "subsettedProperties" : null,
          "redefinedProperties" : null,
          "aggregationKind" : "NONE"
        }, {
          "id" : "8y8nCf6AUBwIcwdd",
          "name" : null,
          "description" : null,
          "type" : "Property",
          "propertyAssignments" : null,
          "stereotype" : null,
          "isDerived" : false,
          "isReadOnly" : false,
          "isOrdered" : false,
          "cardinality" : "1..*",
          "propertyType" : {
            "id" : "NNbbCf6AUBwIcwXX",
            "type" : "Class"
          },
          "subsettedProperties" : null,
          "redefinedProperties" : null,
          "aggregationKind" : "NONE"
        } ]
      } ]
    } ]
  },
  "diagrams" : [ {
    "id" : "xV9bCf6AUBwIcwWg",
    "name" : "Hazard Ontology",
    "description" : null,
    "type" : "Diagram",
    "owner" : {
      "id" : "BG5rDf6AUB1CShic",
      "type" : "Package"
    },
    "contents" : [ {
      "id" : "2nnbCf6AUBwIcwXs",
      "type" : "ClassView",
      "modelElement" : {
        "id" : "2nnbCf6AUBwIcwXt",
        "type" : "Class"
      },
      "shape" : {
        "id" : "2nnbCf6AUBwIcwXs_shape",
        "type" : "Rectangle",
        "x" : 284,
        "y" : 498,
        "width" : 115,
        "height" : 40
      }
    }, {
      "id" : "YCuPCf6AUBwIcwpI",
      "type" : "GeneralizationView",
      "modelElement" : {
        "id" : "msuPCf6AUBwIcwpH",
        "type" : "Generalization"
      },
      "shape" : {
        "id" : "YCuPCf6AUBwIcwpI_path",
        "type" : "Path",
        "points" : [ {
          "x" : 629,
          "y" : 589
        }, {
          "x" : 824,
          "y" : 589
        } ]
      },
      "source" : {
        "id" : "xks7Cf6AUBwIcwZH",
        "type" : "ClassView"
      },
      "target" : {
        "id" : "K5c7Cf6AUBwIcwZS",
        "type" : "ClassView"
      }
    }, {
      "id" : "SBw7Cf6AUBwIcwYb",
      "type" : "ClassView",
      "modelElement" : {
        "id" : "SBw7Cf6AUBwIcwYc",
        "type" : "Class"
      },
      "shape" : {
        "id" : "SBw7Cf6AUBwIcwYb_shape",
        "type" : "Rectangle",
        "x" : 825,
        "y" : 141,
        "width" : 115,
        "height" : 40
      }
    }, {
      "id" : "BczHCf6AUBwIcwaZ",
      "type" : "RelationView",
      "modelElement" : {
        "id" : "aczHCf6AUBwIcwaS",
        "type" : "Relation"
      },
      "shape" : {
        "id" : "BczHCf6AUBwIcwaZ_path",
        "type" : "Path",
        "points" : [ {
          "x" : 144,
          "y" : 583
        }, {
          "x" : 144,
          "y" : 310
        } ]
      },
      "source" : {
        "id" : "JyHbCf6AUBwIcwXh",
        "type" : "ClassView"
      },
      "target" : {
        "id" : "OErbCf6AUBwIcwXL",
        "type" : "ClassView"
      }
    }, {
      "id" : "qbU7Cf6AUBwIcwY8",
      "type" : "ClassView",
      "modelElement" : {
        "id" : "qbU7Cf6AUBwIcwY9",
        "type" : "Class"
      },
      "shape" : {
        "id" : "qbU7Cf6AUBwIcwY8_shape",
        "type" : "Rectangle",
        "x" : 551,
        "y" : 458,
        "width" : 115,
        "height" : 40
      }
    }, {
      "id" : "NVS7Cf6AUBwIcwZo",
      "type" : "ClassView",
      "modelElement" : {
        "id" : "tVS7Cf6AUBwIcwZp",
        "type" : "Class"
      },
      "shape" : {
        "id" : "NVS7Cf6AUBwIcwZo_shape",
        "type" : "Rectangle",
        "x" : 513,
        "y" : 753,
        "width" : 115,
        "height" : 40
      }
    }, {
      "id" : "xks7Cf6AUBwIcwZH",
      "type" : "ClassView",
      "modelElement" : {
        "id" : "xks7Cf6AUBwIcwZI",
        "type" : "Class"
      },
      "shape" : {
        "id" : "xks7Cf6AUBwIcwZH_shape",
        "type" : "Rectangle",
        "x" : 513,
        "y" : 584,
        "width" : 115,
        "height" : 40
      }
    }, {
      "id" : "JyHbCf6AUBwIcwXh",
      "type" : "ClassView",
      "modelElement" : {
        "id" : "JyHbCf6AUBwIcwXi",
        "type" : "Class"
      },
      "shape" : {
        "id" : "JyHbCf6AUBwIcwXh_shape",
        "type" : "Rectangle",
        "x" : 87,
        "y" : 584,
        "width" : 115,
        "height" : 40
      }
    }, {
      "id" : "K5c7Cf6AUBwIcwZS",
      "type" : "ClassView",
      "modelElement" : {
        "id" : "K5c7Cf6AUBwIcwZT",
        "type" : "Class"
      },
      "shape" : {
        "id" : "K5c7Cf6AUBwIcwZS_shape",
        "type" : "Rectangle",
        "x" : 825,
        "y" : 584,
        "width" : 115,
        "height" : 40
      }
    }, {
      "id" : "5aEnCf6AUBwIcwcf",
      "type" : "RelationView",
      "modelElement" : {
        "id" : "xaEnCf6AUBwIcwca",
        "type" : "Relation"
      },
      "shape" : {
        "id" : "5aEnCf6AUBwIcwcf_path",
        "type" : "Path",
        "points" : [ {
          "x" : 667,
          "y" : 467
        }, {
          "x" : 729,
          "y" : 467
        }, {
          "x" : 729,
          "y" : 310
        } ]
      },
      "source" : {
        "id" : "qbU7Cf6AUBwIcwY8",
        "type" : "ClassView"
      },
      "target" : {
        "id" : "3eE7Cf6AUBwIcwYm",
        "type" : "ClassView"
      }
    }, {
      "id" : "Sy8nCf6AUBwIcwdf",
      "type" : "RelationView",
      "modelElement" : {
        "id" : "8y8nCf6AUBwIcwda",
        "type" : "Relation"
      },
      "shape" : {
        "id" : "Sy8nCf6AUBwIcwdf_path",
        "type" : "Path",
        "points" : [ {
          "x" : 671,
          "y" : 289
        }, {
          "x" : 462,
          "y" : 289
        } ]
      },
      "source" : {
        "id" : "3eE7Cf6AUBwIcwYm",
        "type" : "ClassView"
      },
      "target" : {
        "id" : "NNbbCf6AUBwIcwXW",
        "type" : "ClassView"
      }
    }, {
      "id" : "wYi7Cf6AUBwIcwZd",
      "type" : "ClassView",
      "modelElement" : {
        "id" : "IYi7Cf6AUBwIcwZe",
        "type" : "Class"
      },
      "shape" : {
        "id" : "wYi7Cf6AUBwIcwZd_shape",
        "type" : "Rectangle",
        "x" : 695,
        "y" : 706,
        "width" : 115,
        "height" : 40
      }
    }, {
      "id" : "c9nHCf6AUBwIcwbJ",
      "type" : "GeneralizationView",
      "modelElement" : {
        "id" : "M9nHCf6AUBwIcwbI",
        "type" : "Generalization"
      },
      "shape" : {
        "id" : "c9nHCf6AUBwIcwbJ_path",
        "type" : "Path",
        "points" : [ {
          "x" : 629,
          "y" : 861
        }, {
          "x" : 753,
          "y" : 861
        }, {
          "x" : 753,
          "y" : 747
        } ]
      },
      "source" : {
        "id" : "3yy7Cf6AUBwIcwZz",
        "type" : "ClassView"
      },
      "target" : {
        "id" : "wYi7Cf6AUBwIcwZd",
        "type" : "ClassView"
      }
    }, {
      "id" : "aEAnCf6AUBwIcwbz",
      "type" : "RelationView",
      "modelElement" : {
        "id" : "yEAnCf6AUBwIcwbu",
        "type" : "Relation"
      },
      "shape" : {
        "id" : "aEAnCf6AUBwIcwbz_path",
        "type" : "Path",
        "points" : [ {
          "x" : 570,
          "y" : 499
        }, {
          "x" : 570,
          "y" : 583
        } ]
      },
      "source" : {
        "id" : "qbU7Cf6AUBwIcwY8",
        "type" : "ClassView"
      },
      "target" : {
        "id" : "xks7Cf6AUBwIcwZH",
        "type" : "ClassView"
      }
    }, {
      "id" : "f3fHCf6AUBwIcwbp",
      "type" : "RelationView",
      "modelElement" : {
        "id" : "X3fHCf6AUBwIcwbk",
        "type" : "Relation"
      },
      "shape" : {
        "id" : "f3fHCf6AUBwIcwbp_path",
        "type" : "Path",
        "points" : [ {
          "x" : 393,
          "y" : 665
        }, {
          "x" : 393,
          "y" : 604
        }, {
          "x" : 512,
          "y" : 604
        } ]
      },
      "source" : {
        "id" : "JNXbCf6AUBwIcwX3",
        "type" : "ClassView"
      },
      "target" : {
        "id" : "xks7Cf6AUBwIcwZH",
        "type" : "ClassView"
      }
    }, {
      "id" : "ZQwnCf6AUBwIcwcH",
      "type" : "RelationView",
      "modelElement" : {
        "id" : "xQwnCf6AUBwIcwcC",
        "type" : "Relation"
      },
      "shape" : {
        "id" : "ZQwnCf6AUBwIcwcH_path",
        "type" : "Path",
        "points" : [ {
          "x" : 667,
          "y" : 490
        }, {
          "x" : 841,
          "y" : 490
        }, {
          "x" : 841,
          "y" : 583
        } ]
      },
      "source" : {
        "id" : "qbU7Cf6AUBwIcwY8",
        "type" : "ClassView"
      },
      "target" : {
        "id" : "K5c7Cf6AUBwIcwZS",
        "type" : "ClassView"
      }
    }, {
      "id" : "C6SnCf6AUBwIcwdx",
      "type" : "GeneralizationView",
      "modelElement" : {
        "id" : "s6SnCf6AUBwIcwdw",
        "type" : "Generalization"
      },
      "shape" : {
        "id" : "C6SnCf6AUBwIcwdx_path",
        "type" : "Path",
        "points" : [ {
          "x" : 176,
          "y" : 182
        }, {
          "x" : 176,
          "y" : 209
        }, {
          "x" : 729,
          "y" : 209
        }, {
          "x" : 729,
          "y" : 268
        } ]
      },
      "source" : {
        "id" : "XKzbCf6AUBwIcwW1",
        "type" : "ClassView"
      },
      "target" : {
        "id" : "3eE7Cf6AUBwIcwYm",
        "type" : "ClassView"
      }
    }, {
      "id" : "alXHCf6AUBwIcwbV",
      "type" : "RelationView",
      "modelElement" : {
        "id" : "ylXHCf6AUBwIcwbQ",
        "type" : "Relation"
      },
      "shape" : {
        "id" : "alXHCf6AUBwIcwbV_path",
        "type" : "Path",
        "points" : [ {
          "x" : 570,
          "y" : 625
        }, {
          "x" : 570,
          "y" : 752
        } ]
      },
      "source" : {
        "id" : "xks7Cf6AUBwIcwZH",
        "type" : "ClassView"
      },
      "target" : {
        "id" : "NVS7Cf6AUBwIcwZo",
        "type" : "ClassView"
      }
    }, {
      "id" : "PVjHCf6AUBwIcwaK",
      "type" : "GeneralizationView",
      "modelElement" : {
        "id" : "7VjHCf6AUBwIcwaJ",
        "type" : "Generalization"
      },
      "shape" : {
        "id" : "PVjHCf6AUBwIcwaK_path",
        "type" : "Path",
        "points" : [ {
          "x" : 144,
          "y" : 182
        }, {
          "x" : 144,
          "y" : 268
        } ]
      },
      "source" : {
        "id" : "XKzbCf6AUBwIcwW1",
        "type" : "ClassView"
      },
      "target" : {
        "id" : "OErbCf6AUBwIcwXL",
        "type" : "ClassView"
      }
    }, {
      "id" : "FTHHCf6AUBwIcwa_",
      "type" : "GeneralizationView",
      "modelElement" : {
        "id" : "pTHHCf6AUBwIcwa.",
        "type" : "Generalization"
      },
      "shape" : {
        "id" : "FTHHCf6AUBwIcwa__path",
        "type" : "Path",
        "points" : [ {
          "x" : 512,
          "y" : 861
        }, {
          "x" : 144,
          "y" : 861
        }, {
          "x" : 144,
          "y" : 794
        } ]
      },
      "source" : {
        "id" : "3yy7Cf6AUBwIcwZz",
        "type" : "ClassView"
      },
      "target" : {
        "id" : "LYvbCf6AUBwIcwYC",
        "type" : "ClassView"
      }
    }, {
      "id" : "46PHCf6AUBwIcwbf",
      "type" : "RelationView",
      "modelElement" : {
        "id" : "w6PHCf6AUBwIcwba",
        "type" : "Relation"
      },
      "shape" : {
        "id" : "46PHCf6AUBwIcwbf_path",
        "type" : "Path",
        "points" : [ {
          "x" : 341,
          "y" : 665
        }, {
          "x" : 341,
          "y" : 539
        } ]
      },
      "source" : {
        "id" : "JNXbCf6AUBwIcwX3",
        "type" : "ClassView"
      },
      "target" : {
        "id" : "2nnbCf6AUBwIcwXs",
        "type" : "ClassView"
      }
    }, {
      "id" : "3yy7Cf6AUBwIcwZz",
      "type" : "ClassView",
      "modelElement" : {
        "id" : "Pyy7Cf6AUBwIcwZ0",
        "type" : "Class"
      },
      "shape" : {
        "id" : "3yy7Cf6AUBwIcwZz_shape",
        "type" : "Rectangle",
        "x" : 513,
        "y" : 841,
        "width" : 115,
        "height" : 40
      }
    }, {
      "id" : "XKzbCf6AUBwIcwW1",
      "type" : "ClassView",
      "modelElement" : {
        "id" : "vKzbCf6AUBwIcwW2",
        "type" : "Class"
      },
      "shape" : {
        "id" : "XKzbCf6AUBwIcwW1_shape",
        "type" : "Rectangle",
        "x" : 87,
        "y" : 141,
        "width" : 115,
        "height" : 40
      }
    }, {
      "id" : "LYvbCf6AUBwIcwYC",
      "type" : "ClassView",
      "modelElement" : {
        "id" : "LYvbCf6AUBwIcwYD",
        "type" : "Class"
      },
      "shape" : {
        "id" : "LYvbCf6AUBwIcwYC_shape",
        "type" : "Rectangle",
        "x" : 87,
        "y" : 753,
        "width" : 115,
        "height" : 40
      }
    }, {
      "id" : "pRknCf6AUBwIcwcp",
      "type" : "RelationView",
      "modelElement" : {
        "id" : "RRknCf6AUBwIcwck",
        "type" : "Relation"
      },
      "shape" : {
        "id" : "pRknCf6AUBwIcwcp_path",
        "type" : "Path",
        "points" : [ {
          "x" : 904,
          "y" : 583
        }, {
          "x" : 904,
          "y" : 182
        } ]
      },
      "source" : {
        "id" : "K5c7Cf6AUBwIcwZS",
        "type" : "ClassView"
      },
      "target" : {
        "id" : "SBw7Cf6AUBwIcwYb",
        "type" : "ClassView"
      }
    }, {
      "id" : "CggnCf6AUBwIcwb7",
      "type" : "GeneralizationView",
      "modelElement" : {
        "id" : "sggnCf6AUBwIcwb6",
        "type" : "Generalization"
      },
      "shape" : {
        "id" : "CggnCf6AUBwIcwb7_path",
        "type" : "Path",
        "points" : [ {
          "x" : 608,
          "y" : 412
        }, {
          "x" : 608,
          "y" : 457
        } ]
      },
      "source" : {
        "id" : "3wU7Cf6AUBwIcwYx",
        "type" : "ClassView"
      },
      "target" : {
        "id" : "qbU7Cf6AUBwIcwY8",
        "type" : "ClassView"
      }
    }, {
      "id" : "dmUnCf6AUBwIcwcz",
      "type" : "RelationView",
      "modelElement" : {
        "id" : "VmUnCf6AUBwIcwcu",
        "type" : "Relation"
      },
      "shape" : {
        "id" : "dmUnCf6AUBwIcwcz_path",
        "type" : "Path",
        "points" : [ {
          "x" : 788,
          "y" : 289
        }, {
          "x" : 849,
          "y" : 289
        }, {
          "x" : 849,
          "y" : 182
        } ]
      },
      "source" : {
        "id" : "3eE7Cf6AUBwIcwYm",
        "type" : "ClassView"
      },
      "target" : {
        "id" : "SBw7Cf6AUBwIcwYb",
        "type" : "ClassView"
      }
    }, {
      "id" : "tVrHCf6AUBwIcwat",
      "type" : "RelationView",
      "modelElement" : {
        "id" : "VVrHCf6AUBwIcwao",
        "type" : "Relation"
      },
      "shape" : {
        "id" : "tVrHCf6AUBwIcwat_path",
        "type" : "Path",
        "points" : [ {
          "x" : 203,
          "y" : 618
        }, {
          "x" : 240,
          "y" : 618
        }, {
          "x" : 240,
          "y" : 773
        }, {
          "x" : 512,
          "y" : 773
        } ]
      },
      "source" : {
        "id" : "JyHbCf6AUBwIcwXh",
        "type" : "ClassView"
      },
      "target" : {
        "id" : "NVS7Cf6AUBwIcwZo",
        "type" : "ClassView"
      }
    }, {
      "id" : "EkinCf6AUBwIcwdn",
      "type" : "GeneralizationView",
      "modelElement" : {
        "id" : "okinCf6AUBwIcwdm",
        "type" : "Generalization"
      },
      "shape" : {
        "id" : "EkinCf6AUBwIcwdn_path",
        "type" : "Path",
        "points" : [ {
          "x" : 403,
          "y" : 182
        }, {
          "x" : 403,
          "y" : 268
        } ]
      },
      "source" : {
        "id" : "MmLbCf6AUBwIcwXA",
        "type" : "ClassView"
      },
      "target" : {
        "id" : "NNbbCf6AUBwIcwXW",
        "type" : "ClassView"
      }
    }, {
      "id" : "cEonCf6AUBwIcwcR",
      "type" : "RelationView",
      "modelElement" : {
        "id" : "0EonCf6AUBwIcwcM",
        "type" : "Relation"
      },
      "shape" : {
        "id" : "cEonCf6AUBwIcwcR_path",
        "type" : "Path",
        "points" : [ {
          "x" : 752,
          "y" : 705
        }, {
          "x" : 752,
          "y" : 612
        }, {
          "x" : 629,
          "y" : 612
        } ]
      },
      "source" : {
        "id" : "wYi7Cf6AUBwIcwZd",
        "type" : "ClassView"
      },
      "target" : {
        "id" : "xks7Cf6AUBwIcwZH",
        "type" : "ClassView"
      }
    }, {
      "id" : "9hsnCf6AUBwIcwdL",
      "type" : "RelationView",
      "modelElement" : {
        "id" : "NhsnCf6AUBwIcwdG",
        "type" : "Relation"
      },
      "shape" : {
        "id" : "9hsnCf6AUBwIcwdL_path",
        "type" : "Path",
        "points" : [ {
          "x" : 203,
          "y" : 289
        }, {
          "x" : 345,
          "y" : 289
        } ]
      },
      "source" : {
        "id" : "OErbCf6AUBwIcwXL",
        "type" : "ClassView"
      },
      "target" : {
        "id" : "NNbbCf6AUBwIcwXW",
        "type" : "ClassView"
      }
    }, {
      "id" : "3eE7Cf6AUBwIcwYm",
      "type" : "ClassView",
      "modelElement" : {
        "id" : "3eE7Cf6AUBwIcwYn",
        "type" : "Class"
      },
      "shape" : {
        "id" : "3eE7Cf6AUBwIcwYm_shape",
        "type" : "Rectangle",
        "x" : 672,
        "y" : 269,
        "width" : 115,
        "height" : 40
      }
    }, {
      "id" : "Zc7HCf6AUBwIcwa3",
      "type" : "RelationView",
      "modelElement" : {
        "id" : "xc7HCf6AUBwIcway",
        "type" : "Relation"
      },
      "shape" : {
        "id" : "Zc7HCf6AUBwIcwa3_path",
        "type" : "Path",
        "points" : [ {
          "x" : 317,
          "y" : 665
        }, {
          "x" : 317,
          "y" : 594
        }, {
          "x" : 203,
          "y" : 594
        } ]
      },
      "source" : {
        "id" : "JNXbCf6AUBwIcwX3",
        "type" : "ClassView"
      },
      "target" : {
        "id" : "JyHbCf6AUBwIcwXh",
        "type" : "ClassView"
      }
    }, {
      "id" : "ZaynCf6AUBwIcwd7",
      "type" : "GeneralizationView",
      "modelElement" : {
        "id" : "JaynCf6AUBwIcwd6",
        "type" : "Generalization"
      },
      "shape" : {
        "id" : "ZaynCf6AUBwIcwd7_path",
        "type" : "Path",
        "points" : [ {
          "x" : 462,
          "y" : 161
        }, {
          "x" : 824,
          "y" : 161
        } ]
      },
      "source" : {
        "id" : "MmLbCf6AUBwIcwXA",
        "type" : "ClassView"
      },
      "target" : {
        "id" : "SBw7Cf6AUBwIcwYb",
        "type" : "ClassView"
      }
    }, {
      "id" : "JNXbCf6AUBwIcwX3",
      "type" : "ClassView",
      "modelElement" : {
        "id" : "JNXbCf6AUBwIcwX4",
        "type" : "Class"
      },
      "shape" : {
        "id" : "JNXbCf6AUBwIcwX3_shape",
        "type" : "Rectangle",
        "x" : 284,
        "y" : 666,
        "width" : 115,
        "height" : 40
      }
    }, {
      "id" : "GMcnCf6AUBwIcwdV",
      "type" : "RelationView",
      "modelElement" : {
        "id" : "KMcnCf6AUBwIcwdQ",
        "type" : "Relation"
      },
      "shape" : {
        "id" : "GMcnCf6AUBwIcwdV_path",
        "type" : "Path",
        "points" : [ {
          "x" : 442,
          "y" : 268
        }, {
          "x" : 442,
          "y" : 242
        }, {
          "x" : 695,
          "y" : 242
        }, {
          "x" : 695,
          "y" : 268
        } ]
      },
      "source" : {
        "id" : "NNbbCf6AUBwIcwXW",
        "type" : "ClassView"
      },
      "target" : {
        "id" : "3eE7Cf6AUBwIcwYm",
        "type" : "ClassView"
      }
    }, {
      "id" : "NNbbCf6AUBwIcwXW",
      "type" : "ClassView",
      "modelElement" : {
        "id" : "NNbbCf6AUBwIcwXX",
        "type" : "Class"
      },
      "shape" : {
        "id" : "NNbbCf6AUBwIcwXW_shape",
        "type" : "Rectangle",
        "x" : 346,
        "y" : 269,
        "width" : 115,
        "height" : 40
      }
    }, {
      "id" : "OErbCf6AUBwIcwXL",
      "type" : "ClassView",
      "modelElement" : {
        "id" : "OErbCf6AUBwIcwXM",
        "type" : "Class"
      },
      "shape" : {
        "id" : "OErbCf6AUBwIcwXL_shape",
        "type" : "Rectangle",
        "x" : 87,
        "y" : 269,
        "width" : 115,
        "height" : 40
      }
    }, {
      "id" : "3wU7Cf6AUBwIcwYx",
      "type" : "ClassView",
      "modelElement" : {
        "id" : "3wU7Cf6AUBwIcwYy",
        "type" : "Class"
      },
      "shape" : {
        "id" : "3wU7Cf6AUBwIcwYx_shape",
        "type" : "Rectangle",
        "x" : 551,
        "y" : 371,
        "width" : 115,
        "height" : 40
      }
    }, {
      "id" : "MmLbCf6AUBwIcwXA",
      "type" : "ClassView",
      "modelElement" : {
        "id" : "smLbCf6AUBwIcwXB",
        "type" : "Class"
      },
      "shape" : {
        "id" : "MmLbCf6AUBwIcwXA_shape",
        "type" : "Rectangle",
        "x" : 346,
        "y" : 141,
        "width" : 115,
        "height" : 40
      }
    }, {
      "id" : "anzHCf6AUBwIcwaj",
      "type" : "RelationView",
      "modelElement" : {
        "id" : "ynzHCf6AUBwIcwae",
        "type" : "Relation"
      },
      "shape" : {
        "id" : "anzHCf6AUBwIcwaj_path",
        "type" : "Path",
        "points" : [ {
          "x" : 144,
          "y" : 752
        }, {
          "x" : 144,
          "y" : 625
        } ]
      },
      "source" : {
        "id" : "LYvbCf6AUBwIcwYC",
        "type" : "ClassView"
      },
      "target" : {
        "id" : "JyHbCf6AUBwIcwXh",
        "type" : "ClassView"
      }
    }, {
      "id" : "5.0nCf6AUBwIcwc9",
      "type" : "RelationView",
      "modelElement" : {
        "id" : "J.0nCf6AUBwIcwc4",
        "type" : "Relation"
      },
      "shape" : {
        "id" : "5.0nCf6AUBwIcwc9_path",
        "type" : "Path",
        "points" : [ {
          "x" : 366,
          "y" : 310
        }, {
          "x" : 366,
          "y" : 358
        }, {
          "x" : 442,
          "y" : 358
        }, {
          "x" : 442,
          "y" : 310
        } ]
      },
      "source" : {
        "id" : "NNbbCf6AUBwIcwXW",
        "type" : "ClassView"
      },
      "target" : {
        "id" : "NNbbCf6AUBwIcwXW",
        "type" : "ClassView"
      }
    } ]
  } ]
}