{
  "id" : "PcpC8f6AUBAClQBO",
  "name" : "ontology",
  "description" : null,
  "type" : "Project",
  "model" : {
    "id" : "PcpC8f6AUBAClQBO_root",
    "name" : "ontology",
    "description" : null,
    "type" : "Package",
    "propertyAssignments" : null,
    "contents" : [ {
      "id" : "I.Si8f6AUBAClQWt",
      "name" : "Petroleum System",
      "description" : null,
      "type" : "Package",
      "propertyAssignments" : null,
      "contents" : [ {
        "id" : "h6Ki8f6AUBAClQW3",
        "name" : "Boundary",
        "description" : null,
        "type" : "Class",
        "propertyAssignments" : null,
        "stereotype" : "kind",
        "isAbstract" : false,
        "isDerived" : false,
        "properties" : [ {
          "id" : "L0T6Kf6AUBgIzwvs",
          "name" : "boundary",
          "description" : null,
          "type" : "Property",
          "propertyAssignments" : null,
          "stereotype" : null,
          "isDerived" : false,
          "isReadOnly" : false,
          "isOrdered" : false,
          "cardinality" : null,
          "propertyType" : {
            "id" : "COF6Kf6AUBgIzwu_",
            "type" : "Class"
          },
          "subsettedProperties" : null,
          "redefinedProperties" : null,
          "aggregationKind" : "NONE"
        } ],
        "isExtensional" : null,
        "isPowertype" : null,
        "order" : null,
        "literals" : null,
        "restrictedTo" : [ "functional-complex" ]
      }, {
        "id" : "h_ji8f6AUBAClQZZ",
        "name" : "Porosity",
        "description" : null,
        "type" : "Class",
        "propertyAssignments" : null,
        "stereotype" : "quality",
        "isAbstract" : false,
        "isDerived" : false,
        "properties" : [ {
          "id" : "q.u6Kf6AUBgIzwum",
          "name" : "value",
          "description" : null,
          "type" : "Property",
          "propertyAssignments" : null,
          "stereotype" : null,
          "isDerived" : false,
          "isReadOnly" : false,
          "isOrdered" : false,
          "cardinality" : null,
          "propertyType" : {
            "id" : "4Zw6Kf6AUBgIzws.",
            "type" : "Class"
          },
          "subsettedProperties" : null,
          "redefinedProperties" : null,
          "aggregationKind" : "NONE"
        } ],
        "isExtensional" : null,
        "isPowertype" : null,
        "order" : null,
        "literals" : null,
        "restrictedTo" : [ "quality" ]
      }, {
        "id" : "Bczi8f6AUBAClQZk",
        "name" : "Quantity Organic matter",
        "description" : null,
        "type" : "Class",
        "propertyAssignments" : null,
        "stereotype" : "quality",
        "isAbstract" : false,
        "isDerived" : false,
        "properties" : [ {
          "id" : "Or26Kf6AUBgIzwue",
          "name" : "value",
          "description" : null,
          "type" : "Property",
          "propertyAssignments" : null,
          "stereotype" : null,
          "isDerived" : false,
          "isReadOnly" : false,
          "isOrdered" : false,
          "cardinality" : null,
          "propertyType" : {
            "id" : "4Zw6Kf6AUBgIzws.",
            "type" : "Class"
          },
          "subsettedProperties" : null,
          "redefinedProperties" : null,
          "aggregationKind" : "NONE"
        } ],
        "isExtensional" : null,
        "isPowertype" : null,
        "order" : null,
        "literals" : null,
        "restrictedTo" : [ "quality" ]
      }, {
        "id" : "noDS8f6AUBAClQaS",
        "name" : "Hidrocarbon",
        "description" : null,
        "type" : "Class",
        "propertyAssignments" : null,
        "stereotype" : "quantity",
        "isAbstract" : false,
        "isDerived" : false,
        "properties" : null,
        "isExtensional" : null,
        "isPowertype" : null,
        "order" : null,
        "literals" : null,
        "restrictedTo" : [ "quantity" ]
      }, {
        "id" : "6ljS8f6AUBAClQad",
        "name" : "Oil",
        "description" : null,
        "type" : "Class",
        "propertyAssignments" : null,
        "stereotype" : "quantity",
        "isAbstract" : false,
        "isDerived" : false,
        "properties" : null,
        "isExtensional" : null,
        "isPowertype" : null,
        "order" : null,
        "literals" : null,
        "restrictedTo" : [ "quantity" ]
      }, {
        "id" : "ANTS8f6AUBAClQao",
        "name" : "Pre-generation",
        "description" : null,
        "type" : "Class",
        "propertyAssignments" : null,
        "stereotype" : "situation",
        "isAbstract" : false,
        "isDerived" : false,
        "properties" : [ {
          "id" : ".wgOKf6AUBgIzw3z",
          "name" : "pressure",
          "description" : null,
          "type" : "Property",
          "propertyAssignments" : null,
          "stereotype" : null,
          "isDerived" : false,
          "isReadOnly" : false,
          "isOrdered" : false,
          "cardinality" : null,
          "propertyType" : null,
          "subsettedProperties" : null,
          "redefinedProperties" : null,
          "aggregationKind" : "NONE"
        }, {
          "id" : "aeQOKf6AUBgIzw32",
          "name" : "temperature",
          "description" : null,
          "type" : "Property",
          "propertyAssignments" : null,
          "stereotype" : null,
          "isDerived" : false,
          "isReadOnly" : false,
          "isOrdered" : false,
          "cardinality" : null,
          "propertyType" : null,
          "subsettedProperties" : null,
          "redefinedProperties" : null,
          "aggregationKind" : "NONE"
        } ],
        "isExtensional" : null,
        "isPowertype" : null,
        "order" : null,
        "literals" : null,
        "restrictedTo" : [ "situation" ]
      }, {
        "id" : "uEyy8f6AUBAClQbG",
        "name" : "Generation",
        "description" : null,
        "type" : "Class",
        "propertyAssignments" : null,
        "stereotype" : "event",
        "isAbstract" : false,
        "isDerived" : false,
        "properties" : null,
        "isExtensional" : null,
        "isPowertype" : null,
        "order" : null,
        "literals" : null,
        "restrictedTo" : [ "event" ]
      }, {
        "id" : "DJKy8f6AUBAClQbR",
        "name" : "Oil + Mudstone + Porous Rock",
        "description" : null,
        "type" : "Class",
        "propertyAssignments" : null,
        "stereotype" : "situation",
        "isAbstract" : false,
        "isDerived" : false,
        "properties" : null,
        "isExtensional" : null,
        "isPowertype" : null,
        "order" : null,
        "literals" : null,
        "restrictedTo" : [ "situation" ]
      }, {
        "id" : "L4ry8f6AUBAClQbq",
        "name" : "Migration",
        "description" : null,
        "type" : "Class",
        "propertyAssignments" : null,
        "stereotype" : "event",
        "isAbstract" : false,
        "isDerived" : false,
        "properties" : null,
        "isExtensional" : null,
        "isPowertype" : null,
        "order" : null,
        "literals" : null,
        "restrictedTo" : [ "event" ]
      }, {
        "id" : "hV7y8f6AUBAClQcB",
        "name" : "Oil + Porous rock",
        "description" : null,
        "type" : "Class",
        "propertyAssignments" : null,
        "stereotype" : "situation",
        "isAbstract" : false,
        "isDerived" : false,
        "properties" : null,
        "isExtensional" : null,
        "isPowertype" : null,
        "order" : null,
        "literals" : null,
        "restrictedTo" : [ "situation" ]
      }, {
        "id" : "lbny8f6AUBAClQcM",
        "name" : "Acumulation",
        "description" : null,
        "type" : "Class",
        "propertyAssignments" : null,
        "stereotype" : "event",
        "isAbstract" : false,
        "isDerived" : false,
        "properties" : null,
        "isExtensional" : null,
        "isPowertype" : null,
        "order" : null,
        "literals" : null,
        "restrictedTo" : [ "event" ]
      }, {
        "id" : "AX3y8f6AUBAClQcX",
        "name" : "Oil + Trap",
        "description" : null,
        "type" : "Class",
        "propertyAssignments" : null,
        "stereotype" : "situation",
        "isAbstract" : false,
        "isDerived" : false,
        "properties" : null,
        "isExtensional" : null,
        "isPowertype" : null,
        "order" : null,
        "literals" : null,
        "restrictedTo" : [ "situation" ]
      }, {
        "id" : "ukoK8f6AUBAClQc6",
        "name" : "Source Rock",
        "description" : null,
        "type" : "Class",
        "propertyAssignments" : null,
        "stereotype" : "role",
        "isAbstract" : false,
        "isDerived" : false,
        "properties" : [ {
          "id" : "ms0mKf6AUBgIzwxY",
          "name" : "porosity",
          "description" : null,
          "type" : "Property",
          "propertyAssignments" : null,
          "stereotype" : null,
          "isDerived" : false,
          "isReadOnly" : true,
          "isOrdered" : false,
          "cardinality" : null,
          "propertyType" : {
            "id" : "4Zw6Kf6AUBgIzws.",
            "type" : "Class"
          },
          "subsettedProperties" : null,
          "redefinedProperties" : null,
          "aggregationKind" : "NONE"
        }, {
          "id" : "T30mKf6AUBgIzwxb",
          "name" : "organic matter",
          "description" : null,
          "type" : "Property",
          "propertyAssignments" : null,
          "stereotype" : null,
          "isDerived" : false,
          "isReadOnly" : true,
          "isOrdered" : false,
          "cardinality" : null,
          "propertyType" : {
            "id" : "4Zw6Kf6AUBgIzws.",
            "type" : "Class"
          },
          "subsettedProperties" : null,
          "redefinedProperties" : null,
          "aggregationKind" : "NONE"
        } ],
        "isExtensional" : false,
        "isPowertype" : null,
        "order" : null,
        "literals" : null,
        "restrictedTo" : [ "functional-complex" ]
      }, {
        "id" : "6KYK8f6AUBAClQdF",
        "name" : "Seal",
        "description" : null,
        "type" : "Class",
        "propertyAssignments" : null,
        "stereotype" : "role",
        "isAbstract" : false,
        "isDerived" : false,
        "properties" : [ {
          "id" : "rJbGKf6AUBgIzwwe",
          "name" : "porosity",
          "description" : null,
          "type" : "Property",
          "propertyAssignments" : null,
          "stereotype" : null,
          "isDerived" : false,
          "isReadOnly" : true,
          "isOrdered" : false,
          "cardinality" : null,
          "propertyType" : {
            "id" : "4Zw6Kf6AUBgIzws.",
            "type" : "Class"
          },
          "subsettedProperties" : null,
          "redefinedProperties" : null,
          "aggregationKind" : "NONE"
        } ],
        "isExtensional" : false,
        "isPowertype" : null,
        "order" : null,
        "literals" : null,
        "restrictedTo" : [ "functional-complex" ]
      }, {
        "id" : "7M4K8f6AUBAClQdQ",
        "name" : "Reservoir",
        "description" : null,
        "type" : "Class",
        "propertyAssignments" : null,
        "stereotype" : "role",
        "isAbstract" : false,
        "isDerived" : false,
        "properties" : [ {
          "id" : "rQfGKf6AUBgIzww0",
          "name" : "porosity",
          "description" : null,
          "type" : "Property",
          "propertyAssignments" : null,
          "stereotype" : null,
          "isDerived" : false,
          "isReadOnly" : true,
          "isOrdered" : false,
          "cardinality" : null,
          "propertyType" : {
            "id" : "4Zw6Kf6AUBgIzws.",
            "type" : "Class"
          },
          "subsettedProperties" : null,
          "redefinedProperties" : null,
          "aggregationKind" : "NONE"
        } ],
        "isExtensional" : false,
        "isPowertype" : null,
        "order" : null,
        "literals" : null,
        "restrictedTo" : [ "functional-complex" ]
      }, {
        "id" : "HGEK8f6AUBAClQdb",
        "name" : "Trap",
        "description" : null,
        "type" : "Class",
        "propertyAssignments" : null,
        "stereotype" : "mixin",
        "isAbstract" : false,
        "isDerived" : false,
        "properties" : [ {
          "id" : "M9NaKf6AUBgIzwst",
          "name" : "structure",
          "description" : null,
          "type" : "Property",
          "propertyAssignments" : null,
          "stereotype" : null,
          "isDerived" : false,
          "isReadOnly" : false,
          "isOrdered" : false,
          "cardinality" : null,
          "propertyType" : {
            "id" : "ENJaKf6AUBgIzwsM",
            "type" : "Class"
          },
          "subsettedProperties" : null,
          "redefinedProperties" : null,
          "aggregationKind" : "NONE"
        } ],
        "isExtensional" : false,
        "isPowertype" : null,
        "order" : null,
        "literals" : null,
        "restrictedTo" : [ "functional-complex" ]
      }, {
        "id" : "gK8K8f6AUBAClQd6",
        "name" : "Shale",
        "description" : null,
        "type" : "Class",
        "propertyAssignments" : null,
        "stereotype" : "quantity",
        "isAbstract" : false,
        "isDerived" : false,
        "properties" : [ {
          "id" : "WilmKf6AUBgIzwzc",
          "name" : "granulometry",
          "description" : null,
          "type" : "Property",
          "propertyAssignments" : null,
          "stereotype" : null,
          "isDerived" : false,
          "isReadOnly" : true,
          "isOrdered" : false,
          "cardinality" : null,
          "propertyType" : {
            "id" : "_uOmKf6AUBgIzwye",
            "type" : "Class"
          },
          "subsettedProperties" : null,
          "redefinedProperties" : null,
          "aggregationKind" : "NONE"
        }, {
          "id" : "Y2oWKf6AUBgIzw0V",
          "name" : "qtyOrganicMatter",
          "description" : null,
          "type" : "Property",
          "propertyAssignments" : null,
          "stereotype" : null,
          "isDerived" : false,
          "isReadOnly" : true,
          "isOrdered" : false,
          "cardinality" : null,
          "propertyType" : {
            "id" : "4Zw6Kf6AUBgIzws.",
            "type" : "Class"
          },
          "subsettedProperties" : null,
          "redefinedProperties" : null,
          "aggregationKind" : "NONE"
        } ],
        "isExtensional" : null,
        "isPowertype" : null,
        "order" : null,
        "literals" : null,
        "restrictedTo" : [ "quantity" ]
      }, {
        "id" : "ZhCK8f6AUBAClQeF",
        "name" : "Sandstone",
        "description" : null,
        "type" : "Class",
        "propertyAssignments" : null,
        "stereotype" : "quantity",
        "isAbstract" : false,
        "isDerived" : false,
        "properties" : [ {
          "id" : "a7bmKf6AUBgIzwz2",
          "name" : "granulometry",
          "description" : null,
          "type" : "Property",
          "propertyAssignments" : null,
          "stereotype" : null,
          "isDerived" : false,
          "isReadOnly" : false,
          "isOrdered" : false,
          "cardinality" : null,
          "propertyType" : {
            "id" : "_uOmKf6AUBgIzwye",
            "type" : "Class"
          },
          "subsettedProperties" : null,
          "redefinedProperties" : null,
          "aggregationKind" : "NONE"
        }, {
          "id" : "mVCWKf6AUBgIzw0x",
          "name" : "qtyOrganicMatter",
          "description" : null,
          "type" : "Property",
          "propertyAssignments" : null,
          "stereotype" : null,
          "isDerived" : false,
          "isReadOnly" : true,
          "isOrdered" : false,
          "cardinality" : null,
          "propertyType" : {
            "id" : "4Zw6Kf6AUBgIzws.",
            "type" : "Class"
          },
          "subsettedProperties" : null,
          "redefinedProperties" : null,
          "aggregationKind" : "NONE"
        } ],
        "isExtensional" : null,
        "isPowertype" : null,
        "order" : null,
        "literals" : null,
        "restrictedTo" : [ "quantity" ]
      }, {
        "id" : "cviK8f6AUBAClQeQ",
        "name" : "LithologicUnit qua shale",
        "description" : null,
        "type" : "Class",
        "propertyAssignments" : null,
        "stereotype" : "kind",
        "isAbstract" : false,
        "isDerived" : false,
        "properties" : null,
        "isExtensional" : null,
        "isPowertype" : null,
        "order" : null,
        "literals" : null,
        "restrictedTo" : [ "functional-complex" ]
      }, {
        "id" : "LJaK8f6AUBAClQep",
        "name" : "LithologicUnit qua sandstone",
        "description" : null,
        "type" : "Class",
        "propertyAssignments" : null,
        "stereotype" : "kind",
        "isAbstract" : false,
        "isDerived" : false,
        "properties" : null,
        "isExtensional" : null,
        "isPowertype" : null,
        "order" : null,
        "literals" : null,
        "restrictedTo" : [ "functional-complex" ]
      }, {
        "id" : "u0WK8f6AUBAClQe6",
        "name" : "Siliciclastic Rock",
        "description" : null,
        "type" : "Class",
        "propertyAssignments" : null,
        "stereotype" : "quantity",
        "isAbstract" : false,
        "isDerived" : false,
        "properties" : null,
        "isExtensional" : null,
        "isPowertype" : null,
        "order" : null,
        "literals" : null,
        "restrictedTo" : [ "quantity" ]
      }, {
        "id" : "dFuK8f6AUBAClQfH",
        "name" : "Rock",
        "description" : null,
        "type" : "Class",
        "propertyAssignments" : null,
        "stereotype" : "quantity",
        "isAbstract" : false,
        "isDerived" : false,
        "properties" : null,
        "isExtensional" : null,
        "isPowertype" : null,
        "order" : null,
        "literals" : null,
        "restrictedTo" : [ "quantity" ]
      }, {
        "id" : "PXBK8f6AUBAClQfU",
        "name" : "Lithological unit",
        "description" : null,
        "type" : "Class",
        "propertyAssignments" : null,
        "stereotype" : "kind",
        "isAbstract" : false,
        "isDerived" : false,
        "properties" : [ {
          "id" : "8a4aKf6AUBgIzwrs",
          "name" : "Dimensions",
          "description" : null,
          "type" : "Property",
          "propertyAssignments" : null,
          "stereotype" : null,
          "isDerived" : false,
          "isReadOnly" : false,
          "isOrdered" : false,
          "cardinality" : null,
          "propertyType" : {
            "id" : "AuzqKf6AUBgIzwrJ",
            "type" : "Class"
          },
          "subsettedProperties" : null,
          "redefinedProperties" : null,
          "aggregationKind" : "NONE"
        }, {
          "id" : "dfEaKf6AUBgIzwrx",
          "name" : "Top Contact",
          "description" : null,
          "type" : "Property",
          "propertyAssignments" : null,
          "stereotype" : null,
          "isDerived" : false,
          "isReadOnly" : false,
          "isOrdered" : false,
          "cardinality" : null,
          "propertyType" : {
            "id" : "feu9Df6AUB1CSgv5",
            "type" : "Class"
          },
          "subsettedProperties" : null,
          "redefinedProperties" : null,
          "aggregationKind" : "NONE"
        }, {
          "id" : "O7UaKf6AUBgIzwr1",
          "name" : "Bottom Contact",
          "description" : null,
          "type" : "Property",
          "propertyAssignments" : null,
          "stereotype" : null,
          "isDerived" : false,
          "isReadOnly" : false,
          "isOrdered" : false,
          "cardinality" : null,
          "propertyType" : {
            "id" : "feu9Df6AUB1CSgv5",
            "type" : "Class"
          },
          "subsettedProperties" : null,
          "redefinedProperties" : null,
          "aggregationKind" : "NONE"
        } ],
        "isExtensional" : null,
        "isPowertype" : null,
        "order" : null,
        "literals" : null,
        "restrictedTo" : [ "functional-complex" ]
      }, {
        "id" : "AuzqKf6AUBgIzwrJ",
        "name" : "Dimensions",
        "description" : null,
        "type" : "Class",
        "propertyAssignments" : null,
        "stereotype" : "enumeration",
        "isAbstract" : false,
        "isDerived" : false,
        "properties" : null,
        "isExtensional" : null,
        "isPowertype" : null,
        "order" : null,
        "literals" : [ {
          "id" : "8EvqKf6AUBgIzwrc",
          "name" : "thickness",
          "description" : null,
          "type" : "Literal",
          "propertyAssignments" : null
        }, {
          "id" : "OXgaKf6AUBgIzwrf",
          "name" : "length",
          "description" : null,
          "type" : "Literal",
          "propertyAssignments" : null
        }, {
          "id" : "R9waKf6AUBgIzwri",
          "name" : "depth",
          "description" : null,
          "type" : "Literal",
          "propertyAssignments" : null
        } ],
        "restrictedTo" : [ "abstract" ]
      }, {
        "id" : "ENJaKf6AUBgIzwsM",
        "name" : "Structure",
        "description" : null,
        "type" : "Class",
        "propertyAssignments" : null,
        "stereotype" : "enumeration",
        "isAbstract" : false,
        "isDerived" : false,
        "properties" : null,
        "isExtensional" : null,
        "isPowertype" : null,
        "order" : null,
        "literals" : [ {
          "id" : "JXFaKf6AUBgIzwsY",
          "name" : "anticlinal",
          "description" : null,
          "type" : "Literal",
          "propertyAssignments" : null
        }, {
          "id" : "lAVaKf6AUBgIzwsb",
          "name" : "dome",
          "description" : null,
          "type" : "Literal",
          "propertyAssignments" : null
        }, {
          "id" : "aCVaKf6AUBgIzwse",
          "name" : "fault",
          "description" : null,
          "type" : "Literal",
          "propertyAssignments" : null
        } ],
        "restrictedTo" : [ "abstract" ]
      }, {
        "id" : "4Zw6Kf6AUBgIzws.",
        "name" : "Value",
        "description" : null,
        "type" : "Class",
        "propertyAssignments" : null,
        "stereotype" : "enumeration",
        "isAbstract" : false,
        "isDerived" : false,
        "properties" : null,
        "isExtensional" : null,
        "isPowertype" : null,
        "order" : null,
        "literals" : [ {
          "id" : "IBE6Kf6AUBgIzwtM",
          "name" : "high",
          "description" : null,
          "type" : "Literal",
          "propertyAssignments" : null
        }, {
          "id" : "R6k6Kf6AUBgIzwtP",
          "name" : "medium",
          "description" : null,
          "type" : "Literal",
          "propertyAssignments" : null
        }, {
          "id" : "j7k6Kf6AUBgIzwtS",
          "name" : "low",
          "description" : null,
          "type" : "Literal",
          "propertyAssignments" : null
        }, {
          "id" : "S8U6Kf6AUBgIzwtV",
          "name" : "not present",
          "description" : null,
          "type" : "Literal",
          "propertyAssignments" : null
        } ],
        "restrictedTo" : [ "abstract" ]
      }, {
        "id" : "COF6Kf6AUBgIzwu_",
        "name" : "BoundaryType",
        "description" : null,
        "type" : "Class",
        "propertyAssignments" : null,
        "stereotype" : "enumeration",
        "isAbstract" : false,
        "isDerived" : false,
        "properties" : null,
        "isExtensional" : null,
        "isPowertype" : null,
        "order" : null,
        "literals" : [ {
          "id" : "wXN6Kf6AUBgIzwvL",
          "name" : "abrupt",
          "description" : null,
          "type" : "Literal",
          "propertyAssignments" : null
        }, {
          "id" : "Ii96Kf6AUBgIzwvY",
          "name" : "gradational",
          "description" : null,
          "type" : "Literal",
          "propertyAssignments" : null
        } ],
        "restrictedTo" : [ "abstract" ]
      }, {
        "id" : "_uOmKf6AUBgIzwye",
        "name" : "Granulometry",
        "description" : null,
        "type" : "Class",
        "propertyAssignments" : null,
        "stereotype" : "enumeration",
        "isAbstract" : false,
        "isDerived" : false,
        "properties" : null,
        "isExtensional" : null,
        "isPowertype" : null,
        "order" : null,
        "literals" : [ {
          "id" : "vnBmKf6AUBgIzwyw",
          "name" : "argile",
          "description" : null,
          "type" : "Literal",
          "propertyAssignments" : null
        }, {
          "id" : "VVhmKf6AUBgIzwyz",
          "name" : "sand",
          "description" : null,
          "type" : "Literal",
          "propertyAssignments" : null
        } ],
        "restrictedTo" : [ "abstract" ]
      }, {
        "id" : "feu9Df6AUB1CSgv5",
        "name" : "contact",
        "description" : null,
        "type" : "Class",
        "propertyAssignments" : null,
        "stereotype" : "datatype",
        "isAbstract" : false,
        "isDerived" : false,
        "properties" : null,
        "isExtensional" : null,
        "isPowertype" : null,
        "order" : null,
        "literals" : null,
        "restrictedTo" : [ "abstract" ]
      }, {
        "id" : "EMLG8f6AUBAClQhh",
        "name" : null,
        "description" : null,
        "type" : "Generalization",
        "propertyAssignments" : null,
        "general" : {
          "id" : "noDS8f6AUBAClQaS",
          "type" : "Class"
        },
        "specific" : {
          "id" : "6ljS8f6AUBAClQad",
          "type" : "Class"
        }
      }, {
        "id" : "byUW8f6AUBAClQlS",
        "name" : null,
        "description" : null,
        "type" : "Generalization",
        "propertyAssignments" : null,
        "general" : {
          "id" : "cviK8f6AUBAClQeQ",
          "type" : "Class"
        },
        "specific" : {
          "id" : "ukoK8f6AUBAClQc6",
          "type" : "Class"
        }
      }, {
        "id" : "S80W8f6AUBAClQlc",
        "name" : null,
        "description" : null,
        "type" : "Generalization",
        "propertyAssignments" : null,
        "general" : {
          "id" : "cviK8f6AUBAClQeQ",
          "type" : "Class"
        },
        "specific" : {
          "id" : "6KYK8f6AUBAClQdF",
          "type" : "Class"
        }
      }, {
        "id" : "0uMW8f6AUBAClQlm",
        "name" : null,
        "description" : null,
        "type" : "Generalization",
        "propertyAssignments" : null,
        "general" : {
          "id" : "LJaK8f6AUBAClQep",
          "type" : "Class"
        },
        "specific" : {
          "id" : "7M4K8f6AUBAClQdQ",
          "type" : "Class"
        }
      }, {
        "id" : "2bRW8f6AUBAClQm7",
        "name" : null,
        "description" : null,
        "type" : "Generalization",
        "propertyAssignments" : null,
        "general" : {
          "id" : "PXBK8f6AUBAClQfU",
          "type" : "Class"
        },
        "specific" : {
          "id" : "cviK8f6AUBAClQeQ",
          "type" : "Class"
        }
      }, {
        "id" : "V5JW8f6AUBAClQnF",
        "name" : null,
        "description" : null,
        "type" : "Generalization",
        "propertyAssignments" : null,
        "general" : {
          "id" : "PXBK8f6AUBAClQfU",
          "type" : "Class"
        },
        "specific" : {
          "id" : "LJaK8f6AUBAClQep",
          "type" : "Class"
        }
      }, {
        "id" : "Qg5W8f6AUBAClQnR",
        "name" : null,
        "description" : null,
        "type" : "Generalization",
        "propertyAssignments" : null,
        "general" : {
          "id" : "u0WK8f6AUBAClQe6",
          "type" : "Class"
        },
        "specific" : {
          "id" : "gK8K8f6AUBAClQd6",
          "type" : "Class"
        }
      }, {
        "id" : "1clW8f6AUBAClQni",
        "name" : null,
        "description" : null,
        "type" : "Generalization",
        "propertyAssignments" : null,
        "general" : {
          "id" : "u0WK8f6AUBAClQe6",
          "type" : "Class"
        },
        "specific" : {
          "id" : "ZhCK8f6AUBAClQeF",
          "type" : "Class"
        }
      }, {
        "id" : "TSVW8f6AUBAClQns",
        "name" : null,
        "description" : null,
        "type" : "Generalization",
        "propertyAssignments" : null,
        "general" : {
          "id" : "dFuK8f6AUBAClQfH",
          "type" : "Class"
        },
        "specific" : {
          "id" : "u0WK8f6AUBAClQe6",
          "type" : "Class"
        }
      }, {
        "id" : "qXVG8f6AUBAClQgq",
        "name" : null,
        "description" : null,
        "type" : "Relation",
        "propertyAssignments" : null,
        "stereotype" : "characterization",
        "isAbstract" : false,
        "isDerived" : false,
        "properties" : [ {
          "id" : "OXVG8f6AUBAClQgs",
          "name" : null,
          "description" : null,
          "type" : "Property",
          "propertyAssignments" : null,
          "stereotype" : null,
          "isDerived" : false,
          "isReadOnly" : false,
          "isOrdered" : false,
          "cardinality" : "1",
          "propertyType" : {
            "id" : "h6Ki8f6AUBAClQW3",
            "type" : "Class"
          },
          "subsettedProperties" : null,
          "redefinedProperties" : null,
          "aggregationKind" : "NONE"
        }, {
          "id" : "uXVG8f6AUBAClQgv",
          "name" : null,
          "description" : null,
          "type" : "Property",
          "propertyAssignments" : null,
          "stereotype" : null,
          "isDerived" : false,
          "isReadOnly" : true,
          "isOrdered" : false,
          "cardinality" : "1",
          "propertyType" : {
            "id" : "PXBK8f6AUBAClQfU",
            "type" : "Class"
          },
          "subsettedProperties" : null,
          "redefinedProperties" : null,
          "aggregationKind" : "NONE"
        } ]
      }, {
        "id" : "9_1G8f6AUBAClQg2",
        "name" : null,
        "description" : null,
        "type" : "Relation",
        "propertyAssignments" : null,
        "stereotype" : "characterization",
        "isAbstract" : false,
        "isDerived" : false,
        "properties" : [ {
          "id" : "9_1G8f6AUBAClQg3",
          "name" : null,
          "description" : null,
          "type" : "Property",
          "propertyAssignments" : null,
          "stereotype" : null,
          "isDerived" : false,
          "isReadOnly" : false,
          "isOrdered" : false,
          "cardinality" : "1",
          "propertyType" : {
            "id" : "h_ji8f6AUBAClQZZ",
            "type" : "Class"
          },
          "subsettedProperties" : null,
          "redefinedProperties" : null,
          "aggregationKind" : "NONE"
        }, {
          "id" : "9_1G8f6AUBAClQg5",
          "name" : null,
          "description" : null,
          "type" : "Property",
          "propertyAssignments" : null,
          "stereotype" : null,
          "isDerived" : false,
          "isReadOnly" : true,
          "isOrdered" : false,
          "cardinality" : "1",
          "propertyType" : {
            "id" : "u0WK8f6AUBAClQe6",
            "type" : "Class"
          },
          "subsettedProperties" : null,
          "redefinedProperties" : null,
          "aggregationKind" : "NONE"
        } ]
      }, {
        "id" : "eWtG8f6AUBAClQhA",
        "name" : null,
        "description" : null,
        "type" : "Relation",
        "propertyAssignments" : null,
        "stereotype" : "constitute",
        "isAbstract" : false,
        "isDerived" : false,
        "properties" : [ {
          "id" : "eWtG8f6AUBAClQhB",
          "name" : null,
          "description" : null,
          "type" : "Property",
          "propertyAssignments" : null,
          "stereotype" : null,
          "isDerived" : false,
          "isReadOnly" : false,
          "isOrdered" : false,
          "cardinality" : "*",
          "propertyType" : {
            "id" : "PXBK8f6AUBAClQfU",
            "type" : "Class"
          },
          "subsettedProperties" : null,
          "redefinedProperties" : null,
          "aggregationKind" : "NONE"
        }, {
          "id" : "eWtG8f6AUBAClQhD",
          "name" : "",
          "description" : null,
          "type" : "Property",
          "propertyAssignments" : null,
          "stereotype" : null,
          "isDerived" : false,
          "isReadOnly" : false,
          "isOrdered" : false,
          "cardinality" : "*",
          "propertyType" : {
            "id" : "dFuK8f6AUBAClQfH",
            "type" : "Class"
          },
          "subsettedProperties" : null,
          "redefinedProperties" : null,
          "aggregationKind" : "NONE"
        } ]
      }, {
        "id" : "Yk9G8f6AUBAClQhK",
        "name" : null,
        "description" : null,
        "type" : "Relation",
        "propertyAssignments" : null,
        "stereotype" : "characterization",
        "isAbstract" : false,
        "isDerived" : false,
        "properties" : [ {
          "id" : "Yk9G8f6AUBAClQhL",
          "name" : null,
          "description" : null,
          "type" : "Property",
          "propertyAssignments" : null,
          "stereotype" : null,
          "isDerived" : false,
          "isReadOnly" : false,
          "isOrdered" : false,
          "cardinality" : "1",
          "propertyType" : {
            "id" : "Bczi8f6AUBAClQZk",
            "type" : "Class"
          },
          "subsettedProperties" : null,
          "redefinedProperties" : null,
          "aggregationKind" : "NONE"
        }, {
          "id" : "Yk9G8f6AUBAClQhN",
          "name" : null,
          "description" : null,
          "type" : "Property",
          "propertyAssignments" : null,
          "stereotype" : null,
          "isDerived" : false,
          "isReadOnly" : true,
          "isOrdered" : false,
          "cardinality" : "1",
          "propertyType" : {
            "id" : "u0WK8f6AUBAClQe6",
            "type" : "Class"
          },
          "subsettedProperties" : null,
          "redefinedProperties" : null,
          "aggregationKind" : "NONE"
        } ]
      }, {
        "id" : "..rG8f6AUBAClQhp",
        "name" : null,
        "description" : null,
        "type" : "Relation",
        "propertyAssignments" : null,
        "stereotype" : "pre-state",
        "isAbstract" : false,
        "isDerived" : false,
        "properties" : [ {
          "id" : "..rG8f6AUBAClQhq",
          "name" : null,
          "description" : null,
          "type" : "Property",
          "propertyAssignments" : null,
          "stereotype" : null,
          "isDerived" : false,
          "isReadOnly" : false,
          "isOrdered" : false,
          "cardinality" : "*",
          "propertyType" : {
            "id" : "ANTS8f6AUBAClQao",
            "type" : "Class"
          },
          "subsettedProperties" : null,
          "redefinedProperties" : null,
          "aggregationKind" : "NONE"
        }, {
          "id" : "..rG8f6AUBAClQhs",
          "name" : "",
          "description" : null,
          "type" : "Property",
          "propertyAssignments" : null,
          "stereotype" : null,
          "isDerived" : false,
          "isReadOnly" : false,
          "isOrdered" : false,
          "cardinality" : "*",
          "propertyType" : {
            "id" : "uEyy8f6AUBAClQbG",
            "type" : "Class"
          },
          "subsettedProperties" : null,
          "redefinedProperties" : null,
          "aggregationKind" : "NONE"
        } ]
      }, {
        "id" : "fPrG8f6AUBAClQhz",
        "name" : null,
        "description" : null,
        "type" : "Relation",
        "propertyAssignments" : null,
        "stereotype" : "pos-state",
        "isAbstract" : false,
        "isDerived" : false,
        "properties" : [ {
          "id" : "fPrG8f6AUBAClQh0",
          "name" : null,
          "description" : null,
          "type" : "Property",
          "propertyAssignments" : null,
          "stereotype" : null,
          "isDerived" : false,
          "isReadOnly" : false,
          "isOrdered" : false,
          "cardinality" : "*",
          "propertyType" : {
            "id" : "uEyy8f6AUBAClQbG",
            "type" : "Class"
          },
          "subsettedProperties" : null,
          "redefinedProperties" : null,
          "aggregationKind" : "NONE"
        }, {
          "id" : "fPrG8f6AUBAClQh2",
          "name" : null,
          "description" : null,
          "type" : "Property",
          "propertyAssignments" : null,
          "stereotype" : null,
          "isDerived" : false,
          "isReadOnly" : false,
          "isOrdered" : false,
          "cardinality" : "*",
          "propertyType" : {
            "id" : "DJKy8f6AUBAClQbR",
            "type" : "Class"
          },
          "subsettedProperties" : null,
          "redefinedProperties" : null,
          "aggregationKind" : "NONE"
        } ]
      }, {
        "id" : "eWbG8f6AUBAClQh9",
        "name" : null,
        "description" : null,
        "type" : "Relation",
        "propertyAssignments" : null,
        "stereotype" : "pre-state",
        "isAbstract" : false,
        "isDerived" : false,
        "properties" : [ {
          "id" : "eWbG8f6AUBAClQh.",
          "name" : null,
          "description" : null,
          "type" : "Property",
          "propertyAssignments" : null,
          "stereotype" : null,
          "isDerived" : false,
          "isReadOnly" : false,
          "isOrdered" : false,
          "cardinality" : "*",
          "propertyType" : {
            "id" : "DJKy8f6AUBAClQbR",
            "type" : "Class"
          },
          "subsettedProperties" : null,
          "redefinedProperties" : null,
          "aggregationKind" : "NONE"
        }, {
          "id" : "eWbG8f6AUBAClQiA",
          "name" : null,
          "description" : null,
          "type" : "Property",
          "propertyAssignments" : null,
          "stereotype" : null,
          "isDerived" : false,
          "isReadOnly" : false,
          "isOrdered" : false,
          "cardinality" : "*",
          "propertyType" : {
            "id" : "L4ry8f6AUBAClQbq",
            "type" : "Class"
          },
          "subsettedProperties" : null,
          "redefinedProperties" : null,
          "aggregationKind" : "NONE"
        } ]
      }, {
        "id" : "f_bG8f6AUBAClQiH",
        "name" : null,
        "description" : null,
        "type" : "Relation",
        "propertyAssignments" : null,
        "stereotype" : "pos-state",
        "isAbstract" : false,
        "isDerived" : false,
        "properties" : [ {
          "id" : "f_bG8f6AUBAClQiI",
          "name" : null,
          "description" : null,
          "type" : "Property",
          "propertyAssignments" : null,
          "stereotype" : null,
          "isDerived" : false,
          "isReadOnly" : false,
          "isOrdered" : false,
          "cardinality" : "*",
          "propertyType" : {
            "id" : "L4ry8f6AUBAClQbq",
            "type" : "Class"
          },
          "subsettedProperties" : null,
          "redefinedProperties" : null,
          "aggregationKind" : "NONE"
        }, {
          "id" : "f_bG8f6AUBAClQiK",
          "name" : null,
          "description" : null,
          "type" : "Property",
          "propertyAssignments" : null,
          "stereotype" : null,
          "isDerived" : false,
          "isReadOnly" : false,
          "isOrdered" : false,
          "cardinality" : "*",
          "propertyType" : {
            "id" : "hV7y8f6AUBAClQcB",
            "type" : "Class"
          },
          "subsettedProperties" : null,
          "redefinedProperties" : null,
          "aggregationKind" : "NONE"
        } ]
      }, {
        "id" : "c6HG8f6AUBAClQiT",
        "name" : null,
        "description" : null,
        "type" : "Relation",
        "propertyAssignments" : null,
        "stereotype" : "pre-state",
        "isAbstract" : false,
        "isDerived" : false,
        "properties" : [ {
          "id" : "c6HG8f6AUBAClQiU",
          "name" : null,
          "description" : null,
          "type" : "Property",
          "propertyAssignments" : null,
          "stereotype" : null,
          "isDerived" : false,
          "isReadOnly" : false,
          "isOrdered" : false,
          "cardinality" : "*",
          "propertyType" : {
            "id" : "hV7y8f6AUBAClQcB",
            "type" : "Class"
          },
          "subsettedProperties" : null,
          "redefinedProperties" : null,
          "aggregationKind" : "NONE"
        }, {
          "id" : "c6HG8f6AUBAClQiW",
          "name" : null,
          "description" : null,
          "type" : "Property",
          "propertyAssignments" : null,
          "stereotype" : null,
          "isDerived" : false,
          "isReadOnly" : false,
          "isOrdered" : false,
          "cardinality" : "*",
          "propertyType" : {
            "id" : "lbny8f6AUBAClQcM",
            "type" : "Class"
          },
          "subsettedProperties" : null,
          "redefinedProperties" : null,
          "aggregationKind" : "NONE"
        } ]
      }, {
        "id" : "ZrHG8f6AUBAClQid",
        "name" : null,
        "description" : null,
        "type" : "Relation",
        "propertyAssignments" : null,
        "stereotype" : "pos-state",
        "isAbstract" : false,
        "isDerived" : false,
        "properties" : [ {
          "id" : "ZrHG8f6AUBAClQie",
          "name" : null,
          "description" : null,
          "type" : "Property",
          "propertyAssignments" : null,
          "stereotype" : null,
          "isDerived" : false,
          "isReadOnly" : false,
          "isOrdered" : false,
          "cardinality" : "*",
          "propertyType" : {
            "id" : "lbny8f6AUBAClQcM",
            "type" : "Class"
          },
          "subsettedProperties" : null,
          "redefinedProperties" : null,
          "aggregationKind" : "NONE"
        }, {
          "id" : "ZrHG8f6AUBAClQig",
          "name" : null,
          "description" : null,
          "type" : "Property",
          "propertyAssignments" : null,
          "stereotype" : null,
          "isDerived" : false,
          "isReadOnly" : false,
          "isOrdered" : false,
          "cardinality" : "*",
          "propertyType" : {
            "id" : "AX3y8f6AUBAClQcX",
            "type" : "Class"
          },
          "subsettedProperties" : null,
          "redefinedProperties" : null,
          "aggregationKind" : "NONE"
        } ]
      }, {
        "id" : "gMam8f6AUBAClQjj",
        "name" : null,
        "description" : null,
        "type" : "Relation",
        "propertyAssignments" : null,
        "stereotype" : null,
        "isAbstract" : false,
        "isDerived" : false,
        "properties" : [ {
          "id" : "gMam8f6AUBAClQjk",
          "name" : null,
          "description" : null,
          "type" : "Property",
          "propertyAssignments" : null,
          "stereotype" : null,
          "isDerived" : false,
          "isReadOnly" : false,
          "isOrdered" : false,
          "cardinality" : "*",
          "propertyType" : {
            "id" : "HGEK8f6AUBAClQdb",
            "type" : "Class"
          },
          "subsettedProperties" : null,
          "redefinedProperties" : null,
          "aggregationKind" : "SHARED"
        }, {
          "id" : "gMam8f6AUBAClQjm",
          "name" : null,
          "description" : null,
          "type" : "Property",
          "propertyAssignments" : null,
          "stereotype" : null,
          "isDerived" : false,
          "isReadOnly" : false,
          "isOrdered" : false,
          "cardinality" : "*",
          "propertyType" : {
            "id" : "AX3y8f6AUBAClQcX",
            "type" : "Class"
          },
          "subsettedProperties" : null,
          "redefinedProperties" : null,
          "aggregationKind" : "NONE"
        } ]
      }, {
        "id" : "H82m8f6AUBAClQj9",
        "name" : null,
        "description" : null,
        "type" : "Relation",
        "propertyAssignments" : null,
        "stereotype" : null,
        "isAbstract" : false,
        "isDerived" : false,
        "properties" : [ {
          "id" : "H82m8f6AUBAClQj.",
          "name" : null,
          "description" : null,
          "type" : "Property",
          "propertyAssignments" : null,
          "stereotype" : null,
          "isDerived" : false,
          "isReadOnly" : false,
          "isOrdered" : false,
          "cardinality" : "*",
          "propertyType" : {
            "id" : "7M4K8f6AUBAClQdQ",
            "type" : "Class"
          },
          "subsettedProperties" : null,
          "redefinedProperties" : null,
          "aggregationKind" : "SHARED"
        }, {
          "id" : "H82m8f6AUBAClQkA",
          "name" : null,
          "description" : null,
          "type" : "Property",
          "propertyAssignments" : null,
          "stereotype" : null,
          "isDerived" : false,
          "isReadOnly" : false,
          "isOrdered" : false,
          "cardinality" : "*",
          "propertyType" : {
            "id" : "HGEK8f6AUBAClQdb",
            "type" : "Class"
          },
          "subsettedProperties" : null,
          "redefinedProperties" : null,
          "aggregationKind" : "NONE"
        } ]
      }, {
        "id" : "1f2m8f6AUBAClQkI",
        "name" : null,
        "description" : null,
        "type" : "Relation",
        "propertyAssignments" : null,
        "stereotype" : null,
        "isAbstract" : false,
        "isDerived" : false,
        "properties" : [ {
          "id" : "1f2m8f6AUBAClQkJ",
          "name" : null,
          "description" : null,
          "type" : "Property",
          "propertyAssignments" : null,
          "stereotype" : null,
          "isDerived" : false,
          "isReadOnly" : false,
          "isOrdered" : false,
          "cardinality" : "*",
          "propertyType" : {
            "id" : "6KYK8f6AUBAClQdF",
            "type" : "Class"
          },
          "subsettedProperties" : null,
          "redefinedProperties" : null,
          "aggregationKind" : "SHARED"
        }, {
          "id" : "1f2m8f6AUBAClQkL",
          "name" : null,
          "description" : null,
          "type" : "Property",
          "propertyAssignments" : null,
          "stereotype" : null,
          "isDerived" : false,
          "isReadOnly" : false,
          "isOrdered" : false,
          "cardinality" : "*",
          "propertyType" : {
            "id" : "HGEK8f6AUBAClQdb",
            "type" : "Class"
          },
          "subsettedProperties" : null,
          "redefinedProperties" : null,
          "aggregationKind" : "NONE"
        } ]
      }, {
        "id" : "0dpm8f6AUBAClQkk",
        "name" : null,
        "description" : null,
        "type" : "Relation",
        "propertyAssignments" : null,
        "stereotype" : null,
        "isAbstract" : false,
        "isDerived" : false,
        "properties" : [ {
          "id" : "0dpm8f6AUBAClQkl",
          "name" : null,
          "description" : null,
          "type" : "Property",
          "propertyAssignments" : null,
          "stereotype" : null,
          "isDerived" : false,
          "isReadOnly" : false,
          "isOrdered" : false,
          "cardinality" : "*",
          "propertyType" : {
            "id" : "6ljS8f6AUBAClQad",
            "type" : "Class"
          },
          "subsettedProperties" : null,
          "redefinedProperties" : null,
          "aggregationKind" : "SHARED"
        }, {
          "id" : "0dpm8f6AUBAClQkn",
          "name" : null,
          "description" : null,
          "type" : "Property",
          "propertyAssignments" : null,
          "stereotype" : null,
          "isDerived" : false,
          "isReadOnly" : false,
          "isOrdered" : false,
          "cardinality" : "*",
          "propertyType" : {
            "id" : "hV7y8f6AUBAClQcB",
            "type" : "Class"
          },
          "subsettedProperties" : null,
          "redefinedProperties" : null,
          "aggregationKind" : "NONE"
        } ]
      }, {
        "id" : "2CFm8f6AUBAClQks",
        "name" : null,
        "description" : null,
        "type" : "Relation",
        "propertyAssignments" : null,
        "stereotype" : null,
        "isAbstract" : false,
        "isDerived" : false,
        "properties" : [ {
          "id" : "2CFm8f6AUBAClQkt",
          "name" : null,
          "description" : null,
          "type" : "Property",
          "propertyAssignments" : null,
          "stereotype" : null,
          "isDerived" : false,
          "isReadOnly" : false,
          "isOrdered" : false,
          "cardinality" : "*",
          "propertyType" : {
            "id" : "6ljS8f6AUBAClQad",
            "type" : "Class"
          },
          "subsettedProperties" : null,
          "redefinedProperties" : null,
          "aggregationKind" : "SHARED"
        }, {
          "id" : "2CFm8f6AUBAClQkv",
          "name" : null,
          "description" : null,
          "type" : "Property",
          "propertyAssignments" : null,
          "stereotype" : null,
          "isDerived" : false,
          "isReadOnly" : false,
          "isOrdered" : false,
          "cardinality" : "*",
          "propertyType" : {
            "id" : "AX3y8f6AUBAClQcX",
            "type" : "Class"
          },
          "subsettedProperties" : null,
          "redefinedProperties" : null,
          "aggregationKind" : "NONE"
        } ]
      }, {
        "id" : "ET1m8f6AUBAClQk8",
        "name" : null,
        "description" : null,
        "type" : "Relation",
        "propertyAssignments" : null,
        "stereotype" : null,
        "isAbstract" : false,
        "isDerived" : false,
        "properties" : [ {
          "id" : "ET1m8f6AUBAClQk9",
          "name" : null,
          "description" : null,
          "type" : "Property",
          "propertyAssignments" : null,
          "stereotype" : null,
          "isDerived" : false,
          "isReadOnly" : false,
          "isOrdered" : false,
          "cardinality" : "*",
          "propertyType" : {
            "id" : "6ljS8f6AUBAClQad",
            "type" : "Class"
          },
          "subsettedProperties" : null,
          "redefinedProperties" : null,
          "aggregationKind" : "SHARED"
        }, {
          "id" : "kT1m8f6AUBAClQk_",
          "name" : null,
          "description" : null,
          "type" : "Property",
          "propertyAssignments" : null,
          "stereotype" : null,
          "isDerived" : false,
          "isReadOnly" : false,
          "isOrdered" : false,
          "cardinality" : "*",
          "propertyType" : {
            "id" : "DJKy8f6AUBAClQbR",
            "type" : "Class"
          },
          "subsettedProperties" : null,
          "redefinedProperties" : null,
          "aggregationKind" : "NONE"
        } ]
      }, {
        "id" : "GH8W8f6AUBAClQlu",
        "name" : null,
        "description" : null,
        "type" : "Relation",
        "propertyAssignments" : null,
        "stereotype" : null,
        "isAbstract" : false,
        "isDerived" : false,
        "properties" : [ {
          "id" : "GH8W8f6AUBAClQlv",
          "name" : null,
          "description" : null,
          "type" : "Property",
          "propertyAssignments" : null,
          "stereotype" : null,
          "isDerived" : false,
          "isReadOnly" : false,
          "isOrdered" : false,
          "cardinality" : "*",
          "propertyType" : {
            "id" : "LJaK8f6AUBAClQep",
            "type" : "Class"
          },
          "subsettedProperties" : null,
          "redefinedProperties" : null,
          "aggregationKind" : "SHARED"
        }, {
          "id" : "GH8W8f6AUBAClQlx",
          "name" : null,
          "description" : null,
          "type" : "Property",
          "propertyAssignments" : null,
          "stereotype" : null,
          "isDerived" : false,
          "isReadOnly" : false,
          "isOrdered" : false,
          "cardinality" : "*",
          "propertyType" : {
            "id" : "hV7y8f6AUBAClQcB",
            "type" : "Class"
          },
          "subsettedProperties" : null,
          "redefinedProperties" : null,
          "aggregationKind" : "NONE"
        } ]
      }, {
        "id" : "wF6W8f6AUBAClQmI",
        "name" : null,
        "description" : null,
        "type" : "Relation",
        "propertyAssignments" : null,
        "stereotype" : null,
        "isAbstract" : false,
        "isDerived" : false,
        "properties" : [ {
          "id" : "wF6W8f6AUBAClQmJ",
          "name" : null,
          "description" : null,
          "type" : "Property",
          "propertyAssignments" : null,
          "stereotype" : null,
          "isDerived" : false,
          "isReadOnly" : false,
          "isOrdered" : false,
          "cardinality" : "*",
          "propertyType" : {
            "id" : "LJaK8f6AUBAClQep",
            "type" : "Class"
          },
          "subsettedProperties" : null,
          "redefinedProperties" : null,
          "aggregationKind" : "SHARED"
        }, {
          "id" : "wF6W8f6AUBAClQmL",
          "name" : null,
          "description" : null,
          "type" : "Property",
          "propertyAssignments" : null,
          "stereotype" : null,
          "isDerived" : false,
          "isReadOnly" : false,
          "isOrdered" : false,
          "cardinality" : "*",
          "propertyType" : {
            "id" : "DJKy8f6AUBAClQbR",
            "type" : "Class"
          },
          "subsettedProperties" : null,
          "redefinedProperties" : null,
          "aggregationKind" : "NONE"
        } ]
      }, {
        "id" : "kGWW8f6AUBAClQmT",
        "name" : null,
        "description" : null,
        "type" : "Relation",
        "propertyAssignments" : null,
        "stereotype" : null,
        "isAbstract" : false,
        "isDerived" : false,
        "properties" : [ {
          "id" : "kGWW8f6AUBAClQmU",
          "name" : null,
          "description" : null,
          "type" : "Property",
          "propertyAssignments" : null,
          "stereotype" : null,
          "isDerived" : false,
          "isReadOnly" : false,
          "isOrdered" : false,
          "cardinality" : "*",
          "propertyType" : {
            "id" : "cviK8f6AUBAClQeQ",
            "type" : "Class"
          },
          "subsettedProperties" : null,
          "redefinedProperties" : null,
          "aggregationKind" : "SHARED"
        }, {
          "id" : "kGWW8f6AUBAClQmW",
          "name" : null,
          "description" : null,
          "type" : "Property",
          "propertyAssignments" : null,
          "stereotype" : null,
          "isDerived" : false,
          "isReadOnly" : false,
          "isOrdered" : false,
          "cardinality" : "*",
          "propertyType" : {
            "id" : "DJKy8f6AUBAClQbR",
            "type" : "Class"
          },
          "subsettedProperties" : null,
          "redefinedProperties" : null,
          "aggregationKind" : "NONE"
        } ]
      }, {
        "id" : "ZX.W8f6AUBAClQml",
        "name" : null,
        "description" : null,
        "type" : "Relation",
        "propertyAssignments" : null,
        "stereotype" : "constitute",
        "isAbstract" : false,
        "isDerived" : false,
        "properties" : [ {
          "id" : "ZX.W8f6AUBAClQmm",
          "name" : null,
          "description" : null,
          "type" : "Property",
          "propertyAssignments" : null,
          "stereotype" : null,
          "isDerived" : false,
          "isReadOnly" : false,
          "isOrdered" : false,
          "cardinality" : "*",
          "propertyType" : {
            "id" : "cviK8f6AUBAClQeQ",
            "type" : "Class"
          },
          "subsettedProperties" : null,
          "redefinedProperties" : null,
          "aggregationKind" : "NONE"
        }, {
          "id" : "ZX.W8f6AUBAClQmo",
          "name" : null,
          "description" : null,
          "type" : "Property",
          "propertyAssignments" : null,
          "stereotype" : null,
          "isDerived" : false,
          "isReadOnly" : false,
          "isOrdered" : false,
          "cardinality" : "*",
          "propertyType" : {
            "id" : "gK8K8f6AUBAClQd6",
            "type" : "Class"
          },
          "subsettedProperties" : null,
          "redefinedProperties" : null,
          "aggregationKind" : "NONE"
        } ]
      }, {
        "id" : "8uBW8f6AUBAClQmv",
        "name" : null,
        "description" : null,
        "type" : "Relation",
        "propertyAssignments" : null,
        "stereotype" : "constitute",
        "isAbstract" : false,
        "isDerived" : false,
        "properties" : [ {
          "id" : "8uBW8f6AUBAClQmw",
          "name" : null,
          "description" : null,
          "type" : "Property",
          "propertyAssignments" : null,
          "stereotype" : null,
          "isDerived" : false,
          "isReadOnly" : false,
          "isOrdered" : false,
          "cardinality" : "*",
          "propertyType" : {
            "id" : "LJaK8f6AUBAClQep",
            "type" : "Class"
          },
          "subsettedProperties" : null,
          "redefinedProperties" : null,
          "aggregationKind" : "NONE"
        }, {
          "id" : "8uBW8f6AUBAClQmy",
          "name" : null,
          "description" : null,
          "type" : "Property",
          "propertyAssignments" : null,
          "stereotype" : null,
          "isDerived" : false,
          "isReadOnly" : false,
          "isOrdered" : false,
          "cardinality" : "*",
          "propertyType" : {
            "id" : "ZhCK8f6AUBAClQeF",
            "type" : "Class"
          },
          "subsettedProperties" : null,
          "redefinedProperties" : null,
          "aggregationKind" : "NONE"
        } ]
      } ]
    } ]
  },
  "diagrams" : [ {
    "id" : "t8ii8f6AUBAClQWe",
    "name" : "Petroleum System",
    "description" : null,
    "type" : "Diagram",
    "owner" : {
      "id" : "I.Si8f6AUBAClQWt",
      "type" : "Package"
    },
    "contents" : [ {
      "id" : "Bczi8f6AUBAClQZj",
      "type" : "ClassView",
      "modelElement" : {
        "id" : "Bczi8f6AUBAClQZk",
        "type" : "Class"
      },
      "shape" : {
        "id" : "Bczi8f6AUBAClQZj_shape",
        "type" : "Rectangle",
        "x" : 201,
        "y" : 333,
        "width" : 165,
        "height" : 68
      }
    }, {
      "id" : "7clW8f6AUBAClQnj",
      "type" : "GeneralizationView",
      "modelElement" : {
        "id" : "1clW8f6AUBAClQni",
        "type" : "Generalization"
      },
      "shape" : {
        "id" : "7clW8f6AUBAClQnj_path",
        "type" : "Path",
        "points" : [ {
          "x" : 921,
          "y" : 284
        }, {
          "x" : 921,
          "y" : 333
        }, {
          "x" : 1049,
          "y" : 333
        }, {
          "x" : 1049,
          "y" : 358
        } ]
      },
      "source" : {
        "id" : "u0WK8f6AUBAClQe5",
        "type" : "ClassView"
      },
      "target" : {
        "id" : "ZhCK8f6AUBAClQeE",
        "type" : "ClassView"
      }
    }, {
      "id" : "DXVG8f6AUBAClQgx",
      "type" : "RelationView",
      "modelElement" : {
        "id" : "qXVG8f6AUBAClQgq",
        "type" : "Relation"
      },
      "shape" : {
        "id" : "DXVG8f6AUBAClQgx_path",
        "type" : "Path",
        "points" : [ {
          "x" : 366,
          "y" : 130
        }, {
          "x" : 530,
          "y" : 130
        } ]
      },
      "source" : {
        "id" : "e6Ki8f6AUBAClQW2",
        "type" : "ClassView"
      },
      "target" : {
        "id" : "PXBK8f6AUBAClQfT",
        "type" : "ClassView"
      }
    }, {
      "id" : "sA7G8f6AUBAClQiM",
      "type" : "RelationView",
      "modelElement" : {
        "id" : "f_bG8f6AUBAClQiH",
        "type" : "Relation"
      },
      "shape" : {
        "id" : "sA7G8f6AUBAClQiM_path",
        "type" : "Path",
        "points" : [ {
          "x" : 862,
          "y" : 1062
        }, {
          "x" : 920,
          "y" : 1062
        }, {
          "x" : 920,
          "y" : 973
        } ]
      },
      "source" : {
        "id" : "L4ry8f6AUBAClQbp",
        "type" : "ClassView"
      },
      "target" : {
        "id" : "hV7y8f6AUBAClQcA",
        "type" : "ClassView"
      }
    }, {
      "id" : "O80W8f6AUBAClQld",
      "type" : "GeneralizationView",
      "modelElement" : {
        "id" : "S80W8f6AUBAClQlc",
        "type" : "Generalization"
      },
      "shape" : {
        "id" : "O80W8f6AUBAClQld_path",
        "type" : "Path",
        "points" : [ {
          "x" : 856,
          "y" : 532
        }, {
          "x" : 856,
          "y" : 635
        } ]
      },
      "source" : {
        "id" : "cviK8f6AUBAClQeP",
        "type" : "ClassView"
      },
      "target" : {
        "id" : "6KYK8f6AUBAClQdE",
        "type" : "ClassView"
      }
    }, {
      "id" : "HGEK8f6AUBAClQda",
      "type" : "ClassView",
      "modelElement" : {
        "id" : "HGEK8f6AUBAClQdb",
        "type" : "Class"
      },
      "shape" : {
        "id" : "HGEK8f6AUBAClQda_shape",
        "type" : "Rectangle",
        "x" : 861,
        "y" : 780,
        "width" : 165,
        "height" : 68
      }
    }, {
      "id" : "5CFm8f6AUBAClQkx",
      "type" : "RelationView",
      "modelElement" : {
        "id" : "2CFm8f6AUBAClQks",
        "type" : "Relation"
      },
      "shape" : {
        "id" : "5CFm8f6AUBAClQkx_path",
        "type" : "Path",
        "points" : [ {
          "x" : 386,
          "y" : 735
        }, {
          "x" : 1207,
          "y" : 735
        }, {
          "x" : 1207,
          "y" : 904
        } ]
      },
      "source" : {
        "id" : "6ljS8f6AUBAClQac",
        "type" : "ClassView"
      },
      "target" : {
        "id" : "AX3y8f6AUBAClQcW",
        "type" : "ClassView"
      }
    }, {
      "id" : "byUW8f6AUBAClQlT",
      "type" : "GeneralizationView",
      "modelElement" : {
        "id" : "byUW8f6AUBAClQlS",
        "type" : "Generalization"
      },
      "shape" : {
        "id" : "byUW8f6AUBAClQlT_path",
        "type" : "Path",
        "points" : [ {
          "x" : 796,
          "y" : 532
        }, {
          "x" : 796,
          "y" : 576
        }, {
          "x" : 546,
          "y" : 576
        }, {
          "x" : 546,
          "y" : 631
        } ]
      },
      "source" : {
        "id" : "cviK8f6AUBAClQeP",
        "type" : "ClassView"
      },
      "target" : {
        "id" : "ukoK8f6AUBAClQc5",
        "type" : "ClassView"
      }
    }, {
      "id" : "cviK8f6AUBAClQeP",
      "type" : "ClassView",
      "modelElement" : {
        "id" : "cviK8f6AUBAClQeQ",
        "type" : "Class"
      },
      "shape" : {
        "id" : "cviK8f6AUBAClQeP_shape",
        "type" : "Rectangle",
        "x" : 695,
        "y" : 450,
        "width" : 215,
        "height" : 82
      }
    }, {
      "id" : "L4ry8f6AUBAClQbp",
      "type" : "ClassView",
      "modelElement" : {
        "id" : "L4ry8f6AUBAClQbq",
        "type" : "Class"
      },
      "shape" : {
        "id" : "L4ry8f6AUBAClQbp_shape",
        "type" : "Rectangle",
        "x" : 695,
        "y" : 1027,
        "width" : 165,
        "height" : 68
      }
    }, {
      "id" : "Peu9Df6AUB1CSgv4",
      "type" : "ClassView",
      "modelElement" : {
        "id" : "feu9Df6AUB1CSgv5",
        "type" : "Class"
      },
      "shape" : {
        "id" : "Peu9Df6AUB1CSgv4_shape",
        "type" : "Rectangle",
        "x" : 1415,
        "y" : 254,
        "width" : 113,
        "height" : 40
      }
    }, {
      "id" : "h_ji8f6AUBAClQZY",
      "type" : "ClassView",
      "modelElement" : {
        "id" : "h_ji8f6AUBAClQZZ",
        "type" : "Class"
      },
      "shape" : {
        "id" : "h_ji8f6AUBAClQZY_shape",
        "type" : "Rectangle",
        "x" : 201,
        "y" : 215,
        "width" : 165,
        "height" : 68
      }
    }, {
      "id" : "PXBK8f6AUBAClQfT",
      "type" : "ClassView",
      "modelElement" : {
        "id" : "PXBK8f6AUBAClQfU",
        "type" : "Class"
      },
      "shape" : {
        "id" : "PXBK8f6AUBAClQfT_shape",
        "type" : "Rectangle",
        "x" : 530,
        "y" : 95,
        "width" : 165,
        "height" : 83
      }
    }, {
      "id" : "gK8K8f6AUBAClQd5",
      "type" : "ClassView",
      "modelElement" : {
        "id" : "gK8K8f6AUBAClQd6",
        "type" : "Class"
      },
      "shape" : {
        "id" : "gK8K8f6AUBAClQd5_shape",
        "type" : "Rectangle",
        "x" : 695,
        "y" : 357,
        "width" : 215,
        "height" : 68
      }
    }, {
      "id" : "COF6Kf6AUBgIzwu.",
      "type" : "ClassView",
      "modelElement" : {
        "id" : "COF6Kf6AUBgIzwu_",
        "type" : "Class"
      },
      "shape" : {
        "id" : "COF6Kf6AUBgIzwu._shape",
        "type" : "Rectangle",
        "x" : 1415,
        "y" : 165,
        "width" : 113,
        "height" : 65
      }
    }, {
      "id" : "DJKy8f6AUBAClQbQ",
      "type" : "ClassView",
      "modelElement" : {
        "id" : "DJKy8f6AUBAClQbR",
        "type" : "Class"
      },
      "shape" : {
        "id" : "DJKy8f6AUBAClQbQ_shape",
        "type" : "Rectangle",
        "x" : 497,
        "y" : 904,
        "width" : 166,
        "height" : 68
      }
    }, {
      "id" : "gMam8f6AUBAClQjo",
      "type" : "RelationView",
      "modelElement" : {
        "id" : "gMam8f6AUBAClQjj",
        "type" : "Relation"
      },
      "shape" : {
        "id" : "gMam8f6AUBAClQjo_path",
        "type" : "Path",
        "points" : [ {
          "x" : 1026,
          "y" : 813
        }, {
          "x" : 1172,
          "y" : 813
        }, {
          "x" : 1172,
          "y" : 904
        } ]
      },
      "source" : {
        "id" : "HGEK8f6AUBAClQda",
        "type" : "ClassView"
      },
      "target" : {
        "id" : "AX3y8f6AUBAClQcW",
        "type" : "ClassView"
      }
    }, {
      "id" : "noDS8f6AUBAClQaR",
      "type" : "ClassView",
      "modelElement" : {
        "id" : "noDS8f6AUBAClQaS",
        "type" : "Class"
      },
      "shape" : {
        "id" : "noDS8f6AUBAClQaR_shape",
        "type" : "Rectangle",
        "x" : 221,
        "y" : 613,
        "width" : 165,
        "height" : 68
      }
    }, {
      "id" : "lbny8f6AUBAClQcL",
      "type" : "ClassView",
      "modelElement" : {
        "id" : "lbny8f6AUBAClQcM",
        "type" : "Class"
      },
      "shape" : {
        "id" : "lbny8f6AUBAClQcL_shape",
        "type" : "Rectangle",
        "x" : 1013,
        "y" : 1021,
        "width" : 165,
        "height" : 68
      }
    }, {
      "id" : "ZhCK8f6AUBAClQeE",
      "type" : "ClassView",
      "modelElement" : {
        "id" : "ZhCK8f6AUBAClQeF",
        "type" : "Class"
      },
      "shape" : {
        "id" : "ZhCK8f6AUBAClQeE_shape",
        "type" : "Rectangle",
        "x" : 942,
        "y" : 357,
        "width" : 215,
        "height" : 65
      }
    }, {
      "id" : "ig5W8f6AUBAClQnS",
      "type" : "GeneralizationView",
      "modelElement" : {
        "id" : "Qg5W8f6AUBAClQnR",
        "type" : "Generalization"
      },
      "shape" : {
        "id" : "ig5W8f6AUBAClQnS_path",
        "type" : "Path",
        "points" : [ {
          "x" : 921,
          "y" : 284
        }, {
          "x" : 921,
          "y" : 333
        }, {
          "x" : 803,
          "y" : 333
        }, {
          "x" : 803,
          "y" : 358
        } ]
      },
      "source" : {
        "id" : "u0WK8f6AUBAClQe5",
        "type" : "ClassView"
      },
      "target" : {
        "id" : "gK8K8f6AUBAClQd5",
        "type" : "ClassView"
      }
    }, {
      "id" : "ZbRW8f6AUBAClQm8",
      "type" : "GeneralizationView",
      "modelElement" : {
        "id" : "2bRW8f6AUBAClQm7",
        "type" : "Generalization"
      },
      "shape" : {
        "id" : "ZbRW8f6AUBAClQm8_path",
        "type" : "Path",
        "points" : [ {
          "x" : 611,
          "y" : 180
        }, {
          "x" : 611,
          "y" : 499
        }, {
          "x" : 695,
          "y" : 499
        } ]
      },
      "source" : {
        "id" : "PXBK8f6AUBAClQfT",
        "type" : "ClassView"
      },
      "target" : {
        "id" : "cviK8f6AUBAClQeP",
        "type" : "ClassView"
      }
    }, {
      "id" : "e6Ki8f6AUBAClQW2",
      "type" : "ClassView",
      "modelElement" : {
        "id" : "h6Ki8f6AUBAClQW3",
        "type" : "Class"
      },
      "shape" : {
        "id" : "e6Ki8f6AUBAClQW2_shape",
        "type" : "Rectangle",
        "x" : 201,
        "y" : 97,
        "width" : 165,
        "height" : 68
      }
    }, {
      "id" : "uEyy8f6AUBAClQbF",
      "type" : "ClassView",
      "modelElement" : {
        "id" : "uEyy8f6AUBAClQbG",
        "type" : "Class"
      },
      "shape" : {
        "id" : "uEyy8f6AUBAClQbF_shape",
        "type" : "Rectangle",
        "x" : 333,
        "y" : 1027,
        "width" : 165,
        "height" : 68
      }
    }, {
      "id" : "VWbG8f6AUBAClQiC",
      "type" : "RelationView",
      "modelElement" : {
        "id" : "eWbG8f6AUBAClQh9",
        "type" : "Relation"
      },
      "shape" : {
        "id" : "VWbG8f6AUBAClQiC_path",
        "type" : "Path",
        "points" : [ {
          "x" : 636,
          "y" : 973
        }, {
          "x" : 636,
          "y" : 1062
        }, {
          "x" : 695,
          "y" : 1062
        } ]
      },
      "source" : {
        "id" : "DJKy8f6AUBAClQbQ",
        "type" : "ClassView"
      },
      "target" : {
        "id" : "L4ry8f6AUBAClQbp",
        "type" : "ClassView"
      }
    }, {
      "id" : "vSVW8f6AUBAClQnt",
      "type" : "GeneralizationView",
      "modelElement" : {
        "id" : "TSVW8f6AUBAClQns",
        "type" : "Generalization"
      },
      "shape" : {
        "id" : "vSVW8f6AUBAClQnt_path",
        "type" : "Path",
        "points" : [ {
          "x" : 915,
          "y" : 166
        }, {
          "x" : 915,
          "y" : 214
        } ]
      },
      "source" : {
        "id" : "dFuK8f6AUBAClQfG",
        "type" : "ClassView"
      },
      "target" : {
        "id" : "u0WK8f6AUBAClQe5",
        "type" : "ClassView"
      }
    }, {
      "id" : "4Zw6Kf6AUBgIzws9",
      "type" : "ClassView",
      "modelElement" : {
        "id" : "4Zw6Kf6AUBgIzws.",
        "type" : "Class"
      },
      "shape" : {
        "id" : "4Zw6Kf6AUBgIzws9_shape",
        "type" : "Rectangle",
        "x" : 1292,
        "y" : 165,
        "width" : 113,
        "height" : 93
      }
    }, {
      "id" : "rf2m8f6AUBAClQkN",
      "type" : "RelationView",
      "modelElement" : {
        "id" : "1f2m8f6AUBAClQkI",
        "type" : "Relation"
      },
      "shape" : {
        "id" : "rf2m8f6AUBAClQkN_path",
        "type" : "Path",
        "points" : [ {
          "x" : 885,
          "y" : 704
        }, {
          "x" : 885,
          "y" : 780
        } ]
      },
      "source" : {
        "id" : "6KYK8f6AUBAClQdE",
        "type" : "ClassView"
      },
      "target" : {
        "id" : "HGEK8f6AUBAClQda",
        "type" : "ClassView"
      }
    }, {
      "id" : "5H8W8f6AUBAClQlz",
      "type" : "RelationView",
      "modelElement" : {
        "id" : "GH8W8f6AUBAClQlu",
        "type" : "Relation"
      },
      "shape" : {
        "id" : "5H8W8f6AUBAClQlz_path",
        "type" : "Path",
        "points" : [ {
          "x" : 1158,
          "y" : 510
        }, {
          "x" : 1263,
          "y" : 510
        }, {
          "x" : 1263,
          "y" : 876
        }, {
          "x" : 920,
          "y" : 876
        }, {
          "x" : 920,
          "y" : 904
        } ]
      },
      "source" : {
        "id" : "LJaK8f6AUBAClQeo",
        "type" : "ClassView"
      },
      "target" : {
        "id" : "hV7y8f6AUBAClQcA",
        "type" : "ClassView"
      }
    }, {
      "id" : "ukoK8f6AUBAClQc5",
      "type" : "ClassView",
      "modelElement" : {
        "id" : "ukoK8f6AUBAClQc6",
        "type" : "Class"
      },
      "shape" : {
        "id" : "ukoK8f6AUBAClQc5_shape",
        "type" : "Rectangle",
        "x" : 463,
        "y" : 631,
        "width" : 170,
        "height" : 77
      }
    }, {
      "id" : "L5JW8f6AUBAClQnG",
      "type" : "GeneralizationView",
      "modelElement" : {
        "id" : "V5JW8f6AUBAClQnF",
        "type" : "Generalization"
      },
      "shape" : {
        "id" : "L5JW8f6AUBAClQnG_path",
        "type" : "Path",
        "points" : [ {
          "x" : 611,
          "y" : 96
        }, {
          "x" : 611,
          "y" : 65
        }, {
          "x" : 1263,
          "y" : 65
        }, {
          "x" : 1263,
          "y" : 487
        }, {
          "x" : 1158,
          "y" : 487
        } ]
      },
      "source" : {
        "id" : "PXBK8f6AUBAClQfT",
        "type" : "ClassView"
      },
      "target" : {
        "id" : "LJaK8f6AUBAClQeo",
        "type" : "ClassView"
      }
    }, {
      "id" : "7M4K8f6AUBAClQdP",
      "type" : "ClassView",
      "modelElement" : {
        "id" : "7M4K8f6AUBAClQdQ",
        "type" : "Class"
      },
      "shape" : {
        "id" : "7M4K8f6AUBAClQdP_shape",
        "type" : "Rectangle",
        "x" : 952,
        "y" : 635,
        "width" : 165,
        "height" : 68
      }
    }, {
      "id" : "H82m8f6AUBAClQkC",
      "type" : "RelationView",
      "modelElement" : {
        "id" : "H82m8f6AUBAClQj9",
        "type" : "Relation"
      },
      "shape" : {
        "id" : "H82m8f6AUBAClQkC_path",
        "type" : "Path",
        "points" : [ {
          "x" : 990,
          "y" : 704
        }, {
          "x" : 990,
          "y" : 780
        } ]
      },
      "source" : {
        "id" : "7M4K8f6AUBAClQdP",
        "type" : "ClassView"
      },
      "target" : {
        "id" : "HGEK8f6AUBAClQda",
        "type" : "ClassView"
      }
    }, {
      "id" : "AX3y8f6AUBAClQcW",
      "type" : "ClassView",
      "modelElement" : {
        "id" : "AX3y8f6AUBAClQcX",
        "type" : "Class"
      },
      "shape" : {
        "id" : "AX3y8f6AUBAClQcW_shape",
        "type" : "Rectangle",
        "x" : 1125,
        "y" : 904,
        "width" : 166,
        "height" : 68
      }
    }, {
      "id" : "W6HG8f6AUBAClQiY",
      "type" : "RelationView",
      "modelElement" : {
        "id" : "c6HG8f6AUBAClQiT",
        "type" : "Relation"
      },
      "shape" : {
        "id" : "W6HG8f6AUBAClQiY_path",
        "type" : "Path",
        "points" : [ {
          "x" : 945,
          "y" : 973
        }, {
          "x" : 945,
          "y" : 1054
        }, {
          "x" : 1013,
          "y" : 1054
        } ]
      },
      "source" : {
        "id" : "hV7y8f6AUBAClQcA",
        "type" : "ClassView"
      },
      "target" : {
        "id" : "lbny8f6AUBAClQcL",
        "type" : "ClassView"
      }
    }, {
      "id" : "6KYK8f6AUBAClQdE",
      "type" : "ClassView",
      "modelElement" : {
        "id" : "6KYK8f6AUBAClQdF",
        "type" : "Class"
      },
      "shape" : {
        "id" : "6KYK8f6AUBAClQdE_shape",
        "type" : "Rectangle",
        "x" : 737,
        "y" : 635,
        "width" : 173,
        "height" : 68
      }
    }, {
      "id" : "mk9G8f6AUBAClQhP",
      "type" : "RelationView",
      "modelElement" : {
        "id" : "Yk9G8f6AUBAClQhK",
        "type" : "Relation"
      },
      "shape" : {
        "id" : "mk9G8f6AUBAClQhP_path",
        "type" : "Path",
        "points" : [ {
          "x" : 366,
          "y" : 364
        }, {
          "x" : 400,
          "y" : 364
        }, {
          "x" : 400,
          "y" : 268
        }, {
          "x" : 837,
          "y" : 268
        } ]
      },
      "source" : {
        "id" : "Bczi8f6AUBAClQZj",
        "type" : "ClassView"
      },
      "target" : {
        "id" : "u0WK8f6AUBAClQe5",
        "type" : "ClassView"
      }
    }, {
      "id" : "yF6W8f6AUBAClQmN",
      "type" : "RelationView",
      "modelElement" : {
        "id" : "wF6W8f6AUBAClQmI",
        "type" : "Relation"
      },
      "shape" : {
        "id" : "yF6W8f6AUBAClQmN_path",
        "type" : "Path",
        "points" : [ {
          "x" : 990,
          "y" : 531
        }, {
          "x" : 990,
          "y" : 611
        }, {
          "x" : 722,
          "y" : 611
        }, {
          "x" : 722,
          "y" : 845
        }, {
          "x" : 622,
          "y" : 845
        }, {
          "x" : 622,
          "y" : 904
        } ]
      },
      "source" : {
        "id" : "LJaK8f6AUBAClQeo",
        "type" : "ClassView"
      },
      "target" : {
        "id" : "DJKy8f6AUBAClQbQ",
        "type" : "ClassView"
      }
    }, {
      "id" : "bX.W8f6AUBAClQmq",
      "type" : "RelationView",
      "modelElement" : {
        "id" : "ZX.W8f6AUBAClQml",
        "type" : "Relation"
      },
      "shape" : {
        "id" : "bX.W8f6AUBAClQmq_path",
        "type" : "Path",
        "points" : [ {
          "x" : 695,
          "y" : 474
        }, {
          "x" : 668,
          "y" : 474
        }, {
          "x" : 668,
          "y" : 397
        }, {
          "x" : 695,
          "y" : 397
        } ]
      },
      "source" : {
        "id" : "cviK8f6AUBAClQeP",
        "type" : "ClassView"
      },
      "target" : {
        "id" : "gK8K8f6AUBAClQd5",
        "type" : "ClassView"
      }
    }, {
      "id" : "euBW8f6AUBAClQm0",
      "type" : "RelationView",
      "modelElement" : {
        "id" : "8uBW8f6AUBAClQmv",
        "type" : "Relation"
      },
      "shape" : {
        "id" : "euBW8f6AUBAClQm0_path",
        "type" : "Path",
        "points" : [ {
          "x" : 1158,
          "y" : 464
        }, {
          "x" : 1184,
          "y" : 464
        }, {
          "x" : 1184,
          "y" : 388
        }, {
          "x" : 1158,
          "y" : 388
        } ]
      },
      "source" : {
        "id" : "LJaK8f6AUBAClQeo",
        "type" : "ClassView"
      },
      "target" : {
        "id" : "ZhCK8f6AUBAClQeE",
        "type" : "ClassView"
      }
    }, {
      "id" : "EvrG8f6AUBAClQh4",
      "type" : "RelationView",
      "modelElement" : {
        "id" : "fPrG8f6AUBAClQhz",
        "type" : "Relation"
      },
      "shape" : {
        "id" : "EvrG8f6AUBAClQh4_path",
        "type" : "Path",
        "points" : [ {
          "x" : 498,
          "y" : 1062
        }, {
          "x" : 574,
          "y" : 1062
        }, {
          "x" : 574,
          "y" : 973
        } ]
      },
      "source" : {
        "id" : "uEyy8f6AUBAClQbF",
        "type" : "ClassView"
      },
      "target" : {
        "id" : "DJKy8f6AUBAClQbQ",
        "type" : "ClassView"
      }
    }, {
      "id" : "TrHG8f6AUBAClQii",
      "type" : "RelationView",
      "modelElement" : {
        "id" : "ZrHG8f6AUBAClQid",
        "type" : "Relation"
      },
      "shape" : {
        "id" : "TrHG8f6AUBAClQii_path",
        "type" : "Path",
        "points" : [ {
          "x" : 1178,
          "y" : 1054
        }, {
          "x" : 1208,
          "y" : 1054
        }, {
          "x" : 1208,
          "y" : 973
        } ]
      },
      "source" : {
        "id" : "lbny8f6AUBAClQcL",
        "type" : "ClassView"
      },
      "target" : {
        "id" : "AX3y8f6AUBAClQcW",
        "type" : "ClassView"
      }
    }, {
      "id" : "qT1m8f6AUBAClQlB",
      "type" : "RelationView",
      "modelElement" : {
        "id" : "ET1m8f6AUBAClQk8",
        "type" : "Relation"
      },
      "shape" : {
        "id" : "qT1m8f6AUBAClQlB_path",
        "type" : "Path",
        "points" : [ {
          "x" : 386,
          "y" : 782
        }, {
          "x" : 546,
          "y" : 782
        }, {
          "x" : 546,
          "y" : 904
        } ]
      },
      "source" : {
        "id" : "6ljS8f6AUBAClQac",
        "type" : "ClassView"
      },
      "target" : {
        "id" : "DJKy8f6AUBAClQbQ",
        "type" : "ClassView"
      }
    }, {
      "id" : "u0WK8f6AUBAClQe5",
      "type" : "ClassView",
      "modelElement" : {
        "id" : "u0WK8f6AUBAClQe6",
        "type" : "Class"
      },
      "shape" : {
        "id" : "u0WK8f6AUBAClQe5_shape",
        "type" : "Rectangle",
        "x" : 837,
        "y" : 215,
        "width" : 166,
        "height" : 68
      }
    }, {
      "id" : "_uOmKf6AUBgIzwyd",
      "type" : "ClassView",
      "modelElement" : {
        "id" : "_uOmKf6AUBgIzwye",
        "type" : "Class"
      },
      "shape" : {
        "id" : "_uOmKf6AUBgIzwyd_shape",
        "type" : "Rectangle",
        "x" : 1292,
        "y" : 282,
        "width" : 113,
        "height" : 64
      }
    }, {
      "id" : "ANTS8f6AUBAClQan",
      "type" : "ClassView",
      "modelElement" : {
        "id" : "ANTS8f6AUBAClQao",
        "type" : "Class"
      },
      "shape" : {
        "id" : "ANTS8f6AUBAClQan_shape",
        "type" : "Rectangle",
        "x" : 164,
        "y" : 904,
        "width" : 165,
        "height" : 68
      }
    }, {
      "id" : "quMW8f6AUBAClQln",
      "type" : "GeneralizationView",
      "modelElement" : {
        "id" : "0uMW8f6AUBAClQlm",
        "type" : "Generalization"
      },
      "shape" : {
        "id" : "quMW8f6AUBAClQln_path",
        "type" : "Path",
        "points" : [ {
          "x" : 1033,
          "y" : 531
        }, {
          "x" : 1033,
          "y" : 635
        } ]
      },
      "source" : {
        "id" : "LJaK8f6AUBAClQeo",
        "type" : "ClassView"
      },
      "target" : {
        "id" : "7M4K8f6AUBAClQdP",
        "type" : "ClassView"
      }
    }, {
      "id" : "3_1G8f6AUBAClQg7",
      "type" : "RelationView",
      "modelElement" : {
        "id" : "9_1G8f6AUBAClQg2",
        "type" : "Relation"
      },
      "shape" : {
        "id" : "3_1G8f6AUBAClQg7_path",
        "type" : "Path",
        "points" : [ {
          "x" : 366,
          "y" : 237
        }, {
          "x" : 837,
          "y" : 237
        } ]
      },
      "source" : {
        "id" : "h_ji8f6AUBAClQZY",
        "type" : "ClassView"
      },
      "target" : {
        "id" : "u0WK8f6AUBAClQe5",
        "type" : "ClassView"
      }
    }, {
      "id" : "GMLG8f6AUBAClQhi",
      "type" : "GeneralizationView",
      "modelElement" : {
        "id" : "EMLG8f6AUBAClQhh",
        "type" : "Generalization"
      },
      "shape" : {
        "id" : "GMLG8f6AUBAClQhi_path",
        "type" : "Path",
        "points" : [ {
          "x" : 304,
          "y" : 682
        }, {
          "x" : 304,
          "y" : 715
        } ]
      },
      "source" : {
        "id" : "noDS8f6AUBAClQaR",
        "type" : "ClassView"
      },
      "target" : {
        "id" : "6ljS8f6AUBAClQac",
        "type" : "ClassView"
      }
    }, {
      "id" : "xGWW8f6AUBAClQmY",
      "type" : "RelationView",
      "modelElement" : {
        "id" : "kGWW8f6AUBAClQmT",
        "type" : "Relation"
      },
      "shape" : {
        "id" : "xGWW8f6AUBAClQmY_path",
        "type" : "Path",
        "points" : [ {
          "x" : 695,
          "y" : 517
        }, {
          "x" : 657,
          "y" : 517
        }, {
          "x" : 657,
          "y" : 845
        }, {
          "x" : 582,
          "y" : 845
        }, {
          "x" : 582,
          "y" : 904
        } ]
      },
      "source" : {
        "id" : "cviK8f6AUBAClQeP",
        "type" : "ClassView"
      },
      "target" : {
        "id" : "DJKy8f6AUBAClQbQ",
        "type" : "ClassView"
      }
    }, {
      "id" : "AuzqKf6AUBgIzwrI",
      "type" : "ClassView",
      "modelElement" : {
        "id" : "AuzqKf6AUBgIzwrJ",
        "type" : "Class"
      },
      "shape" : {
        "id" : "AuzqKf6AUBgIzwrI_shape",
        "type" : "Rectangle",
        "x" : 1292,
        "y" : 64,
        "width" : 113,
        "height" : 80
      }
    }, {
      "id" : "6ljS8f6AUBAClQac",
      "type" : "ClassView",
      "modelElement" : {
        "id" : "6ljS8f6AUBAClQad",
        "type" : "Class"
      },
      "shape" : {
        "id" : "6ljS8f6AUBAClQac_shape",
        "type" : "Rectangle",
        "x" : 221,
        "y" : 715,
        "width" : 165,
        "height" : 77
      }
    }, {
      "id" : "d.rG8f6AUBAClQhu",
      "type" : "RelationView",
      "modelElement" : {
        "id" : "..rG8f6AUBAClQhp",
        "type" : "Relation"
      },
      "shape" : {
        "id" : "d.rG8f6AUBAClQhu_path",
        "type" : "Path",
        "points" : [ {
          "x" : 247,
          "y" : 973
        }, {
          "x" : 247,
          "y" : 1062
        }, {
          "x" : 333,
          "y" : 1062
        } ]
      },
      "source" : {
        "id" : "ANTS8f6AUBAClQan",
        "type" : "ClassView"
      },
      "target" : {
        "id" : "uEyy8f6AUBAClQbF",
        "type" : "ClassView"
      }
    }, {
      "id" : "dFuK8f6AUBAClQfG",
      "type" : "ClassView",
      "modelElement" : {
        "id" : "dFuK8f6AUBAClQfH",
        "type" : "Class"
      },
      "shape" : {
        "id" : "dFuK8f6AUBAClQfG_shape",
        "type" : "Rectangle",
        "x" : 837,
        "y" : 97,
        "width" : 166,
        "height" : 68
      }
    }, {
      "id" : "Wdpm8f6AUBAClQkp",
      "type" : "RelationView",
      "modelElement" : {
        "id" : "0dpm8f6AUBAClQkk",
        "type" : "Relation"
      },
      "shape" : {
        "id" : "Wdpm8f6AUBAClQkp_path",
        "type" : "Path",
        "points" : [ {
          "x" : 386,
          "y" : 762
        }, {
          "x" : 780,
          "y" : 762
        }, {
          "x" : 780,
          "y" : 936
        }, {
          "x" : 834,
          "y" : 936
        } ]
      },
      "source" : {
        "id" : "6ljS8f6AUBAClQac",
        "type" : "ClassView"
      },
      "target" : {
        "id" : "hV7y8f6AUBAClQcA",
        "type" : "ClassView"
      }
    }, {
      "id" : "LJaK8f6AUBAClQeo",
      "type" : "ClassView",
      "modelElement" : {
        "id" : "LJaK8f6AUBAClQep",
        "type" : "Class"
      },
      "shape" : {
        "id" : "LJaK8f6AUBAClQeo_shape",
        "type" : "Rectangle",
        "x" : 942,
        "y" : 450,
        "width" : 215,
        "height" : 81
      }
    }, {
      "id" : "4NJaKf6AUBgIzwsL",
      "type" : "ClassView",
      "modelElement" : {
        "id" : "ENJaKf6AUBgIzwsM",
        "type" : "Class"
      },
      "shape" : {
        "id" : "4NJaKf6AUBgIzwsL_shape",
        "type" : "Rectangle",
        "x" : 1416,
        "y" : 64,
        "width" : 113,
        "height" : 80
      }
    }, {
      "id" : "hV7y8f6AUBAClQcA",
      "type" : "ClassView",
      "modelElement" : {
        "id" : "hV7y8f6AUBAClQcB",
        "type" : "Class"
      },
      "shape" : {
        "id" : "hV7y8f6AUBAClQcA_shape",
        "type" : "Rectangle",
        "x" : 834,
        "y" : 904,
        "width" : 165,
        "height" : 68
      }
    }, {
      "id" : "1WtG8f6AUBAClQhF",
      "type" : "RelationView",
      "modelElement" : {
        "id" : "eWtG8f6AUBAClQhA",
        "type" : "Relation"
      },
      "shape" : {
        "id" : "1WtG8f6AUBAClQhF_path",
        "type" : "Path",
        "points" : [ {
          "x" : 696,
          "y" : 130
        }, {
          "x" : 837,
          "y" : 130
        } ]
      },
      "source" : {
        "id" : "PXBK8f6AUBAClQfT",
        "type" : "ClassView"
      },
      "target" : {
        "id" : "dFuK8f6AUBAClQfG",
        "type" : "ClassView"
      }
    } ]
  } ]
}