{
  "id" : "Rol55G6GAqACBAnR",
  "name" : "EMMSAD2022",
  "description" : null,
  "type" : "Project",
  "model" : {
    "id" : "Rol55G6GAqACBAnR_root",
    "name" : "EMMSAD2022",
    "description" : null,
    "type" : "Package",
    "propertyAssignments" : null,
    "contents" : [ {
      "id" : "8inz5G6GAqACBBez",
      "name" : "NFRO",
      "description" : null,
      "type" : "Package",
      "propertyAssignments" : null,
      "contents" : [ {
        "id" : "ZQXz5G6GAqACBBfI",
        "name" : "NFR:Requirement",
        "description" : null,
        "type" : "Class",
        "propertyAssignments" : null,
        "stereotype" : "category",
        "isAbstract" : true,
        "isDerived" : false,
        "properties" : null,
        "isExtensional" : false,
        "isPowertype" : null,
        "order" : null,
        "literals" : null,
        "restrictedTo" : [ "functional-complex" ]
      }, {
        "id" : "TQXz5G6GAqACBBfN",
        "name" : "NFR:Quality Requirement",
        "description" : null,
        "type" : "Class",
        "propertyAssignments" : null,
        "stereotype" : "category",
        "isAbstract" : true,
        "isDerived" : false,
        "properties" : null,
        "isExtensional" : false,
        "isPowertype" : null,
        "order" : null,
        "literals" : null,
        "restrictedTo" : [ "functional-complex" ]
      }, {
        "id" : "hwXz5G6GAqACBBfh",
        "name" : "UFO:Quality Universal",
        "description" : null,
        "type" : "Class",
        "propertyAssignments" : null,
        "stereotype" : "type",
        "isAbstract" : false,
        "isDerived" : false,
        "properties" : null,
        "isExtensional" : null,
        "isPowertype" : false,
        "order" : "2",
        "literals" : null,
        "restrictedTo" : [ "type" ]
      }, {
        "id" : "lwXz5G6GAqACBBfm",
        "name" : "UFO:Quality",
        "description" : null,
        "type" : "Class",
        "propertyAssignments" : null,
        "stereotype" : "mode",
        "isAbstract" : false,
        "isDerived" : false,
        "properties" : null,
        "isExtensional" : null,
        "isPowertype" : null,
        "order" : null,
        "literals" : null,
        "restrictedTo" : [ "intrinsic-mode" ]
      }, {
        "id" : "LwXz5G6GAqACBBft",
        "name" : "UFO:Quality Value",
        "description" : null,
        "type" : "Class",
        "propertyAssignments" : null,
        "stereotype" : "category",
        "isAbstract" : true,
        "isDerived" : false,
        "properties" : null,
        "isExtensional" : false,
        "isPowertype" : null,
        "order" : null,
        "literals" : null,
        "restrictedTo" : [ "functional-complex" ]
      }, {
        "id" : "PwXz5G6GAqACBBfy",
        "name" : "UFO: Quality Region",
        "description" : null,
        "type" : "Class",
        "propertyAssignments" : null,
        "stereotype" : "category",
        "isAbstract" : true,
        "isDerived" : false,
        "properties" : null,
        "isExtensional" : false,
        "isPowertype" : null,
        "order" : null,
        "literals" : null,
        "restrictedTo" : [ "functional-complex" ]
      }, {
        "id" : "oIXz5G6GAqACBBf3",
        "name" : "UFOC:Goal",
        "description" : null,
        "type" : "Class",
        "propertyAssignments" : null,
        "stereotype" : "category",
        "isAbstract" : true,
        "isDerived" : false,
        "properties" : null,
        "isExtensional" : false,
        "isPowertype" : null,
        "order" : null,
        "literals" : null,
        "restrictedTo" : [ "functional-complex" ]
      }, {
        "id" : "Rg.H5G6GAqACBCaZ",
        "name" : "Explicability Requirement",
        "description" : null,
        "type" : "Class",
        "propertyAssignments" : null,
        "stereotype" : "category",
        "isAbstract" : true,
        "isDerived" : false,
        "properties" : null,
        "isExtensional" : false,
        "isPowertype" : null,
        "order" : null,
        "literals" : null,
        "restrictedTo" : [ "functional-complex" ]
      }, {
        "id" : "HI1H5G6GAqACBCa_",
        "name" : "Autonomy Requirement",
        "description" : null,
        "type" : "Class",
        "propertyAssignments" : null,
        "stereotype" : "category",
        "isAbstract" : true,
        "isDerived" : false,
        "properties" : null,
        "isExtensional" : false,
        "isPowertype" : null,
        "order" : null,
        "literals" : null,
        "restrictedTo" : [ "functional-complex" ]
      }, {
        "id" : "6Y4n5G6GAqACBCb7",
        "name" : "Beneficence Requirement",
        "description" : null,
        "type" : "Class",
        "propertyAssignments" : null,
        "stereotype" : "category",
        "isAbstract" : true,
        "isDerived" : false,
        "properties" : null,
        "isExtensional" : false,
        "isPowertype" : null,
        "order" : null,
        "literals" : null,
        "restrictedTo" : [ "functional-complex" ]
      }, {
        "id" : "WcZn5G6GAqACBCcX",
        "name" : "Nonmaleficense Requirement",
        "description" : null,
        "type" : "Class",
        "propertyAssignments" : null,
        "stereotype" : "category",
        "isAbstract" : true,
        "isDerived" : false,
        "properties" : null,
        "isExtensional" : false,
        "isPowertype" : null,
        "order" : null,
        "literals" : null,
        "restrictedTo" : [ "functional-complex" ]
      }, {
        "id" : "WD6X5G6GAqACBCex",
        "name" : "Ethical Requirement",
        "description" : null,
        "type" : "Class",
        "propertyAssignments" : null,
        "stereotype" : "category",
        "isAbstract" : true,
        "isDerived" : false,
        "properties" : null,
        "isExtensional" : false,
        "isPowertype" : null,
        "order" : null,
        "literals" : null,
        "restrictedTo" : [ "functional-complex" ]
      }, {
        "id" : "BK6P5G6GAqACBCng",
        "name" : "Justice Requirement",
        "description" : null,
        "type" : "Class",
        "propertyAssignments" : null,
        "stereotype" : "category",
        "isAbstract" : true,
        "isDerived" : false,
        "properties" : null,
        "isExtensional" : false,
        "isPowertype" : null,
        "order" : null,
        "literals" : null,
        "restrictedTo" : [ "functional-complex" ]
      }, {
        "id" : "8IXz5G6GAqACBBf8",
        "name" : null,
        "description" : null,
        "type" : "Generalization",
        "propertyAssignments" : null,
        "general" : {
          "id" : "ZQXz5G6GAqACBBfI",
          "type" : "Class"
        },
        "specific" : {
          "id" : "TQXz5G6GAqACBBfN",
          "type" : "Class"
        }
      }, {
        "id" : "loXz5G6GAqACBBhs",
        "name" : null,
        "description" : null,
        "type" : "Generalization",
        "propertyAssignments" : null,
        "general" : {
          "id" : "oIXz5G6GAqACBBf3",
          "type" : "Class"
        },
        "specific" : {
          "id" : "ZQXz5G6GAqACBBfI",
          "type" : "Class"
        }
      }, {
        "id" : "CvsX5G6GAqACBCd9",
        "name" : null,
        "description" : null,
        "type" : "Generalization",
        "propertyAssignments" : null,
        "general" : {
          "id" : "TQXz5G6GAqACBBfN",
          "type" : "Class"
        },
        "specific" : {
          "id" : "Rg.H5G6GAqACBCaZ",
          "type" : "Class"
        }
      }, {
        "id" : "5w8X5G6GAqACBCeD",
        "name" : null,
        "description" : null,
        "type" : "Generalization",
        "propertyAssignments" : null,
        "general" : {
          "id" : "TQXz5G6GAqACBBfN",
          "type" : "Class"
        },
        "specific" : {
          "id" : "HI1H5G6GAqACBCa_",
          "type" : "Class"
        }
      }, {
        "id" : "_lqX5G6GAqACBCel",
        "name" : null,
        "description" : null,
        "type" : "Generalization",
        "propertyAssignments" : null,
        "general" : {
          "id" : "TQXz5G6GAqACBBfN",
          "type" : "Class"
        },
        "specific" : {
          "id" : "6Y4n5G6GAqACBCb7",
          "type" : "Class"
        }
      }, {
        "id" : "ytaX5G6GAqACBCep",
        "name" : null,
        "description" : null,
        "type" : "Generalization",
        "propertyAssignments" : null,
        "general" : {
          "id" : "TQXz5G6GAqACBBfN",
          "type" : "Class"
        },
        "specific" : {
          "id" : "WcZn5G6GAqACBCcX",
          "type" : "Class"
        }
      }, {
        "id" : "h1y35G6GAqACBCi_",
        "name" : null,
        "description" : null,
        "type" : "Generalization",
        "propertyAssignments" : null,
        "general" : {
          "id" : "TQXz5G6GAqACBBfN",
          "type" : "Class"
        },
        "specific" : {
          "id" : "WD6X5G6GAqACBCex",
          "type" : "Class"
        }
      }, {
        "id" : ".yuP5G6GAqACBCn6",
        "name" : null,
        "description" : null,
        "type" : "Generalization",
        "propertyAssignments" : null,
        "general" : {
          "id" : "TQXz5G6GAqACBBfN",
          "type" : "Class"
        },
        "specific" : {
          "id" : "BK6P5G6GAqACBCng",
          "type" : "Class"
        }
      }, {
        "id" : "DIXz5G6GAqACBBgX",
        "name" : "refers to",
        "description" : null,
        "type" : "Relation",
        "propertyAssignments" : null,
        "stereotype" : null,
        "isAbstract" : false,
        "isDerived" : false,
        "properties" : [ {
          "id" : "TIXz5G6GAqACBBgc",
          "name" : null,
          "description" : null,
          "type" : "Property",
          "propertyAssignments" : null,
          "stereotype" : null,
          "isDerived" : false,
          "isReadOnly" : false,
          "isOrdered" : false,
          "cardinality" : "0..*",
          "propertyType" : {
            "id" : "TQXz5G6GAqACBBfN",
            "type" : "Class"
          },
          "subsettedProperties" : null,
          "redefinedProperties" : null,
          "aggregationKind" : "NONE"
        }, {
          "id" : "zIXz5G6GAqACBBgf",
          "name" : null,
          "description" : null,
          "type" : "Property",
          "propertyAssignments" : null,
          "stereotype" : null,
          "isDerived" : false,
          "isReadOnly" : false,
          "isOrdered" : false,
          "cardinality" : "1",
          "propertyType" : {
            "id" : "hwXz5G6GAqACBBfh",
            "type" : "Class"
          },
          "subsettedProperties" : null,
          "redefinedProperties" : null,
          "aggregationKind" : "NONE"
        } ]
      }, {
        "id" : "3IXz5G6GAqACBBgo",
        "name" : "instantiates",
        "description" : null,
        "type" : "Relation",
        "propertyAssignments" : null,
        "stereotype" : null,
        "isAbstract" : false,
        "isDerived" : false,
        "properties" : [ {
          "id" : "PIXz5G6GAqACBBgt",
          "name" : null,
          "description" : null,
          "type" : "Property",
          "propertyAssignments" : null,
          "stereotype" : null,
          "isDerived" : false,
          "isReadOnly" : false,
          "isOrdered" : false,
          "cardinality" : "1",
          "propertyType" : {
            "id" : "hwXz5G6GAqACBBfh",
            "type" : "Class"
          },
          "subsettedProperties" : null,
          "redefinedProperties" : null,
          "aggregationKind" : "NONE"
        }, {
          "id" : "fIXz5G6GAqACBBgw",
          "name" : null,
          "description" : null,
          "type" : "Property",
          "propertyAssignments" : null,
          "stereotype" : null,
          "isDerived" : false,
          "isReadOnly" : false,
          "isOrdered" : false,
          "cardinality" : "1..*",
          "propertyType" : {
            "id" : "lwXz5G6GAqACBBfm",
            "type" : "Class"
          },
          "subsettedProperties" : null,
          "redefinedProperties" : null,
          "aggregationKind" : "NONE"
        } ]
      }, {
        "id" : "ioXz5G6GAqACBBhK",
        "name" : "member of",
        "description" : null,
        "type" : "Relation",
        "propertyAssignments" : null,
        "stereotype" : null,
        "isAbstract" : false,
        "isDerived" : false,
        "properties" : [ {
          "id" : "yoXz5G6GAqACBBhP",
          "name" : null,
          "description" : null,
          "type" : "Property",
          "propertyAssignments" : null,
          "stereotype" : null,
          "isDerived" : false,
          "isReadOnly" : false,
          "isOrdered" : false,
          "cardinality" : "1..*",
          "propertyType" : {
            "id" : "LwXz5G6GAqACBBft",
            "type" : "Class"
          },
          "subsettedProperties" : null,
          "redefinedProperties" : null,
          "aggregationKind" : "NONE"
        }, {
          "id" : "KoXz5G6GAqACBBhS",
          "name" : null,
          "description" : null,
          "type" : "Property",
          "propertyAssignments" : null,
          "stereotype" : null,
          "isDerived" : false,
          "isReadOnly" : false,
          "isOrdered" : false,
          "cardinality" : "1..*",
          "propertyType" : {
            "id" : "PwXz5G6GAqACBBfy",
            "type" : "Class"
          },
          "subsettedProperties" : null,
          "redefinedProperties" : null,
          "aggregationKind" : "SHARED"
        } ]
      }, {
        "id" : "x2Fr5G6GAqACBCTV",
        "name" : "has value",
        "description" : null,
        "type" : "Relation",
        "propertyAssignments" : null,
        "stereotype" : null,
        "isAbstract" : false,
        "isDerived" : false,
        "properties" : [ {
          "id" : "x2Fr5G6GAqACBCTW",
          "name" : null,
          "description" : null,
          "type" : "Property",
          "propertyAssignments" : null,
          "stereotype" : null,
          "isDerived" : false,
          "isReadOnly" : false,
          "isOrdered" : false,
          "cardinality" : "0..*",
          "propertyType" : {
            "id" : "lwXz5G6GAqACBBfm",
            "type" : "Class"
          },
          "subsettedProperties" : null,
          "redefinedProperties" : null,
          "aggregationKind" : "NONE"
        }, {
          "id" : "x2Fr5G6GAqACBCTY",
          "name" : null,
          "description" : null,
          "type" : "Property",
          "propertyAssignments" : null,
          "stereotype" : null,
          "isDerived" : false,
          "isReadOnly" : false,
          "isOrdered" : false,
          "cardinality" : "1",
          "propertyType" : {
            "id" : "LwXz5G6GAqACBBft",
            "type" : "Class"
          },
          "subsettedProperties" : null,
          "redefinedProperties" : null,
          "aggregationKind" : "NONE"
        } ]
      }, {
        "id" : "4.q35G6GAqACBCjF",
        "name" : null,
        "description" : null,
        "type" : "Relation",
        "propertyAssignments" : null,
        "stereotype" : null,
        "isAbstract" : false,
        "isDerived" : false,
        "properties" : [ {
          "id" : "4.q35G6GAqACBCjG",
          "name" : null,
          "description" : null,
          "type" : "Property",
          "propertyAssignments" : null,
          "stereotype" : null,
          "isDerived" : false,
          "isReadOnly" : false,
          "isOrdered" : false,
          "cardinality" : "0..*",
          "propertyType" : {
            "id" : "Rg.H5G6GAqACBCaZ",
            "type" : "Class"
          },
          "subsettedProperties" : null,
          "redefinedProperties" : null,
          "aggregationKind" : "NONE"
        }, {
          "id" : "4.q35G6GAqACBCjI",
          "name" : null,
          "description" : null,
          "type" : "Property",
          "propertyAssignments" : null,
          "stereotype" : null,
          "isDerived" : false,
          "isReadOnly" : false,
          "isOrdered" : false,
          "cardinality" : "0..*",
          "propertyType" : {
            "id" : "WD6X5G6GAqACBCex",
            "type" : "Class"
          },
          "subsettedProperties" : null,
          "redefinedProperties" : null,
          "aggregationKind" : "SHARED"
        } ]
      }, {
        "id" : "73e35G6GAqACBCjp",
        "name" : null,
        "description" : null,
        "type" : "Relation",
        "propertyAssignments" : null,
        "stereotype" : null,
        "isAbstract" : false,
        "isDerived" : false,
        "properties" : [ {
          "id" : "73e35G6GAqACBCjq",
          "name" : null,
          "description" : null,
          "type" : "Property",
          "propertyAssignments" : null,
          "stereotype" : null,
          "isDerived" : false,
          "isReadOnly" : false,
          "isOrdered" : false,
          "cardinality" : "0..*",
          "propertyType" : {
            "id" : "6Y4n5G6GAqACBCb7",
            "type" : "Class"
          },
          "subsettedProperties" : null,
          "redefinedProperties" : null,
          "aggregationKind" : "NONE"
        }, {
          "id" : "73e35G6GAqACBCjs",
          "name" : null,
          "description" : null,
          "type" : "Property",
          "propertyAssignments" : null,
          "stereotype" : null,
          "isDerived" : false,
          "isReadOnly" : false,
          "isOrdered" : false,
          "cardinality" : "0..*",
          "propertyType" : {
            "id" : "WD6X5G6GAqACBCex",
            "type" : "Class"
          },
          "subsettedProperties" : null,
          "redefinedProperties" : null,
          "aggregationKind" : "SHARED"
        } ]
      }, {
        "id" : "U9935G6GAqACBCkV",
        "name" : null,
        "description" : null,
        "type" : "Relation",
        "propertyAssignments" : null,
        "stereotype" : null,
        "isAbstract" : false,
        "isDerived" : false,
        "properties" : [ {
          "id" : "U9935G6GAqACBCkW",
          "name" : null,
          "description" : null,
          "type" : "Property",
          "propertyAssignments" : null,
          "stereotype" : null,
          "isDerived" : false,
          "isReadOnly" : false,
          "isOrdered" : false,
          "cardinality" : "0..*",
          "propertyType" : {
            "id" : "WcZn5G6GAqACBCcX",
            "type" : "Class"
          },
          "subsettedProperties" : null,
          "redefinedProperties" : null,
          "aggregationKind" : "NONE"
        }, {
          "id" : "09935G6GAqACBCkY",
          "name" : null,
          "description" : null,
          "type" : "Property",
          "propertyAssignments" : null,
          "stereotype" : null,
          "isDerived" : false,
          "isReadOnly" : false,
          "isOrdered" : false,
          "cardinality" : "0..*",
          "propertyType" : {
            "id" : "WD6X5G6GAqACBCex",
            "type" : "Class"
          },
          "subsettedProperties" : null,
          "redefinedProperties" : null,
          "aggregationKind" : "SHARED"
        } ]
      }, {
        "id" : "KSr35G6GAqACBCkv",
        "name" : null,
        "description" : null,
        "type" : "Relation",
        "propertyAssignments" : null,
        "stereotype" : null,
        "isAbstract" : false,
        "isDerived" : false,
        "properties" : [ {
          "id" : "KSr35G6GAqACBCkw",
          "name" : null,
          "description" : null,
          "type" : "Property",
          "propertyAssignments" : null,
          "stereotype" : null,
          "isDerived" : false,
          "isReadOnly" : false,
          "isOrdered" : false,
          "cardinality" : "0..*",
          "propertyType" : {
            "id" : "HI1H5G6GAqACBCa_",
            "type" : "Class"
          },
          "subsettedProperties" : null,
          "redefinedProperties" : null,
          "aggregationKind" : "NONE"
        }, {
          "id" : "qSr35G6GAqACBCky",
          "name" : null,
          "description" : null,
          "type" : "Property",
          "propertyAssignments" : null,
          "stereotype" : null,
          "isDerived" : false,
          "isReadOnly" : false,
          "isOrdered" : false,
          "cardinality" : "0..*",
          "propertyType" : {
            "id" : "WD6X5G6GAqACBCex",
            "type" : "Class"
          },
          "subsettedProperties" : null,
          "redefinedProperties" : null,
          "aggregationKind" : "SHARED"
        } ]
      }, {
        "id" : "cOeP5G6GAqACBCoA",
        "name" : null,
        "description" : null,
        "type" : "Relation",
        "propertyAssignments" : null,
        "stereotype" : null,
        "isAbstract" : false,
        "isDerived" : false,
        "properties" : [ {
          "id" : "cOeP5G6GAqACBCoB",
          "name" : null,
          "description" : null,
          "type" : "Property",
          "propertyAssignments" : null,
          "stereotype" : null,
          "isDerived" : false,
          "isReadOnly" : false,
          "isOrdered" : false,
          "cardinality" : "0..*",
          "propertyType" : {
            "id" : "BK6P5G6GAqACBCng",
            "type" : "Class"
          },
          "subsettedProperties" : null,
          "redefinedProperties" : null,
          "aggregationKind" : "NONE"
        }, {
          "id" : "cOeP5G6GAqACBCoD",
          "name" : null,
          "description" : null,
          "type" : "Property",
          "propertyAssignments" : null,
          "stereotype" : null,
          "isDerived" : false,
          "isReadOnly" : false,
          "isOrdered" : false,
          "cardinality" : "0..*",
          "propertyType" : {
            "id" : "WD6X5G6GAqACBCex",
            "type" : "Class"
          },
          "subsettedProperties" : null,
          "redefinedProperties" : null,
          "aggregationKind" : "SHARED"
        } ]
      } ]
    }, {
      "id" : "yadBlG6GAqACBAl1",
      "name" : "Beneficence - Nonmaleficence",
      "description" : null,
      "type" : "Package",
      "propertyAssignments" : null,
      "contents" : [ {
        "id" : "FF7BlG6GAqACBAmU",
        "name" : "NFR:Requirement",
        "description" : null,
        "type" : "Class",
        "propertyAssignments" : null,
        "stereotype" : "category",
        "isAbstract" : true,
        "isDerived" : false,
        "properties" : null,
        "isExtensional" : false,
        "isPowertype" : null,
        "order" : null,
        "literals" : null,
        "restrictedTo" : [ "functional-complex" ]
      }, {
        "id" : "4l7BlG6GAqACBAmc",
        "name" : "NFR:Quality Requirement",
        "description" : null,
        "type" : "Class",
        "propertyAssignments" : null,
        "stereotype" : "category",
        "isAbstract" : true,
        "isDerived" : false,
        "properties" : null,
        "isExtensional" : false,
        "isPowertype" : null,
        "order" : null,
        "literals" : null,
        "restrictedTo" : [ "functional-complex" ]
      }, {
        "id" : "CV7BlG6GAqACBAnE",
        "name" : "UFOC:Goal",
        "description" : null,
        "type" : "Class",
        "propertyAssignments" : null,
        "stereotype" : "category",
        "isAbstract" : true,
        "isDerived" : false,
        "properties" : null,
        "isExtensional" : false,
        "isPowertype" : null,
        "order" : null,
        "literals" : null,
        "restrictedTo" : [ "functional-complex" ]
      }, {
        "id" : "DV7BlG6GAqACBAnc",
        "name" : "Beneficence Requirement",
        "description" : null,
        "type" : "Class",
        "propertyAssignments" : null,
        "stereotype" : "category",
        "isAbstract" : true,
        "isDerived" : false,
        "properties" : null,
        "isExtensional" : false,
        "isPowertype" : null,
        "order" : null,
        "literals" : null,
        "restrictedTo" : [ "functional-complex" ]
      }, {
        "id" : "vV7BlG6GAqACBAnk",
        "name" : "Nonmaleficence Requirement",
        "description" : null,
        "type" : "Class",
        "propertyAssignments" : null,
        "stereotype" : "category",
        "isAbstract" : true,
        "isDerived" : false,
        "properties" : null,
        "isExtensional" : false,
        "isPowertype" : null,
        "order" : null,
        "literals" : null,
        "restrictedTo" : [ "functional-complex" ]
      }, {
        "id" : "2GPBlG6GAqACBArO",
        "name" : "Intention",
        "description" : null,
        "type" : "Class",
        "propertyAssignments" : null,
        "stereotype" : "mode",
        "isAbstract" : false,
        "isDerived" : false,
        "properties" : null,
        "isExtensional" : null,
        "isPowertype" : null,
        "order" : null,
        "literals" : null,
        "restrictedTo" : [ "intrinsic-mode" ]
      }, {
        "id" : "Ew4hlG6GAqACBArh",
        "name" : "UFO:Agent",
        "description" : null,
        "type" : "Class",
        "propertyAssignments" : null,
        "stereotype" : "category",
        "isAbstract" : true,
        "isDerived" : false,
        "properties" : null,
        "isExtensional" : false,
        "isPowertype" : null,
        "order" : null,
        "literals" : null,
        "restrictedTo" : [ "functional-complex" ]
      }, {
        "id" : "P0pRlG6GAqACBAtA",
        "name" : "COVER:Gain Event",
        "description" : null,
        "type" : "Class",
        "propertyAssignments" : null,
        "stereotype" : "event",
        "isAbstract" : false,
        "isDerived" : false,
        "properties" : null,
        "isExtensional" : null,
        "isPowertype" : null,
        "order" : null,
        "literals" : null,
        "restrictedTo" : [ "event" ]
      }, {
        "id" : "YedRlG6GAqACBAtX",
        "name" : "COVER:Loss Event",
        "description" : null,
        "type" : "Class",
        "propertyAssignments" : null,
        "stereotype" : "event",
        "isAbstract" : false,
        "isDerived" : false,
        "properties" : null,
        "isExtensional" : null,
        "isPowertype" : null,
        "order" : null,
        "literals" : null,
        "restrictedTo" : [ "event" ]
      }, {
        "id" : "nSJxlG6GAqACBAxC",
        "name" : "Beneficence Intention",
        "description" : null,
        "type" : "Class",
        "propertyAssignments" : null,
        "stereotype" : "role",
        "isAbstract" : false,
        "isDerived" : false,
        "properties" : null,
        "isExtensional" : false,
        "isPowertype" : null,
        "order" : null,
        "literals" : null,
        "restrictedTo" : [ "intrinsic-mode" ]
      }, {
        "id" : "f81xlG6GAqACBAxo",
        "name" : "Nonmaleficence Intention",
        "description" : null,
        "type" : "Class",
        "propertyAssignments" : null,
        "stereotype" : "role",
        "isAbstract" : false,
        "isDerived" : false,
        "properties" : null,
        "isExtensional" : false,
        "isPowertype" : null,
        "order" : null,
        "literals" : null,
        "restrictedTo" : [ "intrinsic-mode" ]
      }, {
        "id" : "e17BlG6GAqACBAn8",
        "name" : null,
        "description" : null,
        "type" : "Generalization",
        "propertyAssignments" : null,
        "general" : {
          "id" : "FF7BlG6GAqACBAmU",
          "type" : "Class"
        },
        "specific" : {
          "id" : "4l7BlG6GAqACBAmc",
          "type" : "Class"
        }
      }, {
        "id" : "2N7BlG6GAqACBAo0",
        "name" : null,
        "description" : null,
        "type" : "Generalization",
        "propertyAssignments" : null,
        "general" : {
          "id" : "CV7BlG6GAqACBAnE",
          "type" : "Class"
        },
        "specific" : {
          "id" : "FF7BlG6GAqACBAmU",
          "type" : "Class"
        }
      }, {
        "id" : "bN7BlG6GAqACBApU",
        "name" : null,
        "description" : null,
        "type" : "Generalization",
        "propertyAssignments" : null,
        "general" : {
          "id" : "4l7BlG6GAqACBAmc",
          "type" : "Class"
        },
        "specific" : {
          "id" : "DV7BlG6GAqACBAnc",
          "type" : "Class"
        }
      }, {
        "id" : "XN7BlG6GAqACBApZ",
        "name" : null,
        "description" : null,
        "type" : "Generalization",
        "propertyAssignments" : null,
        "general" : {
          "id" : "4l7BlG6GAqACBAmc",
          "type" : "Class"
        },
        "specific" : {
          "id" : "vV7BlG6GAqACBAnk",
          "type" : "Class"
        }
      }, {
        "id" : "LZFxlG6GAqACBAxX",
        "name" : null,
        "description" : null,
        "type" : "Generalization",
        "propertyAssignments" : null,
        "general" : {
          "id" : "2GPBlG6GAqACBArO",
          "type" : "Class"
        },
        "specific" : {
          "id" : "nSJxlG6GAqACBAxC",
          "type" : "Class"
        }
      }, {
        "id" : "5HzxlG6GAqACBAyA",
        "name" : null,
        "description" : null,
        "type" : "Generalization",
        "propertyAssignments" : null,
        "general" : {
          "id" : "2GPBlG6GAqACBArO",
          "type" : "Class"
        },
        "specific" : {
          "id" : "f81xlG6GAqACBAxo",
          "type" : "Class"
        }
      }, {
        "id" : "0B0hlG6GAqACBArz",
        "name" : "inheres in",
        "description" : null,
        "type" : "Relation",
        "propertyAssignments" : null,
        "stereotype" : "characterization",
        "isAbstract" : false,
        "isDerived" : false,
        "properties" : [ {
          "id" : "0B0hlG6GAqACBAr0",
          "name" : null,
          "description" : null,
          "type" : "Property",
          "propertyAssignments" : null,
          "stereotype" : null,
          "isDerived" : false,
          "isReadOnly" : false,
          "isOrdered" : false,
          "cardinality" : "1..*",
          "propertyType" : {
            "id" : "2GPBlG6GAqACBArO",
            "type" : "Class"
          },
          "subsettedProperties" : null,
          "redefinedProperties" : null,
          "aggregationKind" : "NONE"
        }, {
          "id" : "0B0hlG6GAqACBAr2",
          "name" : null,
          "description" : null,
          "type" : "Property",
          "propertyAssignments" : null,
          "stereotype" : null,
          "isDerived" : false,
          "isReadOnly" : true,
          "isOrdered" : false,
          "cardinality" : "1",
          "propertyType" : {
            "id" : "Ew4hlG6GAqACBArh",
            "type" : "Class"
          },
          "subsettedProperties" : null,
          "redefinedProperties" : null,
          "aggregationKind" : "NONE"
        } ]
      }, {
        "id" : "V.LRlG6GAqACBAtt",
        "name" : "",
        "description" : null,
        "type" : "Relation",
        "propertyAssignments" : null,
        "stereotype" : null,
        "isAbstract" : false,
        "isDerived" : false,
        "properties" : [ {
          "id" : "1.LRlG6GAqACBAtu",
          "name" : null,
          "description" : null,
          "type" : "Property",
          "propertyAssignments" : null,
          "stereotype" : null,
          "isDerived" : false,
          "isReadOnly" : false,
          "isOrdered" : false,
          "cardinality" : "1..*",
          "propertyType" : {
            "id" : "2GPBlG6GAqACBArO",
            "type" : "Class"
          },
          "subsettedProperties" : null,
          "redefinedProperties" : null,
          "aggregationKind" : "NONE"
        }, {
          "id" : "1.LRlG6GAqACBAtw",
          "name" : "propositional content of",
          "description" : null,
          "type" : "Property",
          "propertyAssignments" : null,
          "stereotype" : null,
          "isDerived" : false,
          "isReadOnly" : false,
          "isOrdered" : false,
          "cardinality" : "1..*",
          "propertyType" : {
            "id" : "CV7BlG6GAqACBAnE",
            "type" : "Class"
          },
          "subsettedProperties" : null,
          "redefinedProperties" : null,
          "aggregationKind" : "NONE"
        } ]
      }, {
        "id" : ".CXxlG6GAqACBAyY",
        "name" : "propositional content of",
        "description" : null,
        "type" : "Relation",
        "propertyAssignments" : null,
        "stereotype" : null,
        "isAbstract" : false,
        "isDerived" : false,
        "properties" : [ {
          "id" : ".CXxlG6GAqACBAyZ",
          "name" : null,
          "description" : null,
          "type" : "Property",
          "propertyAssignments" : null,
          "stereotype" : null,
          "isDerived" : false,
          "isReadOnly" : false,
          "isOrdered" : false,
          "cardinality" : "1..*",
          "propertyType" : {
            "id" : "nSJxlG6GAqACBAxC",
            "type" : "Class"
          },
          "subsettedProperties" : null,
          "redefinedProperties" : null,
          "aggregationKind" : "NONE"
        }, {
          "id" : "BCXxlG6GAqACBAyb",
          "name" : null,
          "description" : null,
          "type" : "Property",
          "propertyAssignments" : null,
          "stereotype" : null,
          "isDerived" : false,
          "isReadOnly" : false,
          "isOrdered" : false,
          "cardinality" : "1..*",
          "propertyType" : {
            "id" : "DV7BlG6GAqACBAnc",
            "type" : "Class"
          },
          "subsettedProperties" : null,
          "redefinedProperties" : null,
          "aggregationKind" : "NONE"
        } ]
      }, {
        "id" : "DMPxlG6GAqACBAym",
        "name" : "propositional content of",
        "description" : null,
        "type" : "Relation",
        "propertyAssignments" : null,
        "stereotype" : null,
        "isAbstract" : false,
        "isDerived" : false,
        "properties" : [ {
          "id" : "DMPxlG6GAqACBAyn",
          "name" : "",
          "description" : null,
          "type" : "Property",
          "propertyAssignments" : null,
          "stereotype" : null,
          "isDerived" : false,
          "isReadOnly" : false,
          "isOrdered" : false,
          "cardinality" : "1..*",
          "propertyType" : {
            "id" : "f81xlG6GAqACBAxo",
            "type" : "Class"
          },
          "subsettedProperties" : null,
          "redefinedProperties" : null,
          "aggregationKind" : "NONE"
        }, {
          "id" : "DMPxlG6GAqACBAyp",
          "name" : null,
          "description" : null,
          "type" : "Property",
          "propertyAssignments" : null,
          "stereotype" : null,
          "isDerived" : false,
          "isReadOnly" : false,
          "isOrdered" : false,
          "cardinality" : "1..*",
          "propertyType" : {
            "id" : "vV7BlG6GAqACBAnk",
            "type" : "Class"
          },
          "subsettedProperties" : null,
          "redefinedProperties" : null,
          "aggregationKind" : "NONE"
        } ]
      }, {
        "id" : "R82JlG6GAqACBA0J",
        "name" : "positively impacts",
        "description" : null,
        "type" : "Relation",
        "propertyAssignments" : null,
        "stereotype" : null,
        "isAbstract" : false,
        "isDerived" : false,
        "properties" : [ {
          "id" : "R82JlG6GAqACBA0K",
          "name" : null,
          "description" : null,
          "type" : "Property",
          "propertyAssignments" : null,
          "stereotype" : null,
          "isDerived" : false,
          "isReadOnly" : false,
          "isOrdered" : false,
          "cardinality" : "0..*",
          "propertyType" : {
            "id" : "P0pRlG6GAqACBAtA",
            "type" : "Class"
          },
          "subsettedProperties" : null,
          "redefinedProperties" : null,
          "aggregationKind" : "NONE"
        }, {
          "id" : "R82JlG6GAqACBA0M",
          "name" : null,
          "description" : null,
          "type" : "Property",
          "propertyAssignments" : null,
          "stereotype" : null,
          "isDerived" : false,
          "isReadOnly" : false,
          "isOrdered" : false,
          "cardinality" : "1..*",
          "propertyType" : {
            "id" : "2GPBlG6GAqACBArO",
            "type" : "Class"
          },
          "subsettedProperties" : null,
          "redefinedProperties" : null,
          "aggregationKind" : "NONE"
        } ]
      }, {
        "id" : "4dbJlG6GAqACBA1D",
        "name" : null,
        "description" : null,
        "type" : "Relation",
        "propertyAssignments" : null,
        "stereotype" : null,
        "isAbstract" : false,
        "isDerived" : false,
        "properties" : [ {
          "id" : "4dbJlG6GAqACBA1E",
          "name" : "negatively impacts",
          "description" : null,
          "type" : "Property",
          "propertyAssignments" : null,
          "stereotype" : null,
          "isDerived" : false,
          "isReadOnly" : false,
          "isOrdered" : false,
          "cardinality" : "0..*",
          "propertyType" : {
            "id" : "YedRlG6GAqACBAtX",
            "type" : "Class"
          },
          "subsettedProperties" : null,
          "redefinedProperties" : null,
          "aggregationKind" : "NONE"
        }, {
          "id" : "4dbJlG6GAqACBA1G",
          "name" : null,
          "description" : null,
          "type" : "Property",
          "propertyAssignments" : null,
          "stereotype" : null,
          "isDerived" : false,
          "isReadOnly" : false,
          "isOrdered" : false,
          "cardinality" : "1..*",
          "propertyType" : {
            "id" : "2GPBlG6GAqACBArO",
            "type" : "Class"
          },
          "subsettedProperties" : null,
          "redefinedProperties" : null,
          "aggregationKind" : "NONE"
        } ]
      }, {
        "id" : "TKEplG6GAqACBA2Y",
        "name" : "intends to create",
        "description" : null,
        "type" : "Relation",
        "propertyAssignments" : null,
        "stereotype" : "externalDependence",
        "isAbstract" : false,
        "isDerived" : false,
        "properties" : [ {
          "id" : "TKEplG6GAqACBA2Z",
          "name" : null,
          "description" : null,
          "type" : "Property",
          "propertyAssignments" : null,
          "stereotype" : null,
          "isDerived" : false,
          "isReadOnly" : false,
          "isOrdered" : false,
          "cardinality" : "0..*",
          "propertyType" : {
            "id" : "nSJxlG6GAqACBAxC",
            "type" : "Class"
          },
          "subsettedProperties" : null,
          "redefinedProperties" : null,
          "aggregationKind" : "NONE"
        }, {
          "id" : "TKEplG6GAqACBA2b",
          "name" : "",
          "description" : null,
          "type" : "Property",
          "propertyAssignments" : null,
          "stereotype" : null,
          "isDerived" : false,
          "isReadOnly" : true,
          "isOrdered" : false,
          "cardinality" : "1..*",
          "propertyType" : {
            "id" : "P0pRlG6GAqACBAtA",
            "type" : "Class"
          },
          "subsettedProperties" : null,
          "redefinedProperties" : null,
          "aggregationKind" : "NONE"
        } ]
      }, {
        "id" : "0sUplG6GAqACBA2i",
        "name" : "intends to prevent",
        "description" : null,
        "type" : "Relation",
        "propertyAssignments" : null,
        "stereotype" : "externalDependence",
        "isAbstract" : false,
        "isDerived" : false,
        "properties" : [ {
          "id" : "0sUplG6GAqACBA2j",
          "name" : null,
          "description" : null,
          "type" : "Property",
          "propertyAssignments" : null,
          "stereotype" : null,
          "isDerived" : false,
          "isReadOnly" : false,
          "isOrdered" : false,
          "cardinality" : "0..*",
          "propertyType" : {
            "id" : "f81xlG6GAqACBAxo",
            "type" : "Class"
          },
          "subsettedProperties" : null,
          "redefinedProperties" : null,
          "aggregationKind" : "NONE"
        }, {
          "id" : "0sUplG6GAqACBA2l",
          "name" : null,
          "description" : null,
          "type" : "Property",
          "propertyAssignments" : null,
          "stereotype" : null,
          "isDerived" : false,
          "isReadOnly" : true,
          "isOrdered" : false,
          "cardinality" : "1..*",
          "propertyType" : {
            "id" : "YedRlG6GAqACBAtX",
            "type" : "Class"
          },
          "subsettedProperties" : null,
          "redefinedProperties" : null,
          "aggregationKind" : "NONE"
        } ]
      } ]
    } ]
  },
  "diagrams" : [ {
    "id" : "YQHz5G6GAqACBBeg",
    "name" : "Ethical Requirements",
    "description" : null,
    "type" : "Diagram",
    "owner" : {
      "id" : "8inz5G6GAqACBBez",
      "type" : "Package"
    },
    "contents" : [ {
      "id" : "HI1H5G6GAqACBCa.",
      "type" : "ClassView",
      "modelElement" : {
        "id" : "HI1H5G6GAqACBCa_",
        "type" : "Class"
      },
      "shape" : {
        "id" : "HI1H5G6GAqACBCa._shape",
        "type" : "Rectangle",
        "x" : 767,
        "y" : 340,
        "width" : 157,
        "height" : 40
      }
    }, {
      "id" : "FwXz5G6GAqACBBfk",
      "type" : "ClassView",
      "modelElement" : {
        "id" : "lwXz5G6GAqACBBfm",
        "type" : "Class"
      },
      "shape" : {
        "id" : "FwXz5G6GAqACBBfk_shape",
        "type" : "Rectangle",
        "x" : 332,
        "y" : 253,
        "width" : 82,
        "height" : 40
      }
    }, {
      "id" : "oIXz5G6GAqACBBf1",
      "type" : "ClassView",
      "modelElement" : {
        "id" : "oIXz5G6GAqACBBf3",
        "type" : "Class"
      },
      "shape" : {
        "id" : "oIXz5G6GAqACBBf1_shape",
        "type" : "Rectangle",
        "x" : 652,
        "y" : 148,
        "width" : 91,
        "height" : 40
      }
    }, {
      "id" : "JQXz5G6GAqACBBfG",
      "type" : "ClassView",
      "modelElement" : {
        "id" : "ZQXz5G6GAqACBBfI",
        "type" : "Class"
      },
      "shape" : {
        "id" : "JQXz5G6GAqACBBfG_shape",
        "type" : "Rectangle",
        "x" : 634,
        "y" : 212,
        "width" : 122,
        "height" : 40
      }
    }, {
      "id" : "WcZn5G6GAqACBCcW",
      "type" : "ClassView",
      "modelElement" : {
        "id" : "WcZn5G6GAqACBCcX",
        "type" : "Class"
      },
      "shape" : {
        "id" : "WcZn5G6GAqACBCcW_shape",
        "type" : "Rectangle",
        "x" : 721,
        "y" : 394,
        "width" : 176,
        "height" : 40
      }
    }, {
      "id" : "Rg.H5G6GAqACBCaY",
      "type" : "ClassView",
      "modelElement" : {
        "id" : "Rg.H5G6GAqACBCaZ",
        "type" : "Class"
      },
      "shape" : {
        "id" : "Rg.H5G6GAqACBCaY_shape",
        "type" : "Rectangle",
        "x" : 465,
        "y" : 340,
        "width" : 161,
        "height" : 40
      }
    }, {
      "id" : "BwXz5G6GAqACBBff",
      "type" : "ClassView",
      "modelElement" : {
        "id" : "hwXz5G6GAqACBBfh",
        "type" : "Class"
      },
      "shape" : {
        "id" : "BwXz5G6GAqACBBff_shape",
        "type" : "Rectangle",
        "x" : 392,
        "y" : 148,
        "width" : 134,
        "height" : 40
      }
    }, {
      "id" : "8.q35G6GAqACBCjK",
      "type" : "RelationView",
      "modelElement" : {
        "id" : "4.q35G6GAqACBCjF",
        "type" : "Relation"
      },
      "shape" : {
        "id" : "8.q35G6GAqACBCjK_path",
        "type" : "Path",
        "points" : [ {
          "x" : 490,
          "y" : 381
        }, {
          "x" : 490,
          "y" : 506
        }, {
          "x" : 634,
          "y" : 506
        } ]
      },
      "source" : {
        "id" : "Rg.H5G6GAqACBCaY",
        "type" : "ClassView"
      },
      "target" : {
        "id" : "mD6X5G6GAqACBCew",
        "type" : "ClassView"
      }
    }, {
      "id" : "V2Fr5G6GAqACBCTa",
      "type" : "RelationView",
      "modelElement" : {
        "id" : "x2Fr5G6GAqACBCTV",
        "type" : "Relation"
      },
      "shape" : {
        "id" : "V2Fr5G6GAqACBCTa_path",
        "type" : "Path",
        "points" : [ {
          "x" : 373,
          "y" : 294
        }, {
          "x" : 373,
          "y" : 347
        } ]
      },
      "source" : {
        "id" : "FwXz5G6GAqACBBfk",
        "type" : "ClassView"
      },
      "target" : {
        "id" : "zwXz5G6GAqACBBfr",
        "type" : "ClassView"
      }
    }, {
      "id" : "PwXz5G6GAqACBBfw",
      "type" : "ClassView",
      "modelElement" : {
        "id" : "PwXz5G6GAqACBBfy",
        "type" : "Class"
      },
      "shape" : {
        "id" : "PwXz5G6GAqACBBfw_shape",
        "type" : "Rectangle",
        "x" : 316,
        "y" : 460,
        "width" : 124,
        "height" : 40
      }
    }, {
      "id" : "Nw8X5G6GAqACBCeE",
      "type" : "GeneralizationView",
      "modelElement" : {
        "id" : "5w8X5G6GAqACBCeD",
        "type" : "Generalization"
      },
      "shape" : {
        "id" : "Nw8X5G6GAqACBCeE_path",
        "type" : "Path",
        "points" : [ {
          "x" : 783,
          "y" : 317
        }, {
          "x" : 783,
          "y" : 339
        } ]
      },
      "source" : {
        "id" : "jQXz5G6GAqACBBfL",
        "type" : "ClassView"
      },
      "target" : {
        "id" : "HI1H5G6GAqACBCa.",
        "type" : "ClassView"
      }
    }, {
      "id" : "ioXz5G6GAqACBBhI",
      "type" : "RelationView",
      "modelElement" : {
        "id" : "ioXz5G6GAqACBBhK",
        "type" : "Relation"
      },
      "shape" : {
        "id" : "ioXz5G6GAqACBBhI_path",
        "type" : "Path",
        "points" : [ {
          "x" : 373,
          "y" : 389
        }, {
          "x" : 373,
          "y" : 459
        } ]
      },
      "source" : {
        "id" : "zwXz5G6GAqACBBfr",
        "type" : "ClassView"
      },
      "target" : {
        "id" : "PwXz5G6GAqACBBfw",
        "type" : "ClassView"
      }
    }, {
      "id" : "yvsX5G6GAqACBCd.",
      "type" : "GeneralizationView",
      "modelElement" : {
        "id" : "CvsX5G6GAqACBCd9",
        "type" : "Generalization"
      },
      "shape" : {
        "id" : "yvsX5G6GAqACBCd._path",
        "type" : "Path",
        "points" : [ {
          "x" : 614,
          "y" : 317
        }, {
          "x" : 614,
          "y" : 339
        } ]
      },
      "source" : {
        "id" : "jQXz5G6GAqACBBfL",
        "type" : "ClassView"
      },
      "target" : {
        "id" : "Rg.H5G6GAqACBCaY",
        "type" : "ClassView"
      }
    }, {
      "id" : "cIXz5G6GAqACBBf6",
      "type" : "GeneralizationView",
      "modelElement" : {
        "id" : "8IXz5G6GAqACBBf8",
        "type" : "Generalization"
      },
      "shape" : {
        "id" : "cIXz5G6GAqACBBf6_path",
        "type" : "Path",
        "points" : [ {
          "x" : 695,
          "y" : 253
        }, {
          "x" : 695,
          "y" : 275
        } ]
      },
      "source" : {
        "id" : "JQXz5G6GAqACBBfG",
        "type" : "ClassView"
      },
      "target" : {
        "id" : "jQXz5G6GAqACBBfL",
        "type" : "ClassView"
      }
    }, {
      "id" : "Z1y35G6GAqACBCjA",
      "type" : "GeneralizationView",
      "modelElement" : {
        "id" : "h1y35G6GAqACBCi_",
        "type" : "Generalization"
      },
      "shape" : {
        "id" : "Z1y35G6GAqACBCjA_path",
        "type" : "Path",
        "points" : [ {
          "x" : 696,
          "y" : 317
        }, {
          "x" : 696,
          "y" : 479
        } ]
      },
      "source" : {
        "id" : "jQXz5G6GAqACBBfL",
        "type" : "ClassView"
      },
      "target" : {
        "id" : "mD6X5G6GAqACBCew",
        "type" : "ClassView"
      }
    }, {
      "id" : "S9935G6GAqACBCka",
      "type" : "RelationView",
      "modelElement" : {
        "id" : "U9935G6GAqACBCkV",
        "type" : "Relation"
      },
      "shape" : {
        "id" : "S9935G6GAqACBCka_path",
        "type" : "Path",
        "points" : [ {
          "x" : 746,
          "y" : 435
        }, {
          "x" : 746,
          "y" : 479
        } ]
      },
      "source" : {
        "id" : "WcZn5G6GAqACBCcW",
        "type" : "ClassView"
      },
      "target" : {
        "id" : "mD6X5G6GAqACBCew",
        "type" : "ClassView"
      }
    }, {
      "id" : "zwXz5G6GAqACBBfr",
      "type" : "ClassView",
      "modelElement" : {
        "id" : "LwXz5G6GAqACBBft",
        "type" : "Class"
      },
      "shape" : {
        "id" : "zwXz5G6GAqACBBfr_shape",
        "type" : "Rectangle",
        "x" : 316,
        "y" : 348,
        "width" : 114,
        "height" : 40
      }
    }, {
      "id" : "jQXz5G6GAqACBBfL",
      "type" : "ClassView",
      "modelElement" : {
        "id" : "TQXz5G6GAqACBBfN",
        "type" : "Class"
      },
      "shape" : {
        "id" : "jQXz5G6GAqACBBfL_shape",
        "type" : "Rectangle",
        "x" : 596,
        "y" : 276,
        "width" : 198,
        "height" : 40
      }
    }, {
      "id" : "pyuP5G6GAqACBCn7",
      "type" : "GeneralizationView",
      "modelElement" : {
        "id" : ".yuP5G6GAqACBCn6",
        "type" : "Generalization"
      },
      "shape" : {
        "id" : "pyuP5G6GAqACBCn7_path",
        "type" : "Path",
        "points" : [ {
          "x" : 795,
          "y" : 298
        }, {
          "x" : 834,
          "y" : 298
        } ]
      },
      "source" : {
        "id" : "jQXz5G6GAqACBBfL",
        "type" : "ClassView"
      },
      "target" : {
        "id" : "BK6P5G6GAqACBCnf",
        "type" : "ClassView"
      }
    }, {
      "id" : "mD6X5G6GAqACBCew",
      "type" : "ClassView",
      "modelElement" : {
        "id" : "WD6X5G6GAqACBCex",
        "type" : "Class"
      },
      "shape" : {
        "id" : "mD6X5G6GAqACBCew_shape",
        "type" : "Rectangle",
        "x" : 635,
        "y" : 480,
        "width" : 124,
        "height" : 40
      }
    }, {
      "id" : "FoXz5G6GAqACBBhq",
      "type" : "GeneralizationView",
      "modelElement" : {
        "id" : "loXz5G6GAqACBBhs",
        "type" : "Generalization"
      },
      "shape" : {
        "id" : "FoXz5G6GAqACBBhq_path",
        "type" : "Path",
        "points" : [ {
          "x" : 697,
          "y" : 189
        }, {
          "x" : 697,
          "y" : 211
        } ]
      },
      "source" : {
        "id" : "oIXz5G6GAqACBBf1",
        "type" : "ClassView"
      },
      "target" : {
        "id" : "JQXz5G6GAqACBBfG",
        "type" : "ClassView"
      }
    }, {
      "id" : "3IXz5G6GAqACBBgm",
      "type" : "RelationView",
      "modelElement" : {
        "id" : "3IXz5G6GAqACBBgo",
        "type" : "Relation"
      },
      "shape" : {
        "id" : "3IXz5G6GAqACBBgm_path",
        "type" : "Path",
        "points" : [ {
          "x" : 391,
          "y" : 168
        }, {
          "x" : 342,
          "y" : 168
        }, {
          "x" : 342,
          "y" : 252
        } ]
      },
      "source" : {
        "id" : "BwXz5G6GAqACBBff",
        "type" : "ClassView"
      },
      "target" : {
        "id" : "FwXz5G6GAqACBBfk",
        "type" : "ClassView"
      }
    }, {
      "id" : "wVqX5G6GAqACBCem",
      "type" : "GeneralizationView",
      "modelElement" : {
        "id" : "_lqX5G6GAqACBCel",
        "type" : "Generalization"
      },
      "shape" : {
        "id" : "wVqX5G6GAqACBCem_path",
        "type" : "Path",
        "points" : [ {
          "x" : 655,
          "y" : 317
        }, {
          "x" : 655,
          "y" : 393
        } ]
      },
      "source" : {
        "id" : "jQXz5G6GAqACBBfL",
        "type" : "ClassView"
      },
      "target" : {
        "id" : "6Y4n5G6GAqACBCb6",
        "type" : "ClassView"
      }
    }, {
      "id" : "GtaX5G6GAqACBCeq",
      "type" : "GeneralizationView",
      "modelElement" : {
        "id" : "ytaX5G6GAqACBCep",
        "type" : "Generalization"
      },
      "shape" : {
        "id" : "GtaX5G6GAqACBCeq_path",
        "type" : "Path",
        "points" : [ {
          "x" : 734,
          "y" : 317
        }, {
          "x" : 734,
          "y" : 393
        } ]
      },
      "source" : {
        "id" : "jQXz5G6GAqACBBfL",
        "type" : "ClassView"
      },
      "target" : {
        "id" : "WcZn5G6GAqACBCcW",
        "type" : "ClassView"
      }
    }, {
      "id" : "DIXz5G6GAqACBBgV",
      "type" : "RelationView",
      "modelElement" : {
        "id" : "DIXz5G6GAqACBBgX",
        "type" : "Relation"
      },
      "shape" : {
        "id" : "DIXz5G6GAqACBBgV_path",
        "type" : "Path",
        "points" : [ {
          "x" : 595,
          "y" : 293
        }, {
          "x" : 465,
          "y" : 293
        }, {
          "x" : 465,
          "y" : 189
        } ]
      },
      "source" : {
        "id" : "jQXz5G6GAqACBBfL",
        "type" : "ClassView"
      },
      "target" : {
        "id" : "BwXz5G6GAqACBBff",
        "type" : "ClassView"
      }
    }, {
      "id" : "2Sr35G6GAqACBCk0",
      "type" : "RelationView",
      "modelElement" : {
        "id" : "KSr35G6GAqACBCkv",
        "type" : "Relation"
      },
      "shape" : {
        "id" : "2Sr35G6GAqACBCk0_path",
        "type" : "Path",
        "points" : [ {
          "x" : 906,
          "y" : 381
        }, {
          "x" : 906,
          "y" : 489
        }, {
          "x" : 760,
          "y" : 489
        } ]
      },
      "source" : {
        "id" : "HI1H5G6GAqACBCa.",
        "type" : "ClassView"
      },
      "target" : {
        "id" : "mD6X5G6GAqACBCew",
        "type" : "ClassView"
      }
    }, {
      "id" : "BK6P5G6GAqACBCnf",
      "type" : "ClassView",
      "modelElement" : {
        "id" : "BK6P5G6GAqACBCng",
        "type" : "Class"
      },
      "shape" : {
        "id" : "BK6P5G6GAqACBCnf_shape",
        "type" : "Rectangle",
        "x" : 835,
        "y" : 276,
        "width" : 125,
        "height" : 40
      }
    }, {
      "id" : "f3e35G6GAqACBCju",
      "type" : "RelationView",
      "modelElement" : {
        "id" : "73e35G6GAqACBCjp",
        "type" : "Relation"
      },
      "shape" : {
        "id" : "f3e35G6GAqACBCju_path",
        "type" : "Path",
        "points" : [ {
          "x" : 655,
          "y" : 435
        }, {
          "x" : 655,
          "y" : 479
        } ]
      },
      "source" : {
        "id" : "6Y4n5G6GAqACBCb6",
        "type" : "ClassView"
      },
      "target" : {
        "id" : "mD6X5G6GAqACBCew",
        "type" : "ClassView"
      }
    }, {
      "id" : "qOeP5G6GAqACBCoF",
      "type" : "RelationView",
      "modelElement" : {
        "id" : "cOeP5G6GAqACBCoA",
        "type" : "Relation"
      },
      "shape" : {
        "id" : "qOeP5G6GAqACBCoF_path",
        "type" : "Path",
        "points" : [ {
          "x" : 948,
          "y" : 317
        }, {
          "x" : 948,
          "y" : 506
        }, {
          "x" : 760,
          "y" : 506
        } ]
      },
      "source" : {
        "id" : "BK6P5G6GAqACBCnf",
        "type" : "ClassView"
      },
      "target" : {
        "id" : "mD6X5G6GAqACBCew",
        "type" : "ClassView"
      }
    }, {
      "id" : "6Y4n5G6GAqACBCb6",
      "type" : "ClassView",
      "modelElement" : {
        "id" : "6Y4n5G6GAqACBCb7",
        "type" : "Class"
      },
      "shape" : {
        "id" : "6Y4n5G6GAqACBCb6_shape",
        "type" : "Rectangle",
        "x" : 510,
        "y" : 394,
        "width" : 161,
        "height" : 40
      }
    } ]
  }, {
    "id" : "8jVBlG6GAqACBAli",
    "name" : "Beneficence - Nonmaleficence",
    "description" : null,
    "type" : "Diagram",
    "owner" : {
      "id" : "yadBlG6GAqACBAl1",
      "type" : "Package"
    },
    "contents" : [ {
      "id" : "nSJxlG6GAqACBAxB",
      "type" : "ClassView",
      "modelElement" : {
        "id" : "nSJxlG6GAqACBAxC",
        "type" : "Class"
      },
      "shape" : {
        "id" : "nSJxlG6GAqACBAxB_shape",
        "type" : "Rectangle",
        "x" : 295,
        "y" : 269,
        "width" : 132,
        "height" : 40
      }
    }, {
      "id" : "1HzxlG6GAqACBAyB",
      "type" : "GeneralizationView",
      "modelElement" : {
        "id" : "5HzxlG6GAqACBAyA",
        "type" : "Generalization"
      },
      "shape" : {
        "id" : "1HzxlG6GAqACBAyB_path",
        "type" : "Path",
        "points" : [ {
          "x" : 630,
          "y" : 182
        }, {
          "x" : 815,
          "y" : 182
        }, {
          "x" : 815,
          "y" : 268
        } ]
      },
      "source" : {
        "id" : "2GPBlG6GAqACBArN",
        "type" : "ClassView"
      },
      "target" : {
        "id" : "f81xlG6GAqACBAxn",
        "type" : "ClassView"
      }
    }, {
      "id" : "XN7BlG6GAqACBApX",
      "type" : "GeneralizationView",
      "modelElement" : {
        "id" : "XN7BlG6GAqACBApZ",
        "type" : "Generalization"
      },
      "shape" : {
        "id" : "XN7BlG6GAqACBApX_path",
        "type" : "Path",
        "points" : [ {
          "x" : 683,
          "y" : 402
        }, {
          "x" : 716,
          "y" : 402
        } ]
      },
      "source" : {
        "id" : "ol7BlG6GAqACBAma",
        "type" : "ClassView"
      },
      "target" : {
        "id" : "PV7BlG6GAqACBAni",
        "type" : "ClassView"
      }
    }, {
      "id" : "7ZFxlG6GAqACBAxY",
      "type" : "GeneralizationView",
      "modelElement" : {
        "id" : "LZFxlG6GAqACBAxX",
        "type" : "Generalization"
      },
      "shape" : {
        "id" : "7ZFxlG6GAqACBAxY_path",
        "type" : "Path",
        "points" : [ {
          "x" : 548,
          "y" : 182
        }, {
          "x" : 369,
          "y" : 182
        }, {
          "x" : 369,
          "y" : 268
        } ]
      },
      "source" : {
        "id" : "2GPBlG6GAqACBArN",
        "type" : "ClassView"
      },
      "target" : {
        "id" : "nSJxlG6GAqACBAxB",
        "type" : "ClassView"
      }
    }, {
      "id" : "P0pRlG6GAqACBAs_",
      "type" : "ClassView",
      "modelElement" : {
        "id" : "P0pRlG6GAqACBAtA",
        "type" : "Class"
      },
      "shape" : {
        "id" : "P0pRlG6GAqACBAs__shape",
        "type" : "Rectangle",
        "x" : 196,
        "y" : 148,
        "width" : 121,
        "height" : 40
      }
    }, {
      "id" : "CsUplG6GAqACBA2n",
      "type" : "RelationView",
      "modelElement" : {
        "id" : "0sUplG6GAqACBA2i",
        "type" : "Relation"
      },
      "shape" : {
        "id" : "CsUplG6GAqACBA2n_path",
        "type" : "Path",
        "points" : [ {
          "x" : 894,
          "y" : 288
        }, {
          "x" : 936,
          "y" : 288
        }, {
          "x" : 936,
          "y" : 189
        } ]
      },
      "source" : {
        "id" : "f81xlG6GAqACBAxn",
        "type" : "ClassView"
      },
      "target" : {
        "id" : "YedRlG6GAqACBAtW",
        "type" : "ClassView"
      }
    }, {
      "id" : "2GPBlG6GAqACBArN",
      "type" : "ClassView",
      "modelElement" : {
        "id" : "2GPBlG6GAqACBArO",
        "type" : "Class"
      },
      "shape" : {
        "id" : "2GPBlG6GAqACBArN_shape",
        "type" : "Rectangle",
        "x" : 549,
        "y" : 154,
        "width" : 80,
        "height" : 40
      }
    }, {
      "id" : "JF7BlG6GAqACBAmS",
      "type" : "ClassView",
      "modelElement" : {
        "id" : "FF7BlG6GAqACBAmU",
        "type" : "Class"
      },
      "shape" : {
        "id" : "JF7BlG6GAqACBAmS_shape",
        "type" : "Rectangle",
        "x" : 522,
        "y" : 311,
        "width" : 122,
        "height" : 40
      }
    }, {
      "id" : "F82JlG6GAqACBA0O",
      "type" : "RelationView",
      "modelElement" : {
        "id" : "R82JlG6GAqACBA0J",
        "type" : "Relation"
      },
      "shape" : {
        "id" : "F82JlG6GAqACBA0O_path",
        "type" : "Path",
        "points" : [ {
          "x" : 318,
          "y" : 165
        }, {
          "x" : 548,
          "y" : 165
        } ]
      },
      "source" : {
        "id" : "P0pRlG6GAqACBAs_",
        "type" : "ClassView"
      },
      "target" : {
        "id" : "2GPBlG6GAqACBArN",
        "type" : "ClassView"
      }
    }, {
      "id" : "PV7BlG6GAqACBAni",
      "type" : "ClassView",
      "modelElement" : {
        "id" : "vV7BlG6GAqACBAnk",
        "type" : "Class"
      },
      "shape" : {
        "id" : "PV7BlG6GAqACBAni_shape",
        "type" : "Rectangle",
        "x" : 717,
        "y" : 376,
        "width" : 176,
        "height" : 40
      }
    }, {
      "id" : "2N7BlG6GAqACBAoy",
      "type" : "GeneralizationView",
      "modelElement" : {
        "id" : "2N7BlG6GAqACBAo0",
        "type" : "Generalization"
      },
      "shape" : {
        "id" : "2N7BlG6GAqACBAoy_path",
        "type" : "Path",
        "points" : [ {
          "x" : 585,
          "y" : 288
        }, {
          "x" : 585,
          "y" : 310
        } ]
      },
      "source" : {
        "id" : "8V7BlG6GAqACBAnC",
        "type" : "ClassView"
      },
      "target" : {
        "id" : "JF7BlG6GAqACBAmS",
        "type" : "ClassView"
      }
    }, {
      "id" : "5CXxlG6GAqACBAyd",
      "type" : "RelationView",
      "modelElement" : {
        "id" : ".CXxlG6GAqACBAyY",
        "type" : "Relation"
      },
      "shape" : {
        "id" : "5CXxlG6GAqACBAyd_path",
        "type" : "Path",
        "points" : [ {
          "x" : 369,
          "y" : 310
        }, {
          "x" : 369,
          "y" : 375
        } ]
      },
      "source" : {
        "id" : "nSJxlG6GAqACBAxB",
        "type" : "ClassView"
      },
      "target" : {
        "id" : "DV7BlG6GAqACBAna",
        "type" : "ClassView"
      }
    }, {
      "id" : "YedRlG6GAqACBAtW",
      "type" : "ClassView",
      "modelElement" : {
        "id" : "YedRlG6GAqACBAtX",
        "type" : "Class"
      },
      "shape" : {
        "id" : "YedRlG6GAqACBAtW_shape",
        "type" : "Rectangle",
        "x" : 861,
        "y" : 148,
        "width" : 113,
        "height" : 40
      }
    }, {
      "id" : "bN7BlG6GAqACBApS",
      "type" : "GeneralizationView",
      "modelElement" : {
        "id" : "bN7BlG6GAqACBApU",
        "type" : "Generalization"
      },
      "shape" : {
        "id" : "bN7BlG6GAqACBApS_path",
        "type" : "Path",
        "points" : [ {
          "x" : 483,
          "y" : 402
        }, {
          "x" : 443,
          "y" : 402
        } ]
      },
      "source" : {
        "id" : "ol7BlG6GAqACBAma",
        "type" : "ClassView"
      },
      "target" : {
        "id" : "DV7BlG6GAqACBAna",
        "type" : "ClassView"
      }
    }, {
      "id" : "cdbJlG6GAqACBA1I",
      "type" : "RelationView",
      "modelElement" : {
        "id" : "4dbJlG6GAqACBA1D",
        "type" : "Relation"
      },
      "shape" : {
        "id" : "cdbJlG6GAqACBA1I_path",
        "type" : "Path",
        "points" : [ {
          "x" : 860,
          "y" : 168
        }, {
          "x" : 630,
          "y" : 168
        } ]
      },
      "source" : {
        "id" : "YedRlG6GAqACBAtW",
        "type" : "ClassView"
      },
      "target" : {
        "id" : "2GPBlG6GAqACBArN",
        "type" : "ClassView"
      }
    }, {
      "id" : "ol7BlG6GAqACBAma",
      "type" : "ClassView",
      "modelElement" : {
        "id" : "4l7BlG6GAqACBAmc",
        "type" : "Class"
      },
      "shape" : {
        "id" : "ol7BlG6GAqACBAma_shape",
        "type" : "Rectangle",
        "x" : 484,
        "y" : 375,
        "width" : 198,
        "height" : 40
      }
    }, {
      "id" : "D.LRlG6GAqACBAty",
      "type" : "RelationView",
      "modelElement" : {
        "id" : "V.LRlG6GAqACBAtt",
        "type" : "Relation"
      },
      "shape" : {
        "id" : "D.LRlG6GAqACBAty_path",
        "type" : "Path",
        "points" : [ {
          "x" : 583,
          "y" : 195
        }, {
          "x" : 583,
          "y" : 246
        } ]
      },
      "source" : {
        "id" : "2GPBlG6GAqACBArN",
        "type" : "ClassView"
      },
      "target" : {
        "id" : "8V7BlG6GAqACBAnC",
        "type" : "ClassView"
      }
    }, {
      "id" : "PKEplG6GAqACBA2d",
      "type" : "RelationView",
      "modelElement" : {
        "id" : "TKEplG6GAqACBA2Y",
        "type" : "Relation"
      },
      "shape" : {
        "id" : "PKEplG6GAqACBA2d_path",
        "type" : "Path",
        "points" : [ {
          "x" : 294,
          "y" : 297
        }, {
          "x" : 244,
          "y" : 297
        }, {
          "x" : 244,
          "y" : 189
        } ]
      },
      "source" : {
        "id" : "nSJxlG6GAqACBAxB",
        "type" : "ClassView"
      },
      "target" : {
        "id" : "P0pRlG6GAqACBAs_",
        "type" : "ClassView"
      }
    }, {
      "id" : "bMPxlG6GAqACBAyr",
      "type" : "RelationView",
      "modelElement" : {
        "id" : "DMPxlG6GAqACBAym",
        "type" : "Relation"
      },
      "shape" : {
        "id" : "bMPxlG6GAqACBAyr_path",
        "type" : "Path",
        "points" : [ {
          "x" : 815,
          "y" : 310
        }, {
          "x" : 815,
          "y" : 375
        } ]
      },
      "source" : {
        "id" : "f81xlG6GAqACBAxn",
        "type" : "ClassView"
      },
      "target" : {
        "id" : "PV7BlG6GAqACBAni",
        "type" : "ClassView"
      }
    }, {
      "id" : "8B0hlG6GAqACBAr4",
      "type" : "RelationView",
      "modelElement" : {
        "id" : "0B0hlG6GAqACBArz",
        "type" : "Relation"
      },
      "shape" : {
        "id" : "8B0hlG6GAqACBAr4_path",
        "type" : "Path",
        "points" : [ {
          "x" : 583,
          "y" : 153
        }, {
          "x" : 583,
          "y" : 109
        } ]
      },
      "source" : {
        "id" : "2GPBlG6GAqACBArN",
        "type" : "ClassView"
      },
      "target" : {
        "id" : "4w4hlG6GAqACBArg",
        "type" : "ClassView"
      }
    }, {
      "id" : "DV7BlG6GAqACBAna",
      "type" : "ClassView",
      "modelElement" : {
        "id" : "DV7BlG6GAqACBAnc",
        "type" : "Class"
      },
      "shape" : {
        "id" : "DV7BlG6GAqACBAna_shape",
        "type" : "Rectangle",
        "x" : 281,
        "y" : 376,
        "width" : 161,
        "height" : 40
      }
    }, {
      "id" : "f81xlG6GAqACBAxn",
      "type" : "ClassView",
      "modelElement" : {
        "id" : "f81xlG6GAqACBAxo",
        "type" : "Class"
      },
      "shape" : {
        "id" : "f81xlG6GAqACBAxn_shape",
        "type" : "Rectangle",
        "x" : 738,
        "y" : 269,
        "width" : 155,
        "height" : 40
      }
    }, {
      "id" : "8V7BlG6GAqACBAnC",
      "type" : "ClassView",
      "modelElement" : {
        "id" : "CV7BlG6GAqACBAnE",
        "type" : "Class"
      },
      "shape" : {
        "id" : "8V7BlG6GAqACBAnC_shape",
        "type" : "Rectangle",
        "x" : 540,
        "y" : 247,
        "width" : 91,
        "height" : 40
      }
    }, {
      "id" : "4w4hlG6GAqACBArg",
      "type" : "ClassView",
      "modelElement" : {
        "id" : "Ew4hlG6GAqACBArh",
        "type" : "Class"
      },
      "shape" : {
        "id" : "4w4hlG6GAqACBArg_shape",
        "type" : "Rectangle",
        "x" : 540,
        "y" : 68,
        "width" : 91,
        "height" : 40
      }
    }, {
      "id" : "u17BlG6GAqACBAn6",
      "type" : "GeneralizationView",
      "modelElement" : {
        "id" : "e17BlG6GAqACBAn8",
        "type" : "Generalization"
      },
      "shape" : {
        "id" : "u17BlG6GAqACBAn6_path",
        "type" : "Path",
        "points" : [ {
          "x" : 583,
          "y" : 352
        }, {
          "x" : 583,
          "y" : 374
        } ]
      },
      "source" : {
        "id" : "JF7BlG6GAqACBAmS",
        "type" : "ClassView"
      },
      "target" : {
        "id" : "ol7BlG6GAqACBAma",
        "type" : "ClassView"
      }
    } ]
  } ]
}