{
  "id" : ".Zctsf6GAqAAbxQJ",
  "name" : "ontology",
  "description" : null,
  "type" : "Project",
  "model" : {
    "id" : ".Zctsf6GAqAAbxQJ_root",
    "name" : "ontology",
    "description" : null,
    "type" : "Package",
    "propertyAssignments" : null,
    "contents" : [ {
      "id" : "KtLRLf6AUB0C9GAq",
      "name" : "Model",
      "description" : null,
      "type" : "Package",
      "propertyAssignments" : null,
      "contents" : [ {
        "id" : "l0bRLf6AUB0C9GAu",
        "name" : "COVER",
        "description" : null,
        "type" : "Package",
        "propertyAssignments" : null,
        "contents" : [ {
          "id" : "bNQ9sf6GAqAAbxgs",
          "name" : "Value Event",
          "description" : null,
          "type" : "Class",
          "propertyAssignments" : null,
          "stereotype" : "event",
          "isAbstract" : false,
          "isDerived" : false,
          "properties" : null,
          "isExtensional" : null,
          "isPowertype" : null,
          "order" : null,
          "literals" : null,
          "restrictedTo" : [ "event" ]
        }, {
          "id" : "ZTI9sf6GAqAAbxg3",
          "name" : "Value Experience",
          "description" : null,
          "type" : "Class",
          "propertyAssignments" : null,
          "stereotype" : "event",
          "isAbstract" : false,
          "isDerived" : false,
          "properties" : null,
          "isExtensional" : null,
          "isPowertype" : null,
          "order" : null,
          "literals" : null,
          "restrictedTo" : [ "event" ]
        }, {
          "id" : "tmMTsf6GAqAAbxvz",
          "name" : "Resulting Situation",
          "description" : null,
          "type" : "Class",
          "propertyAssignments" : null,
          "stereotype" : "situation",
          "isAbstract" : false,
          "isDerived" : false,
          "properties" : null,
          "isExtensional" : null,
          "isPowertype" : null,
          "order" : null,
          "literals" : null,
          "restrictedTo" : [ "situation" ]
        }, {
          "id" : "DOCTsf6GAqAAbxwJ",
          "name" : "Threatening Situation",
          "description" : null,
          "type" : "Class",
          "propertyAssignments" : null,
          "stereotype" : "situation",
          "isAbstract" : false,
          "isDerived" : false,
          "properties" : null,
          "isExtensional" : null,
          "isPowertype" : null,
          "order" : null,
          "literals" : null,
          "restrictedTo" : [ "situation" ]
        }, {
          "id" : "FGKTsf6GAqAAbxwW",
          "name" : "Threat Event",
          "description" : null,
          "type" : "Class",
          "propertyAssignments" : null,
          "stereotype" : "event",
          "isAbstract" : false,
          "isDerived" : false,
          "properties" : null,
          "isExtensional" : null,
          "isPowertype" : null,
          "order" : null,
          "literals" : null,
          "restrictedTo" : [ "event" ]
        }, {
          "id" : "gT6Tsf6GAqAAbxwh",
          "name" : "Trigger Event",
          "description" : null,
          "type" : "Class",
          "propertyAssignments" : null,
          "stereotype" : "event",
          "isAbstract" : false,
          "isDerived" : false,
          "properties" : null,
          "isExtensional" : null,
          "isPowertype" : null,
          "order" : null,
          "literals" : null,
          "restrictedTo" : [ "event" ]
        }, {
          "id" : "EUWTsf6GAqAAbxws",
          "name" : "Risk Event",
          "description" : null,
          "type" : "Class",
          "propertyAssignments" : null,
          "stereotype" : "event",
          "isAbstract" : false,
          "isDerived" : false,
          "properties" : null,
          "isExtensional" : null,
          "isPowertype" : null,
          "order" : null,
          "literals" : null,
          "restrictedTo" : [ "event" ]
        }, {
          "id" : "ZAOTsf6GAqAAbxw3",
          "name" : "Impact Event",
          "description" : null,
          "type" : "Class",
          "propertyAssignments" : null,
          "stereotype" : "event",
          "isAbstract" : false,
          "isDerived" : false,
          "properties" : null,
          "isExtensional" : null,
          "isPowertype" : null,
          "order" : null,
          "literals" : null,
          "restrictedTo" : [ "event" ]
        }, {
          "id" : "ALuTsf6GAqAAbxxC",
          "name" : "Gain Event",
          "description" : null,
          "type" : "Class",
          "propertyAssignments" : null,
          "stereotype" : "event",
          "isAbstract" : false,
          "isDerived" : false,
          "properties" : null,
          "isExtensional" : null,
          "isPowertype" : null,
          "order" : null,
          "literals" : null,
          "restrictedTo" : [ "event" ]
        }, {
          "id" : "WxhTsf6GAqAAbxxN",
          "name" : "Loss Event",
          "description" : null,
          "type" : "Class",
          "propertyAssignments" : null,
          "stereotype" : "event",
          "isAbstract" : false,
          "isDerived" : false,
          "properties" : null,
          "isExtensional" : null,
          "isPowertype" : null,
          "order" : null,
          "literals" : null,
          "restrictedTo" : [ "event" ]
        }, {
          "id" : "v9N9sf6GAqAAbxjw",
          "name" : null,
          "description" : null,
          "type" : "Generalization",
          "propertyAssignments" : null,
          "general" : {
            "id" : "bNQ9sf6GAqAAbxgs",
            "type" : "Class"
          },
          "specific" : {
            "id" : "GvA9sf6GAqAAbxgh",
            "type" : "Class"
          }
        }, {
          "id" : "aIt9sf6GAqAAbxj2",
          "name" : null,
          "description" : null,
          "type" : "Generalization",
          "propertyAssignments" : null,
          "general" : {
            "id" : "ZTI9sf6GAqAAbxg3",
            "type" : "Class"
          },
          "specific" : {
            "id" : "uW49sf6GAqAAbxhC",
            "type" : "Class"
          }
        }, {
          "id" : "LMbTsf6GAqAAbxy1",
          "name" : null,
          "description" : null,
          "type" : "Generalization",
          "propertyAssignments" : null,
          "general" : {
            "id" : "ZAOTsf6GAqAAbxw3",
            "type" : "Class"
          },
          "specific" : {
            "id" : "ALuTsf6GAqAAbxxC",
            "type" : "Class"
          }
        }, {
          "id" : "zxbTsf6GAqAAbxy7",
          "name" : null,
          "description" : null,
          "type" : "Generalization",
          "propertyAssignments" : null,
          "general" : {
            "id" : "ZAOTsf6GAqAAbxw3",
            "type" : "Class"
          },
          "specific" : {
            "id" : "WxhTsf6GAqAAbxxN",
            "type" : "Class"
          }
        }, {
          "id" : "387Tsf6GAqAAbxzB",
          "name" : null,
          "description" : null,
          "type" : "Generalization",
          "propertyAssignments" : null,
          "general" : {
            "id" : "bNQ9sf6GAqAAbxgs",
            "type" : "Class"
          },
          "specific" : {
            "id" : "ZAOTsf6GAqAAbxw3",
            "type" : "Class"
          }
        }, {
          "id" : "xKHTsf6GAqAAbxzT",
          "name" : null,
          "description" : null,
          "type" : "Generalization",
          "propertyAssignments" : null,
          "general" : {
            "id" : "bNQ9sf6GAqAAbxgs",
            "type" : "Class"
          },
          "specific" : {
            "id" : "gT6Tsf6GAqAAbxwh",
            "type" : "Class"
          }
        }, {
          "id" : "7EnTsf6GAqAAbxzZ",
          "name" : null,
          "description" : null,
          "type" : "Generalization",
          "propertyAssignments" : null,
          "general" : {
            "id" : "bNQ9sf6GAqAAbxgs",
            "type" : "Class"
          },
          "specific" : {
            "id" : "EUWTsf6GAqAAbxws",
            "type" : "Class"
          }
        }, {
          "id" : "b63Tsf6GAqAAbxzn",
          "name" : null,
          "description" : null,
          "type" : "Generalization",
          "propertyAssignments" : null,
          "general" : {
            "id" : "gT6Tsf6GAqAAbxwh",
            "type" : "Class"
          },
          "specific" : {
            "id" : "FGKTsf6GAqAAbxwW",
            "type" : "Class"
          }
        }, {
          "id" : "ov3Tsf6GAqAAbxzt",
          "name" : null,
          "description" : null,
          "type" : "Generalization",
          "propertyAssignments" : null,
          "general" : {
            "id" : "EUWTsf6GAqAAbxws",
            "type" : "Class"
          },
          "specific" : {
            "id" : "WxhTsf6GAqAAbxxN",
            "type" : "Class"
          }
        }, {
          "id" : "ciPTsf6GAqAAbxzz",
          "name" : null,
          "description" : null,
          "type" : "Generalization",
          "propertyAssignments" : null,
          "general" : {
            "id" : "EUWTsf6GAqAAbxws",
            "type" : "Class"
          },
          "specific" : {
            "id" : "FGKTsf6GAqAAbxwW",
            "type" : "Class"
          }
        }, {
          "id" : "TF_Tsf6GAqAAbx0L",
          "name" : null,
          "description" : null,
          "type" : "Generalization",
          "propertyAssignments" : null,
          "general" : {
            "id" : "tmMTsf6GAqAAbxvz",
            "type" : "Class"
          },
          "specific" : {
            "id" : "ficTsf6GAqAAbxv.",
            "type" : "Class"
          }
        }, {
          "id" : "uYAzsf6GAqAAbx0R",
          "name" : null,
          "description" : null,
          "type" : "Generalization",
          "propertyAssignments" : null,
          "general" : {
            "id" : "tmMTsf6GAqAAbxvz",
            "type" : "Class"
          },
          "specific" : {
            "id" : "DOCTsf6GAqAAbxwJ",
            "type" : "Class"
          }
        }, {
          "id" : "3e0jsf6GAqAAbxs_",
          "name" : null,
          "description" : null,
          "type" : "Relation",
          "propertyAssignments" : null,
          "stereotype" : null,
          "isAbstract" : false,
          "isDerived" : false,
          "properties" : [ {
            "id" : "3e0jsf6GAqAAbxtA",
            "name" : null,
            "description" : null,
            "type" : "Property",
            "propertyAssignments" : null,
            "stereotype" : null,
            "isDerived" : false,
            "isReadOnly" : false,
            "isOrdered" : false,
            "cardinality" : "2..*",
            "propertyType" : {
              "id" : "bNQ9sf6GAqAAbxgs",
              "type" : "Class"
            },
            "subsettedProperties" : null,
            "redefinedProperties" : null,
            "aggregationKind" : "NONE"
          }, {
            "id" : "3e0jsf6GAqAAbxtC",
            "name" : null,
            "description" : null,
            "type" : "Property",
            "propertyAssignments" : null,
            "stereotype" : null,
            "isDerived" : false,
            "isReadOnly" : false,
            "isOrdered" : false,
            "cardinality" : "1..*",
            "propertyType" : {
              "id" : "ZTI9sf6GAqAAbxg3",
              "type" : "Class"
            },
            "subsettedProperties" : null,
            "redefinedProperties" : null,
            "aggregationKind" : "SHARED"
          } ]
        }, {
          "id" : "wrWzsf6GAqAAbx2B",
          "name" : "positively impacts",
          "description" : null,
          "type" : "Relation",
          "propertyAssignments" : null,
          "stereotype" : null,
          "isAbstract" : false,
          "isDerived" : false,
          "properties" : [ {
            "id" : "wrWzsf6GAqAAbx2C",
            "name" : "",
            "description" : null,
            "type" : "Property",
            "propertyAssignments" : null,
            "stereotype" : null,
            "isDerived" : false,
            "isReadOnly" : false,
            "isOrdered" : false,
            "cardinality" : "0..*",
            "propertyType" : {
              "id" : "ALuTsf6GAqAAbxxC",
              "type" : "Class"
            },
            "subsettedProperties" : null,
            "redefinedProperties" : null,
            "aggregationKind" : "NONE"
          }, {
            "id" : "wrWzsf6GAqAAbx2E",
            "name" : "",
            "description" : null,
            "type" : "Property",
            "propertyAssignments" : null,
            "stereotype" : null,
            "isDerived" : false,
            "isReadOnly" : false,
            "isOrdered" : false,
            "cardinality" : "1..*",
            "propertyType" : {
              "id" : "V8Xdsf6GAqAAbxf1",
              "type" : "Class"
            },
            "subsettedProperties" : null,
            "redefinedProperties" : null,
            "aggregationKind" : "NONE"
          } ]
        }, {
          "id" : "U.2zsf6GAqAAbx2L",
          "name" : "negatively impact / hurts",
          "description" : null,
          "type" : "Relation",
          "propertyAssignments" : null,
          "stereotype" : null,
          "isAbstract" : false,
          "isDerived" : false,
          "properties" : [ {
            "id" : "U.2zsf6GAqAAbx2M",
            "name" : "",
            "description" : null,
            "type" : "Property",
            "propertyAssignments" : null,
            "stereotype" : null,
            "isDerived" : false,
            "isReadOnly" : false,
            "isOrdered" : false,
            "cardinality" : "0..*",
            "propertyType" : {
              "id" : "WxhTsf6GAqAAbxxN",
              "type" : "Class"
            },
            "subsettedProperties" : null,
            "redefinedProperties" : null,
            "aggregationKind" : "NONE"
          }, {
            "id" : "U.2zsf6GAqAAbx2O",
            "name" : "",
            "description" : null,
            "type" : "Property",
            "propertyAssignments" : null,
            "stereotype" : null,
            "isDerived" : false,
            "isReadOnly" : false,
            "isOrdered" : false,
            "cardinality" : "1..*",
            "propertyType" : {
              "id" : "V8Xdsf6GAqAAbxf1",
              "type" : "Class"
            },
            "subsettedProperties" : null,
            "redefinedProperties" : null,
            "aggregationKind" : "NONE"
          } ]
        }, {
          "id" : "vPBzsf6GAqAAbx2y",
          "name" : "causes impact",
          "description" : null,
          "type" : "Relation",
          "propertyAssignments" : null,
          "stereotype" : "historicalDependence",
          "isAbstract" : false,
          "isDerived" : false,
          "properties" : [ {
            "id" : "vPBzsf6GAqAAbx2z",
            "name" : null,
            "description" : null,
            "type" : "Property",
            "propertyAssignments" : null,
            "stereotype" : null,
            "isDerived" : false,
            "isReadOnly" : false,
            "isOrdered" : false,
            "cardinality" : "1..*",
            "propertyType" : {
              "id" : "gT6Tsf6GAqAAbxwh",
              "type" : "Class"
            },
            "subsettedProperties" : null,
            "redefinedProperties" : null,
            "aggregationKind" : "NONE"
          }, {
            "id" : "vPBzsf6GAqAAbx21",
            "name" : null,
            "description" : null,
            "type" : "Property",
            "propertyAssignments" : null,
            "stereotype" : null,
            "isDerived" : false,
            "isReadOnly" : true,
            "isOrdered" : false,
            "cardinality" : "1..*",
            "propertyType" : {
              "id" : "ZAOTsf6GAqAAbxw3",
              "type" : "Class"
            },
            "subsettedProperties" : null,
            "redefinedProperties" : null,
            "aggregationKind" : "NONE"
          } ]
        }, {
          "id" : "PNhzsf6GAqAAbx28",
          "name" : "causes loss",
          "description" : null,
          "type" : "Relation",
          "propertyAssignments" : null,
          "stereotype" : "historicalDependence",
          "isAbstract" : false,
          "isDerived" : false,
          "properties" : [ {
            "id" : "PNhzsf6GAqAAbx29",
            "name" : null,
            "description" : null,
            "type" : "Property",
            "propertyAssignments" : null,
            "stereotype" : null,
            "isDerived" : false,
            "isReadOnly" : false,
            "isOrdered" : false,
            "cardinality" : "1..*",
            "propertyType" : {
              "id" : "FGKTsf6GAqAAbxwW",
              "type" : "Class"
            },
            "subsettedProperties" : null,
            "redefinedProperties" : null,
            "aggregationKind" : "NONE"
          }, {
            "id" : "PNhzsf6GAqAAbx2_",
            "name" : null,
            "description" : null,
            "type" : "Property",
            "propertyAssignments" : null,
            "stereotype" : null,
            "isDerived" : false,
            "isReadOnly" : true,
            "isOrdered" : false,
            "cardinality" : "0..*",
            "propertyType" : {
              "id" : "WxhTsf6GAqAAbxxN",
              "type" : "Class"
            },
            "subsettedProperties" : null,
            "redefinedProperties" : null,
            "aggregationKind" : "NONE"
          } ]
        }, {
          "id" : "NJpzsf6GAqAAbx3W",
          "name" : "contributes to trigger threat event",
          "description" : null,
          "type" : "Relation",
          "propertyAssignments" : null,
          "stereotype" : "triggers",
          "isAbstract" : false,
          "isDerived" : false,
          "properties" : [ {
            "id" : "NJpzsf6GAqAAbx3X",
            "name" : null,
            "description" : null,
            "type" : "Property",
            "propertyAssignments" : null,
            "stereotype" : null,
            "isDerived" : false,
            "isReadOnly" : true,
            "isOrdered" : false,
            "cardinality" : "1..*",
            "propertyType" : {
              "id" : "DOCTsf6GAqAAbxwJ",
              "type" : "Class"
            },
            "subsettedProperties" : null,
            "redefinedProperties" : null,
            "aggregationKind" : "NONE"
          }, {
            "id" : "NJpzsf6GAqAAbx3Z",
            "name" : null,
            "description" : null,
            "type" : "Property",
            "propertyAssignments" : null,
            "stereotype" : null,
            "isDerived" : false,
            "isReadOnly" : false,
            "isOrdered" : false,
            "cardinality" : "0..*",
            "propertyType" : {
              "id" : "FGKTsf6GAqAAbxwW",
              "type" : "Class"
            },
            "subsettedProperties" : null,
            "redefinedProperties" : null,
            "aggregationKind" : "NONE"
          } ]
        }, {
          "id" : "Xx9zsf6GAqAAbx3z",
          "name" : "brings about resulting situation",
          "description" : null,
          "type" : "Relation",
          "propertyAssignments" : null,
          "stereotype" : "bringsAbout",
          "isAbstract" : false,
          "isDerived" : false,
          "properties" : [ {
            "id" : "Xx9zsf6GAqAAbx30",
            "name" : null,
            "description" : null,
            "type" : "Property",
            "propertyAssignments" : null,
            "stereotype" : null,
            "isDerived" : false,
            "isReadOnly" : true,
            "isOrdered" : false,
            "cardinality" : "0..*",
            "propertyType" : {
              "id" : "bNQ9sf6GAqAAbxgs",
              "type" : "Class"
            },
            "subsettedProperties" : null,
            "redefinedProperties" : null,
            "aggregationKind" : "NONE"
          }, {
            "id" : "Xx9zsf6GAqAAbx32",
            "name" : null,
            "description" : null,
            "type" : "Property",
            "propertyAssignments" : null,
            "stereotype" : null,
            "isDerived" : false,
            "isReadOnly" : true,
            "isOrdered" : false,
            "cardinality" : "1",
            "propertyType" : {
              "id" : "tmMTsf6GAqAAbxvz",
              "type" : "Class"
            },
            "subsettedProperties" : null,
            "redefinedProperties" : null,
            "aggregationKind" : "NONE"
          } ]
        } ]
      }, {
        "id" : "587RLf6AUB0C9GAy",
        "name" : "UFO",
        "description" : null,
        "type" : "Package",
        "propertyAssignments" : null,
        "contents" : [ {
          "id" : "V8Xdsf6GAqAAbxf1",
          "name" : "Intention",
          "description" : null,
          "type" : "Class",
          "propertyAssignments" : null,
          "stereotype" : "mode",
          "isAbstract" : false,
          "isDerived" : false,
          "properties" : null,
          "isExtensional" : null,
          "isPowertype" : null,
          "order" : null,
          "literals" : null,
          "restrictedTo" : [ "intrinsic-mode" ]
        }, {
          "id" : "tXvdsf6GAqAAbxgL",
          "name" : "Agent",
          "description" : null,
          "type" : "Class",
          "propertyAssignments" : null,
          "stereotype" : "category",
          "isAbstract" : true,
          "isDerived" : false,
          "properties" : null,
          "isExtensional" : false,
          "isPowertype" : null,
          "order" : null,
          "literals" : null,
          "restrictedTo" : [ "functional-complex" ]
        }, {
          "id" : "whK9sf6GAqAAbxiG",
          "name" : null,
          "description" : null,
          "type" : "Generalization",
          "propertyAssignments" : null,
          "general" : {
            "id" : "tXvdsf6GAqAAbxgL",
            "type" : "Class"
          },
          "specific" : {
            "id" : "bY_dsf6GAqAAbxgW",
            "type" : "Class"
          }
        }, {
          "id" : "LGr9sf6GAqAAbxkc",
          "name" : "inheres in",
          "description" : null,
          "type" : "Relation",
          "propertyAssignments" : null,
          "stereotype" : "characterization",
          "isAbstract" : false,
          "isDerived" : false,
          "properties" : [ {
            "id" : "LGr9sf6GAqAAbxkd",
            "name" : null,
            "description" : null,
            "type" : "Property",
            "propertyAssignments" : null,
            "stereotype" : null,
            "isDerived" : false,
            "isReadOnly" : false,
            "isOrdered" : false,
            "cardinality" : "1..*",
            "propertyType" : {
              "id" : "V8Xdsf6GAqAAbxf1",
              "type" : "Class"
            },
            "subsettedProperties" : null,
            "redefinedProperties" : null,
            "aggregationKind" : "NONE"
          }, {
            "id" : "LGr9sf6GAqAAbxkf",
            "name" : null,
            "description" : null,
            "type" : "Property",
            "propertyAssignments" : null,
            "stereotype" : null,
            "isDerived" : false,
            "isReadOnly" : true,
            "isOrdered" : false,
            "cardinality" : "1",
            "propertyType" : {
              "id" : "tXvdsf6GAqAAbxgL",
              "type" : "Class"
            },
            "subsettedProperties" : null,
            "redefinedProperties" : null,
            "aggregationKind" : "NONE"
          } ]
        } ]
      }, {
        "id" : "YmPdsf6GAqAAbxgA",
        "name" : "Player Action",
        "description" : null,
        "type" : "Class",
        "propertyAssignments" : null,
        "stereotype" : "event",
        "isAbstract" : false,
        "isDerived" : false,
        "properties" : null,
        "isExtensional" : null,
        "isPowertype" : null,
        "order" : null,
        "literals" : null,
        "restrictedTo" : [ "event" ]
      }, {
        "id" : "bY_dsf6GAqAAbxgW",
        "name" : "Game Player",
        "description" : null,
        "type" : "Class",
        "propertyAssignments" : null,
        "stereotype" : "roleMixin",
        "isAbstract" : true,
        "isDerived" : false,
        "properties" : null,
        "isExtensional" : false,
        "isPowertype" : null,
        "order" : null,
        "literals" : null,
        "restrictedTo" : [ "functional-complex" ]
      }, {
        "id" : "GvA9sf6GAqAAbxgh",
        "name" : "Action Profile",
        "description" : null,
        "type" : "Class",
        "propertyAssignments" : null,
        "stereotype" : "event",
        "isAbstract" : false,
        "isDerived" : false,
        "properties" : null,
        "isExtensional" : null,
        "isPowertype" : null,
        "order" : null,
        "literals" : null,
        "restrictedTo" : [ "event" ]
      }, {
        "id" : "uW49sf6GAqAAbxhC",
        "name" : "Outcome",
        "description" : null,
        "type" : "Class",
        "propertyAssignments" : null,
        "stereotype" : "event",
        "isAbstract" : false,
        "isDerived" : false,
        "properties" : null,
        "isExtensional" : null,
        "isPowertype" : null,
        "order" : null,
        "literals" : null,
        "restrictedTo" : [ "event" ]
      }, {
        "id" : "NnE9sf6GAqAAbxhN",
        "name" : "Game",
        "description" : null,
        "type" : "Class",
        "propertyAssignments" : null,
        "stereotype" : "relator",
        "isAbstract" : false,
        "isDerived" : false,
        "properties" : null,
        "isExtensional" : null,
        "isPowertype" : null,
        "order" : null,
        "literals" : null,
        "restrictedTo" : [ "relator" ]
      }, {
        "id" : "tUU9sf6GAqAAbxhY",
        "name" : "Unity Value Ascription",
        "description" : null,
        "type" : "Class",
        "propertyAssignments" : null,
        "stereotype" : "mode",
        "isAbstract" : false,
        "isDerived" : false,
        "properties" : null,
        "isExtensional" : null,
        "isPowertype" : null,
        "order" : null,
        "literals" : null,
        "restrictedTo" : [ "intrinsic-mode" ]
      }, {
        "id" : "z1M9sf6GAqAAbxhj",
        "name" : "Utility",
        "description" : null,
        "type" : "Class",
        "propertyAssignments" : null,
        "stereotype" : "mode",
        "isAbstract" : false,
        "isDerived" : false,
        "properties" : null,
        "isExtensional" : null,
        "isPowertype" : null,
        "order" : null,
        "literals" : null,
        "restrictedTo" : [ "intrinsic-mode" ]
      }, {
        "id" : "B8c9sf6GAqAAbxhu",
        "name" : "Utility Value",
        "description" : null,
        "type" : "Class",
        "propertyAssignments" : null,
        "stereotype" : "quality",
        "isAbstract" : false,
        "isDerived" : false,
        "properties" : null,
        "isExtensional" : null,
        "isPowertype" : null,
        "order" : null,
        "literals" : null,
        "restrictedTo" : [ "quality" ]
      }, {
        "id" : "Sz89sf6GAqAAbxh5",
        "name" : "Utility Value Magnitude",
        "description" : null,
        "type" : "Class",
        "propertyAssignments" : null,
        "stereotype" : "datatype",
        "isAbstract" : false,
        "isDerived" : false,
        "properties" : null,
        "isExtensional" : null,
        "isPowertype" : null,
        "order" : null,
        "literals" : null,
        "restrictedTo" : [ "abstract" ]
      }, {
        "id" : "ficTsf6GAqAAbxv.",
        "name" : "Successful Situation",
        "description" : null,
        "type" : "Class",
        "propertyAssignments" : null,
        "stereotype" : "situation",
        "isAbstract" : false,
        "isDerived" : false,
        "properties" : null,
        "isExtensional" : null,
        "isPowertype" : null,
        "order" : null,
        "literals" : null,
        "restrictedTo" : [ "situation" ]
      }, {
        "id" : "4UYzsf6GAqAAbx0q",
        "name" : "",
        "description" : null,
        "type" : "GeneralizationSet",
        "propertyAssignments" : null,
        "isDisjoint" : false,
        "isComplete" : true,
        "categorizer" : null,
        "generalizations" : [ {
          "id" : "387Tsf6GAqAAbxzB",
          "type" : "Generalization"
        }, {
          "id" : "xKHTsf6GAqAAbxzT",
          "type" : "Generalization"
        } ]
      }, {
        "id" : "nQSzsf6GAqAAbx1i",
        "name" : "",
        "description" : null,
        "type" : "GeneralizationSet",
        "propertyAssignments" : null,
        "isDisjoint" : false,
        "isComplete" : true,
        "categorizer" : null,
        "generalizations" : [ {
          "id" : "zxbTsf6GAqAAbxy7",
          "type" : "Generalization"
        }, {
          "id" : "LMbTsf6GAqAAbxy1",
          "type" : "Generalization"
        } ]
      }, {
        "id" : "k5d9sf6GAqAAbxj.",
        "name" : "motivated by",
        "description" : null,
        "type" : "Relation",
        "propertyAssignments" : null,
        "stereotype" : null,
        "isAbstract" : false,
        "isDerived" : false,
        "properties" : [ {
          "id" : "k5d9sf6GAqAAbxj_",
          "name" : null,
          "description" : null,
          "type" : "Property",
          "propertyAssignments" : null,
          "stereotype" : null,
          "isDerived" : false,
          "isReadOnly" : false,
          "isOrdered" : false,
          "cardinality" : "0..*",
          "propertyType" : {
            "id" : "YmPdsf6GAqAAbxgA",
            "type" : "Class"
          },
          "subsettedProperties" : null,
          "redefinedProperties" : null,
          "aggregationKind" : "NONE"
        }, {
          "id" : "k5d9sf6GAqAAbxkB",
          "name" : "",
          "description" : null,
          "type" : "Property",
          "propertyAssignments" : null,
          "stereotype" : null,
          "isDerived" : false,
          "isReadOnly" : false,
          "isOrdered" : false,
          "cardinality" : "1",
          "propertyType" : {
            "id" : "V8Xdsf6GAqAAbxf1",
            "type" : "Class"
          },
          "subsettedProperties" : null,
          "redefinedProperties" : null,
          "aggregationKind" : "NONE"
        } ]
      }, {
        "id" : "GToDsf6GAqAAbxlj",
        "name" : "performs action",
        "description" : null,
        "type" : "Relation",
        "propertyAssignments" : null,
        "stereotype" : "participation",
        "isAbstract" : false,
        "isDerived" : false,
        "properties" : [ {
          "id" : "GToDsf6GAqAAbxlk",
          "name" : null,
          "description" : null,
          "type" : "Property",
          "propertyAssignments" : null,
          "stereotype" : null,
          "isDerived" : false,
          "isReadOnly" : true,
          "isOrdered" : false,
          "cardinality" : "1",
          "propertyType" : {
            "id" : "bY_dsf6GAqAAbxgW",
            "type" : "Class"
          },
          "subsettedProperties" : null,
          "redefinedProperties" : null,
          "aggregationKind" : "NONE"
        }, {
          "id" : "GToDsf6GAqAAbxlm",
          "name" : null,
          "description" : null,
          "type" : "Property",
          "propertyAssignments" : null,
          "stereotype" : null,
          "isDerived" : false,
          "isReadOnly" : false,
          "isOrdered" : false,
          "cardinality" : "0..*",
          "propertyType" : {
            "id" : "YmPdsf6GAqAAbxgA",
            "type" : "Class"
          },
          "subsettedProperties" : null,
          "redefinedProperties" : null,
          "aggregationKind" : "NONE"
        } ]
      }, {
        "id" : "r5UDsf6GAqAAbxmB",
        "name" : "inheres in",
        "description" : null,
        "type" : "Relation",
        "propertyAssignments" : null,
        "stereotype" : "characterization",
        "isAbstract" : false,
        "isDerived" : false,
        "properties" : [ {
          "id" : "r5UDsf6GAqAAbxmC",
          "name" : null,
          "description" : null,
          "type" : "Property",
          "propertyAssignments" : null,
          "stereotype" : null,
          "isDerived" : false,
          "isReadOnly" : false,
          "isOrdered" : false,
          "cardinality" : "1..*",
          "propertyType" : {
            "id" : "z1M9sf6GAqAAbxhj",
            "type" : "Class"
          },
          "subsettedProperties" : null,
          "redefinedProperties" : null,
          "aggregationKind" : "NONE"
        }, {
          "id" : "r5UDsf6GAqAAbxmE",
          "name" : null,
          "description" : null,
          "type" : "Property",
          "propertyAssignments" : null,
          "stereotype" : null,
          "isDerived" : false,
          "isReadOnly" : true,
          "isOrdered" : false,
          "cardinality" : "1",
          "propertyType" : {
            "id" : "bY_dsf6GAqAAbxgW",
            "type" : "Class"
          },
          "subsettedProperties" : null,
          "redefinedProperties" : null,
          "aggregationKind" : "NONE"
        } ]
      }, {
        "id" : "ROCDsf6GAqAAbxmc",
        "name" : null,
        "description" : null,
        "type" : "Relation",
        "propertyAssignments" : null,
        "stereotype" : null,
        "isAbstract" : false,
        "isDerived" : false,
        "properties" : [ {
          "id" : "ROCDsf6GAqAAbxmd",
          "name" : "",
          "description" : null,
          "type" : "Property",
          "propertyAssignments" : null,
          "stereotype" : null,
          "isDerived" : false,
          "isReadOnly" : false,
          "isOrdered" : false,
          "cardinality" : "1",
          "propertyType" : {
            "id" : "Sz89sf6GAqAAbxh5",
            "type" : "Class"
          },
          "subsettedProperties" : null,
          "redefinedProperties" : null,
          "aggregationKind" : "NONE"
        }, {
          "id" : "ROCDsf6GAqAAbxmf",
          "name" : "",
          "description" : null,
          "type" : "Property",
          "propertyAssignments" : null,
          "stereotype" : null,
          "isDerived" : false,
          "isReadOnly" : false,
          "isOrdered" : false,
          "cardinality" : "0..*",
          "propertyType" : {
            "id" : "B8c9sf6GAqAAbxhu",
            "type" : "Class"
          },
          "subsettedProperties" : null,
          "redefinedProperties" : null,
          "aggregationKind" : "NONE"
        } ]
      }, {
        "id" : "nHyDsf6GAqAAbxm4",
        "name" : "inheres in",
        "description" : null,
        "type" : "Relation",
        "propertyAssignments" : null,
        "stereotype" : "characterization",
        "isAbstract" : false,
        "isDerived" : false,
        "properties" : [ {
          "id" : "nHyDsf6GAqAAbxm5",
          "name" : null,
          "description" : null,
          "type" : "Property",
          "propertyAssignments" : null,
          "stereotype" : null,
          "isDerived" : false,
          "isReadOnly" : false,
          "isOrdered" : false,
          "cardinality" : "1",
          "propertyType" : {
            "id" : "B8c9sf6GAqAAbxhu",
            "type" : "Class"
          },
          "subsettedProperties" : null,
          "redefinedProperties" : null,
          "aggregationKind" : "NONE"
        }, {
          "id" : "XHyDsf6GAqAAbxm7",
          "name" : null,
          "description" : null,
          "type" : "Property",
          "propertyAssignments" : null,
          "stereotype" : null,
          "isDerived" : false,
          "isReadOnly" : true,
          "isOrdered" : false,
          "cardinality" : "1",
          "propertyType" : {
            "id" : "tUU9sf6GAqAAbxhY",
            "type" : "Class"
          },
          "subsettedProperties" : null,
          "redefinedProperties" : null,
          "aggregationKind" : "NONE"
        } ]
      }, {
        "id" : "91WDsf6GAqAAbxn2",
        "name" : null,
        "description" : null,
        "type" : "Relation",
        "propertyAssignments" : null,
        "stereotype" : null,
        "isAbstract" : false,
        "isDerived" : false,
        "properties" : [ {
          "id" : "91WDsf6GAqAAbxn3",
          "name" : null,
          "description" : null,
          "type" : "Property",
          "propertyAssignments" : null,
          "stereotype" : null,
          "isDerived" : false,
          "isReadOnly" : false,
          "isOrdered" : false,
          "cardinality" : "2..*",
          "propertyType" : {
            "id" : "tUU9sf6GAqAAbxhY",
            "type" : "Class"
          },
          "subsettedProperties" : null,
          "redefinedProperties" : null,
          "aggregationKind" : "NONE"
        }, {
          "id" : "91WDsf6GAqAAbxn5",
          "name" : null,
          "description" : null,
          "type" : "Property",
          "propertyAssignments" : null,
          "stereotype" : null,
          "isDerived" : false,
          "isReadOnly" : false,
          "isOrdered" : false,
          "cardinality" : "1..*",
          "propertyType" : {
            "id" : "z1M9sf6GAqAAbxhj",
            "type" : "Class"
          },
          "subsettedProperties" : null,
          "redefinedProperties" : null,
          "aggregationKind" : "COMPOSITE"
        } ]
      }, {
        "id" : "a8hDsf6GAqAAbxoj",
        "name" : "inheres in",
        "description" : null,
        "type" : "Relation",
        "propertyAssignments" : null,
        "stereotype" : "characterization",
        "isAbstract" : false,
        "isDerived" : false,
        "properties" : [ {
          "id" : "a8hDsf6GAqAAbxok",
          "name" : null,
          "description" : null,
          "type" : "Property",
          "propertyAssignments" : null,
          "stereotype" : null,
          "isDerived" : false,
          "isReadOnly" : false,
          "isOrdered" : false,
          "cardinality" : "1..*",
          "propertyType" : {
            "id" : "tUU9sf6GAqAAbxhY",
            "type" : "Class"
          },
          "subsettedProperties" : null,
          "redefinedProperties" : null,
          "aggregationKind" : "NONE"
        }, {
          "id" : "a8hDsf6GAqAAbxom",
          "name" : null,
          "description" : null,
          "type" : "Property",
          "propertyAssignments" : null,
          "stereotype" : null,
          "isDerived" : false,
          "isReadOnly" : true,
          "isOrdered" : false,
          "cardinality" : "1",
          "propertyType" : {
            "id" : "bY_dsf6GAqAAbxgW",
            "type" : "Class"
          },
          "subsettedProperties" : null,
          "redefinedProperties" : null,
          "aggregationKind" : "NONE"
        } ]
      }, {
        "id" : "ovFDsf6GAqAAbxpZ",
        "name" : "participates",
        "description" : null,
        "type" : "Relation",
        "propertyAssignments" : null,
        "stereotype" : "mediation",
        "isAbstract" : false,
        "isDerived" : false,
        "properties" : [ {
          "id" : "ovFDsf6GAqAAbxpa",
          "name" : null,
          "description" : null,
          "type" : "Property",
          "propertyAssignments" : null,
          "stereotype" : null,
          "isDerived" : false,
          "isReadOnly" : false,
          "isOrdered" : false,
          "cardinality" : "1..*",
          "propertyType" : {
            "id" : "NnE9sf6GAqAAbxhN",
            "type" : "Class"
          },
          "subsettedProperties" : null,
          "redefinedProperties" : null,
          "aggregationKind" : "NONE"
        }, {
          "id" : "ovFDsf6GAqAAbxpc",
          "name" : "",
          "description" : null,
          "type" : "Property",
          "propertyAssignments" : null,
          "stereotype" : null,
          "isDerived" : false,
          "isReadOnly" : true,
          "isOrdered" : false,
          "cardinality" : "2..*",
          "propertyType" : {
            "id" : "bY_dsf6GAqAAbxgW",
            "type" : "Class"
          },
          "subsettedProperties" : null,
          "redefinedProperties" : null,
          "aggregationKind" : "NONE"
        } ]
      }, {
        "id" : "AKPDsf6GAqAAbxrU",
        "name" : "ext. dep. on",
        "description" : null,
        "type" : "Relation",
        "propertyAssignments" : null,
        "stereotype" : "externalDependence",
        "isAbstract" : false,
        "isDerived" : false,
        "properties" : [ {
          "id" : "AKPDsf6GAqAAbxrV",
          "name" : null,
          "description" : null,
          "type" : "Property",
          "propertyAssignments" : null,
          "stereotype" : null,
          "isDerived" : false,
          "isReadOnly" : false,
          "isOrdered" : false,
          "cardinality" : "1..*",
          "propertyType" : {
            "id" : "tUU9sf6GAqAAbxhY",
            "type" : "Class"
          },
          "subsettedProperties" : null,
          "redefinedProperties" : null,
          "aggregationKind" : "NONE"
        }, {
          "id" : "AKPDsf6GAqAAbxrX",
          "name" : null,
          "description" : null,
          "type" : "Property",
          "propertyAssignments" : null,
          "stereotype" : null,
          "isDerived" : false,
          "isReadOnly" : true,
          "isOrdered" : false,
          "cardinality" : "1..*",
          "propertyType" : {
            "id" : "uW49sf6GAqAAbxhC",
            "type" : "Class"
          },
          "subsettedProperties" : null,
          "redefinedProperties" : null,
          "aggregationKind" : "NONE"
        } ]
      }, {
        "id" : "WPYjsf6GAqAAbxsO",
        "name" : null,
        "description" : null,
        "type" : "Relation",
        "propertyAssignments" : null,
        "stereotype" : null,
        "isAbstract" : false,
        "isDerived" : false,
        "properties" : [ {
          "id" : "WPYjsf6GAqAAbxsP",
          "name" : null,
          "description" : null,
          "type" : "Property",
          "propertyAssignments" : null,
          "stereotype" : null,
          "isDerived" : false,
          "isReadOnly" : false,
          "isOrdered" : false,
          "cardinality" : "1",
          "propertyType" : {
            "id" : "GvA9sf6GAqAAbxgh",
            "type" : "Class"
          },
          "subsettedProperties" : null,
          "redefinedProperties" : null,
          "aggregationKind" : "NONE"
        }, {
          "id" : "WPYjsf6GAqAAbxsR",
          "name" : null,
          "description" : null,
          "type" : "Property",
          "propertyAssignments" : null,
          "stereotype" : null,
          "isDerived" : false,
          "isReadOnly" : false,
          "isOrdered" : false,
          "cardinality" : "1..*",
          "propertyType" : {
            "id" : "uW49sf6GAqAAbxhC",
            "type" : "Class"
          },
          "subsettedProperties" : null,
          "redefinedProperties" : null,
          "aggregationKind" : "SHARED"
        } ]
      }, {
        "id" : "z1yjsf6GAqAAbxtu",
        "name" : null,
        "description" : null,
        "type" : "Relation",
        "propertyAssignments" : null,
        "stereotype" : "participational",
        "isAbstract" : false,
        "isDerived" : false,
        "properties" : [ {
          "id" : "z1yjsf6GAqAAbxtv",
          "name" : null,
          "description" : null,
          "type" : "Property",
          "propertyAssignments" : null,
          "stereotype" : null,
          "isDerived" : false,
          "isReadOnly" : true,
          "isOrdered" : false,
          "cardinality" : "2..*",
          "propertyType" : {
            "id" : "YmPdsf6GAqAAbxgA",
            "type" : "Class"
          },
          "subsettedProperties" : null,
          "redefinedProperties" : null,
          "aggregationKind" : "NONE"
        }, {
          "id" : "z1yjsf6GAqAAbxtx",
          "name" : "",
          "description" : null,
          "type" : "Property",
          "propertyAssignments" : null,
          "stereotype" : null,
          "isDerived" : false,
          "isReadOnly" : true,
          "isOrdered" : false,
          "cardinality" : "1",
          "propertyType" : {
            "id" : "GvA9sf6GAqAAbxgh",
            "type" : "Class"
          },
          "subsettedProperties" : null,
          "redefinedProperties" : null,
          "aggregationKind" : "COMPOSITE"
        } ]
      }, {
        "id" : "7JzDsf6GAqAAbxqr",
        "name" : "involves",
        "description" : null,
        "type" : "Relation",
        "propertyAssignments" : null,
        "stereotype" : null,
        "isAbstract" : false,
        "isDerived" : false,
        "properties" : [ {
          "id" : "7JzDsf6GAqAAbxqs",
          "name" : null,
          "description" : null,
          "type" : "Property",
          "propertyAssignments" : null,
          "stereotype" : null,
          "isDerived" : false,
          "isReadOnly" : false,
          "isOrdered" : false,
          "cardinality" : "1",
          "propertyType" : {
            "id" : "NnE9sf6GAqAAbxhN",
            "type" : "Class"
          },
          "subsettedProperties" : null,
          "redefinedProperties" : null,
          "aggregationKind" : "NONE"
        }, {
          "id" : "7JzDsf6GAqAAbxqu",
          "name" : "",
          "description" : null,
          "type" : "Property",
          "propertyAssignments" : null,
          "stereotype" : null,
          "isDerived" : false,
          "isReadOnly" : false,
          "isOrdered" : false,
          "cardinality" : "1..*",
          "propertyType" : {
            "id" : "uW49sf6GAqAAbxhC",
            "type" : "Class"
          },
          "subsettedProperties" : null,
          "redefinedProperties" : null,
          "aggregationKind" : "NONE"
        } ]
      } ]
    } ]
  },
  "diagrams" : [ {
    "id" : "D4ndsf6GAqAAbxfk",
    "name" : "diagram1",
    "description" : null,
    "type" : "Diagram",
    "owner" : {
      "id" : "KtLRLf6AUB0C9GAq",
      "type" : "Package"
    },
    "contents" : [ {
      "id" : "bNQ9sf6GAqAAbxgr",
      "type" : "ClassView",
      "modelElement" : {
        "id" : "bNQ9sf6GAqAAbxgs",
        "type" : "Class"
      },
      "shape" : {
        "id" : "bNQ9sf6GAqAAbxgr_shape",
        "type" : "Rectangle",
        "x" : 588,
        "y" : 117,
        "width" : 93,
        "height" : 46
      }
    }, {
      "id" : "0aGZLf6AUB0C9GNZ",
      "type" : "RelationView",
      "modelElement" : {
        "id" : "91WDsf6GAqAAbxn2",
        "type" : "Relation"
      },
      "shape" : {
        "id" : "0aGZLf6AUB0C9GNZ_path",
        "type" : "Path",
        "points" : [ {
          "x" : 882,
          "y" : 440
        }, {
          "x" : 656,
          "y" : 440
        }, {
          "x" : 656,
          "y" : 489
        } ]
      },
      "source" : {
        "id" : "tUU9sf6GAqAAbxhX",
        "type" : "ClassView"
      },
      "target" : {
        "id" : "z1M9sf6GAqAAbxhi",
        "type" : "ClassView"
      }
    }, {
      "id" : "EhK9sf6GAqAAbxiH",
      "type" : "GeneralizationView",
      "modelElement" : {
        "id" : "whK9sf6GAqAAbxiG",
        "type" : "Generalization"
      },
      "shape" : {
        "id" : "EhK9sf6GAqAAbxiH_path",
        "type" : "Path",
        "points" : [ {
          "x" : 195,
          "y" : 378
        }, {
          "x" : 195,
          "y" : 429
        }, {
          "x" : 276,
          "y" : 429
        } ]
      },
      "source" : {
        "id" : "tXvdsf6GAqAAbxgK",
        "type" : "ClassView"
      },
      "target" : {
        "id" : "bY_dsf6GAqAAbxgV",
        "type" : "ClassView"
      }
    }, {
      "id" : "OW49sf6GAqAAbxhB",
      "type" : "ClassView",
      "modelElement" : {
        "id" : "uW49sf6GAqAAbxhC",
        "type" : "Class"
      },
      "shape" : {
        "id" : "OW49sf6GAqAAbxhB_shape",
        "type" : "Rectangle",
        "x" : 820,
        "y" : 199,
        "width" : 80,
        "height" : 40
      }
    }, {
      "id" : "4h39sf6GAqAAbxk6",
      "type" : "RelationView",
      "modelElement" : {
        "id" : "k5d9sf6GAqAAbxj.",
        "type" : "Relation"
      },
      "shape" : {
        "id" : "4h39sf6GAqAAbxk6_path",
        "type" : "Path",
        "points" : [ {
          "x" : 321,
          "y" : 198
        }, {
          "x" : 321,
          "y" : 124
        }, {
          "x" : 231,
          "y" : 124
        } ]
      },
      "source" : {
        "id" : "omPdsf6GAqAAbxf_",
        "type" : "ClassView"
      },
      "target" : {
        "id" : "V8Xdsf6GAqAAbxf0",
        "type" : "ClassView"
      }
    }, {
      "id" : "28hDsf6GAqAAbxoo",
      "type" : "RelationView",
      "modelElement" : {
        "id" : "a8hDsf6GAqAAbxoj",
        "type" : "Relation"
      },
      "shape" : {
        "id" : "28hDsf6GAqAAbxoo_path",
        "type" : "Path",
        "points" : [ {
          "x" : 882,
          "y" : 420
        }, {
          "x" : 373,
          "y" : 420
        } ]
      },
      "source" : {
        "id" : "tUU9sf6GAqAAbxhX",
        "type" : "ClassView"
      },
      "target" : {
        "id" : "bY_dsf6GAqAAbxgV",
        "type" : "ClassView"
      }
    }, {
      "id" : "NnE9sf6GAqAAbxhM",
      "type" : "ClassView",
      "modelElement" : {
        "id" : "NnE9sf6GAqAAbxhN",
        "type" : "Class"
      },
      "shape" : {
        "id" : "NnE9sf6GAqAAbxhM_shape",
        "type" : "Rectangle",
        "x" : 559,
        "y" : 325,
        "width" : 81,
        "height" : 40
      }
    }, {
      "id" : "ZTI9sf6GAqAAbxg2",
      "type" : "ClassView",
      "modelElement" : {
        "id" : "ZTI9sf6GAqAAbxg3",
        "type" : "Class"
      },
      "shape" : {
        "id" : "ZTI9sf6GAqAAbxg2_shape",
        "type" : "Rectangle",
        "x" : 807,
        "y" : 117,
        "width" : 107,
        "height" : 46
      }
    }, {
      "id" : "n5UDsf6GAqAAbxmG",
      "type" : "RelationView",
      "modelElement" : {
        "id" : "r5UDsf6GAqAAbxmB",
        "type" : "Relation"
      },
      "shape" : {
        "id" : "n5UDsf6GAqAAbxmG_path",
        "type" : "Path",
        "points" : [ {
          "x" : 615,
          "y" : 510
        }, {
          "x" : 330,
          "y" : 510
        }, {
          "x" : 330,
          "y" : 450
        } ]
      },
      "source" : {
        "id" : "z1M9sf6GAqAAbxhi",
        "type" : "ClassView"
      },
      "target" : {
        "id" : "bY_dsf6GAqAAbxgV",
        "type" : "ClassView"
      }
    }, {
      "id" : "GvA9sf6GAqAAbxgg",
      "type" : "ClassView",
      "modelElement" : {
        "id" : "GvA9sf6GAqAAbxgh",
        "type" : "Class"
      },
      "shape" : {
        "id" : "GvA9sf6GAqAAbxgg_shape",
        "type" : "Rectangle",
        "x" : 591,
        "y" : 199,
        "width" : 87,
        "height" : 40
      }
    }, {
      "id" : "omPdsf6GAqAAbxf_",
      "type" : "ClassView",
      "modelElement" : {
        "id" : "YmPdsf6GAqAAbxgA",
        "type" : "Class"
      },
      "shape" : {
        "id" : "omPdsf6GAqAAbxf__shape",
        "type" : "Rectangle",
        "x" : 277,
        "y" : 199,
        "width" : 85,
        "height" : 40
      }
    }, {
      "id" : "QDN9sf6GAqAAbxjx",
      "type" : "GeneralizationView",
      "modelElement" : {
        "id" : "v9N9sf6GAqAAbxjw",
        "type" : "Generalization"
      },
      "shape" : {
        "id" : "QDN9sf6GAqAAbxjx_path",
        "type" : "Path",
        "points" : [ {
          "x" : 634,
          "y" : 164
        }, {
          "x" : 634,
          "y" : 198
        } ]
      },
      "source" : {
        "id" : "bNQ9sf6GAqAAbxgr",
        "type" : "ClassView"
      },
      "target" : {
        "id" : "GvA9sf6GAqAAbxgg",
        "type" : "ClassView"
      }
    }, {
      "id" : "E6Y5Lf6AUB0C9GQn",
      "type" : "RelationView",
      "modelElement" : {
        "id" : "WPYjsf6GAqAAbxsO",
        "type" : "Relation"
      },
      "shape" : {
        "id" : "E6Y5Lf6AUB0C9GQn_path",
        "type" : "Path",
        "points" : [ {
          "x" : 679,
          "y" : 219
        }, {
          "x" : 819,
          "y" : 219
        } ]
      },
      "source" : {
        "id" : "GvA9sf6GAqAAbxgg",
        "type" : "ClassView"
      },
      "target" : {
        "id" : "OW49sf6GAqAAbxhB",
        "type" : "ClassView"
      }
    }, {
      "id" : "nGr9sf6GAqAAbxkh",
      "type" : "RelationView",
      "modelElement" : {
        "id" : "LGr9sf6GAqAAbxkc",
        "type" : "Relation"
      },
      "shape" : {
        "id" : "nGr9sf6GAqAAbxkh_path",
        "type" : "Path",
        "points" : [ {
          "x" : 195,
          "y" : 148
        }, {
          "x" : 195,
          "y" : 330
        } ]
      },
      "source" : {
        "id" : "V8Xdsf6GAqAAbxf0",
        "type" : "ClassView"
      },
      "target" : {
        "id" : "tXvdsf6GAqAAbxgK",
        "type" : "ClassView"
      }
    }, {
      "id" : "iz89sf6GAqAAbxh4",
      "type" : "ClassView",
      "modelElement" : {
        "id" : "Sz89sf6GAqAAbxh5",
        "type" : "Class"
      },
      "shape" : {
        "id" : "iz89sf6GAqAAbxh4_shape",
        "type" : "Rectangle",
        "x" : 761,
        "y" : 490,
        "width" : 143,
        "height" : 40
      }
    }, {
      "id" : ".8c9sf6GAqAAbxht",
      "type" : "ClassView",
      "modelElement" : {
        "id" : "B8c9sf6GAqAAbxhu",
        "type" : "Class"
      },
      "shape" : {
        "id" : ".8c9sf6GAqAAbxht_shape",
        "type" : "Rectangle",
        "x" : 969,
        "y" : 490,
        "width" : 82,
        "height" : 40
      }
    }, {
      "id" : "V8Xdsf6GAqAAbxf0",
      "type" : "ClassView",
      "modelElement" : {
        "id" : "V8Xdsf6GAqAAbxf1",
        "type" : "Class"
      },
      "shape" : {
        "id" : "V8Xdsf6GAqAAbxf0_shape",
        "type" : "Rectangle",
        "x" : 150,
        "y" : 101,
        "width" : 80,
        "height" : 46
      }
    }, {
      "id" : "bY_dsf6GAqAAbxgV",
      "type" : "ClassView",
      "modelElement" : {
        "id" : "bY_dsf6GAqAAbxgW",
        "type" : "Class"
      },
      "shape" : {
        "id" : "bY_dsf6GAqAAbxgV_shape",
        "type" : "Rectangle",
        "x" : 277,
        "y" : 409,
        "width" : 95,
        "height" : 40
      }
    }, {
      "id" : "tUU9sf6GAqAAbxhX",
      "type" : "ClassView",
      "modelElement" : {
        "id" : "tUU9sf6GAqAAbxhY",
        "type" : "Class"
      },
      "shape" : {
        "id" : "tUU9sf6GAqAAbxhX_shape",
        "type" : "Rectangle",
        "x" : 883,
        "y" : 409,
        "width" : 137,
        "height" : 40
      }
    }, {
      "id" : "o5E5Lf6AUB0C9GQ1",
      "type" : "RelationView",
      "modelElement" : {
        "id" : "3e0jsf6GAqAAbxs_",
        "type" : "Relation"
      },
      "shape" : {
        "id" : "o5E5Lf6AUB0C9GQ1_path",
        "type" : "Path",
        "points" : [ {
          "x" : 682,
          "y" : 140
        }, {
          "x" : 806,
          "y" : 140
        } ]
      },
      "source" : {
        "id" : "bNQ9sf6GAqAAbxgr",
        "type" : "ClassView"
      },
      "target" : {
        "id" : "ZTI9sf6GAqAAbxg2",
        "type" : "ClassView"
      }
    }, {
      "id" : "tXvdsf6GAqAAbxgK",
      "type" : "ClassView",
      "modelElement" : {
        "id" : "tXvdsf6GAqAAbxgL",
        "type" : "Class"
      },
      "shape" : {
        "id" : "tXvdsf6GAqAAbxgK_shape",
        "type" : "Rectangle",
        "x" : 150,
        "y" : 331,
        "width" : 91,
        "height" : 46
      }
    }, {
      "id" : "wKPDsf6GAqAAbxrZ",
      "type" : "RelationView",
      "modelElement" : {
        "id" : "AKPDsf6GAqAAbxrU",
        "type" : "Relation"
      },
      "shape" : {
        "id" : "wKPDsf6GAqAAbxrZ_path",
        "type" : "Path",
        "points" : [ {
          "x" : 979,
          "y" : 408
        }, {
          "x" : 979,
          "y" : 219
        }, {
          "x" : 901,
          "y" : 219
        } ]
      },
      "source" : {
        "id" : "tUU9sf6GAqAAbxhX",
        "type" : "ClassView"
      },
      "target" : {
        "id" : "OW49sf6GAqAAbxhB",
        "type" : "ClassView"
      }
    }, {
      "id" : "z1M9sf6GAqAAbxhi",
      "type" : "ClassView",
      "modelElement" : {
        "id" : "z1M9sf6GAqAAbxhj",
        "type" : "Class"
      },
      "shape" : {
        "id" : "z1M9sf6GAqAAbxhi_shape",
        "type" : "Rectangle",
        "x" : 616,
        "y" : 490,
        "width" : 80,
        "height" : 40
      }
    }, {
      "id" : "mIt9sf6GAqAAbxj3",
      "type" : "GeneralizationView",
      "modelElement" : {
        "id" : "aIt9sf6GAqAAbxj2",
        "type" : "Generalization"
      },
      "shape" : {
        "id" : "mIt9sf6GAqAAbxj3_path",
        "type" : "Path",
        "points" : [ {
          "x" : 866,
          "y" : 164
        }, {
          "x" : 866,
          "y" : 198
        } ]
      },
      "source" : {
        "id" : "ZTI9sf6GAqAAbxg2",
        "type" : "ClassView"
      },
      "target" : {
        "id" : "OW49sf6GAqAAbxhB",
        "type" : "ClassView"
      }
    }, {
      "id" : "OToDsf6GAqAAbxlo",
      "type" : "RelationView",
      "modelElement" : {
        "id" : "GToDsf6GAqAAbxlj",
        "type" : "Relation"
      },
      "shape" : {
        "id" : "OToDsf6GAqAAbxlo_path",
        "type" : "Path",
        "points" : [ {
          "x" : 295,
          "y" : 408
        }, {
          "x" : 295,
          "y" : 240
        } ]
      },
      "source" : {
        "id" : "bY_dsf6GAqAAbxgV",
        "type" : "ClassView"
      },
      "target" : {
        "id" : "omPdsf6GAqAAbxf_",
        "type" : "ClassView"
      }
    }, {
      "id" : "FOCDsf6GAqAAbxmh",
      "type" : "RelationView",
      "modelElement" : {
        "id" : "ROCDsf6GAqAAbxmc",
        "type" : "Relation"
      },
      "shape" : {
        "id" : "FOCDsf6GAqAAbxmh_path",
        "type" : "Path",
        "points" : [ {
          "x" : 905,
          "y" : 510
        }, {
          "x" : 968,
          "y" : 510
        } ]
      },
      "source" : {
        "id" : "iz89sf6GAqAAbxh4",
        "type" : "ClassView"
      },
      "target" : {
        "id" : ".8c9sf6GAqAAbxht",
        "type" : "ClassView"
      }
    }, {
      "id" : "PHyDsf6GAqAAbxm9",
      "type" : "RelationView",
      "modelElement" : {
        "id" : "nHyDsf6GAqAAbxm4",
        "type" : "Relation"
      },
      "shape" : {
        "id" : "PHyDsf6GAqAAbxm9_path",
        "type" : "Path",
        "points" : [ {
          "x" : 1010,
          "y" : 489
        }, {
          "x" : 1010,
          "y" : 450
        } ]
      },
      "source" : {
        "id" : ".8c9sf6GAqAAbxht",
        "type" : "ClassView"
      },
      "target" : {
        "id" : "tUU9sf6GAqAAbxhX",
        "type" : "ClassView"
      }
    }, {
      "id" : "PJzDsf6GAqAAbxqw",
      "type" : "RelationView",
      "modelElement" : {
        "id" : "7JzDsf6GAqAAbxqr",
        "type" : "Relation"
      },
      "shape" : {
        "id" : "PJzDsf6GAqAAbxqw_path",
        "type" : "Path",
        "points" : [ {
          "x" : 641,
          "y" : 350
        }, {
          "x" : 861,
          "y" : 350
        }, {
          "x" : 861,
          "y" : 240
        } ]
      },
      "source" : {
        "id" : "NnE9sf6GAqAAbxhM",
        "type" : "ClassView"
      },
      "target" : {
        "id" : "OW49sf6GAqAAbxhB",
        "type" : "ClassView"
      }
    }, {
      "id" : "c3vJLf6AUB0C9GKC",
      "type" : "RelationView",
      "modelElement" : {
        "id" : "z1yjsf6GAqAAbxtu",
        "type" : "Relation"
      },
      "shape" : {
        "id" : "c3vJLf6AUB0C9GKC_path",
        "type" : "Path",
        "points" : [ {
          "x" : 363,
          "y" : 219
        }, {
          "x" : 590,
          "y" : 219
        } ]
      },
      "source" : {
        "id" : "omPdsf6GAqAAbxf_",
        "type" : "ClassView"
      },
      "target" : {
        "id" : "GvA9sf6GAqAAbxgg",
        "type" : "ClassView"
      }
    }, {
      "id" : "cUpJLf6AUB0C9GIg",
      "type" : "RelationView",
      "modelElement" : {
        "id" : "ovFDsf6GAqAAbxpZ",
        "type" : "Relation"
      },
      "shape" : {
        "id" : "cUpJLf6AUB0C9GIg_path",
        "type" : "Path",
        "points" : [ {
          "x" : 558,
          "y" : 350
        }, {
          "x" : 363,
          "y" : 350
        }, {
          "x" : 363,
          "y" : 408
        } ]
      },
      "source" : {
        "id" : "NnE9sf6GAqAAbxhM",
        "type" : "ClassView"
      },
      "target" : {
        "id" : "bY_dsf6GAqAAbxgV",
        "type" : "ClassView"
      }
    } ]
  }, {
    "id" : "cBDjsf6GAqAAbxun",
    "name" : "diagram2",
    "description" : null,
    "type" : "Diagram",
    "owner" : {
      "id" : "KtLRLf6AUB0C9GAq",
      "type" : "Package"
    },
    "contents" : [ {
      "id" : "BiPTsf6GAqAAbxz0",
      "type" : "GeneralizationView",
      "modelElement" : {
        "id" : "ciPTsf6GAqAAbxzz",
        "type" : "Generalization"
      },
      "shape" : {
        "id" : "BiPTsf6GAqAAbxz0_path",
        "type" : "Path",
        "points" : [ {
          "x" : 577,
          "y" : 393
        }, {
          "x" : 577,
          "y" : 414
        }, {
          "x" : 767,
          "y" : 414
        }, {
          "x" : 767,
          "y" : 428
        } ]
      },
      "source" : {
        "id" : "EUWTsf6GAqAAbxwr",
        "type" : "ClassView"
      },
      "target" : {
        "id" : "FGKTsf6GAqAAbxwV",
        "type" : "ClassView"
      }
    }, {
      "id" : "abjjsf6GAqAAbxu3",
      "type" : "ClassView",
      "modelElement" : {
        "id" : "ZTI9sf6GAqAAbxg3",
        "type" : "Class"
      },
      "shape" : {
        "id" : "abjjsf6GAqAAbxu3_shape",
        "type" : "Rectangle",
        "x" : 88,
        "y" : 142,
        "width" : 148,
        "height" : 46
      }
    }, {
      "id" : "O.2zsf6GAqAAbx2Q",
      "type" : "RelationView",
      "modelElement" : {
        "id" : "U.2zsf6GAqAAbx2L",
        "type" : "Relation"
      },
      "shape" : {
        "id" : "O.2zsf6GAqAAbx2Q_path",
        "type" : "Path",
        "points" : [ {
          "x" : 287,
          "y" : 476
        }, {
          "x" : 287,
          "y" : 552
        } ]
      },
      "source" : {
        "id" : "WxhTsf6GAqAAbxxM",
        "type" : "ClassView"
      },
      "target" : {
        "id" : "pSZTsf6GAqAAbxxX",
        "type" : "ClassView"
      }
    }, {
      "id" : "DOCTsf6GAqAAbxwI",
      "type" : "ClassView",
      "modelElement" : {
        "id" : "DOCTsf6GAqAAbxwJ",
        "type" : "Class"
      },
      "shape" : {
        "id" : "DOCTsf6GAqAAbxwI_shape",
        "type" : "Rectangle",
        "x" : 943,
        "y" : 224,
        "width" : 175,
        "height" : 46
      }
    }, {
      "id" : "ALuTsf6GAqAAbxxB",
      "type" : "ClassView",
      "modelElement" : {
        "id" : "ALuTsf6GAqAAbxxC",
        "type" : "Class"
      },
      "shape" : {
        "id" : "ALuTsf6GAqAAbxxB_shape",
        "type" : "Rectangle",
        "x" : 114,
        "y" : 429,
        "width" : 112,
        "height" : 46
      }
    }, {
      "id" : "osbTsf6GAqAAbxy2",
      "type" : "GeneralizationView",
      "modelElement" : {
        "id" : "LMbTsf6GAqAAbxy1",
        "type" : "Generalization"
      },
      "shape" : {
        "id" : "osbTsf6GAqAAbxy2_path",
        "type" : "Path",
        "points" : [ {
          "x" : 230,
          "y" : 328
        }, {
          "x" : 230,
          "y" : 377
        }, {
          "x" : 152,
          "y" : 377
        }, {
          "x" : 152,
          "y" : 428
        } ]
      },
      "source" : {
        "id" : "ZAOTsf6GAqAAbxw2",
        "type" : "ClassView"
      },
      "target" : {
        "id" : "ALuTsf6GAqAAbxxB",
        "type" : "ClassView"
      }
    }, {
      "id" : "PJpzsf6GAqAAbx3b",
      "type" : "RelationView",
      "modelElement" : {
        "id" : "NJpzsf6GAqAAbx3W",
        "type" : "Relation"
      },
      "shape" : {
        "id" : "PJpzsf6GAqAAbx3b_path",
        "type" : "Path",
        "points" : [ {
          "x" : 1026,
          "y" : 271
        }, {
          "x" : 1026,
          "y" : 448
        }, {
          "x" : 875,
          "y" : 448
        } ]
      },
      "source" : {
        "id" : "DOCTsf6GAqAAbxwI",
        "type" : "ClassView"
      },
      "target" : {
        "id" : "FGKTsf6GAqAAbxwV",
        "type" : "ClassView"
      }
    }, {
      "id" : "YJbTsf6GAqAAbxy8",
      "type" : "GeneralizationView",
      "modelElement" : {
        "id" : "zxbTsf6GAqAAbxy7",
        "type" : "Generalization"
      },
      "shape" : {
        "id" : "YJbTsf6GAqAAbxy8_path",
        "type" : "Path",
        "points" : [ {
          "x" : 230,
          "y" : 328
        }, {
          "x" : 230,
          "y" : 377
        }, {
          "x" : 279,
          "y" : 377
        }, {
          "x" : 279,
          "y" : 428
        } ]
      },
      "source" : {
        "id" : "ZAOTsf6GAqAAbxw2",
        "type" : "ClassView"
      },
      "target" : {
        "id" : "WxhTsf6GAqAAbxxM",
        "type" : "ClassView"
      }
    }, {
      "id" : "rKHTsf6GAqAAbxzU",
      "type" : "GeneralizationView",
      "modelElement" : {
        "id" : "xKHTsf6GAqAAbxzT",
        "type" : "Generalization"
      },
      "shape" : {
        "id" : "rKHTsf6GAqAAbxzU_path",
        "type" : "Path",
        "points" : [ {
          "x" : 482,
          "y" : 189
        }, {
          "x" : 482,
          "y" : 231
        }, {
          "x" : 737,
          "y" : 231
        }, {
          "x" : 737,
          "y" : 283
        } ]
      },
      "source" : {
        "id" : "I9rjsf6GAqAAbxvP",
        "type" : "ClassView"
      },
      "target" : {
        "id" : "gT6Tsf6GAqAAbxwg",
        "type" : "ClassView"
      }
    }, {
      "id" : "WxhTsf6GAqAAbxxM",
      "type" : "ClassView",
      "modelElement" : {
        "id" : "WxhTsf6GAqAAbxxN",
        "type" : "Class"
      },
      "shape" : {
        "id" : "WxhTsf6GAqAAbxxM_shape",
        "type" : "Rectangle",
        "x" : 236,
        "y" : 429,
        "width" : 113,
        "height" : 46
      }
    }, {
      "id" : "ol_Tsf6GAqAAbx0M",
      "type" : "GeneralizationView",
      "modelElement" : {
        "id" : "TF_Tsf6GAqAAbx0L",
        "type" : "Generalization"
      },
      "shape" : {
        "id" : "ol_Tsf6GAqAAbx0M_path",
        "type" : "Path",
        "points" : [ {
          "x" : 950,
          "y" : 189
        }, {
          "x" : 950,
          "y" : 212
        }, {
          "x" : 864,
          "y" : 212
        }, {
          "x" : 864,
          "y" : 226
        } ]
      },
      "source" : {
        "id" : "tmMTsf6GAqAAbxvy",
        "type" : "ClassView"
      },
      "target" : {
        "id" : "ficTsf6GAqAAbxv9",
        "type" : "ClassView"
      }
    }, {
      "id" : "VUYzsf6GAqAAbx0s",
      "type" : "GeneralizationSetView",
      "modelElement" : {
        "id" : "4UYzsf6GAqAAbx0q",
        "type" : "GeneralizationSet"
      },
      "shape" : {
        "id" : "VUYzsf6GAqAAbx0s_shape",
        "type" : "Text",
        "x" : 375,
        "y" : 193,
        "width" : 77,
        "height" : 42,
        "value" : ""
      }
    }, {
      "id" : "TYAzsf6GAqAAbx0S",
      "type" : "GeneralizationView",
      "modelElement" : {
        "id" : "uYAzsf6GAqAAbx0R",
        "type" : "Generalization"
      },
      "shape" : {
        "id" : "TYAzsf6GAqAAbx0S_path",
        "type" : "Path",
        "points" : [ {
          "x" : 950,
          "y" : 189
        }, {
          "x" : 950,
          "y" : 212
        }, {
          "x" : 1032,
          "y" : 212
        }, {
          "x" : 1032,
          "y" : 223
        } ]
      },
      "source" : {
        "id" : "tmMTsf6GAqAAbxvy",
        "type" : "ClassView"
      },
      "target" : {
        "id" : "DOCTsf6GAqAAbxwI",
        "type" : "ClassView"
      }
    }, {
      "id" : "EUWTsf6GAqAAbxwr",
      "type" : "ClassView",
      "modelElement" : {
        "id" : "EUWTsf6GAqAAbxws",
        "type" : "Class"
      },
      "shape" : {
        "id" : "EUWTsf6GAqAAbxwr_shape",
        "type" : "Rectangle",
        "x" : 522,
        "y" : 346,
        "width" : 111,
        "height" : 46
      }
    }, {
      "id" : "av3Tsf6GAqAAbxzu",
      "type" : "GeneralizationView",
      "modelElement" : {
        "id" : "ov3Tsf6GAqAAbxzt",
        "type" : "Generalization"
      },
      "shape" : {
        "id" : "av3Tsf6GAqAAbxzu_path",
        "type" : "Path",
        "points" : [ {
          "x" : 577,
          "y" : 393
        }, {
          "x" : 577,
          "y" : 414
        }, {
          "x" : 319,
          "y" : 414
        }, {
          "x" : 319,
          "y" : 428
        } ]
      },
      "source" : {
        "id" : "EUWTsf6GAqAAbxwr",
        "type" : "ClassView"
      },
      "target" : {
        "id" : "WxhTsf6GAqAAbxxM",
        "type" : "ClassView"
      }
    }, {
      "id" : "ZAOTsf6GAqAAbxw2",
      "type" : "ClassView",
      "modelElement" : {
        "id" : "ZAOTsf6GAqAAbxw3",
        "type" : "Class"
      },
      "shape" : {
        "id" : "ZAOTsf6GAqAAbxw2_shape",
        "type" : "Rectangle",
        "x" : 169,
        "y" : 281,
        "width" : 125,
        "height" : 46
      }
    }, {
      "id" : "0J9zsf6GAqAAbx34",
      "type" : "RelationView",
      "modelElement" : {
        "id" : "Xx9zsf6GAqAAbx3z",
        "type" : "Relation"
      },
      "shape" : {
        "id" : "0J9zsf6GAqAAbx34_path",
        "type" : "Path",
        "points" : [ {
          "x" : 575,
          "y" : 165
        }, {
          "x" : 873,
          "y" : 165
        } ]
      },
      "source" : {
        "id" : "I9rjsf6GAqAAbxvP",
        "type" : "ClassView"
      },
      "target" : {
        "id" : "tmMTsf6GAqAAbxvy",
        "type" : "ClassView"
      }
    }, {
      "id" : "I9rjsf6GAqAAbxvP",
      "type" : "ClassView",
      "modelElement" : {
        "id" : "bNQ9sf6GAqAAbxgs",
        "type" : "Class"
      },
      "shape" : {
        "id" : "I9rjsf6GAqAAbxvP_shape",
        "type" : "Rectangle",
        "x" : 456,
        "y" : 142,
        "width" : 118,
        "height" : 46
      }
    }, {
      "id" : "pSZTsf6GAqAAbxxX",
      "type" : "ClassView",
      "modelElement" : {
        "id" : "V8Xdsf6GAqAAbxf1",
        "type" : "Class"
      },
      "shape" : {
        "id" : "pSZTsf6GAqAAbxxX_shape",
        "type" : "Rectangle",
        "x" : 161,
        "y" : 553,
        "width" : 141,
        "height" : 46
      }
    }, {
      "id" : "4G3Tsf6GAqAAbxzo",
      "type" : "GeneralizationView",
      "modelElement" : {
        "id" : "b63Tsf6GAqAAbxzn",
        "type" : "Generalization"
      },
      "shape" : {
        "id" : "4G3Tsf6GAqAAbxzo_path",
        "type" : "Path",
        "points" : [ {
          "x" : 814,
          "y" : 331
        }, {
          "x" : 814,
          "y" : 428
        } ]
      },
      "source" : {
        "id" : "gT6Tsf6GAqAAbxwg",
        "type" : "ClassView"
      },
      "target" : {
        "id" : "FGKTsf6GAqAAbxwV",
        "type" : "ClassView"
      }
    }, {
      "id" : "ficTsf6GAqAAbxv9",
      "type" : "ClassView",
      "modelElement" : {
        "id" : "ficTsf6GAqAAbxv.",
        "type" : "Class"
      },
      "shape" : {
        "id" : "ficTsf6GAqAAbxv9_shape",
        "type" : "Rectangle",
        "x" : 805,
        "y" : 227,
        "width" : 124,
        "height" : 40
      }
    }, {
      "id" : "C5E5Lf6AUB0C9GQ6",
      "type" : "RelationView",
      "modelElement" : {
        "id" : "3e0jsf6GAqAAbxs_",
        "type" : "Relation"
      },
      "shape" : {
        "id" : "C5E5Lf6AUB0C9GQ6_path",
        "type" : "Path",
        "points" : [ {
          "x" : 455,
          "y" : 165
        }, {
          "x" : 237,
          "y" : 165
        } ]
      },
      "source" : {
        "id" : "I9rjsf6GAqAAbxvP",
        "type" : "ClassView"
      },
      "target" : {
        "id" : "abjjsf6GAqAAbxu3",
        "type" : "ClassView"
      }
    }, {
      "id" : "FGKTsf6GAqAAbxwV",
      "type" : "ClassView",
      "modelElement" : {
        "id" : "FGKTsf6GAqAAbxwW",
        "type" : "Class"
      },
      "shape" : {
        "id" : "FGKTsf6GAqAAbxwV_shape",
        "type" : "Rectangle",
        "x" : 750,
        "y" : 429,
        "width" : 124,
        "height" : 46
      }
    }, {
      "id" : "cthzsf6GAqAAbx3B",
      "type" : "RelationView",
      "modelElement" : {
        "id" : "PNhzsf6GAqAAbx28",
        "type" : "Relation"
      },
      "shape" : {
        "id" : "cthzsf6GAqAAbx3B_path",
        "type" : "Path",
        "points" : [ {
          "x" : 749,
          "y" : 448
        }, {
          "x" : 350,
          "y" : 448
        } ]
      },
      "source" : {
        "id" : "FGKTsf6GAqAAbxwV",
        "type" : "ClassView"
      },
      "target" : {
        "id" : "WxhTsf6GAqAAbxxM",
        "type" : "ClassView"
      }
    }, {
      "id" : "gT6Tsf6GAqAAbxwg",
      "type" : "ClassView",
      "modelElement" : {
        "id" : "gT6Tsf6GAqAAbxwh",
        "type" : "Class"
      },
      "shape" : {
        "id" : "gT6Tsf6GAqAAbxwg_shape",
        "type" : "Rectangle",
        "x" : 707,
        "y" : 284,
        "width" : 129,
        "height" : 46
      }
    }, {
      "id" : "Ox1Tsf6GAqAAbxxs",
      "type" : "RelationView",
      "modelElement" : {
        "id" : "LGr9sf6GAqAAbxkc",
        "type" : "Relation"
      },
      "shape" : {
        "id" : "Ox1Tsf6GAqAAbxxs_path",
        "type" : "Path",
        "points" : [ {
          "x" : 303,
          "y" : 577
        }, {
          "x" : 851,
          "y" : 577
        } ]
      },
      "source" : {
        "id" : "pSZTsf6GAqAAbxxX",
        "type" : "ClassView"
      },
      "target" : {
        "id" : "6LFTsf6GAqAAbxxj",
        "type" : "ClassView"
      }
    }, {
      "id" : "CvBzsf6GAqAAbx23",
      "type" : "RelationView",
      "modelElement" : {
        "id" : "vPBzsf6GAqAAbx2y",
        "type" : "Relation"
      },
      "shape" : {
        "id" : "CvBzsf6GAqAAbx23_path",
        "type" : "Path",
        "points" : [ {
          "x" : 706,
          "y" : 303
        }, {
          "x" : 295,
          "y" : 303
        } ]
      },
      "source" : {
        "id" : "gT6Tsf6GAqAAbxwg",
        "type" : "ClassView"
      },
      "target" : {
        "id" : "ZAOTsf6GAqAAbxw2",
        "type" : "ClassView"
      }
    }, {
      "id" : "mwSzsf6GAqAAbx1k",
      "type" : "GeneralizationSetView",
      "modelElement" : {
        "id" : "nQSzsf6GAqAAbx1i",
        "type" : "GeneralizationSet"
      },
      "shape" : {
        "id" : "mwSzsf6GAqAAbx1k_shape",
        "type" : "Text",
        "x" : 147,
        "y" : 339,
        "width" : 77,
        "height" : 42,
        "value" : ""
      }
    }, {
      "id" : "tmMTsf6GAqAAbxvy",
      "type" : "ClassView",
      "modelElement" : {
        "id" : "tmMTsf6GAqAAbxvz",
        "type" : "Class"
      },
      "shape" : {
        "id" : "tmMTsf6GAqAAbxvy_shape",
        "type" : "Rectangle",
        "x" : 874,
        "y" : 142,
        "width" : 159,
        "height" : 46
      }
    }, {
      "id" : "cC7Tsf6GAqAAbxzC",
      "type" : "GeneralizationView",
      "modelElement" : {
        "id" : "387Tsf6GAqAAbxzB",
        "type" : "Generalization"
      },
      "shape" : {
        "id" : "cC7Tsf6GAqAAbxzC_path",
        "type" : "Path",
        "points" : [ {
          "x" : 482,
          "y" : 189
        }, {
          "x" : 482,
          "y" : 231
        }, {
          "x" : 241,
          "y" : 231
        }, {
          "x" : 241,
          "y" : 280
        } ]
      },
      "source" : {
        "id" : "I9rjsf6GAqAAbxvP",
        "type" : "ClassView"
      },
      "target" : {
        "id" : "ZAOTsf6GAqAAbxw2",
        "type" : "ClassView"
      }
    }, {
      "id" : "yrWzsf6GAqAAbx2G",
      "type" : "RelationView",
      "modelElement" : {
        "id" : "wrWzsf6GAqAAbx2B",
        "type" : "Relation"
      },
      "shape" : {
        "id" : "yrWzsf6GAqAAbx2G_path",
        "type" : "Path",
        "points" : [ {
          "x" : 177,
          "y" : 476
        }, {
          "x" : 177,
          "y" : 552
        } ]
      },
      "source" : {
        "id" : "ALuTsf6GAqAAbxxB",
        "type" : "ClassView"
      },
      "target" : {
        "id" : "pSZTsf6GAqAAbxxX",
        "type" : "ClassView"
      }
    }, {
      "id" : "kknTsf6GAqAAbxza",
      "type" : "GeneralizationView",
      "modelElement" : {
        "id" : "7EnTsf6GAqAAbxzZ",
        "type" : "Generalization"
      },
      "shape" : {
        "id" : "kknTsf6GAqAAbxza_path",
        "type" : "Path",
        "points" : [ {
          "x" : 552,
          "y" : 189
        }, {
          "x" : 552,
          "y" : 345
        } ]
      },
      "source" : {
        "id" : "I9rjsf6GAqAAbxvP",
        "type" : "ClassView"
      },
      "target" : {
        "id" : "EUWTsf6GAqAAbxwr",
        "type" : "ClassView"
      }
    }, {
      "id" : "6LFTsf6GAqAAbxxj",
      "type" : "ClassView",
      "modelElement" : {
        "id" : "tXvdsf6GAqAAbxgL",
        "type" : "Class"
      },
      "shape" : {
        "id" : "6LFTsf6GAqAAbxxj_shape",
        "type" : "Rectangle",
        "x" : 852,
        "y" : 553,
        "width" : 91,
        "height" : 46
      }
    } ]
  } ]
}