{
  "id" : "R4Byfy6GAqACHQWJ",
  "name" : "Banking",
  "description" : null,
  "type" : "Project",
  "model" : {
    "id" : "R4Byfy6GAqACHQWJ_root",
    "name" : "Banking",
    "description" : null,
    "type" : "Package",
    "propertyAssignments" : null,
    "contents" : [ {
      "id" : "E0GQfAGGAqACDxyO",
      "name" : "Model",
      "description" : null,
      "type" : "Package",
      "propertyAssignments" : null,
      "contents" : [ {
        "id" : "WoVyfy6GAqACHROV",
        "name" : "ATM",
        "description" : null,
        "type" : "Class",
        "propertyAssignments" : null,
        "stereotype" : "subkind",
        "isAbstract" : false,
        "isDerived" : false,
        "properties" : null,
        "isExtensional" : false,
        "isPowertype" : null,
        "order" : null,
        "literals" : null,
        "restrictedTo" : [ "functional-complex" ]
      }, {
        "id" : "WoVyfy6GAqACHROW",
        "name" : "Access",
        "description" : null,
        "type" : "Class",
        "propertyAssignments" : null,
        "stereotype" : "relator",
        "isAbstract" : false,
        "isDerived" : false,
        "properties" : null,
        "isExtensional" : null,
        "isPowertype" : null,
        "order" : null,
        "literals" : null,
        "restrictedTo" : [ "relator" ]
      }, {
        "id" : "OoVyfy6GAqACHROX",
        "name" : "Accessed Account",
        "description" : null,
        "type" : "Class",
        "propertyAssignments" : null,
        "stereotype" : "relator",
        "isAbstract" : false,
        "isDerived" : false,
        "properties" : null,
        "isExtensional" : null,
        "isPowertype" : null,
        "order" : null,
        "literals" : null,
        "restrictedTo" : [ "relator" ]
      }, {
        "id" : "uoVyfy6GAqACHROY",
        "name" : "Accessing Device",
        "description" : null,
        "type" : "Class",
        "propertyAssignments" : null,
        "stereotype" : "role",
        "isAbstract" : false,
        "isDerived" : false,
        "properties" : null,
        "isExtensional" : false,
        "isPowertype" : null,
        "order" : null,
        "literals" : null,
        "restrictedTo" : [ "functional-complex" ]
      }, {
        "id" : "eoVyfy6GAqACHROZ",
        "name" : "Account",
        "description" : null,
        "type" : "Class",
        "propertyAssignments" : null,
        "stereotype" : "relator",
        "isAbstract" : false,
        "isDerived" : false,
        "properties" : null,
        "isExtensional" : null,
        "isPowertype" : null,
        "order" : null,
        "literals" : null,
        "restrictedTo" : [ "relator" ]
      }, {
        "id" : "5oVyfy6GAqACHROa",
        "name" : "Active Account",
        "description" : null,
        "type" : "Class",
        "propertyAssignments" : null,
        "stereotype" : "relator",
        "isAbstract" : false,
        "isDerived" : false,
        "properties" : null,
        "isExtensional" : null,
        "isPowertype" : null,
        "order" : null,
        "literals" : null,
        "restrictedTo" : [ "relator" ]
      }, {
        "id" : "FoVyfy6GAqACHROb",
        "name" : "Bank",
        "description" : null,
        "type" : "Class",
        "propertyAssignments" : null,
        "stereotype" : "subkind",
        "isAbstract" : false,
        "isDerived" : false,
        "properties" : null,
        "isExtensional" : false,
        "isPowertype" : null,
        "order" : null,
        "literals" : null,
        "restrictedTo" : [ "functional-complex" ]
      }, {
        "id" : "loVyfy6GAqACHROc",
        "name" : "Client",
        "description" : null,
        "type" : "Class",
        "propertyAssignments" : null,
        "stereotype" : "roleMixin",
        "isAbstract" : false,
        "isDerived" : false,
        "properties" : null,
        "isExtensional" : false,
        "isPowertype" : null,
        "order" : null,
        "literals" : null,
        "restrictedTo" : [ "functional-complex" ]
      }, {
        "id" : "VoVyfy6GAqACHROd",
        "name" : "Client Organization",
        "description" : null,
        "type" : "Class",
        "propertyAssignments" : null,
        "stereotype" : "role",
        "isAbstract" : false,
        "isDerived" : false,
        "properties" : null,
        "isExtensional" : false,
        "isPowertype" : null,
        "order" : null,
        "literals" : null,
        "restrictedTo" : [ "functional-complex" ]
      }, {
        "id" : "NoVyfy6GAqACHROe",
        "name" : "Client Person",
        "description" : null,
        "type" : "Class",
        "propertyAssignments" : null,
        "stereotype" : "role",
        "isAbstract" : false,
        "isDerived" : false,
        "properties" : null,
        "isExtensional" : false,
        "isPowertype" : null,
        "order" : null,
        "literals" : null,
        "restrictedTo" : [ "functional-complex" ]
      }, {
        "id" : "toVyfy6GAqACHROf",
        "name" : "Device",
        "description" : null,
        "type" : "Class",
        "propertyAssignments" : null,
        "stereotype" : "kind",
        "isAbstract" : false,
        "isDerived" : false,
        "properties" : null,
        "isExtensional" : null,
        "isPowertype" : null,
        "order" : null,
        "literals" : null,
        "restrictedTo" : [ "functional-complex" ]
      }, {
        "id" : "boVyfy6GAqACHROg",
        "name" : "Group of Organizations",
        "description" : null,
        "type" : "Class",
        "propertyAssignments" : null,
        "stereotype" : "collective",
        "isAbstract" : false,
        "isDerived" : false,
        "properties" : null,
        "isExtensional" : false,
        "isPowertype" : null,
        "order" : null,
        "literals" : null,
        "restrictedTo" : [ "collective" ]
      }, {
        "id" : "XoVyfy6GAqACHROh",
        "name" : "Inactive Account",
        "description" : null,
        "type" : "Class",
        "propertyAssignments" : null,
        "stereotype" : "relator",
        "isAbstract" : false,
        "isDerived" : false,
        "properties" : null,
        "isExtensional" : null,
        "isPowertype" : null,
        "order" : null,
        "literals" : null,
        "restrictedTo" : [ "relator" ]
      }, {
        "id" : "3oVyfy6GAqACHROi",
        "name" : "Location",
        "description" : null,
        "type" : "Class",
        "propertyAssignments" : null,
        "stereotype" : "mode",
        "isAbstract" : false,
        "isDerived" : false,
        "properties" : [ {
          "id" : "foVyfy6GAqACHROj",
          "name" : "latitude",
          "description" : null,
          "type" : "Property",
          "propertyAssignments" : null,
          "stereotype" : null,
          "isDerived" : false,
          "isReadOnly" : false,
          "isOrdered" : false,
          "cardinality" : null,
          "propertyType" : null,
          "subsettedProperties" : null,
          "redefinedProperties" : null,
          "aggregationKind" : "NONE"
        }, {
          "id" : "0YVyfy6GAqACHROk",
          "name" : "longitude",
          "description" : null,
          "type" : "Property",
          "propertyAssignments" : null,
          "stereotype" : null,
          "isDerived" : false,
          "isReadOnly" : false,
          "isOrdered" : false,
          "cardinality" : null,
          "propertyType" : null,
          "subsettedProperties" : null,
          "redefinedProperties" : null,
          "aggregationKind" : "NONE"
        } ],
        "isExtensional" : null,
        "isPowertype" : null,
        "order" : null,
        "literals" : null,
        "restrictedTo" : [ "intrinsic-mode" ]
      }, {
        "id" : "0YVyfy6GAqACHROl",
        "name" : "Mobile",
        "description" : null,
        "type" : "Class",
        "propertyAssignments" : null,
        "stereotype" : "subkind",
        "isAbstract" : false,
        "isDerived" : false,
        "properties" : null,
        "isExtensional" : false,
        "isPowertype" : null,
        "order" : null,
        "literals" : null,
        "restrictedTo" : [ "functional-complex" ]
      }, {
        "id" : "CYVyfy6GAqACHROm",
        "name" : "Organization",
        "description" : null,
        "type" : "Class",
        "propertyAssignments" : null,
        "stereotype" : "kind",
        "isAbstract" : false,
        "isDerived" : false,
        "properties" : null,
        "isExtensional" : null,
        "isPowertype" : null,
        "order" : null,
        "literals" : null,
        "restrictedTo" : [ "functional-complex" ]
      }, {
        "id" : "GYVyfy6GAqACHROn",
        "name" : "Organization Member",
        "description" : null,
        "type" : "Class",
        "propertyAssignments" : null,
        "stereotype" : "subkind",
        "isAbstract" : false,
        "isDerived" : false,
        "properties" : null,
        "isExtensional" : false,
        "isPowertype" : null,
        "order" : null,
        "literals" : null,
        "restrictedTo" : [ "functional-complex" ]
      }, {
        "id" : "uYVyfy6GAqACHROo",
        "name" : "PC",
        "description" : null,
        "type" : "Class",
        "propertyAssignments" : null,
        "stereotype" : "subkind",
        "isAbstract" : false,
        "isDerived" : false,
        "properties" : null,
        "isExtensional" : false,
        "isPowertype" : null,
        "order" : null,
        "literals" : null,
        "restrictedTo" : [ "functional-complex" ]
      }, {
        "id" : ".YVyfy6GAqACHROp",
        "name" : "Person",
        "description" : null,
        "type" : "Class",
        "propertyAssignments" : null,
        "stereotype" : "kind",
        "isAbstract" : false,
        "isDerived" : false,
        "properties" : null,
        "isExtensional" : null,
        "isPowertype" : null,
        "order" : null,
        "literals" : null,
        "restrictedTo" : [ "functional-complex" ]
      }, {
        "id" : "BYVyfy6GAqACHROr",
        "name" : "Spatial Entity",
        "description" : null,
        "type" : "Class",
        "propertyAssignments" : null,
        "stereotype" : "category",
        "isAbstract" : true,
        "isDerived" : false,
        "properties" : null,
        "isExtensional" : false,
        "isPowertype" : null,
        "order" : null,
        "literals" : null,
        "restrictedTo" : [ "functional-complex" ]
      }, {
        "id" : "JYVyfy6GAqACHROs",
        "name" : "Withdraw",
        "description" : null,
        "type" : "Class",
        "propertyAssignments" : null,
        "stereotype" : "relator",
        "isAbstract" : false,
        "isDerived" : false,
        "properties" : [ {
          "id" : "FYVyfy6GAqACHROt",
          "name" : "value",
          "description" : null,
          "type" : "Property",
          "propertyAssignments" : null,
          "stereotype" : null,
          "isDerived" : false,
          "isReadOnly" : false,
          "isOrdered" : false,
          "cardinality" : null,
          "propertyType" : null,
          "subsettedProperties" : null,
          "redefinedProperties" : null,
          "aggregationKind" : "NONE"
        } ],
        "isExtensional" : null,
        "isPowertype" : null,
        "order" : null,
        "literals" : null,
        "restrictedTo" : [ "relator" ]
      }, {
        "id" : "lYVyfy6GAqACHROu",
        "name" : "Withdrawed Account",
        "description" : null,
        "type" : "Class",
        "propertyAssignments" : null,
        "stereotype" : "relator",
        "isAbstract" : false,
        "isDerived" : false,
        "properties" : null,
        "isExtensional" : null,
        "isPowertype" : null,
        "order" : null,
        "literals" : null,
        "restrictedTo" : [ "relator" ]
      }, {
        "id" : "VYVyfy6GAqACHROv",
        "name" : "Withdrawing ATM",
        "description" : null,
        "type" : "Class",
        "propertyAssignments" : null,
        "stereotype" : "role",
        "isAbstract" : false,
        "isDerived" : false,
        "properties" : null,
        "isExtensional" : false,
        "isPowertype" : null,
        "order" : null,
        "literals" : null,
        "restrictedTo" : [ "functional-complex" ]
      }, {
        "id" : "99tyfy6GAqACHSvL",
        "name" : null,
        "description" : null,
        "type" : "Generalization",
        "propertyAssignments" : null,
        "general" : {
          "id" : "WoVyfy6GAqACHROV",
          "type" : "Class"
        },
        "specific" : {
          "id" : "VYVyfy6GAqACHROv",
          "type" : "Class"
        }
      }, {
        "id" : "T9tyfy6GAqACHSvM",
        "name" : null,
        "description" : null,
        "type" : "Generalization",
        "propertyAssignments" : null,
        "general" : {
          "id" : "eoVyfy6GAqACHROZ",
          "type" : "Class"
        },
        "specific" : {
          "id" : "lYVyfy6GAqACHROu",
          "type" : "Class"
        }
      }, {
        "id" : "JDtyfy6GAqACHSvc",
        "name" : null,
        "description" : null,
        "type" : "Generalization",
        "propertyAssignments" : null,
        "general" : {
          "id" : "toVyfy6GAqACHROf",
          "type" : "Class"
        },
        "specific" : {
          "id" : "uYVyfy6GAqACHROo",
          "type" : "Class"
        }
      }, {
        "id" : "1Dtyfy6GAqACHSvd",
        "name" : null,
        "description" : null,
        "type" : "Generalization",
        "propertyAssignments" : null,
        "general" : {
          "id" : "CYVyfy6GAqACHROm",
          "type" : "Class"
        },
        "specific" : {
          "id" : "GYVyfy6GAqACHROn",
          "type" : "Class"
        }
      }, {
        "id" : "nDtyfy6GAqACHSve",
        "name" : null,
        "description" : null,
        "type" : "Generalization",
        "propertyAssignments" : null,
        "general" : {
          "id" : "toVyfy6GAqACHROf",
          "type" : "Class"
        },
        "specific" : {
          "id" : "0YVyfy6GAqACHROl",
          "type" : "Class"
        }
      }, {
        "id" : "Qjtyfy6GAqACHSvk",
        "name" : null,
        "description" : null,
        "type" : "Generalization",
        "propertyAssignments" : null,
        "general" : {
          "id" : "eoVyfy6GAqACHROZ",
          "type" : "Class"
        },
        "specific" : {
          "id" : "XoVyfy6GAqACHROh",
          "type" : "Class"
        }
      }, {
        "id" : "yjtyfy6GAqACHSvq",
        "name" : null,
        "description" : null,
        "type" : "Generalization",
        "propertyAssignments" : null,
        "general" : {
          "id" : "BYVyfy6GAqACHROr",
          "type" : "Class"
        },
        "specific" : {
          "id" : "toVyfy6GAqACHROf",
          "type" : "Class"
        }
      }, {
        "id" : "qjtyfy6GAqACHSvr",
        "name" : null,
        "description" : null,
        "type" : "Generalization",
        "propertyAssignments" : null,
        "general" : {
          "id" : "loVyfy6GAqACHROc",
          "type" : "Class"
        },
        "specific" : {
          "id" : "NoVyfy6GAqACHROe",
          "type" : "Class"
        }
      }, {
        "id" : "ajtyfy6GAqACHSvs",
        "name" : null,
        "description" : null,
        "type" : "Generalization",
        "propertyAssignments" : null,
        "general" : {
          "id" : ".YVyfy6GAqACHROp",
          "type" : "Class"
        },
        "specific" : {
          "id" : "NoVyfy6GAqACHROe",
          "type" : "Class"
        }
      }, {
        "id" : "2jtyfy6GAqACHSvt",
        "name" : null,
        "description" : null,
        "type" : "Generalization",
        "propertyAssignments" : null,
        "general" : {
          "id" : "loVyfy6GAqACHROc",
          "type" : "Class"
        },
        "specific" : {
          "id" : "VoVyfy6GAqACHROd",
          "type" : "Class"
        }
      }, {
        "id" : "ujtyfy6GAqACHSvu",
        "name" : null,
        "description" : null,
        "type" : "Generalization",
        "propertyAssignments" : null,
        "general" : {
          "id" : "CYVyfy6GAqACHROm",
          "type" : "Class"
        },
        "specific" : {
          "id" : "VoVyfy6GAqACHROd",
          "type" : "Class"
        }
      }, {
        "id" : "ujtyfy6GAqACHSvv",
        "name" : null,
        "description" : null,
        "type" : "Generalization",
        "propertyAssignments" : null,
        "general" : {
          "id" : "CYVyfy6GAqACHROm",
          "type" : "Class"
        },
        "specific" : {
          "id" : "FoVyfy6GAqACHROb",
          "type" : "Class"
        }
      }, {
        "id" : "xjtyfy6GAqACHSvw",
        "name" : null,
        "description" : null,
        "type" : "Generalization",
        "propertyAssignments" : null,
        "general" : {
          "id" : "eoVyfy6GAqACHROZ",
          "type" : "Class"
        },
        "specific" : {
          "id" : "5oVyfy6GAqACHROa",
          "type" : "Class"
        }
      }, {
        "id" : "aztyfy6GAqACHSwA",
        "name" : null,
        "description" : null,
        "type" : "Generalization",
        "propertyAssignments" : null,
        "general" : {
          "id" : "toVyfy6GAqACHROf",
          "type" : "Class"
        },
        "specific" : {
          "id" : "uoVyfy6GAqACHROY",
          "type" : "Class"
        }
      }, {
        "id" : "6ztyfy6GAqACHSwB",
        "name" : null,
        "description" : null,
        "type" : "Generalization",
        "propertyAssignments" : null,
        "general" : {
          "id" : "eoVyfy6GAqACHROZ",
          "type" : "Class"
        },
        "specific" : {
          "id" : "OoVyfy6GAqACHROX",
          "type" : "Class"
        }
      }, {
        "id" : "OLtyfy6GAqACHSwR",
        "name" : null,
        "description" : null,
        "type" : "Generalization",
        "propertyAssignments" : null,
        "general" : {
          "id" : "toVyfy6GAqACHROf",
          "type" : "Class"
        },
        "specific" : {
          "id" : "WoVyfy6GAqACHROV",
          "type" : "Class"
        }
      }, {
        "id" : "39tyfy6GAqACHSvN",
        "name" : null,
        "description" : null,
        "type" : "Relation",
        "propertyAssignments" : null,
        "stereotype" : "mediation",
        "isAbstract" : false,
        "isDerived" : false,
        "properties" : [ {
          "id" : "39tyfy6GAqACHSvO",
          "name" : null,
          "description" : null,
          "type" : "Property",
          "propertyAssignments" : null,
          "stereotype" : null,
          "isDerived" : false,
          "isReadOnly" : false,
          "isOrdered" : false,
          "cardinality" : "1..*",
          "propertyType" : {
            "id" : "JYVyfy6GAqACHROs",
            "type" : "Class"
          },
          "subsettedProperties" : null,
          "redefinedProperties" : null,
          "aggregationKind" : "NONE"
        }, {
          "id" : "39tyfy6GAqACHSvQ",
          "name" : null,
          "description" : null,
          "type" : "Property",
          "propertyAssignments" : null,
          "stereotype" : null,
          "isDerived" : false,
          "isReadOnly" : true,
          "isOrdered" : false,
          "cardinality" : "1",
          "propertyType" : {
            "id" : "VYVyfy6GAqACHROv",
            "type" : "Class"
          },
          "subsettedProperties" : null,
          "redefinedProperties" : null,
          "aggregationKind" : "NONE"
        } ]
      }, {
        "id" : "cDtyfy6GAqACHSvS",
        "name" : null,
        "description" : null,
        "type" : "Relation",
        "propertyAssignments" : null,
        "stereotype" : "mediation",
        "isAbstract" : false,
        "isDerived" : false,
        "properties" : [ {
          "id" : "cDtyfy6GAqACHSvT",
          "name" : null,
          "description" : null,
          "type" : "Property",
          "propertyAssignments" : null,
          "stereotype" : null,
          "isDerived" : false,
          "isReadOnly" : false,
          "isOrdered" : false,
          "cardinality" : "1..*",
          "propertyType" : {
            "id" : "JYVyfy6GAqACHROs",
            "type" : "Class"
          },
          "subsettedProperties" : null,
          "redefinedProperties" : null,
          "aggregationKind" : "NONE"
        }, {
          "id" : "cDtyfy6GAqACHSvV",
          "name" : null,
          "description" : null,
          "type" : "Property",
          "propertyAssignments" : null,
          "stereotype" : null,
          "isDerived" : false,
          "isReadOnly" : true,
          "isOrdered" : false,
          "cardinality" : "1",
          "propertyType" : {
            "id" : "lYVyfy6GAqACHROu",
            "type" : "Class"
          },
          "subsettedProperties" : null,
          "redefinedProperties" : null,
          "aggregationKind" : "NONE"
        } ]
      }, {
        "id" : "qDtyfy6GAqACHSvX",
        "name" : "withdraw from",
        "description" : null,
        "type" : "Relation",
        "propertyAssignments" : null,
        "stereotype" : "material",
        "isAbstract" : false,
        "isDerived" : false,
        "properties" : [ {
          "id" : "qDtyfy6GAqACHSvY",
          "name" : null,
          "description" : null,
          "type" : "Property",
          "propertyAssignments" : null,
          "stereotype" : null,
          "isDerived" : false,
          "isReadOnly" : false,
          "isOrdered" : false,
          "cardinality" : "1..*",
          "propertyType" : {
            "id" : "VYVyfy6GAqACHROv",
            "type" : "Class"
          },
          "subsettedProperties" : null,
          "redefinedProperties" : null,
          "aggregationKind" : "NONE"
        }, {
          "id" : "qDtyfy6GAqACHSva",
          "name" : null,
          "description" : null,
          "type" : "Property",
          "propertyAssignments" : null,
          "stereotype" : null,
          "isDerived" : false,
          "isReadOnly" : false,
          "isOrdered" : false,
          "cardinality" : "1..*",
          "propertyType" : {
            "id" : "lYVyfy6GAqACHROu",
            "type" : "Class"
          },
          "subsettedProperties" : null,
          "redefinedProperties" : null,
          "aggregationKind" : "NONE"
        } ]
      }, {
        "id" : "3Dtyfy6GAqACHSvf",
        "name" : null,
        "description" : null,
        "type" : "Relation",
        "propertyAssignments" : null,
        "stereotype" : "characterization",
        "isAbstract" : false,
        "isDerived" : false,
        "properties" : [ {
          "id" : "3Dtyfy6GAqACHSvg",
          "name" : null,
          "description" : null,
          "type" : "Property",
          "propertyAssignments" : null,
          "stereotype" : null,
          "isDerived" : false,
          "isReadOnly" : false,
          "isOrdered" : false,
          "cardinality" : "1",
          "propertyType" : {
            "id" : "3oVyfy6GAqACHROi",
            "type" : "Class"
          },
          "subsettedProperties" : null,
          "redefinedProperties" : null,
          "aggregationKind" : "NONE"
        }, {
          "id" : "3Dtyfy6GAqACHSvi",
          "name" : null,
          "description" : null,
          "type" : "Property",
          "propertyAssignments" : null,
          "stereotype" : null,
          "isDerived" : false,
          "isReadOnly" : true,
          "isOrdered" : false,
          "cardinality" : "1",
          "propertyType" : {
            "id" : "BYVyfy6GAqACHROr",
            "type" : "Class"
          },
          "subsettedProperties" : null,
          "redefinedProperties" : null,
          "aggregationKind" : "NONE"
        } ]
      }, {
        "id" : "Mjtyfy6GAqACHSvl",
        "name" : null,
        "description" : null,
        "type" : "Relation",
        "propertyAssignments" : null,
        "stereotype" : "memberOf",
        "isAbstract" : false,
        "isDerived" : false,
        "properties" : [ {
          "id" : "Mjtyfy6GAqACHSvm",
          "name" : null,
          "description" : null,
          "type" : "Property",
          "propertyAssignments" : null,
          "stereotype" : null,
          "isDerived" : false,
          "isReadOnly" : false,
          "isOrdered" : false,
          "cardinality" : "2..*",
          "propertyType" : {
            "id" : "GYVyfy6GAqACHROn",
            "type" : "Class"
          },
          "subsettedProperties" : null,
          "redefinedProperties" : null,
          "aggregationKind" : "NONE"
        }, {
          "id" : "Mjtyfy6GAqACHSvo",
          "name" : null,
          "description" : null,
          "type" : "Property",
          "propertyAssignments" : null,
          "stereotype" : null,
          "isDerived" : false,
          "isReadOnly" : false,
          "isOrdered" : false,
          "cardinality" : "1",
          "propertyType" : {
            "id" : "boVyfy6GAqACHROg",
            "type" : "Class"
          },
          "subsettedProperties" : null,
          "redefinedProperties" : null,
          "aggregationKind" : "COMPOSITE"
        } ]
      }, {
        "id" : "iTtyfy6GAqACHSvx",
        "name" : "belongs to",
        "description" : null,
        "type" : "Relation",
        "propertyAssignments" : null,
        "stereotype" : "mediation",
        "isAbstract" : false,
        "isDerived" : false,
        "properties" : [ {
          "id" : "iTtyfy6GAqACHSvy",
          "name" : null,
          "description" : null,
          "type" : "Property",
          "propertyAssignments" : null,
          "stereotype" : null,
          "isDerived" : false,
          "isReadOnly" : false,
          "isOrdered" : false,
          "cardinality" : "1..*",
          "propertyType" : {
            "id" : "eoVyfy6GAqACHROZ",
            "type" : "Class"
          },
          "subsettedProperties" : null,
          "redefinedProperties" : null,
          "aggregationKind" : "NONE"
        }, {
          "id" : "iTtyfy6GAqACHSv0",
          "name" : "holder",
          "description" : null,
          "type" : "Property",
          "propertyAssignments" : null,
          "stereotype" : null,
          "isDerived" : false,
          "isReadOnly" : true,
          "isOrdered" : false,
          "cardinality" : "1",
          "propertyType" : {
            "id" : "loVyfy6GAqACHROc",
            "type" : "Class"
          },
          "subsettedProperties" : null,
          "redefinedProperties" : null,
          "aggregationKind" : "NONE"
        } ]
      }, {
        "id" : "6Ttyfy6GAqACHSv2",
        "name" : "mantains",
        "description" : null,
        "type" : "Relation",
        "propertyAssignments" : null,
        "stereotype" : "mediation",
        "isAbstract" : false,
        "isDerived" : false,
        "properties" : [ {
          "id" : "6Ttyfy6GAqACHSv3",
          "name" : null,
          "description" : null,
          "type" : "Property",
          "propertyAssignments" : null,
          "stereotype" : null,
          "isDerived" : false,
          "isReadOnly" : false,
          "isOrdered" : false,
          "cardinality" : "1..*",
          "propertyType" : {
            "id" : "eoVyfy6GAqACHROZ",
            "type" : "Class"
          },
          "subsettedProperties" : null,
          "redefinedProperties" : null,
          "aggregationKind" : "NONE"
        }, {
          "id" : "6Ttyfy6GAqACHSv5",
          "name" : null,
          "description" : null,
          "type" : "Property",
          "propertyAssignments" : null,
          "stereotype" : null,
          "isDerived" : false,
          "isReadOnly" : true,
          "isOrdered" : false,
          "cardinality" : "1",
          "propertyType" : {
            "id" : "FoVyfy6GAqACHROb",
            "type" : "Class"
          },
          "subsettedProperties" : null,
          "redefinedProperties" : null,
          "aggregationKind" : "NONE"
        } ]
      }, {
        "id" : "nTtyfy6GAqACHSv7",
        "name" : "has",
        "description" : null,
        "type" : "Relation",
        "propertyAssignments" : null,
        "stereotype" : "material",
        "isAbstract" : false,
        "isDerived" : false,
        "properties" : [ {
          "id" : "nTtyfy6GAqACHSv8",
          "name" : null,
          "description" : null,
          "type" : "Property",
          "propertyAssignments" : null,
          "stereotype" : null,
          "isDerived" : false,
          "isReadOnly" : false,
          "isOrdered" : false,
          "cardinality" : "1..*",
          "propertyType" : {
            "id" : "loVyfy6GAqACHROc",
            "type" : "Class"
          },
          "subsettedProperties" : null,
          "redefinedProperties" : null,
          "aggregationKind" : "NONE"
        }, {
          "id" : "nTtyfy6GAqACHSv.",
          "name" : null,
          "description" : null,
          "type" : "Property",
          "propertyAssignments" : null,
          "stereotype" : null,
          "isDerived" : false,
          "isReadOnly" : false,
          "isOrdered" : false,
          "cardinality" : "1..*",
          "propertyType" : {
            "id" : "FoVyfy6GAqACHROb",
            "type" : "Class"
          },
          "subsettedProperties" : null,
          "redefinedProperties" : null,
          "aggregationKind" : "NONE"
        } ]
      }, {
        "id" : "6ztyfy6GAqACHSwC",
        "name" : null,
        "description" : null,
        "type" : "Relation",
        "propertyAssignments" : null,
        "stereotype" : "mediation",
        "isAbstract" : false,
        "isDerived" : false,
        "properties" : [ {
          "id" : "6ztyfy6GAqACHSwD",
          "name" : null,
          "description" : null,
          "type" : "Property",
          "propertyAssignments" : null,
          "stereotype" : null,
          "isDerived" : false,
          "isReadOnly" : false,
          "isOrdered" : false,
          "cardinality" : "1..*",
          "propertyType" : {
            "id" : "WoVyfy6GAqACHROW",
            "type" : "Class"
          },
          "subsettedProperties" : null,
          "redefinedProperties" : null,
          "aggregationKind" : "NONE"
        }, {
          "id" : "6ztyfy6GAqACHSwF",
          "name" : null,
          "description" : null,
          "type" : "Property",
          "propertyAssignments" : null,
          "stereotype" : null,
          "isDerived" : false,
          "isReadOnly" : true,
          "isOrdered" : false,
          "cardinality" : "1",
          "propertyType" : {
            "id" : "uoVyfy6GAqACHROY",
            "type" : "Class"
          },
          "subsettedProperties" : null,
          "redefinedProperties" : null,
          "aggregationKind" : "NONE"
        } ]
      }, {
        "id" : "Xztyfy6GAqACHSwH",
        "name" : null,
        "description" : null,
        "type" : "Relation",
        "propertyAssignments" : null,
        "stereotype" : "mediation",
        "isAbstract" : false,
        "isDerived" : false,
        "properties" : [ {
          "id" : "Xztyfy6GAqACHSwI",
          "name" : null,
          "description" : null,
          "type" : "Property",
          "propertyAssignments" : null,
          "stereotype" : null,
          "isDerived" : false,
          "isReadOnly" : false,
          "isOrdered" : false,
          "cardinality" : "1..*",
          "propertyType" : {
            "id" : "WoVyfy6GAqACHROW",
            "type" : "Class"
          },
          "subsettedProperties" : null,
          "redefinedProperties" : null,
          "aggregationKind" : "NONE"
        }, {
          "id" : "Pztyfy6GAqACHSwK",
          "name" : null,
          "description" : null,
          "type" : "Property",
          "propertyAssignments" : null,
          "stereotype" : null,
          "isDerived" : false,
          "isReadOnly" : true,
          "isOrdered" : false,
          "cardinality" : "1",
          "propertyType" : {
            "id" : "OoVyfy6GAqACHROX",
            "type" : "Class"
          },
          "subsettedProperties" : null,
          "redefinedProperties" : null,
          "aggregationKind" : "NONE"
        } ]
      }, {
        "id" : "0Ltyfy6GAqACHSwM",
        "name" : "access",
        "description" : null,
        "type" : "Relation",
        "propertyAssignments" : null,
        "stereotype" : "material",
        "isAbstract" : false,
        "isDerived" : false,
        "properties" : [ {
          "id" : "0Ltyfy6GAqACHSwN",
          "name" : null,
          "description" : null,
          "type" : "Property",
          "propertyAssignments" : null,
          "stereotype" : null,
          "isDerived" : false,
          "isReadOnly" : false,
          "isOrdered" : false,
          "cardinality" : "1..*",
          "propertyType" : {
            "id" : "uoVyfy6GAqACHROY",
            "type" : "Class"
          },
          "subsettedProperties" : null,
          "redefinedProperties" : null,
          "aggregationKind" : "NONE"
        }, {
          "id" : "0Ltyfy6GAqACHSwP",
          "name" : null,
          "description" : null,
          "type" : "Property",
          "propertyAssignments" : null,
          "stereotype" : null,
          "isDerived" : false,
          "isReadOnly" : false,
          "isOrdered" : false,
          "cardinality" : "1..*",
          "propertyType" : {
            "id" : "OoVyfy6GAqACHROX",
            "type" : "Class"
          },
          "subsettedProperties" : null,
          "redefinedProperties" : null,
          "aggregationKind" : "NONE"
        } ]
      }, {
        "id" : "T5nQfAGGAqACDx1z",
        "name" : null,
        "description" : null,
        "type" : "Relation",
        "propertyAssignments" : null,
        "stereotype" : "derivation",
        "isAbstract" : false,
        "isDerived" : true,
        "properties" : [ {
          "id" : "277e8d5c-dd30-49f7-ab05-395400eadf92",
          "name" : null,
          "description" : null,
          "type" : "Property",
          "propertyAssignments" : null,
          "stereotype" : null,
          "isDerived" : false,
          "isReadOnly" : false,
          "isOrdered" : false,
          "cardinality" : "1",
          "propertyType" : {
            "id" : "JYVyfy6GAqACHROs",
            "type" : "Class"
          },
          "subsettedProperties" : null,
          "redefinedProperties" : null,
          "aggregationKind" : null
        }, {
          "id" : "7c9c6346-3699-4c21-ad7a-d60309308bf3",
          "name" : null,
          "description" : null,
          "type" : "Property",
          "propertyAssignments" : null,
          "stereotype" : null,
          "isDerived" : false,
          "isReadOnly" : false,
          "isOrdered" : false,
          "cardinality" : "1",
          "propertyType" : {
            "id" : "qDtyfy6GAqACHSvX",
            "type" : "Relation"
          },
          "subsettedProperties" : null,
          "redefinedProperties" : null,
          "aggregationKind" : null
        } ]
      }, {
        "id" : "TyEwfAGGAqACDx23",
        "name" : null,
        "description" : null,
        "type" : "Relation",
        "propertyAssignments" : null,
        "stereotype" : "derivation",
        "isAbstract" : false,
        "isDerived" : true,
        "properties" : [ {
          "id" : "61b30b91-233e-4cb3-9553-395f692ecb8a",
          "name" : null,
          "description" : null,
          "type" : "Property",
          "propertyAssignments" : null,
          "stereotype" : null,
          "isDerived" : false,
          "isReadOnly" : false,
          "isOrdered" : false,
          "cardinality" : "1",
          "propertyType" : {
            "id" : "eoVyfy6GAqACHROZ",
            "type" : "Class"
          },
          "subsettedProperties" : null,
          "redefinedProperties" : null,
          "aggregationKind" : null
        }, {
          "id" : "cf6044f9-9243-4b79-a4dd-4f7588c475b5",
          "name" : null,
          "description" : null,
          "type" : "Property",
          "propertyAssignments" : null,
          "stereotype" : null,
          "isDerived" : false,
          "isReadOnly" : false,
          "isOrdered" : false,
          "cardinality" : "1",
          "propertyType" : {
            "id" : "nTtyfy6GAqACHSv7",
            "type" : "Relation"
          },
          "subsettedProperties" : null,
          "redefinedProperties" : null,
          "aggregationKind" : null
        } ]
      } ]
    }, {
      "id" : "jsryfy6GAqACHWTt",
      "name" : "",
      "description" : null,
      "type" : "Relation",
      "propertyAssignments" : null,
      "stereotype" : "derivation",
      "isAbstract" : false,
      "isDerived" : true,
      "properties" : [ {
        "id" : "58cf5b71-122f-4943-829f-b384d4d5d965",
        "name" : null,
        "description" : null,
        "type" : "Property",
        "propertyAssignments" : null,
        "stereotype" : null,
        "isDerived" : false,
        "isReadOnly" : false,
        "isOrdered" : false,
        "cardinality" : "1",
        "propertyType" : {
          "id" : "0Ltyfy6GAqACHSwM",
          "type" : "Relation"
        },
        "subsettedProperties" : null,
        "redefinedProperties" : null,
        "aggregationKind" : null
      }, {
        "id" : "88b221e4-753e-4ed2-a6cd-dbeaba95a126",
        "name" : null,
        "description" : null,
        "type" : "Property",
        "propertyAssignments" : null,
        "stereotype" : null,
        "isDerived" : false,
        "isReadOnly" : false,
        "isOrdered" : false,
        "cardinality" : "1",
        "propertyType" : {
          "id" : "WoVyfy6GAqACHROW",
          "type" : "Class"
        },
        "subsettedProperties" : null,
        "redefinedProperties" : null,
        "aggregationKind" : null
      } ]
    } ]
  },
  "diagrams" : [ {
    "id" : "mBDyfy6GAqACHTZ.",
    "name" : "Banking",
    "description" : null,
    "type" : "Diagram",
    "owner" : {
      "id" : "E0GQfAGGAqACDxyO",
      "type" : "Package"
    },
    "contents" : [ {
      "id" : ".Njyfy6GAqACHUSY",
      "type" : "ClassView",
      "modelElement" : {
        "id" : "WoVyfy6GAqACHROV",
        "type" : "Class"
      },
      "shape" : {
        "id" : ".Njyfy6GAqACHUSY_shape",
        "type" : "Rectangle",
        "x" : 296,
        "y" : 402,
        "width" : 87,
        "height" : 40
      }
    }, {
      "id" : "tTMrOf6GAqACAnru",
      "type" : "RelationView",
      "modelElement" : {
        "id" : "3Dtyfy6GAqACHSvf",
        "type" : "Relation"
      },
      "shape" : {
        "id" : "tTMrOf6GAqACAnru_path",
        "type" : "Path",
        "points" : [ {
          "x" : 593,
          "y" : 100
        }, {
          "x" : 391,
          "y" : 100
        } ]
      },
      "source" : {
        "id" : "xNjyfy6GAqACHUSk",
        "type" : "ClassView"
      },
      "target" : {
        "id" : "xNjyfy6GAqACHUSm",
        "type" : "ClassView"
      }
    }, {
      "id" : "1Ozyfy6GAqACHVu6",
      "type" : "GeneralizationView",
      "modelElement" : {
        "id" : "aztyfy6GAqACHSwA",
        "type" : "Generalization"
      },
      "shape" : {
        "id" : "1Ozyfy6GAqACHVu6_path",
        "type" : "Path",
        "points" : [ {
          "x" : 365,
          "y" : 293
        }, {
          "x" : 365,
          "y" : 372
        }, {
          "x" : 478,
          "y" : 372
        }, {
          "x" : 478,
          "y" : 391
        } ]
      },
      "source" : {
        "id" : "RNjyfy6GAqACHUSi",
        "type" : "ClassView"
      },
      "target" : {
        "id" : "RNjyfy6GAqACHUSg",
        "type" : "ClassView"
      }
    }, {
      "id" : "Yezyfy6GAqACHVvS",
      "type" : "GeneralizationView",
      "modelElement" : {
        "id" : "T9tyfy6GAqACHSvM",
        "type" : "Generalization"
      },
      "shape" : {
        "id" : "Yezyfy6GAqACHVvS_path",
        "type" : "Path",
        "points" : [ {
          "x" : 902,
          "y" : 283
        }, {
          "x" : 902,
          "y" : 637
        } ]
      },
      "source" : {
        "id" : "BNjyfy6GAqACHUSc",
        "type" : "ClassView"
      },
      "target" : {
        "id" : ".Njyfy6GAqACHUSU",
        "type" : "ClassView"
      }
    }, {
      "id" : "eNjyfy6GAqACHUSO",
      "type" : "ClassView",
      "modelElement" : {
        "id" : "uYVyfy6GAqACHROo",
        "type" : "Class"
      },
      "shape" : {
        "id" : "eNjyfy6GAqACHUSO_shape",
        "type" : "Rectangle",
        "x" : 82,
        "y" : 402,
        "width" : 87,
        "height" : 40
      }
    }, {
      "id" : "Luzyfy6GAqACHVvM",
      "type" : "GeneralizationView",
      "modelElement" : {
        "id" : "ujtyfy6GAqACHSvu",
        "type" : "Generalization"
      },
      "shape" : {
        "id" : "Luzyfy6GAqACHVvM_path",
        "type" : "Path",
        "points" : [ {
          "x" : 1167,
          "y" : 693
        }, {
          "x" : 1167,
          "y" : 586
        } ]
      },
      "source" : {
        "id" : "ONjyfy6GAqACHUR.",
        "type" : "ClassView"
      },
      "target" : {
        "id" : "ONjyfy6GAqACHUSC",
        "type" : "ClassView"
      }
    }, {
      "id" : "n5nQfAGGAqACDx10",
      "type" : "RelationView",
      "modelElement" : {
        "id" : "T5nQfAGGAqACDx1z",
        "type" : "Relation"
      },
      "shape" : {
        "id" : "n5nQfAGGAqACDx10_path",
        "type" : "Path",
        "points" : [ {
          "x" : 608,
          "y" : 737
        }, {
          "x" : 608,
          "y" : 658
        } ]
      },
      "source" : {
        "id" : ".Njyfy6GAqACHUSS",
        "type" : "ClassView"
      },
      "target" : {
        "id" : "cezyfy6GAqACHVvU",
        "type" : "RelationView"
      }
    }, {
      "id" : "BNjyfy6GAqACHUSc",
      "type" : "ClassView",
      "modelElement" : {
        "id" : "eoVyfy6GAqACHROZ",
        "type" : "Class"
      },
      "shape" : {
        "id" : "BNjyfy6GAqACHUSc_shape",
        "type" : "Rectangle",
        "x" : 856,
        "y" : 243,
        "width" : 106,
        "height" : 40
      }
    }, {
      "id" : "eNjyfy6GAqACHUSQ",
      "type" : "ClassView",
      "modelElement" : {
        "id" : "0YVyfy6GAqACHROl",
        "type" : "Class"
      },
      "shape" : {
        "id" : "eNjyfy6GAqACHUSQ_shape",
        "type" : "Rectangle",
        "x" : 192,
        "y" : 402,
        "width" : 87,
        "height" : 40
      }
    }, {
      "id" : "ONjyfy6GAqACHUR8",
      "type" : "ClassView",
      "modelElement" : {
        "id" : "boVyfy6GAqACHROg",
        "type" : "Class"
      },
      "shape" : {
        "id" : "ONjyfy6GAqACHUR8_shape",
        "type" : "Rectangle",
        "x" : 761,
        "y" : 852,
        "width" : 145,
        "height" : 40
      }
    }, {
      "id" : "xNjyfy6GAqACHUSm",
      "type" : "ClassView",
      "modelElement" : {
        "id" : "BYVyfy6GAqACHROr",
        "type" : "Class"
      },
      "shape" : {
        "id" : "xNjyfy6GAqACHUSm_shape",
        "type" : "Rectangle",
        "x" : 300,
        "y" : 80,
        "width" : 91,
        "height" : 40
      }
    }, {
      "id" : "RNjyfy6GAqACHUSi",
      "type" : "ClassView",
      "modelElement" : {
        "id" : "toVyfy6GAqACHROf",
        "type" : "Class"
      },
      "shape" : {
        "id" : "RNjyfy6GAqACHUSi_shape",
        "type" : "Rectangle",
        "x" : 303,
        "y" : 253,
        "width" : 80,
        "height" : 40
      }
    }, {
      "id" : "BNjyfy6GAqACHUSa",
      "type" : "ClassView",
      "modelElement" : {
        "id" : "OoVyfy6GAqACHROX",
        "type" : "Class"
      },
      "shape" : {
        "id" : "BNjyfy6GAqACHUSa_shape",
        "type" : "Rectangle",
        "x" : 742,
        "y" : 392,
        "width" : 112,
        "height" : 40
      }
    }, {
      "id" : "dOzyfy6GAqACHVvA",
      "type" : "GeneralizationView",
      "modelElement" : {
        "id" : "2jtyfy6GAqACHSvt",
        "type" : "Generalization"
      },
      "shape" : {
        "id" : "dOzyfy6GAqACHVvA_path",
        "type" : "Path",
        "points" : [ {
          "x" : 1072,
          "y" : 430
        }, {
          "x" : 1072,
          "y" : 512
        }, {
          "x" : 1158,
          "y" : 512
        }, {
          "x" : 1158,
          "y" : 546
        } ]
      },
      "source" : {
        "id" : "ONjyfy6GAqACHUSG",
        "type" : "ClassView"
      },
      "target" : {
        "id" : "ONjyfy6GAqACHUSC",
        "type" : "ClassView"
      }
    }, {
      "id" : "ONjyfy6GAqACHUSA",
      "type" : "ClassView",
      "modelElement" : {
        "id" : ".YVyfy6GAqACHROp",
        "type" : "Class"
      },
      "shape" : {
        "id" : "ONjyfy6GAqACHUSA_shape",
        "type" : "Rectangle",
        "x" : 990,
        "y" : 692,
        "width" : 80,
        "height" : 40
      }
    }, {
      "id" : "RNjyfy6GAqACHUSg",
      "type" : "ClassView",
      "modelElement" : {
        "id" : "uoVyfy6GAqACHROY",
        "type" : "Class"
      },
      "shape" : {
        "id" : "RNjyfy6GAqACHUSg_shape",
        "type" : "Rectangle",
        "x" : 433,
        "y" : 392,
        "width" : 108,
        "height" : 40
      }
    }, {
      "id" : "Yuzyfy6GAqACHVvI",
      "type" : "GeneralizationView",
      "modelElement" : {
        "id" : "xjtyfy6GAqACHSvw",
        "type" : "Generalization"
      },
      "shape" : {
        "id" : "Yuzyfy6GAqACHVvI_path",
        "type" : "Path",
        "points" : [ {
          "x" : 856,
          "y" : 278
        }, {
          "x" : 806,
          "y" : 278
        }, {
          "x" : 806,
          "y" : 220
        }, {
          "x" : 768,
          "y" : 220
        } ]
      },
      "source" : {
        "id" : "BNjyfy6GAqACHUSc",
        "type" : "ClassView"
      },
      "target" : {
        "id" : "eNjyfy6GAqACHUSK",
        "type" : "ClassView"
      }
    }, {
      "id" : "eNjyfy6GAqACHUSM",
      "type" : "ClassView",
      "modelElement" : {
        "id" : "XoVyfy6GAqACHROh",
        "type" : "Class"
      },
      "shape" : {
        "id" : "eNjyfy6GAqACHUSM_shape",
        "type" : "Rectangle",
        "x" : 673,
        "y" : 270,
        "width" : 105,
        "height" : 40
      }
    }, {
      "id" : "ONjyfy6GAqACHUSC",
      "type" : "ClassView",
      "modelElement" : {
        "id" : "VoVyfy6GAqACHROd",
        "type" : "Class"
      },
      "shape" : {
        "id" : "ONjyfy6GAqACHUSC_shape",
        "type" : "Rectangle",
        "x" : 1107,
        "y" : 546,
        "width" : 121,
        "height" : 40
      }
    }, {
      "id" : "03VLOf6GAqACAnqF",
      "type" : "RelationView",
      "modelElement" : {
        "id" : "Mjtyfy6GAqACHSvl",
        "type" : "Relation"
      },
      "shape" : {
        "id" : "03VLOf6GAqACAnqF_path",
        "type" : "Path",
        "points" : [ {
          "x" : 1100,
          "y" : 873
        }, {
          "x" : 906,
          "y" : 873
        } ]
      },
      "source" : {
        "id" : "ONjyfy6GAqACHUR6",
        "type" : "ClassView"
      },
      "target" : {
        "id" : "ONjyfy6GAqACHUR8",
        "type" : "ClassView"
      }
    }, {
      "id" : "7yEwfAGGAqACDx24",
      "type" : "RelationView",
      "modelElement" : {
        "id" : "TyEwfAGGAqACDx23",
        "type" : "Relation"
      },
      "shape" : {
        "id" : "7yEwfAGGAqACDx24_path",
        "type" : "Path",
        "points" : [ {
          "x" : 962,
          "y" : 283
        }, {
          "x" : 1228,
          "y" : 378
        } ]
      },
      "source" : {
        "id" : "BNjyfy6GAqACHUSc",
        "type" : "ClassView"
      },
      "target" : {
        "id" : "ZOzyfy6GAqACHVuw",
        "type" : "RelationView"
      }
    }, {
      "id" : ".Njyfy6GAqACHUSW",
      "type" : "ClassView",
      "modelElement" : {
        "id" : "VYVyfy6GAqACHROv",
        "type" : "Class"
      },
      "shape" : {
        "id" : ".Njyfy6GAqACHUSW_shape",
        "type" : "Rectangle",
        "x" : 290,
        "y" : 637,
        "width" : 111,
        "height" : 40
      }
    }, {
      "id" : "ONjyfy6GAqACHUSE",
      "type" : "ClassView",
      "modelElement" : {
        "id" : "NoVyfy6GAqACHROe",
        "type" : "Class"
      },
      "shape" : {
        "id" : "ONjyfy6GAqACHUSE_shape",
        "type" : "Rectangle",
        "x" : 987,
        "y" : 545,
        "width" : 85,
        "height" : 40
      }
    }, {
      "id" : ".Njyfy6GAqACHUSU",
      "type" : "ClassView",
      "modelElement" : {
        "id" : "lYVyfy6GAqACHROu",
        "type" : "Class"
      },
      "shape" : {
        "id" : ".Njyfy6GAqACHUSU_shape",
        "type" : "Rectangle",
        "x" : 812,
        "y" : 637,
        "width" : 126,
        "height" : 40
      }
    }, {
      "id" : "ONjyfy6GAqACHUR.",
      "type" : "ClassView",
      "modelElement" : {
        "id" : "CYVyfy6GAqACHROm",
        "type" : "Class"
      },
      "shape" : {
        "id" : "ONjyfy6GAqACHUR._shape",
        "type" : "Rectangle",
        "x" : 1125,
        "y" : 692,
        "width" : 85,
        "height" : 40
      }
    }, {
      "id" : "xNjyfy6GAqACHUSk",
      "type" : "ClassView",
      "modelElement" : {
        "id" : "3oVyfy6GAqACHROi",
        "type" : "Class"
      },
      "shape" : {
        "id" : "xNjyfy6GAqACHUSk_shape",
        "type" : "Rectangle",
        "x" : 593,
        "y" : 80,
        "width" : 80,
        "height" : 40
      }
    }, {
      "id" : "eNjyfy6GAqACHUSK",
      "type" : "ClassView",
      "modelElement" : {
        "id" : "5oVyfy6GAqACHROa",
        "type" : "Class"
      },
      "shape" : {
        "id" : "eNjyfy6GAqACHUSK_shape",
        "type" : "Rectangle",
        "x" : 673,
        "y" : 187,
        "width" : 95,
        "height" : 40
      }
    }, {
      "id" : "pOzyfy6GAqACHVuu",
      "type" : "RelationView",
      "modelElement" : {
        "id" : "iTtyfy6GAqACHSvx",
        "type" : "Relation"
      },
      "shape" : {
        "id" : "pOzyfy6GAqACHVuu_path",
        "type" : "Path",
        "points" : [ {
          "x" : 917,
          "y" : 283
        }, {
          "x" : 917,
          "y" : 412
        }, {
          "x" : 1027,
          "y" : 412
        } ]
      },
      "source" : {
        "id" : "BNjyfy6GAqACHUSc",
        "type" : "ClassView"
      },
      "target" : {
        "id" : "ONjyfy6GAqACHUSG",
        "type" : "ClassView"
      }
    }, {
      "id" : "5Ozyfy6GAqACHVuy",
      "type" : "GeneralizationView",
      "modelElement" : {
        "id" : "1Dtyfy6GAqACHSvd",
        "type" : "Generalization"
      },
      "shape" : {
        "id" : "5Ozyfy6GAqACHVuy_path",
        "type" : "Path",
        "points" : [ {
          "x" : 1178,
          "y" : 733
        }, {
          "x" : 1178,
          "y" : 853
        } ]
      },
      "source" : {
        "id" : "ONjyfy6GAqACHUR.",
        "type" : "ClassView"
      },
      "target" : {
        "id" : "ONjyfy6GAqACHUR6",
        "type" : "ClassView"
      }
    }, {
      "id" : "gezyfy6GAqACHVvO",
      "type" : "GeneralizationView",
      "modelElement" : {
        "id" : "ujtyfy6GAqACHSvv",
        "type" : "Generalization"
      },
      "shape" : {
        "id" : "gezyfy6GAqACHVvO_path",
        "type" : "Path",
        "points" : [ {
          "x" : 1210,
          "y" : 713
        }, {
          "x" : 1303,
          "y" : 713
        }, {
          "x" : 1303,
          "y" : 275
        }, {
          "x" : 1265,
          "y" : 275
        } ]
      },
      "source" : {
        "id" : "ONjyfy6GAqACHUR.",
        "type" : "ClassView"
      },
      "target" : {
        "id" : "uNjyfy6GAqACHUSI",
        "type" : "ClassView"
      }
    }, {
      "id" : "uNjyfy6GAqACHUSI",
      "type" : "ClassView",
      "modelElement" : {
        "id" : "FoVyfy6GAqACHROb",
        "type" : "Class"
      },
      "shape" : {
        "id" : "uNjyfy6GAqACHUSI_shape",
        "type" : "Rectangle",
        "x" : 1176,
        "y" : 247,
        "width" : 87,
        "height" : 40
      }
    }, {
      "id" : "cezyfy6GAqACHVvU",
      "type" : "RelationView",
      "modelElement" : {
        "id" : "qDtyfy6GAqACHSvX",
        "type" : "Relation"
      },
      "shape" : {
        "id" : "cezyfy6GAqACHVvU_path",
        "type" : "Path",
        "points" : [ {
          "x" : 401,
          "y" : 658
        }, {
          "x" : 811,
          "y" : 658
        } ]
      },
      "source" : {
        "id" : ".Njyfy6GAqACHUSW",
        "type" : "ClassView"
      },
      "target" : {
        "id" : ".Njyfy6GAqACHUSU",
        "type" : "ClassView"
      }
    }, {
      "id" : "Duzyfy6GAqACHVvK",
      "type" : "GeneralizationView",
      "modelElement" : {
        "id" : "OLtyfy6GAqACHSwR",
        "type" : "Generalization"
      },
      "shape" : {
        "id" : "Duzyfy6GAqACHVvK_path",
        "type" : "Path",
        "points" : [ {
          "x" : 340,
          "y" : 293
        }, {
          "x" : 340,
          "y" : 401
        } ]
      },
      "source" : {
        "id" : "RNjyfy6GAqACHUSi",
        "type" : "ClassView"
      },
      "target" : {
        "id" : ".Njyfy6GAqACHUSY",
        "type" : "ClassView"
      }
    }, {
      "id" : "ro2LOf6GAqACAnoP",
      "type" : "RelationView",
      "modelElement" : {
        "id" : "6ztyfy6GAqACHSwC",
        "type" : "Relation"
      },
      "shape" : {
        "id" : "ro2LOf6GAqACAnoP_path",
        "type" : "Path",
        "points" : [ {
          "x" : 603,
          "y" : 516
        }, {
          "x" : 478,
          "y" : 516
        }, {
          "x" : 478,
          "y" : 432
        } ]
      },
      "source" : {
        "id" : "hNjyfy6GAqACHUSe",
        "type" : "ClassView"
      },
      "target" : {
        "id" : "RNjyfy6GAqACHUSg",
        "type" : "ClassView"
      }
    }, {
      "id" : "qezyfy6GAqACHVvc",
      "type" : "GeneralizationView",
      "modelElement" : {
        "id" : "JDtyfy6GAqACHSvc",
        "type" : "Generalization"
      },
      "shape" : {
        "id" : "qezyfy6GAqACHVvc_path",
        "type" : "Path",
        "points" : [ {
          "x" : 340,
          "y" : 293
        }, {
          "x" : 340,
          "y" : 372
        }, {
          "x" : 126,
          "y" : 372
        }, {
          "x" : 126,
          "y" : 401
        } ]
      },
      "source" : {
        "id" : "RNjyfy6GAqACHUSi",
        "type" : "ClassView"
      },
      "target" : {
        "id" : "eNjyfy6GAqACHUSO",
        "type" : "ClassView"
      }
    }, {
      "id" : "ONjyfy6GAqACHUR6",
      "type" : "ClassView",
      "modelElement" : {
        "id" : "GYVyfy6GAqACHROn",
        "type" : "Class"
      },
      "shape" : {
        "id" : "ONjyfy6GAqACHUR6_shape",
        "type" : "Rectangle",
        "x" : 1100,
        "y" : 853,
        "width" : 135,
        "height" : 40
      }
    }, {
      "id" : "ZOzyfy6GAqACHVuw",
      "type" : "RelationView",
      "modelElement" : {
        "id" : "nTtyfy6GAqACHSv7",
        "type" : "Relation"
      },
      "shape" : {
        "id" : "ZOzyfy6GAqACHVuw_path",
        "type" : "Path",
        "points" : [ {
          "x" : 1123,
          "y" : 410
        }, {
          "x" : 1228,
          "y" : 410
        }, {
          "x" : 1228,
          "y" : 288
        } ]
      },
      "source" : {
        "id" : "ONjyfy6GAqACHUSG",
        "type" : "ClassView"
      },
      "target" : {
        "id" : "uNjyfy6GAqACHUSI",
        "type" : "ClassView"
      }
    }, {
      "id" : "Sezyfy6GAqACHVva",
      "type" : "GeneralizationView",
      "modelElement" : {
        "id" : "nDtyfy6GAqACHSve",
        "type" : "Generalization"
      },
      "shape" : {
        "id" : "Sezyfy6GAqACHVva_path",
        "type" : "Path",
        "points" : [ {
          "x" : 340,
          "y" : 293
        }, {
          "x" : 340,
          "y" : 372
        }, {
          "x" : 242,
          "y" : 372
        }, {
          "x" : 242,
          "y" : 401
        } ]
      },
      "source" : {
        "id" : "RNjyfy6GAqACHUSi",
        "type" : "ClassView"
      },
      "target" : {
        "id" : "eNjyfy6GAqACHUSQ",
        "type" : "ClassView"
      }
    }, {
      "id" : "vOzyfy6GAqACHVvE",
      "type" : "RelationView",
      "modelElement" : {
        "id" : "6Ttyfy6GAqACHSv2",
        "type" : "Relation"
      },
      "shape" : {
        "id" : "vOzyfy6GAqACHVvE_path",
        "type" : "Path",
        "points" : [ {
          "x" : 962,
          "y" : 267
        }, {
          "x" : 1176,
          "y" : 267
        } ]
      },
      "source" : {
        "id" : "BNjyfy6GAqACHUSc",
        "type" : "ClassView"
      },
      "target" : {
        "id" : "uNjyfy6GAqACHUSI",
        "type" : "ClassView"
      }
    }, {
      "id" : "7Ozyfy6GAqACHVvC",
      "type" : "GeneralizationView",
      "modelElement" : {
        "id" : "ajtyfy6GAqACHSvs",
        "type" : "Generalization"
      },
      "shape" : {
        "id" : "7Ozyfy6GAqACHVvC_path",
        "type" : "Path",
        "points" : [ {
          "x" : 1032,
          "y" : 693
        }, {
          "x" : 1032,
          "y" : 585
        } ]
      },
      "source" : {
        "id" : "ONjyfy6GAqACHUSA",
        "type" : "ClassView"
      },
      "target" : {
        "id" : "ONjyfy6GAqACHUSE",
        "type" : "ClassView"
      }
    }, {
      "id" : "BOzyfy6GAqACHVus",
      "type" : "RelationView",
      "modelElement" : {
        "id" : "Xztyfy6GAqACHSwH",
        "type" : "Relation"
      },
      "shape" : {
        "id" : "BOzyfy6GAqACHVus_path",
        "type" : "Path",
        "points" : [ {
          "x" : 685,
          "y" : 516
        }, {
          "x" : 791,
          "y" : 516
        }, {
          "x" : 791,
          "y" : 432
        } ]
      },
      "source" : {
        "id" : "hNjyfy6GAqACHUSe",
        "type" : "ClassView"
      },
      "target" : {
        "id" : "BNjyfy6GAqACHUSa",
        "type" : "ClassView"
      }
    }, {
      "id" : "Jezyfy6GAqACHVvg",
      "type" : "GeneralizationView",
      "modelElement" : {
        "id" : "6ztyfy6GAqACHSwB",
        "type" : "Generalization"
      },
      "shape" : {
        "id" : "Jezyfy6GAqACHVvg_path",
        "type" : "Path",
        "points" : [ {
          "x" : 875,
          "y" : 283
        }, {
          "x" : 875,
          "y" : 363
        }, {
          "x" : 793,
          "y" : 363
        }, {
          "x" : 793,
          "y" : 392
        } ]
      },
      "source" : {
        "id" : "BNjyfy6GAqACHUSc",
        "type" : "ClassView"
      },
      "target" : {
        "id" : "BNjyfy6GAqACHUSa",
        "type" : "ClassView"
      }
    }, {
      "id" : "hezyfy6GAqACHVve",
      "type" : "GeneralizationView",
      "modelElement" : {
        "id" : "Qjtyfy6GAqACHSvk",
        "type" : "Generalization"
      },
      "shape" : {
        "id" : "hezyfy6GAqACHVve_path",
        "type" : "Path",
        "points" : [ {
          "x" : 856,
          "y" : 278
        }, {
          "x" : 806,
          "y" : 278
        }, {
          "x" : 806,
          "y" : 305
        }, {
          "x" : 778,
          "y" : 305
        } ]
      },
      "source" : {
        "id" : "BNjyfy6GAqACHUSc",
        "type" : "ClassView"
      },
      "target" : {
        "id" : "eNjyfy6GAqACHUSM",
        "type" : "ClassView"
      }
    }, {
      "id" : "lLuLOf6GAqACAnoj",
      "type" : "RelationView",
      "modelElement" : {
        "id" : "39tyfy6GAqACHSvN",
        "type" : "Relation"
      },
      "shape" : {
        "id" : "lLuLOf6GAqACAnoj_path",
        "type" : "Path",
        "points" : [ {
          "x" : 566,
          "y" : 757
        }, {
          "x" : 345,
          "y" : 757
        }, {
          "x" : 345,
          "y" : 677
        } ]
      },
      "source" : {
        "id" : ".Njyfy6GAqACHUSS",
        "type" : "ClassView"
      },
      "target" : {
        "id" : ".Njyfy6GAqACHUSW",
        "type" : "ClassView"
      }
    }, {
      "id" : ".Njyfy6GAqACHUSS",
      "type" : "ClassView",
      "modelElement" : {
        "id" : "JYVyfy6GAqACHROs",
        "type" : "Class"
      },
      "shape" : {
        "id" : ".Njyfy6GAqACHUSS_shape",
        "type" : "Rectangle",
        "x" : 566,
        "y" : 737,
        "width" : 81,
        "height" : 40
      }
    }, {
      "id" : "8ezyfy6GAqACHVvY",
      "type" : "RelationView",
      "modelElement" : {
        "id" : "cDtyfy6GAqACHSvS",
        "type" : "Relation"
      },
      "shape" : {
        "id" : "8ezyfy6GAqACHVvY_path",
        "type" : "Path",
        "points" : [ {
          "x" : 647,
          "y" : 757
        }, {
          "x" : 876,
          "y" : 757
        }, {
          "x" : 876,
          "y" : 678
        } ]
      },
      "source" : {
        "id" : ".Njyfy6GAqACHUSS",
        "type" : "ClassView"
      },
      "target" : {
        "id" : ".Njyfy6GAqACHUSU",
        "type" : "ClassView"
      }
    }, {
      "id" : "tOzyfy6GAqACHVu.",
      "type" : "GeneralizationView",
      "modelElement" : {
        "id" : "qjtyfy6GAqACHSvr",
        "type" : "Generalization"
      },
      "shape" : {
        "id" : "tOzyfy6GAqACHVu._path",
        "type" : "Path",
        "points" : [ {
          "x" : 1073,
          "y" : 430
        }, {
          "x" : 1073,
          "y" : 512
        }, {
          "x" : 1030,
          "y" : 512
        }, {
          "x" : 1030,
          "y" : 545
        } ]
      },
      "source" : {
        "id" : "ONjyfy6GAqACHUSG",
        "type" : "ClassView"
      },
      "target" : {
        "id" : "ONjyfy6GAqACHUSE",
        "type" : "ClassView"
      }
    }, {
      "id" : "lOzyfy6GAqACHVu2",
      "type" : "GeneralizationView",
      "modelElement" : {
        "id" : "yjtyfy6GAqACHSvq",
        "type" : "Generalization"
      },
      "shape" : {
        "id" : "lOzyfy6GAqACHVu2_path",
        "type" : "Path",
        "points" : [ {
          "x" : 348,
          "y" : 120
        }, {
          "x" : 348,
          "y" : 253
        } ]
      },
      "source" : {
        "id" : "xNjyfy6GAqACHUSm",
        "type" : "ClassView"
      },
      "target" : {
        "id" : "RNjyfy6GAqACHUSi",
        "type" : "ClassView"
      }
    }, {
      "id" : "hNjyfy6GAqACHUSe",
      "type" : "ClassView",
      "modelElement" : {
        "id" : "WoVyfy6GAqACHROW",
        "type" : "Class"
      },
      "shape" : {
        "id" : "hNjyfy6GAqACHUSe_shape",
        "type" : "Rectangle",
        "x" : 602,
        "y" : 496,
        "width" : 81,
        "height" : 40
      }
    }, {
      "id" : "Iezyfy6GAqACHVvQ",
      "type" : "GeneralizationView",
      "modelElement" : {
        "id" : "99tyfy6GAqACHSvL",
        "type" : "Generalization"
      },
      "shape" : {
        "id" : "Iezyfy6GAqACHVvQ_path",
        "type" : "Path",
        "points" : [ {
          "x" : 340,
          "y" : 442
        }, {
          "x" : 340,
          "y" : 637
        } ]
      },
      "source" : {
        "id" : ".Njyfy6GAqACHUSY",
        "type" : "ClassView"
      },
      "target" : {
        "id" : ".Njyfy6GAqACHUSW",
        "type" : "ClassView"
      }
    }, {
      "id" : "Auzyfy6GAqACHVvG",
      "type" : "RelationView",
      "modelElement" : {
        "id" : "0Ltyfy6GAqACHSwM",
        "type" : "Relation"
      },
      "shape" : {
        "id" : "Auzyfy6GAqACHVvG_path",
        "type" : "Path",
        "points" : [ {
          "x" : 542,
          "y" : 412
        }, {
          "x" : 743,
          "y" : 412
        } ]
      },
      "source" : {
        "id" : "RNjyfy6GAqACHUSg",
        "type" : "ClassView"
      },
      "target" : {
        "id" : "BNjyfy6GAqACHUSa",
        "type" : "ClassView"
      }
    }, {
      "id" : "6G7yfy6GAqACHWWh",
      "type" : "RelationView",
      "modelElement" : {
        "id" : "jsryfy6GAqACHWTt",
        "type" : "Relation"
      },
      "shape" : {
        "id" : "6G7yfy6GAqACHWWh_path",
        "type" : "Path",
        "points" : [ {
          "x" : 647,
          "y" : 412
        }, {
          "x" : 647,
          "y" : 496
        } ]
      },
      "source" : {
        "id" : "Auzyfy6GAqACHVvG",
        "type" : "RelationView"
      },
      "target" : {
        "id" : "hNjyfy6GAqACHUSe",
        "type" : "ClassView"
      }
    }, {
      "id" : "ONjyfy6GAqACHUSG",
      "type" : "ClassView",
      "modelElement" : {
        "id" : "loVyfy6GAqACHROc",
        "type" : "Class"
      },
      "shape" : {
        "id" : "ONjyfy6GAqACHUSG_shape",
        "type" : "Rectangle",
        "x" : 1027,
        "y" : 390,
        "width" : 95,
        "height" : 40
      }
    } ]
  } ]
}