{
  "id" : "2Lv4LH6AUAgInAWf",
  "name" : "Students' Activities",
  "description" : null,
  "type" : "Project",
  "model" : {
    "id" : "2Lv4LH6AUAgInAWf_root",
    "name" : "Students' Activities",
    "description" : null,
    "type" : "Package",
    "propertyAssignments" : null,
    "contents" : [ {
      "id" : "Wy_4LH6AUAgInAl7",
      "name" : "Students' Activities",
      "description" : null,
      "type" : "Package",
      "propertyAssignments" : null,
      "contents" : [ {
        "id" : "kXwELH6AUAgInAma",
        "name" : "Person",
        "description" : null,
        "type" : "Class",
        "propertyAssignments" : null,
        "stereotype" : "kind",
        "isAbstract" : false,
        "isDerived" : false,
        "properties" : null,
        "isExtensional" : null,
        "isPowertype" : null,
        "order" : null,
        "literals" : null,
        "restrictedTo" : [ "functional-complex" ]
      }, {
        "id" : "XLIELH6AUAgInAml",
        "name" : "Teacher",
        "description" : null,
        "type" : "Class",
        "propertyAssignments" : null,
        "stereotype" : "role",
        "isAbstract" : false,
        "isDerived" : false,
        "properties" : null,
        "isExtensional" : false,
        "isPowertype" : null,
        "order" : null,
        "literals" : null,
        "restrictedTo" : [ "functional-complex" ]
      }, {
        "id" : ".iYELH6AUAgInAmw",
        "name" : "Student",
        "description" : null,
        "type" : "Class",
        "propertyAssignments" : null,
        "stereotype" : "role",
        "isAbstract" : false,
        "isDerived" : false,
        "properties" : null,
        "isExtensional" : false,
        "isPowertype" : null,
        "order" : null,
        "literals" : null,
        "restrictedTo" : [ "functional-complex" ]
      }, {
        "id" : "a.4ELH6AUAgInAm7",
        "name" : "Course started",
        "description" : null,
        "type" : "Class",
        "propertyAssignments" : null,
        "stereotype" : "phase",
        "isAbstract" : false,
        "isDerived" : false,
        "properties" : null,
        "isExtensional" : false,
        "isPowertype" : null,
        "order" : null,
        "literals" : null,
        "restrictedTo" : [ "functional-complex" ]
      }, {
        "id" : "7CUELH6AUAgInAnG",
        "name" : "Credit passed",
        "description" : null,
        "type" : "Class",
        "propertyAssignments" : null,
        "stereotype" : "phase",
        "isAbstract" : false,
        "isDerived" : false,
        "properties" : null,
        "isExtensional" : false,
        "isPowertype" : null,
        "order" : null,
        "literals" : null,
        "restrictedTo" : [ "functional-complex" ]
      }, {
        "id" : "7W0ELH6AUAgInAnR",
        "name" : "Credit non passed",
        "description" : null,
        "type" : "Class",
        "propertyAssignments" : null,
        "stereotype" : "phase",
        "isAbstract" : false,
        "isDerived" : false,
        "properties" : null,
        "isExtensional" : false,
        "isPowertype" : null,
        "order" : null,
        "literals" : null,
        "restrictedTo" : [ "functional-complex" ]
      }, {
        "id" : "a8aELH6AUAgInAod",
        "name" : "Course",
        "description" : null,
        "type" : "Class",
        "propertyAssignments" : null,
        "stereotype" : "kind",
        "isAbstract" : false,
        "isDerived" : false,
        "properties" : null,
        "isExtensional" : null,
        "isPowertype" : null,
        "order" : null,
        "literals" : null,
        "restrictedTo" : [ "functional-complex" ]
      }, {
        "id" : "iUskLH6AUAgInAs5",
        "name" : "Chapter(ki)",
        "description" : null,
        "type" : "Class",
        "propertyAssignments" : null,
        "stereotype" : "kind",
        "isAbstract" : false,
        "isDerived" : false,
        "properties" : null,
        "isExtensional" : null,
        "isPowertype" : null,
        "order" : null,
        "literals" : null,
        "restrictedTo" : [ "functional-complex" ]
      }, {
        "id" : "n1ckLH6AUAgInAtE",
        "name" : "Project(p)",
        "description" : null,
        "type" : "Class",
        "propertyAssignments" : null,
        "stereotype" : "kind",
        "isAbstract" : false,
        "isDerived" : false,
        "properties" : null,
        "isExtensional" : null,
        "isPowertype" : null,
        "order" : null,
        "literals" : null,
        "restrictedTo" : [ "functional-complex" ]
      }, {
        "id" : "k0CkLH6AUAgInAtP",
        "name" : "Test(t)",
        "description" : null,
        "type" : "Class",
        "propertyAssignments" : null,
        "stereotype" : "kind",
        "isAbstract" : false,
        "isDerived" : false,
        "properties" : null,
        "isExtensional" : null,
        "isPowertype" : null,
        "order" : null,
        "literals" : null,
        "restrictedTo" : [ "functional-complex" ]
      }, {
        "id" : "W6ikLH6AUAgInAta",
        "name" : "Exercise(ci)",
        "description" : null,
        "type" : "Class",
        "propertyAssignments" : null,
        "stereotype" : "kind",
        "isAbstract" : false,
        "isDerived" : false,
        "properties" : null,
        "isExtensional" : null,
        "isPowertype" : null,
        "order" : null,
        "literals" : null,
        "restrictedTo" : [ "functional-complex" ]
      }, {
        "id" : "KjiULH6AUAgInAuE",
        "name" : "ki passed",
        "description" : null,
        "type" : "Class",
        "propertyAssignments" : null,
        "stereotype" : "phase",
        "isAbstract" : false,
        "isDerived" : false,
        "properties" : null,
        "isExtensional" : false,
        "isPowertype" : null,
        "order" : null,
        "literals" : null,
        "restrictedTo" : [ "functional-complex" ]
      }, {
        "id" : "CHSULH6AUAgInAuP",
        "name" : "ki non passed",
        "description" : null,
        "type" : "Class",
        "propertyAssignments" : null,
        "stereotype" : "phase",
        "isAbstract" : false,
        "isDerived" : false,
        "properties" : null,
        "isExtensional" : false,
        "isPowertype" : null,
        "order" : null,
        "literals" : null,
        "restrictedTo" : [ "functional-complex" ]
      }, {
        "id" : "geqULH6AUAgInAuf",
        "name" : "p passed",
        "description" : null,
        "type" : "Class",
        "propertyAssignments" : null,
        "stereotype" : "phase",
        "isAbstract" : false,
        "isDerived" : false,
        "properties" : null,
        "isExtensional" : false,
        "isPowertype" : null,
        "order" : null,
        "literals" : null,
        "restrictedTo" : [ "functional-complex" ]
      }, {
        "id" : "leaULH6AUAgInAuq",
        "name" : "p non passed",
        "description" : null,
        "type" : "Class",
        "propertyAssignments" : null,
        "stereotype" : "phase",
        "isAbstract" : false,
        "isDerived" : false,
        "properties" : null,
        "isExtensional" : false,
        "isPowertype" : null,
        "order" : null,
        "literals" : null,
        "restrictedTo" : [ "functional-complex" ]
      }, {
        "id" : "OYGULH6AUAgInAu1",
        "name" : "t passed",
        "description" : null,
        "type" : "Class",
        "propertyAssignments" : null,
        "stereotype" : "phase",
        "isAbstract" : false,
        "isDerived" : false,
        "properties" : null,
        "isExtensional" : false,
        "isPowertype" : null,
        "order" : null,
        "literals" : null,
        "restrictedTo" : [ "functional-complex" ]
      }, {
        "id" : "H3GULH6AUAgInAvA",
        "name" : "t non passed",
        "description" : null,
        "type" : "Class",
        "propertyAssignments" : null,
        "stereotype" : "phase",
        "isAbstract" : false,
        "isDerived" : false,
        "properties" : null,
        "isExtensional" : false,
        "isPowertype" : null,
        "order" : null,
        "literals" : null,
        "restrictedTo" : [ "functional-complex" ]
      }, {
        "id" : "C_mULH6AUAgInAvL",
        "name" : "ci passed",
        "description" : null,
        "type" : "Class",
        "propertyAssignments" : null,
        "stereotype" : "phase",
        "isAbstract" : false,
        "isDerived" : false,
        "properties" : null,
        "isExtensional" : false,
        "isPowertype" : null,
        "order" : null,
        "literals" : null,
        "restrictedTo" : [ "functional-complex" ]
      }, {
        "id" : "SjWULH6AUAgInAvW",
        "name" : "ci non passed",
        "description" : null,
        "type" : "Class",
        "propertyAssignments" : null,
        "stereotype" : "phase",
        "isAbstract" : false,
        "isDerived" : false,
        "properties" : null,
        "isExtensional" : false,
        "isPowertype" : null,
        "order" : null,
        "literals" : null,
        "restrictedTo" : [ "functional-complex" ]
      }, {
        "id" : "dqWELH6AUAgInAo4",
        "name" : null,
        "description" : null,
        "type" : "Generalization",
        "propertyAssignments" : null,
        "general" : {
          "id" : "kXwELH6AUAgInAma",
          "type" : "Class"
        },
        "specific" : {
          "id" : "XLIELH6AUAgInAml",
          "type" : "Class"
        }
      }, {
        "id" : "oDWELH6AUAgInApC",
        "name" : null,
        "description" : null,
        "type" : "Generalization",
        "propertyAssignments" : null,
        "general" : {
          "id" : "kXwELH6AUAgInAma",
          "type" : "Class"
        },
        "specific" : {
          "id" : ".iYELH6AUAgInAmw",
          "type" : "Class"
        }
      }, {
        "id" : "oK2ELH6AUAgInApM",
        "name" : null,
        "description" : null,
        "type" : "Generalization",
        "propertyAssignments" : null,
        "general" : {
          "id" : "a8aELH6AUAgInAod",
          "type" : "Class"
        },
        "specific" : {
          "id" : "a.4ELH6AUAgInAm7",
          "type" : "Class"
        }
      }, {
        "id" : "r12ELH6AUAgInApb",
        "name" : null,
        "description" : null,
        "type" : "Generalization",
        "propertyAssignments" : null,
        "general" : {
          "id" : "a8aELH6AUAgInAod",
          "type" : "Class"
        },
        "specific" : {
          "id" : "7CUELH6AUAgInAnG",
          "type" : "Class"
        }
      }, {
        "id" : "uIOELH6AUAgInApl",
        "name" : null,
        "description" : null,
        "type" : "Generalization",
        "propertyAssignments" : null,
        "general" : {
          "id" : "a8aELH6AUAgInAod",
          "type" : "Class"
        },
        "specific" : {
          "id" : "7W0ELH6AUAgInAnR",
          "type" : "Class"
        }
      }, {
        "id" : "5exULH6AUAgInAwY",
        "name" : null,
        "description" : null,
        "type" : "Generalization",
        "propertyAssignments" : null,
        "general" : {
          "id" : "iUskLH6AUAgInAs5",
          "type" : "Class"
        },
        "specific" : {
          "id" : "KjiULH6AUAgInAuE",
          "type" : "Class"
        }
      }, {
        "id" : "fzxULH6AUAgInAwi",
        "name" : null,
        "description" : null,
        "type" : "Generalization",
        "propertyAssignments" : null,
        "general" : {
          "id" : "iUskLH6AUAgInAs5",
          "type" : "Class"
        },
        "specific" : {
          "id" : "CHSULH6AUAgInAuP",
          "type" : "Class"
        }
      }, {
        "id" : "c0JULH6AUAgInAws",
        "name" : null,
        "description" : null,
        "type" : "Generalization",
        "propertyAssignments" : null,
        "general" : {
          "id" : "k0CkLH6AUAgInAtP",
          "type" : "Class"
        },
        "specific" : {
          "id" : "OYGULH6AUAgInAu1",
          "type" : "Class"
        }
      }, {
        "id" : "_eJULH6AUAgInAw2",
        "name" : null,
        "description" : null,
        "type" : "Generalization",
        "propertyAssignments" : null,
        "general" : {
          "id" : "k0CkLH6AUAgInAtP",
          "type" : "Class"
        },
        "specific" : {
          "id" : "H3GULH6AUAgInAvA",
          "type" : "Class"
        }
      }, {
        "id" : "5nJULH6AUAgInAxA",
        "name" : null,
        "description" : null,
        "type" : "Generalization",
        "propertyAssignments" : null,
        "general" : {
          "id" : "n1ckLH6AUAgInAtE",
          "type" : "Class"
        },
        "specific" : {
          "id" : "geqULH6AUAgInAuf",
          "type" : "Class"
        }
      }, {
        "id" : "qipULH6AUAgInAxK",
        "name" : null,
        "description" : null,
        "type" : "Generalization",
        "propertyAssignments" : null,
        "general" : {
          "id" : "n1ckLH6AUAgInAtE",
          "type" : "Class"
        },
        "specific" : {
          "id" : "leaULH6AUAgInAuq",
          "type" : "Class"
        }
      }, {
        "id" : "WVpULH6AUAgInAxU",
        "name" : null,
        "description" : null,
        "type" : "Generalization",
        "propertyAssignments" : null,
        "general" : {
          "id" : "W6ikLH6AUAgInAta",
          "type" : "Class"
        },
        "specific" : {
          "id" : "C_mULH6AUAgInAvL",
          "type" : "Class"
        }
      }, {
        "id" : "5UZULH6AUAgInAxi",
        "name" : null,
        "description" : null,
        "type" : "Generalization",
        "propertyAssignments" : null,
        "general" : {
          "id" : "W6ikLH6AUAgInAta",
          "type" : "Class"
        },
        "specific" : {
          "id" : "SjWULH6AUAgInAvW",
          "type" : "Class"
        }
      }, {
        "id" : "KveELH6AUAgInApv",
        "name" : "",
        "description" : null,
        "type" : "GeneralizationSet",
        "propertyAssignments" : null,
        "isDisjoint" : true,
        "isComplete" : false,
        "categorizer" : null,
        "generalizations" : [ {
          "id" : "oDWELH6AUAgInApC",
          "type" : "Generalization"
        }, {
          "id" : "dqWELH6AUAgInAo4",
          "type" : "Generalization"
        } ]
      }, {
        "id" : "jG1ELH6AUAgInAqZ",
        "name" : "",
        "description" : null,
        "type" : "GeneralizationSet",
        "propertyAssignments" : null,
        "isDisjoint" : true,
        "isComplete" : true,
        "categorizer" : null,
        "generalizations" : [ {
          "id" : "uIOELH6AUAgInApl",
          "type" : "Generalization"
        }, {
          "id" : "oK2ELH6AUAgInApM",
          "type" : "Generalization"
        }, {
          "id" : "r12ELH6AUAgInApb",
          "type" : "Generalization"
        } ]
      }, {
        "id" : "VL1ULH6AUAgInAxv",
        "name" : "",
        "description" : null,
        "type" : "GeneralizationSet",
        "propertyAssignments" : null,
        "isDisjoint" : true,
        "isComplete" : true,
        "categorizer" : null,
        "generalizations" : [ {
          "id" : "5exULH6AUAgInAwY",
          "type" : "Generalization"
        }, {
          "id" : "fzxULH6AUAgInAwi",
          "type" : "Generalization"
        } ]
      }, {
        "id" : "QNtULH6AUAgInAx3",
        "name" : "",
        "description" : null,
        "type" : "GeneralizationSet",
        "propertyAssignments" : null,
        "isDisjoint" : true,
        "isComplete" : true,
        "categorizer" : null,
        "generalizations" : [ {
          "id" : "qipULH6AUAgInAxK",
          "type" : "Generalization"
        }, {
          "id" : "5nJULH6AUAgInAxA",
          "type" : "Generalization"
        } ]
      }, {
        "id" : "xD9ULH6AUAgInAx_",
        "name" : "",
        "description" : null,
        "type" : "GeneralizationSet",
        "propertyAssignments" : null,
        "isDisjoint" : true,
        "isComplete" : true,
        "categorizer" : null,
        "generalizations" : [ {
          "id" : "c0JULH6AUAgInAws",
          "type" : "Generalization"
        }, {
          "id" : "_eJULH6AUAgInAw2",
          "type" : "Generalization"
        } ]
      }, {
        "id" : "h3jULH6AUAgInAyH",
        "name" : "",
        "description" : null,
        "type" : "GeneralizationSet",
        "propertyAssignments" : null,
        "isDisjoint" : true,
        "isComplete" : true,
        "categorizer" : null,
        "generalizations" : [ {
          "id" : "5UZULH6AUAgInAxi",
          "type" : "Generalization"
        }, {
          "id" : "WVpULH6AUAgInAxU",
          "type" : "Generalization"
        } ]
      }, {
        "id" : "nUXELH6AUAgInArS",
        "name" : "study",
        "description" : null,
        "type" : "Relation",
        "propertyAssignments" : null,
        "stereotype" : null,
        "isAbstract" : false,
        "isDerived" : false,
        "properties" : [ {
          "id" : "A0XELH6AUAgInArU",
          "name" : null,
          "description" : null,
          "type" : "Property",
          "propertyAssignments" : null,
          "stereotype" : null,
          "isDerived" : false,
          "isReadOnly" : false,
          "isOrdered" : false,
          "cardinality" : "1..*",
          "propertyType" : {
            "id" : ".iYELH6AUAgInAmw",
            "type" : "Class"
          },
          "subsettedProperties" : null,
          "redefinedProperties" : null,
          "aggregationKind" : "NONE"
        }, {
          "id" : "I0XELH6AUAgInArX",
          "name" : null,
          "description" : null,
          "type" : "Property",
          "propertyAssignments" : null,
          "stereotype" : null,
          "isDerived" : false,
          "isReadOnly" : false,
          "isOrdered" : false,
          "cardinality" : "1..*",
          "propertyType" : {
            "id" : "a8aELH6AUAgInAod",
            "type" : "Class"
          },
          "subsettedProperties" : null,
          "redefinedProperties" : null,
          "aggregationKind" : "NONE"
        } ]
      }, {
        "id" : "KtgkLH6AUAgInAr4",
        "name" : "teaches",
        "description" : null,
        "type" : "Relation",
        "propertyAssignments" : null,
        "stereotype" : null,
        "isAbstract" : false,
        "isDerived" : false,
        "properties" : [ {
          "id" : "KtgkLH6AUAgInAr5",
          "name" : null,
          "description" : null,
          "type" : "Property",
          "propertyAssignments" : null,
          "stereotype" : null,
          "isDerived" : false,
          "isReadOnly" : false,
          "isOrdered" : false,
          "cardinality" : "1..*",
          "propertyType" : {
            "id" : "XLIELH6AUAgInAml",
            "type" : "Class"
          },
          "subsettedProperties" : null,
          "redefinedProperties" : null,
          "aggregationKind" : "NONE"
        }, {
          "id" : "KtgkLH6AUAgInAr7",
          "name" : null,
          "description" : null,
          "type" : "Property",
          "propertyAssignments" : null,
          "stereotype" : null,
          "isDerived" : false,
          "isReadOnly" : false,
          "isOrdered" : false,
          "cardinality" : "1..*",
          "propertyType" : {
            "id" : "a8aELH6AUAgInAod",
            "type" : "Class"
          },
          "subsettedProperties" : null,
          "redefinedProperties" : null,
          "aggregationKind" : "NONE"
        } ]
      }, {
        "id" : "u7P0LH6AUAgInA1W",
        "name" : "learns",
        "description" : null,
        "type" : "Relation",
        "propertyAssignments" : null,
        "stereotype" : null,
        "isAbstract" : false,
        "isDerived" : false,
        "properties" : [ {
          "id" : "u7P0LH6AUAgInA1X",
          "name" : null,
          "description" : null,
          "type" : "Property",
          "propertyAssignments" : null,
          "stereotype" : null,
          "isDerived" : false,
          "isReadOnly" : false,
          "isOrdered" : false,
          "cardinality" : "1..*",
          "propertyType" : {
            "id" : ".iYELH6AUAgInAmw",
            "type" : "Class"
          },
          "subsettedProperties" : null,
          "redefinedProperties" : null,
          "aggregationKind" : "NONE"
        }, {
          "id" : "u7P0LH6AUAgInA1Z",
          "name" : null,
          "description" : null,
          "type" : "Property",
          "propertyAssignments" : null,
          "stereotype" : null,
          "isDerived" : false,
          "isReadOnly" : false,
          "isOrdered" : false,
          "cardinality" : "1..10",
          "propertyType" : {
            "id" : "iUskLH6AUAgInAs5",
            "type" : "Class"
          },
          "subsettedProperties" : null,
          "redefinedProperties" : null,
          "aggregationKind" : "NONE"
        } ]
      }, {
        "id" : "eyv0LH6AUAgInA1g",
        "name" : "submits",
        "description" : null,
        "type" : "Relation",
        "propertyAssignments" : null,
        "stereotype" : null,
        "isAbstract" : false,
        "isDerived" : false,
        "properties" : [ {
          "id" : "eyv0LH6AUAgInA1h",
          "name" : null,
          "description" : null,
          "type" : "Property",
          "propertyAssignments" : null,
          "stereotype" : null,
          "isDerived" : false,
          "isReadOnly" : false,
          "isOrdered" : false,
          "cardinality" : "1..*",
          "propertyType" : {
            "id" : ".iYELH6AUAgInAmw",
            "type" : "Class"
          },
          "subsettedProperties" : null,
          "redefinedProperties" : null,
          "aggregationKind" : "NONE"
        }, {
          "id" : "eyv0LH6AUAgInA1j",
          "name" : null,
          "description" : null,
          "type" : "Property",
          "propertyAssignments" : null,
          "stereotype" : null,
          "isDerived" : false,
          "isReadOnly" : false,
          "isOrdered" : false,
          "cardinality" : "1",
          "propertyType" : {
            "id" : "n1ckLH6AUAgInAtE",
            "type" : "Class"
          },
          "subsettedProperties" : null,
          "redefinedProperties" : null,
          "aggregationKind" : "NONE"
        } ]
      }, {
        "id" : "odv0LH6AUAgInA1q",
        "name" : "takes attempt",
        "description" : null,
        "type" : "Relation",
        "propertyAssignments" : null,
        "stereotype" : null,
        "isAbstract" : false,
        "isDerived" : false,
        "properties" : [ {
          "id" : "odv0LH6AUAgInA1r",
          "name" : null,
          "description" : null,
          "type" : "Property",
          "propertyAssignments" : null,
          "stereotype" : null,
          "isDerived" : false,
          "isReadOnly" : false,
          "isOrdered" : false,
          "cardinality" : "1..*",
          "propertyType" : {
            "id" : ".iYELH6AUAgInAmw",
            "type" : "Class"
          },
          "subsettedProperties" : null,
          "redefinedProperties" : null,
          "aggregationKind" : "NONE"
        }, {
          "id" : "odv0LH6AUAgInA1t",
          "name" : null,
          "description" : null,
          "type" : "Property",
          "propertyAssignments" : null,
          "stereotype" : null,
          "isDerived" : false,
          "isReadOnly" : false,
          "isOrdered" : false,
          "cardinality" : "1",
          "propertyType" : {
            "id" : "k0CkLH6AUAgInAtP",
            "type" : "Class"
          },
          "subsettedProperties" : null,
          "redefinedProperties" : null,
          "aggregationKind" : "NONE"
        } ]
      }, {
        "id" : "ecf0LH6AUAgInA10",
        "name" : "goes to",
        "description" : null,
        "type" : "Relation",
        "propertyAssignments" : null,
        "stereotype" : null,
        "isAbstract" : false,
        "isDerived" : false,
        "properties" : [ {
          "id" : "ecf0LH6AUAgInA11",
          "name" : null,
          "description" : null,
          "type" : "Property",
          "propertyAssignments" : null,
          "stereotype" : null,
          "isDerived" : false,
          "isReadOnly" : false,
          "isOrdered" : false,
          "cardinality" : "1..*",
          "propertyType" : {
            "id" : ".iYELH6AUAgInAmw",
            "type" : "Class"
          },
          "subsettedProperties" : null,
          "redefinedProperties" : null,
          "aggregationKind" : "NONE"
        }, {
          "id" : "ecf0LH6AUAgInA13",
          "name" : null,
          "description" : null,
          "type" : "Property",
          "propertyAssignments" : null,
          "stereotype" : null,
          "isDerived" : false,
          "isReadOnly" : false,
          "isOrdered" : false,
          "cardinality" : "1..14",
          "propertyType" : {
            "id" : "W6ikLH6AUAgInAta",
            "type" : "Class"
          },
          "subsettedProperties" : null,
          "redefinedProperties" : null,
          "aggregationKind" : "NONE"
        } ]
      }, {
        "id" : "436aLH6AUAgInA40",
        "name" : null,
        "description" : null,
        "type" : "Relation",
        "propertyAssignments" : null,
        "stereotype" : null,
        "isAbstract" : false,
        "isDerived" : false,
        "properties" : [ {
          "id" : "436aLH6AUAgInA41",
          "name" : null,
          "description" : null,
          "type" : "Property",
          "propertyAssignments" : null,
          "stereotype" : null,
          "isDerived" : false,
          "isReadOnly" : false,
          "isOrdered" : false,
          "cardinality" : "*",
          "propertyType" : {
            "id" : "a8aELH6AUAgInAod",
            "type" : "Class"
          },
          "subsettedProperties" : null,
          "redefinedProperties" : null,
          "aggregationKind" : "SHARED"
        }, {
          "id" : "436aLH6AUAgInA43",
          "name" : null,
          "description" : null,
          "type" : "Property",
          "propertyAssignments" : null,
          "stereotype" : null,
          "isDerived" : false,
          "isReadOnly" : false,
          "isOrdered" : false,
          "cardinality" : "*",
          "propertyType" : {
            "id" : "iUskLH6AUAgInAs5",
            "type" : "Class"
          },
          "subsettedProperties" : null,
          "redefinedProperties" : null,
          "aggregationKind" : "NONE"
        } ]
      }, {
        "id" : "H0WaLH6AUAgInA5J",
        "name" : null,
        "description" : null,
        "type" : "Relation",
        "propertyAssignments" : null,
        "stereotype" : null,
        "isAbstract" : false,
        "isDerived" : false,
        "properties" : [ {
          "id" : "H0WaLH6AUAgInA5K",
          "name" : null,
          "description" : null,
          "type" : "Property",
          "propertyAssignments" : null,
          "stereotype" : null,
          "isDerived" : false,
          "isReadOnly" : false,
          "isOrdered" : false,
          "cardinality" : "*",
          "propertyType" : {
            "id" : "a8aELH6AUAgInAod",
            "type" : "Class"
          },
          "subsettedProperties" : null,
          "redefinedProperties" : null,
          "aggregationKind" : "SHARED"
        }, {
          "id" : "H0WaLH6AUAgInA5M",
          "name" : null,
          "description" : null,
          "type" : "Property",
          "propertyAssignments" : null,
          "stereotype" : null,
          "isDerived" : false,
          "isReadOnly" : false,
          "isOrdered" : false,
          "cardinality" : "*",
          "propertyType" : {
            "id" : "n1ckLH6AUAgInAtE",
            "type" : "Class"
          },
          "subsettedProperties" : null,
          "redefinedProperties" : null,
          "aggregationKind" : "NONE"
        } ]
      }, {
        "id" : "kB2aLH6AUAgInA5T",
        "name" : null,
        "description" : null,
        "type" : "Relation",
        "propertyAssignments" : null,
        "stereotype" : null,
        "isAbstract" : false,
        "isDerived" : false,
        "properties" : [ {
          "id" : "kB2aLH6AUAgInA5U",
          "name" : null,
          "description" : null,
          "type" : "Property",
          "propertyAssignments" : null,
          "stereotype" : null,
          "isDerived" : false,
          "isReadOnly" : false,
          "isOrdered" : false,
          "cardinality" : "*",
          "propertyType" : {
            "id" : "a8aELH6AUAgInAod",
            "type" : "Class"
          },
          "subsettedProperties" : null,
          "redefinedProperties" : null,
          "aggregationKind" : "SHARED"
        }, {
          "id" : "kB2aLH6AUAgInA5W",
          "name" : null,
          "description" : null,
          "type" : "Property",
          "propertyAssignments" : null,
          "stereotype" : null,
          "isDerived" : false,
          "isReadOnly" : false,
          "isOrdered" : false,
          "cardinality" : "*",
          "propertyType" : {
            "id" : "k0CkLH6AUAgInAtP",
            "type" : "Class"
          },
          "subsettedProperties" : null,
          "redefinedProperties" : null,
          "aggregationKind" : "NONE"
        } ]
      }, {
        "id" : "5yOaLH6AUAgInA5d",
        "name" : null,
        "description" : null,
        "type" : "Relation",
        "propertyAssignments" : null,
        "stereotype" : null,
        "isAbstract" : false,
        "isDerived" : false,
        "properties" : [ {
          "id" : "5yOaLH6AUAgInA5e",
          "name" : null,
          "description" : null,
          "type" : "Property",
          "propertyAssignments" : null,
          "stereotype" : null,
          "isDerived" : false,
          "isReadOnly" : false,
          "isOrdered" : false,
          "cardinality" : "*",
          "propertyType" : {
            "id" : "a8aELH6AUAgInAod",
            "type" : "Class"
          },
          "subsettedProperties" : null,
          "redefinedProperties" : null,
          "aggregationKind" : "SHARED"
        }, {
          "id" : "5yOaLH6AUAgInA5g",
          "name" : null,
          "description" : null,
          "type" : "Property",
          "propertyAssignments" : null,
          "stereotype" : null,
          "isDerived" : false,
          "isReadOnly" : false,
          "isOrdered" : false,
          "cardinality" : "*",
          "propertyType" : {
            "id" : "W6ikLH6AUAgInAta",
            "type" : "Class"
          },
          "subsettedProperties" : null,
          "redefinedProperties" : null,
          "aggregationKind" : "NONE"
        } ]
      }, {
        "id" : "CXk6LH6AUAgInA6P",
        "name" : "evaluates",
        "description" : null,
        "type" : "Relation",
        "propertyAssignments" : null,
        "stereotype" : null,
        "isAbstract" : false,
        "isDerived" : false,
        "properties" : [ {
          "id" : "CXk6LH6AUAgInA6Q",
          "name" : null,
          "description" : null,
          "type" : "Property",
          "propertyAssignments" : null,
          "stereotype" : null,
          "isDerived" : false,
          "isReadOnly" : false,
          "isOrdered" : false,
          "cardinality" : "1",
          "propertyType" : {
            "id" : "XLIELH6AUAgInAml",
            "type" : "Class"
          },
          "subsettedProperties" : null,
          "redefinedProperties" : null,
          "aggregationKind" : "NONE"
        }, {
          "id" : "CXk6LH6AUAgInA6S",
          "name" : "",
          "description" : null,
          "type" : "Property",
          "propertyAssignments" : null,
          "stereotype" : null,
          "isDerived" : false,
          "isReadOnly" : false,
          "isOrdered" : false,
          "cardinality" : "1..*",
          "propertyType" : {
            "id" : "n1ckLH6AUAgInAtE",
            "type" : "Class"
          },
          "subsettedProperties" : null,
          "redefinedProperties" : null,
          "aggregationKind" : "NONE"
        } ]
      }, {
        "id" : "bTM6LH6AUAgInA6Z",
        "name" : "evaluates",
        "description" : null,
        "type" : "Relation",
        "propertyAssignments" : null,
        "stereotype" : null,
        "isAbstract" : false,
        "isDerived" : false,
        "properties" : [ {
          "id" : "bTM6LH6AUAgInA6a",
          "name" : null,
          "description" : null,
          "type" : "Property",
          "propertyAssignments" : null,
          "stereotype" : null,
          "isDerived" : false,
          "isReadOnly" : false,
          "isOrdered" : false,
          "cardinality" : "1",
          "propertyType" : {
            "id" : "XLIELH6AUAgInAml",
            "type" : "Class"
          },
          "subsettedProperties" : null,
          "redefinedProperties" : null,
          "aggregationKind" : "NONE"
        }, {
          "id" : "bTM6LH6AUAgInA6c",
          "name" : null,
          "description" : null,
          "type" : "Property",
          "propertyAssignments" : null,
          "stereotype" : null,
          "isDerived" : false,
          "isReadOnly" : false,
          "isOrdered" : false,
          "cardinality" : "1..*",
          "propertyType" : {
            "id" : "k0CkLH6AUAgInAtP",
            "type" : "Class"
          },
          "subsettedProperties" : null,
          "redefinedProperties" : null,
          "aggregationKind" : "NONE"
        } ]
      }, {
        "id" : "ixc6LH6AUAgInA6j",
        "name" : "evaluates",
        "description" : null,
        "type" : "Relation",
        "propertyAssignments" : null,
        "stereotype" : null,
        "isAbstract" : false,
        "isDerived" : false,
        "properties" : [ {
          "id" : "ixc6LH6AUAgInA6k",
          "name" : null,
          "description" : null,
          "type" : "Property",
          "propertyAssignments" : null,
          "stereotype" : null,
          "isDerived" : false,
          "isReadOnly" : false,
          "isOrdered" : false,
          "cardinality" : "1",
          "propertyType" : {
            "id" : "XLIELH6AUAgInAml",
            "type" : "Class"
          },
          "subsettedProperties" : null,
          "redefinedProperties" : null,
          "aggregationKind" : "NONE"
        }, {
          "id" : "ixc6LH6AUAgInA6m",
          "name" : null,
          "description" : null,
          "type" : "Property",
          "propertyAssignments" : null,
          "stereotype" : null,
          "isDerived" : false,
          "isReadOnly" : false,
          "isOrdered" : false,
          "cardinality" : "1..*",
          "propertyType" : {
            "id" : "W6ikLH6AUAgInAta",
            "type" : "Class"
          },
          "subsettedProperties" : null,
          "redefinedProperties" : null,
          "aggregationKind" : "NONE"
        } ]
      } ]
    } ]
  },
  "diagrams" : [ {
    "id" : "UIQELH6AUAgInAmD",
    "name" : "Students' Activities",
    "description" : null,
    "type" : "Diagram",
    "owner" : {
      "id" : "Wy_4LH6AUAgInAl7",
      "type" : "Package"
    },
    "contents" : [ {
      "id" : "3L1ULH6AUAgInAxx",
      "type" : "GeneralizationSetView",
      "modelElement" : {
        "id" : "VL1ULH6AUAgInAxv",
        "type" : "GeneralizationSet"
      },
      "shape" : {
        "id" : "3L1ULH6AUAgInAxx_shape",
        "type" : "Text",
        "x" : 161,
        "y" : 474,
        "width" : 65,
        "height" : 45,
        "value" : ""
      }
    }, {
      "id" : "iNtULH6AUAgInAx5",
      "type" : "GeneralizationSetView",
      "modelElement" : {
        "id" : "QNtULH6AUAgInAx3",
        "type" : "GeneralizationSet"
      },
      "shape" : {
        "id" : "iNtULH6AUAgInAx5_shape",
        "type" : "Text",
        "x" : 363,
        "y" : 579,
        "width" : 65,
        "height" : 45,
        "value" : ""
      }
    }, {
      "id" : "BtgkLH6AUAgInAr9",
      "type" : "RelationView",
      "modelElement" : {
        "id" : "KtgkLH6AUAgInAr4",
        "type" : "Relation"
      },
      "shape" : {
        "id" : "BtgkLH6AUAgInAr9_path",
        "type" : "Path",
        "points" : [ {
          "x" : 192,
          "y" : 205
        }, {
          "x" : 192,
          "y" : 44
        }, {
          "x" : 451,
          "y" : 44
        }, {
          "x" : 451,
          "y" : 206
        }, {
          "x" : 671,
          "y" : 206
        } ]
      },
      "source" : {
        "id" : "nLIELH6AUAgInAmk",
        "type" : "ClassView"
      },
      "target" : {
        "id" : "a8aELH6AUAgInAoc",
        "type" : "ClassView"
      }
    }, {
      "id" : "gm1ELH6AUAgInAqb",
      "type" : "GeneralizationSetView",
      "modelElement" : {
        "id" : "jG1ELH6AUAgInAqZ",
        "type" : "GeneralizationSet"
      },
      "shape" : {
        "id" : "gm1ELH6AUAgInAqb_shape",
        "type" : "Text",
        "x" : 763,
        "y" : 169,
        "width" : 65,
        "height" : 45,
        "value" : ""
      }
    }, {
      "id" : ".iYELH6AUAgInAmv",
      "type" : "ClassView",
      "modelElement" : {
        "id" : ".iYELH6AUAgInAmw",
        "type" : "Class"
      },
      "shape" : {
        "id" : ".iYELH6AUAgInAmv_shape",
        "type" : "Rectangle",
        "x" : 341,
        "y" : 206,
        "width" : 80,
        "height" : 40
      }
    }, {
      "id" : "H3GULH6AUAgInAu_",
      "type" : "ClassView",
      "modelElement" : {
        "id" : "H3GULH6AUAgInAvA",
        "type" : "Class"
      },
      "shape" : {
        "id" : "H3GULH6AUAgInAu__shape",
        "type" : "Rectangle",
        "x" : 647,
        "y" : 535,
        "width" : 80,
        "height" : 40
      }
    }, {
      "id" : "bCUELH6AUAgInAnF",
      "type" : "ClassView",
      "modelElement" : {
        "id" : "7CUELH6AUAgInAnG",
        "type" : "Class"
      },
      "shape" : {
        "id" : "bCUELH6AUAgInAnF_shape",
        "type" : "Rectangle",
        "x" : 669,
        "y" : 98,
        "width" : 83,
        "height" : 40
      }
    }, {
      "id" : "3qWELH6AUAgInAo5",
      "type" : "GeneralizationView",
      "modelElement" : {
        "id" : "dqWELH6AUAgInAo4",
        "type" : "Generalization"
      },
      "shape" : {
        "id" : "3qWELH6AUAgInAo5_path",
        "type" : "Path",
        "points" : [ {
          "x" : 301,
          "y" : 139
        }, {
          "x" : 301,
          "y" : 180
        }, {
          "x" : 219,
          "y" : 180
        }, {
          "x" : 219,
          "y" : 205
        } ]
      },
      "source" : {
        "id" : "IXwELH6AUAgInAmZ",
        "type" : "ClassView"
      },
      "target" : {
        "id" : "nLIELH6AUAgInAmk",
        "type" : "ClassView"
      }
    }, {
      "id" : "j3jULH6AUAgInAyJ",
      "type" : "GeneralizationSetView",
      "modelElement" : {
        "id" : "h3jULH6AUAgInAyH",
        "type" : "GeneralizationSet"
      },
      "shape" : {
        "id" : "j3jULH6AUAgInAyJ_shape",
        "type" : "Text",
        "x" : 829,
        "y" : 581,
        "width" : 65,
        "height" : 45,
        "value" : ""
      }
    }, {
      "id" : "AeqULH6AUAgInAue",
      "type" : "ClassView",
      "modelElement" : {
        "id" : "geqULH6AUAgInAuf",
        "type" : "Class"
      },
      "shape" : {
        "id" : "AeqULH6AUAgInAue_shape",
        "type" : "Rectangle",
        "x" : 322,
        "y" : 641,
        "width" : 80,
        "height" : 40
      }
    }, {
      "id" : "tyOaLH6AUAgInA5i",
      "type" : "RelationView",
      "modelElement" : {
        "id" : "5yOaLH6AUAgInA5d",
        "type" : "Relation"
      },
      "shape" : {
        "id" : "tyOaLH6AUAgInA5i_path",
        "type" : "Path",
        "points" : [ {
          "x" : 712,
          "y" : 247
        }, {
          "x" : 712,
          "y" : 351
        }, {
          "x" : 814,
          "y" : 351
        }, {
          "x" : 814,
          "y" : 387
        } ]
      },
      "source" : {
        "id" : "a8aELH6AUAgInAoc",
        "type" : "ClassView"
      },
      "target" : {
        "id" : "W6ikLH6AUAgInAtZ",
        "type" : "ClassView"
      }
    }, {
      "id" : "RVpULH6AUAgInAxV",
      "type" : "GeneralizationView",
      "modelElement" : {
        "id" : "WVpULH6AUAgInAxU",
        "type" : "Generalization"
      },
      "shape" : {
        "id" : "RVpULH6AUAgInAxV_path",
        "type" : "Path",
        "points" : [ {
          "x" : 814,
          "y" : 429
        }, {
          "x" : 814,
          "y" : 616
        }, {
          "x" : 742,
          "y" : 641
        }, {
          "x" : 742,
          "y" : 641
        } ]
      },
      "source" : {
        "id" : "W6ikLH6AUAgInAtZ",
        "type" : "ClassView"
      },
      "target" : {
        "id" : "C_mULH6AUAgInAvK",
        "type" : "ClassView"
      }
    }, {
      "id" : "n1ckLH6AUAgInAtD",
      "type" : "ClassView",
      "modelElement" : {
        "id" : "n1ckLH6AUAgInAtE",
        "type" : "Class"
      },
      "shape" : {
        "id" : "n1ckLH6AUAgInAtD_shape",
        "type" : "Rectangle",
        "x" : 385,
        "y" : 388,
        "width" : 80,
        "height" : 40
      }
    }, {
      "id" : "uxc6LH6AUAgInA6o",
      "type" : "RelationView",
      "modelElement" : {
        "id" : "ixc6LH6AUAgInA6j",
        "type" : "Relation"
      },
      "shape" : {
        "id" : "uxc6LH6AUAgInA6o_path",
        "type" : "Path",
        "points" : [ {
          "x" : 231,
          "y" : 246
        }, {
          "x" : 309,
          "y" : 472
        }, {
          "x" : 753,
          "y" : 472
        }, {
          "x" : 774,
          "y" : 429
        } ]
      },
      "source" : {
        "id" : "nLIELH6AUAgInAmk",
        "type" : "ClassView"
      },
      "target" : {
        "id" : "W6ikLH6AUAgInAtZ",
        "type" : "ClassView"
      }
    }, {
      "id" : "yjiULH6AUAgInAuD",
      "type" : "ClassView",
      "modelElement" : {
        "id" : "KjiULH6AUAgInAuE",
        "type" : "Class"
      },
      "shape" : {
        "id" : "yjiULH6AUAgInAuD_shape",
        "type" : "Rectangle",
        "x" : 138,
        "y" : 535,
        "width" : 80,
        "height" : 40
      }
    }, {
      "id" : "EK2ELH6AUAgInApN",
      "type" : "GeneralizationView",
      "modelElement" : {
        "id" : "oK2ELH6AUAgInApM",
        "type" : "Generalization"
      },
      "shape" : {
        "id" : "EK2ELH6AUAgInApN_path",
        "type" : "Path",
        "points" : [ {
          "x" : 712,
          "y" : 205
        }, {
          "x" : 712,
          "y" : 173
        }, {
          "x" : 592,
          "y" : 173
        }, {
          "x" : 592,
          "y" : 139
        } ]
      },
      "source" : {
        "id" : "a8aELH6AUAgInAoc",
        "type" : "ClassView"
      },
      "target" : {
        "id" : "a.4ELH6AUAgInAm6",
        "type" : "ClassView"
      }
    }, {
      "id" : "n12ELH6AUAgInApc",
      "type" : "GeneralizationView",
      "modelElement" : {
        "id" : "r12ELH6AUAgInApb",
        "type" : "Generalization"
      },
      "shape" : {
        "id" : "n12ELH6AUAgInApc_path",
        "type" : "Path",
        "points" : [ {
          "x" : 712,
          "y" : 205
        }, {
          "x" : 712,
          "y" : 139
        } ]
      },
      "source" : {
        "id" : "a8aELH6AUAgInAoc",
        "type" : "ClassView"
      },
      "target" : {
        "id" : "bCUELH6AUAgInAnF",
        "type" : "ClassView"
      }
    }, {
      "id" : "ELxULH6AUAgInAwj",
      "type" : "GeneralizationView",
      "modelElement" : {
        "id" : "fzxULH6AUAgInAwi",
        "type" : "Generalization"
      },
      "shape" : {
        "id" : "ELxULH6AUAgInAwj_path",
        "type" : "Path",
        "points" : [ {
          "x" : 241,
          "y" : 429
        }, {
          "x" : 241,
          "y" : 507
        }, {
          "x" : 301,
          "y" : 535
        } ]
      },
      "source" : {
        "id" : "iUskLH6AUAgInAs4",
        "type" : "ClassView"
      },
      "target" : {
        "id" : "CHSULH6AUAgInAuO",
        "type" : "ClassView"
      }
    }, {
      "id" : "uipULH6AUAgInAxL",
      "type" : "GeneralizationView",
      "modelElement" : {
        "id" : "qipULH6AUAgInAxK",
        "type" : "Generalization"
      },
      "shape" : {
        "id" : "uipULH6AUAgInAxL_path",
        "type" : "Path",
        "points" : [ {
          "x" : 425,
          "y" : 429
        }, {
          "x" : 425,
          "y" : 616
        }, {
          "x" : 487,
          "y" : 641
        } ]
      },
      "source" : {
        "id" : "n1ckLH6AUAgInAtD",
        "type" : "ClassView"
      },
      "target" : {
        "id" : "FeaULH6AUAgInAup",
        "type" : "ClassView"
      }
    }, {
      "id" : "nLIELH6AUAgInAmk",
      "type" : "ClassView",
      "modelElement" : {
        "id" : "XLIELH6AUAgInAml",
        "type" : "Class"
      },
      "shape" : {
        "id" : "nLIELH6AUAgInAmk_shape",
        "type" : "Rectangle",
        "x" : 181,
        "y" : 206,
        "width" : 80,
        "height" : 40
      }
    }, {
      "id" : "lyv0LH6AUAgInA1l",
      "type" : "RelationView",
      "modelElement" : {
        "id" : "eyv0LH6AUAgInA1g",
        "type" : "Relation"
      },
      "shape" : {
        "id" : "lyv0LH6AUAgInA1l_path",
        "type" : "Path",
        "points" : [ {
          "x" : 373,
          "y" : 247
        }, {
          "x" : 373,
          "y" : 331
        }, {
          "x" : 385,
          "y" : 387
        } ]
      },
      "source" : {
        "id" : ".iYELH6AUAgInAmv",
        "type" : "ClassView"
      },
      "target" : {
        "id" : "n1ckLH6AUAgInAtD",
        "type" : "ClassView"
      }
    }, {
      "id" : "iUskLH6AUAgInAs4",
      "type" : "ClassView",
      "modelElement" : {
        "id" : "iUskLH6AUAgInAs5",
        "type" : "Class"
      },
      "shape" : {
        "id" : "iUskLH6AUAgInAs4_shape",
        "type" : "Rectangle",
        "x" : 201,
        "y" : 388,
        "width" : 80,
        "height" : 40
      }
    }, {
      "id" : "IMWaLH6AUAgInA5O",
      "type" : "RelationView",
      "modelElement" : {
        "id" : "H0WaLH6AUAgInA5J",
        "type" : "Relation"
      },
      "shape" : {
        "id" : "IMWaLH6AUAgInA5O_path",
        "type" : "Path",
        "points" : [ {
          "x" : 712,
          "y" : 247
        }, {
          "x" : 712,
          "y" : 351
        }, {
          "x" : 425,
          "y" : 351
        }, {
          "x" : 425,
          "y" : 387
        } ]
      },
      "source" : {
        "id" : "a8aELH6AUAgInAoc",
        "type" : "ClassView"
      },
      "target" : {
        "id" : "n1ckLH6AUAgInAtD",
        "type" : "ClassView"
      }
    }, {
      "id" : "jD9ULH6AUAgInAyB",
      "type" : "GeneralizationSetView",
      "modelElement" : {
        "id" : "xD9ULH6AUAgInAx_",
        "type" : "GeneralizationSet"
      },
      "shape" : {
        "id" : "jD9ULH6AUAgInAyB_shape",
        "type" : "Text",
        "x" : 517,
        "y" : 493,
        "width" : 65,
        "height" : 45,
        "value" : ""
      }
    }, {
      "id" : "W6ikLH6AUAgInAtZ",
      "type" : "ClassView",
      "modelElement" : {
        "id" : "W6ikLH6AUAgInAta",
        "type" : "Class"
      },
      "shape" : {
        "id" : "W6ikLH6AUAgInAtZ_shape",
        "type" : "Rectangle",
        "x" : 774,
        "y" : 388,
        "width" : 80,
        "height" : 40
      }
    }, {
      "id" : "8dv0LH6AUAgInA1v",
      "type" : "RelationView",
      "modelElement" : {
        "id" : "odv0LH6AUAgInA1q",
        "type" : "Relation"
      },
      "shape" : {
        "id" : "8dv0LH6AUAgInA1v_path",
        "type" : "Path",
        "points" : [ {
          "x" : 398,
          "y" : 247
        }, {
          "x" : 398,
          "y" : 308
        }, {
          "x" : 592,
          "y" : 331
        }, {
          "x" : 592,
          "y" : 387
        } ]
      },
      "source" : {
        "id" : ".iYELH6AUAgInAmv",
        "type" : "ClassView"
      },
      "target" : {
        "id" : "E0CkLH6AUAgInAtO",
        "type" : "ClassView"
      }
    }, {
      "id" : "OXk6LH6AUAgInA6U",
      "type" : "RelationView",
      "modelElement" : {
        "id" : "CXk6LH6AUAgInA6P",
        "type" : "Relation"
      },
      "shape" : {
        "id" : "OXk6LH6AUAgInA6U_path",
        "type" : "Path",
        "points" : [ {
          "x" : 261,
          "y" : 247
        }, {
          "x" : 333,
          "y" : 401
        }, {
          "x" : 384,
          "y" : 401
        } ]
      },
      "source" : {
        "id" : "nLIELH6AUAgInAmk",
        "type" : "ClassView"
      },
      "target" : {
        "id" : "n1ckLH6AUAgInAtD",
        "type" : "ClassView"
      }
    }, {
      "id" : "SjWULH6AUAgInAvV",
      "type" : "ClassView",
      "modelElement" : {
        "id" : "SjWULH6AUAgInAvW",
        "type" : "Class"
      },
      "shape" : {
        "id" : "SjWULH6AUAgInAvV_shape",
        "type" : "Rectangle",
        "x" : 829,
        "y" : 641,
        "width" : 84,
        "height" : 40
      }
    }, {
      "id" : "C_mULH6AUAgInAvK",
      "type" : "ClassView",
      "modelElement" : {
        "id" : "C_mULH6AUAgInAvL",
        "type" : "Class"
      },
      "shape" : {
        "id" : "C_mULH6AUAgInAvK_shape",
        "type" : "Rectangle",
        "x" : 715,
        "y" : 641,
        "width" : 80,
        "height" : 40
      }
    }, {
      "id" : "jUZULH6AUAgInAxj",
      "type" : "GeneralizationView",
      "modelElement" : {
        "id" : "5UZULH6AUAgInAxi",
        "type" : "Generalization"
      },
      "shape" : {
        "id" : "jUZULH6AUAgInAxj_path",
        "type" : "Path",
        "points" : [ {
          "x" : 814,
          "y" : 429
        }, {
          "x" : 814,
          "y" : 616
        }, {
          "x" : 871,
          "y" : 641
        } ]
      },
      "source" : {
        "id" : "W6ikLH6AUAgInAtZ",
        "type" : "ClassView"
      },
      "target" : {
        "id" : "SjWULH6AUAgInAvV",
        "type" : "ClassView"
      }
    }, {
      "id" : "CHSULH6AUAgInAuO",
      "type" : "ClassView",
      "modelElement" : {
        "id" : "CHSULH6AUAgInAuP",
        "type" : "Class"
      },
      "shape" : {
        "id" : "CHSULH6AUAgInAuO_shape",
        "type" : "Rectangle",
        "x" : 260,
        "y" : 535,
        "width" : 84,
        "height" : 40
      }
    }, {
      "id" : "kDWELH6AUAgInApD",
      "type" : "GeneralizationView",
      "modelElement" : {
        "id" : "oDWELH6AUAgInApC",
        "type" : "Generalization"
      },
      "shape" : {
        "id" : "kDWELH6AUAgInApD_path",
        "type" : "Path",
        "points" : [ {
          "x" : 301,
          "y" : 139
        }, {
          "x" : 301,
          "y" : 180
        }, {
          "x" : 381,
          "y" : 180
        }, {
          "x" : 381,
          "y" : 205
        } ]
      },
      "source" : {
        "id" : "IXwELH6AUAgInAmZ",
        "type" : "ClassView"
      },
      "target" : {
        "id" : ".iYELH6AUAgInAmv",
        "type" : "ClassView"
      }
    }, {
      "id" : "5cf0LH6AUAgInA15",
      "type" : "RelationView",
      "modelElement" : {
        "id" : "ecf0LH6AUAgInA10",
        "type" : "Relation"
      },
      "shape" : {
        "id" : "5cf0LH6AUAgInA15_path",
        "type" : "Path",
        "points" : [ {
          "x" : 422,
          "y" : 246
        }, {
          "x" : 626,
          "y" : 297
        }, {
          "x" : 786,
          "y" : 317
        }, {
          "x" : 786,
          "y" : 387
        } ]
      },
      "source" : {
        "id" : ".iYELH6AUAgInAmv",
        "type" : "ClassView"
      },
      "target" : {
        "id" : "W6ikLH6AUAgInAtZ",
        "type" : "ClassView"
      }
    }, {
      "id" : "AzM6LH6AUAgInA6e",
      "type" : "RelationView",
      "modelElement" : {
        "id" : "bTM6LH6AUAgInA6Z",
        "type" : "Relation"
      },
      "shape" : {
        "id" : "AzM6LH6AUAgInA6e_path",
        "type" : "Path",
        "points" : [ {
          "x" : 248,
          "y" : 247
        }, {
          "x" : 248,
          "y" : 246
        }, {
          "x" : 333,
          "y" : 454
        }, {
          "x" : 543,
          "y" : 454
        }, {
          "x" : 585,
          "y" : 429
        } ]
      },
      "source" : {
        "id" : "nLIELH6AUAgInAmk",
        "type" : "ClassView"
      },
      "target" : {
        "id" : "E0CkLH6AUAgInAtO",
        "type" : "ClassView"
      }
    }, {
      "id" : "hIOELH6AUAgInApm",
      "type" : "GeneralizationView",
      "modelElement" : {
        "id" : "uIOELH6AUAgInApl",
        "type" : "Generalization"
      },
      "shape" : {
        "id" : "hIOELH6AUAgInApm_path",
        "type" : "Path",
        "points" : [ {
          "x" : 712,
          "y" : 205
        }, {
          "x" : 712,
          "y" : 173
        }, {
          "x" : 838,
          "y" : 173
        }, {
          "x" : 838,
          "y" : 139
        } ]
      },
      "source" : {
        "id" : "a8aELH6AUAgInAoc",
        "type" : "ClassView"
      },
      "target" : {
        "id" : "bW0ELH6AUAgInAnQ",
        "type" : "ClassView"
      }
    }, {
      "id" : "a.4ELH6AUAgInAm6",
      "type" : "ClassView",
      "modelElement" : {
        "id" : "a.4ELH6AUAgInAm7",
        "type" : "Class"
      },
      "shape" : {
        "id" : "a.4ELH6AUAgInAm6_shape",
        "type" : "Rectangle",
        "x" : 548,
        "y" : 98,
        "width" : 88,
        "height" : 40
      }
    }, {
      "id" : "OYGULH6AUAgInAu0",
      "type" : "ClassView",
      "modelElement" : {
        "id" : "OYGULH6AUAgInAu1",
        "type" : "Class"
      },
      "shape" : {
        "id" : "OYGULH6AUAgInAu0_shape",
        "type" : "Rectangle",
        "x" : 526,
        "y" : 535,
        "width" : 80,
        "height" : 40
      }
    }, {
      "id" : "kB2aLH6AUAgInA5Y",
      "type" : "RelationView",
      "modelElement" : {
        "id" : "kB2aLH6AUAgInA5T",
        "type" : "Relation"
      },
      "shape" : {
        "id" : "kB2aLH6AUAgInA5Y_path",
        "type" : "Path",
        "points" : [ {
          "x" : 712,
          "y" : 247
        }, {
          "x" : 712,
          "y" : 351
        }, {
          "x" : 626,
          "y" : 351
        }, {
          "x" : 626,
          "y" : 387
        } ]
      },
      "source" : {
        "id" : "a8aELH6AUAgInAoc",
        "type" : "ClassView"
      },
      "target" : {
        "id" : "E0CkLH6AUAgInAtO",
        "type" : "ClassView"
      }
    }, {
      "id" : "DnJULH6AUAgInAxB",
      "type" : "GeneralizationView",
      "modelElement" : {
        "id" : "5nJULH6AUAgInAxA",
        "type" : "Generalization"
      },
      "shape" : {
        "id" : "DnJULH6AUAgInAxB_path",
        "type" : "Path",
        "points" : [ {
          "x" : 425,
          "y" : 429
        }, {
          "x" : 425,
          "y" : 616
        }, {
          "x" : 355,
          "y" : 641
        }, {
          "x" : 362,
          "y" : 641
        } ]
      },
      "source" : {
        "id" : "n1ckLH6AUAgInAtD",
        "type" : "ClassView"
      },
      "target" : {
        "id" : "AeqULH6AUAgInAue",
        "type" : "ClassView"
      }
    }, {
      "id" : "K0XELH6AUAgInArZ",
      "type" : "RelationView",
      "modelElement" : {
        "id" : "nUXELH6AUAgInArS",
        "type" : "Relation"
      },
      "shape" : {
        "id" : "K0XELH6AUAgInArZ_path",
        "type" : "Path",
        "points" : [ {
          "x" : 422,
          "y" : 235
        }, {
          "x" : 671,
          "y" : 235
        } ]
      },
      "source" : {
        "id" : ".iYELH6AUAgInAmv",
        "type" : "ClassView"
      },
      "target" : {
        "id" : "a8aELH6AUAgInAoc",
        "type" : "ClassView"
      }
    }, {
      "id" : "C36aLH6AUAgInA45",
      "type" : "RelationView",
      "modelElement" : {
        "id" : "436aLH6AUAgInA40",
        "type" : "Relation"
      },
      "shape" : {
        "id" : "C36aLH6AUAgInA45_path",
        "type" : "Path",
        "points" : [ {
          "x" : 712,
          "y" : 247
        }, {
          "x" : 712,
          "y" : 351
        }, {
          "x" : 258,
          "y" : 351
        }, {
          "x" : 258,
          "y" : 387
        } ]
      },
      "source" : {
        "id" : "a8aELH6AUAgInAoc",
        "type" : "ClassView"
      },
      "target" : {
        "id" : "iUskLH6AUAgInAs4",
        "type" : "ClassView"
      }
    }, {
      "id" : "bW0ELH6AUAgInAnQ",
      "type" : "ClassView",
      "modelElement" : {
        "id" : "7W0ELH6AUAgInAnR",
        "type" : "Class"
      },
      "shape" : {
        "id" : "bW0ELH6AUAgInAnQ_shape",
        "type" : "Rectangle",
        "x" : 785,
        "y" : 98,
        "width" : 106,
        "height" : 40
      }
    }, {
      "id" : "G0JULH6AUAgInAwt",
      "type" : "GeneralizationView",
      "modelElement" : {
        "id" : "c0JULH6AUAgInAws",
        "type" : "Generalization"
      },
      "shape" : {
        "id" : "G0JULH6AUAgInAwt_path",
        "type" : "Path",
        "points" : [ {
          "x" : 626,
          "y" : 429
        }, {
          "x" : 626,
          "y" : 507
        }, {
          "x" : 559,
          "y" : 535
        } ]
      },
      "source" : {
        "id" : "E0CkLH6AUAgInAtO",
        "type" : "ClassView"
      },
      "target" : {
        "id" : "OYGULH6AUAgInAu0",
        "type" : "ClassView"
      }
    }, {
      "id" : "IXwELH6AUAgInAmZ",
      "type" : "ClassView",
      "modelElement" : {
        "id" : "kXwELH6AUAgInAma",
        "type" : "Class"
      },
      "shape" : {
        "id" : "IXwELH6AUAgInAmZ_shape",
        "type" : "Rectangle",
        "x" : 261,
        "y" : 98,
        "width" : 80,
        "height" : 40
      }
    }, {
      "id" : "E.JULH6AUAgInAw3",
      "type" : "GeneralizationView",
      "modelElement" : {
        "id" : "_eJULH6AUAgInAw2",
        "type" : "Generalization"
      },
      "shape" : {
        "id" : "E.JULH6AUAgInAw3_path",
        "type" : "Path",
        "points" : [ {
          "x" : 626,
          "y" : 429
        }, {
          "x" : 626,
          "y" : 507
        }, {
          "x" : 695,
          "y" : 535
        } ]
      },
      "source" : {
        "id" : "E0CkLH6AUAgInAtO",
        "type" : "ClassView"
      },
      "target" : {
        "id" : "H3GULH6AUAgInAu_",
        "type" : "ClassView"
      }
    }, {
      "id" : "V7P0LH6AUAgInA1b",
      "type" : "RelationView",
      "modelElement" : {
        "id" : "u7P0LH6AUAgInA1W",
        "type" : "Relation"
      },
      "shape" : {
        "id" : "V7P0LH6AUAgInA1b_path",
        "type" : "Path",
        "points" : [ {
          "x" : 340,
          "y" : 246
        }, {
          "x" : 219,
          "y" : 291
        }, {
          "x" : 219,
          "y" : 387
        } ]
      },
      "source" : {
        "id" : ".iYELH6AUAgInAmv",
        "type" : "ClassView"
      },
      "target" : {
        "id" : "iUskLH6AUAgInAs4",
        "type" : "ClassView"
      }
    }, {
      "id" : "jexULH6AUAgInAwZ",
      "type" : "GeneralizationView",
      "modelElement" : {
        "id" : "5exULH6AUAgInAwY",
        "type" : "Generalization"
      },
      "shape" : {
        "id" : "jexULH6AUAgInAwZ_path",
        "type" : "Path",
        "points" : [ {
          "x" : 241,
          "y" : 429
        }, {
          "x" : 241,
          "y" : 507
        }, {
          "x" : 178,
          "y" : 535
        } ]
      },
      "source" : {
        "id" : "iUskLH6AUAgInAs4",
        "type" : "ClassView"
      },
      "target" : {
        "id" : "yjiULH6AUAgInAuD",
        "type" : "ClassView"
      }
    }, {
      "id" : "JveELH6AUAgInApx",
      "type" : "GeneralizationSetView",
      "modelElement" : {
        "id" : "KveELH6AUAgInApv",
        "type" : "GeneralizationSet"
      },
      "shape" : {
        "id" : "JveELH6AUAgInApx_shape",
        "type" : "Text",
        "x" : 313,
        "y" : 137,
        "width" : 73,
        "height" : 45,
        "value" : ""
      }
    }, {
      "id" : "a8aELH6AUAgInAoc",
      "type" : "ClassView",
      "modelElement" : {
        "id" : "a8aELH6AUAgInAod",
        "type" : "Class"
      },
      "shape" : {
        "id" : "a8aELH6AUAgInAoc_shape",
        "type" : "Rectangle",
        "x" : 672,
        "y" : 206,
        "width" : 80,
        "height" : 40
      }
    }, {
      "id" : "FeaULH6AUAgInAup",
      "type" : "ClassView",
      "modelElement" : {
        "id" : "leaULH6AUAgInAuq",
        "type" : "Class"
      },
      "shape" : {
        "id" : "FeaULH6AUAgInAup_shape",
        "type" : "Rectangle",
        "x" : 447,
        "y" : 641,
        "width" : 81,
        "height" : 40
      }
    }, {
      "id" : "E0CkLH6AUAgInAtO",
      "type" : "ClassView",
      "modelElement" : {
        "id" : "k0CkLH6AUAgInAtP",
        "type" : "Class"
      },
      "shape" : {
        "id" : "E0CkLH6AUAgInAtO_shape",
        "type" : "Rectangle",
        "x" : 586,
        "y" : 388,
        "width" : 80,
        "height" : 40
      }
    } ]
  } ]
}