{
  "id" : "8gfGnb6EEWSczQWe",
  "name" : "The Construction Model",
  "description" : null,
  "type" : "Project",
  "model" : {
    "id" : "8gfGnb6EEWSczQWe_root",
    "name" : "The Construction Model",
    "description" : null,
    "type" : "Package",
    "propertyAssignments" : null,
    "contents" : [ {
      "id" : "ctkmnb6EEWSczQmM",
      "name" : "Agent",
      "description" : null,
      "type" : "Class",
      "propertyAssignments" : null,
      "stereotype" : "kind",
      "isAbstract" : false,
      "isDerived" : false,
      "properties" : null,
      "isExtensional" : null,
      "isPowertype" : null,
      "order" : null,
      "literals" : null,
      "restrictedTo" : [ "functional-complex" ]
    }, {
      "id" : "G50mnb6EEWSczQmY",
      "name" : "Organization",
      "description" : null,
      "type" : "Class",
      "propertyAssignments" : null,
      "stereotype" : "subkind",
      "isAbstract" : false,
      "isDerived" : false,
      "properties" : null,
      "isExtensional" : false,
      "isPowertype" : null,
      "order" : null,
      "literals" : null,
      "restrictedTo" : [ "functional-complex" ]
    }, {
      "id" : "JzMmnb6EEWSczQmk",
      "name" : "Person",
      "description" : null,
      "type" : "Class",
      "propertyAssignments" : null,
      "stereotype" : "subkind",
      "isAbstract" : false,
      "isDerived" : false,
      "properties" : null,
      "isExtensional" : false,
      "isPowertype" : null,
      "order" : null,
      "literals" : null,
      "restrictedTo" : [ "functional-complex" ]
    }, {
      "id" : "l4cmnb6EEWSczQmw",
      "name" : "Organizational Customer",
      "description" : null,
      "type" : "Class",
      "propertyAssignments" : null,
      "stereotype" : "role",
      "isAbstract" : false,
      "isDerived" : false,
      "properties" : null,
      "isExtensional" : false,
      "isPowertype" : null,
      "order" : null,
      "literals" : null,
      "restrictedTo" : [ "functional-complex" ]
    }, {
      "id" : "lRimnb6EEWSczQm8",
      "name" : "Personal Customer",
      "description" : null,
      "type" : "Class",
      "propertyAssignments" : null,
      "stereotype" : "role",
      "isAbstract" : false,
      "isDerived" : false,
      "properties" : null,
      "isExtensional" : false,
      "isPowertype" : null,
      "order" : null,
      "literals" : null,
      "restrictedTo" : [ "functional-complex" ]
    }, {
      "id" : "4Xymnb6EEWSczQnI",
      "name" : "Employee",
      "description" : null,
      "type" : "Class",
      "propertyAssignments" : null,
      "stereotype" : "role",
      "isAbstract" : false,
      "isDerived" : false,
      "properties" : null,
      "isExtensional" : false,
      "isPowertype" : null,
      "order" : null,
      "literals" : null,
      "restrictedTo" : [ "functional-complex" ]
    }, {
      "id" : "jVqmnb6EEWSczQnW",
      "name" : "Customer",
      "description" : null,
      "type" : "Class",
      "propertyAssignments" : null,
      "stereotype" : "roleMixin",
      "isAbstract" : false,
      "isDerived" : false,
      "properties" : null,
      "isExtensional" : false,
      "isPowertype" : null,
      "order" : null,
      "literals" : null,
      "restrictedTo" : [ "functional-complex" ]
    }, {
      "id" : "HutWnb6EEWSczQri",
      "name" : "Construction Work",
      "description" : null,
      "type" : "Class",
      "propertyAssignments" : null,
      "stereotype" : "kind",
      "isAbstract" : false,
      "isDerived" : false,
      "properties" : null,
      "isExtensional" : null,
      "isPowertype" : null,
      "order" : null,
      "literals" : null,
      "restrictedTo" : [ "functional-complex" ]
    }, {
      "id" : "6J9Wnb6EEWSczQrw",
      "name" : "Allocation",
      "description" : null,
      "type" : "Class",
      "propertyAssignments" : null,
      "stereotype" : "relator",
      "isAbstract" : false,
      "isDerived" : false,
      "properties" : null,
      "isExtensional" : null,
      "isPowertype" : null,
      "order" : null,
      "literals" : null,
      "restrictedTo" : [ "relator" ]
    }, {
      "id" : "uHDWnb6EEWSczQr8",
      "name" : "Photo",
      "description" : null,
      "type" : "Class",
      "propertyAssignments" : null,
      "stereotype" : "kind",
      "isAbstract" : false,
      "isDerived" : false,
      "properties" : null,
      "isExtensional" : null,
      "isPowertype" : null,
      "order" : null,
      "literals" : null,
      "restrictedTo" : [ "functional-complex" ]
    }, {
      "id" : "Xs62nb6EEWSczQvu",
      "name" : "Budget",
      "description" : null,
      "type" : "Class",
      "propertyAssignments" : null,
      "stereotype" : "collective",
      "isAbstract" : false,
      "isDerived" : false,
      "properties" : null,
      "isExtensional" : false,
      "isPowertype" : null,
      "order" : null,
      "literals" : null,
      "restrictedTo" : [ "collective" ]
    }, {
      "id" : "b622nb6EEWSczQwJ",
      "name" : "Stage",
      "description" : null,
      "type" : "Class",
      "propertyAssignments" : null,
      "stereotype" : "collective",
      "isAbstract" : false,
      "isDerived" : false,
      "properties" : null,
      "isExtensional" : false,
      "isPowertype" : null,
      "order" : null,
      "literals" : null,
      "restrictedTo" : [ "collective" ]
    }, {
      "id" : "LBO2nb6EEWSczQwV",
      "name" : "Subtstage",
      "description" : null,
      "type" : "Class",
      "propertyAssignments" : null,
      "stereotype" : "collective",
      "isAbstract" : false,
      "isDerived" : false,
      "properties" : null,
      "isExtensional" : false,
      "isPowertype" : null,
      "order" : null,
      "literals" : null,
      "restrictedTo" : [ "collective" ]
    }, {
      "id" : "3EBmnb6EEWSczQoT",
      "name" : null,
      "description" : null,
      "type" : "Generalization",
      "propertyAssignments" : null,
      "general" : {
        "id" : "ctkmnb6EEWSczQmM",
        "type" : "Class"
      },
      "specific" : {
        "id" : "G50mnb6EEWSczQmY",
        "type" : "Class"
      }
    }, {
      "id" : "6HBmnb6EEWSczQoX",
      "name" : null,
      "description" : null,
      "type" : "Generalization",
      "propertyAssignments" : null,
      "general" : {
        "id" : "ctkmnb6EEWSczQmM",
        "type" : "Class"
      },
      "specific" : {
        "id" : "JzMmnb6EEWSczQmk",
        "type" : "Class"
      }
    }, {
      "id" : "gURmnb6EEWSczQob",
      "name" : null,
      "description" : null,
      "type" : "Generalization",
      "propertyAssignments" : null,
      "general" : {
        "id" : "G50mnb6EEWSczQmY",
        "type" : "Class"
      },
      "specific" : {
        "id" : "l4cmnb6EEWSczQmw",
        "type" : "Class"
      }
    }, {
      "id" : "wrRmnb6EEWSczQof",
      "name" : null,
      "description" : null,
      "type" : "Generalization",
      "propertyAssignments" : null,
      "general" : {
        "id" : "JzMmnb6EEWSczQmk",
        "type" : "Class"
      },
      "specific" : {
        "id" : "lRimnb6EEWSczQm8",
        "type" : "Class"
      }
    }, {
      "id" : "8Bxmnb6EEWSczQoj",
      "name" : null,
      "description" : null,
      "type" : "Generalization",
      "propertyAssignments" : null,
      "general" : {
        "id" : "JzMmnb6EEWSczQmk",
        "type" : "Class"
      },
      "specific" : {
        "id" : "4Xymnb6EEWSczQnI",
        "type" : "Class"
      }
    }, {
      "id" : "tApmnb6EEWSczQor",
      "name" : null,
      "description" : null,
      "type" : "Generalization",
      "propertyAssignments" : null,
      "general" : {
        "id" : "jVqmnb6EEWSczQnW",
        "type" : "Class"
      },
      "specific" : {
        "id" : "l4cmnb6EEWSczQmw",
        "type" : "Class"
      }
    }, {
      "id" : "BTZmnb6EEWSczQov",
      "name" : null,
      "description" : null,
      "type" : "Generalization",
      "propertyAssignments" : null,
      "general" : {
        "id" : "jVqmnb6EEWSczQnW",
        "type" : "Class"
      },
      "specific" : {
        "id" : "lRimnb6EEWSczQm8",
        "type" : "Class"
      }
    }, {
      "id" : "B7bWnb6EEWSczQsr",
      "name" : "requests",
      "description" : null,
      "type" : "Relation",
      "propertyAssignments" : null,
      "stereotype" : "material",
      "isAbstract" : false,
      "isDerived" : false,
      "properties" : [ {
        "id" : "p7bWnb6EEWSczQst",
        "name" : null,
        "description" : null,
        "type" : "Property",
        "propertyAssignments" : null,
        "stereotype" : null,
        "isDerived" : false,
        "isReadOnly" : false,
        "isOrdered" : false,
        "cardinality" : "1",
        "propertyType" : {
          "id" : "jVqmnb6EEWSczQnW",
          "type" : "Class"
        },
        "subsettedProperties" : null,
        "redefinedProperties" : null,
        "aggregationKind" : "NONE"
      }, {
        "id" : "Z7bWnb6EEWSczQsw",
        "name" : null,
        "description" : null,
        "type" : "Property",
        "propertyAssignments" : null,
        "stereotype" : null,
        "isDerived" : false,
        "isReadOnly" : false,
        "isOrdered" : false,
        "cardinality" : "*",
        "propertyType" : {
          "id" : "HutWnb6EEWSczQri",
          "type" : "Class"
        },
        "subsettedProperties" : null,
        "redefinedProperties" : null,
        "aggregationKind" : "NONE"
      } ]
    }, {
      "id" : "pVg2nb6EEWSczQtl",
      "name" : "depicts",
      "description" : null,
      "type" : "Relation",
      "propertyAssignments" : null,
      "stereotype" : "material",
      "isAbstract" : false,
      "isDerived" : false,
      "properties" : [ {
        "id" : "pVg2nb6EEWSczQtm",
        "name" : null,
        "description" : null,
        "type" : "Property",
        "propertyAssignments" : null,
        "stereotype" : null,
        "isDerived" : false,
        "isReadOnly" : false,
        "isOrdered" : false,
        "cardinality" : "*",
        "propertyType" : {
          "id" : "uHDWnb6EEWSczQr8",
          "type" : "Class"
        },
        "subsettedProperties" : null,
        "redefinedProperties" : null,
        "aggregationKind" : "NONE"
      }, {
        "id" : "pVg2nb6EEWSczQto",
        "name" : null,
        "description" : null,
        "type" : "Property",
        "propertyAssignments" : null,
        "stereotype" : null,
        "isDerived" : false,
        "isReadOnly" : false,
        "isOrdered" : false,
        "cardinality" : "1",
        "propertyType" : {
          "id" : "HutWnb6EEWSczQri",
          "type" : "Class"
        },
        "subsettedProperties" : null,
        "redefinedProperties" : null,
        "aggregationKind" : "NONE"
      } ]
    }, {
      "id" : "w6w2nb6EEWSczQt4",
      "name" : null,
      "description" : null,
      "type" : "Relation",
      "propertyAssignments" : null,
      "stereotype" : "mediation",
      "isAbstract" : false,
      "isDerived" : false,
      "properties" : [ {
        "id" : "w6w2nb6EEWSczQt5",
        "name" : null,
        "description" : null,
        "type" : "Property",
        "propertyAssignments" : null,
        "stereotype" : null,
        "isDerived" : false,
        "isReadOnly" : false,
        "isOrdered" : false,
        "cardinality" : "0..*",
        "propertyType" : {
          "id" : "6J9Wnb6EEWSczQrw",
          "type" : "Class"
        },
        "subsettedProperties" : null,
        "redefinedProperties" : null,
        "aggregationKind" : "NONE"
      }, {
        "id" : "w6w2nb6EEWSczQt7",
        "name" : null,
        "description" : null,
        "type" : "Property",
        "propertyAssignments" : null,
        "stereotype" : null,
        "isDerived" : false,
        "isReadOnly" : true,
        "isOrdered" : false,
        "cardinality" : "1",
        "propertyType" : {
          "id" : "HutWnb6EEWSczQri",
          "type" : "Class"
        },
        "subsettedProperties" : null,
        "redefinedProperties" : null,
        "aggregationKind" : "NONE"
      } ]
    }, {
      "id" : "kay2nb6EEWSczQvR",
      "name" : null,
      "description" : null,
      "type" : "Relation",
      "propertyAssignments" : null,
      "stereotype" : "mediation",
      "isAbstract" : false,
      "isDerived" : false,
      "properties" : [ {
        "id" : "kay2nb6EEWSczQvS",
        "name" : null,
        "description" : null,
        "type" : "Property",
        "propertyAssignments" : null,
        "stereotype" : null,
        "isDerived" : false,
        "isReadOnly" : false,
        "isOrdered" : false,
        "cardinality" : "*",
        "propertyType" : {
          "id" : "6J9Wnb6EEWSczQrw",
          "type" : "Class"
        },
        "subsettedProperties" : null,
        "redefinedProperties" : null,
        "aggregationKind" : "NONE"
      }, {
        "id" : "kay2nb6EEWSczQvU",
        "name" : null,
        "description" : null,
        "type" : "Property",
        "propertyAssignments" : null,
        "stereotype" : null,
        "isDerived" : false,
        "isReadOnly" : true,
        "isOrdered" : false,
        "cardinality" : "1",
        "propertyType" : {
          "id" : "4Xymnb6EEWSczQnI",
          "type" : "Class"
        },
        "subsettedProperties" : null,
        "redefinedProperties" : null,
        "aggregationKind" : "NONE"
      } ]
    }, {
      "id" : "9Tx2nb6EEWSczQw6",
      "name" : "has",
      "description" : null,
      "type" : "Relation",
      "propertyAssignments" : null,
      "stereotype" : "material",
      "isAbstract" : false,
      "isDerived" : false,
      "properties" : [ {
        "id" : "9Tx2nb6EEWSczQw7",
        "name" : null,
        "description" : null,
        "type" : "Property",
        "propertyAssignments" : null,
        "stereotype" : null,
        "isDerived" : false,
        "isReadOnly" : false,
        "isOrdered" : false,
        "cardinality" : "1",
        "propertyType" : {
          "id" : "HutWnb6EEWSczQri",
          "type" : "Class"
        },
        "subsettedProperties" : null,
        "redefinedProperties" : null,
        "aggregationKind" : "NONE"
      }, {
        "id" : "DTx2nb6EEWSczQw9",
        "name" : null,
        "description" : null,
        "type" : "Property",
        "propertyAssignments" : null,
        "stereotype" : null,
        "isDerived" : false,
        "isReadOnly" : false,
        "isOrdered" : false,
        "cardinality" : "1",
        "propertyType" : {
          "id" : "Xs62nb6EEWSczQvu",
          "type" : "Class"
        },
        "subsettedProperties" : null,
        "redefinedProperties" : null,
        "aggregationKind" : "NONE"
      } ]
    }, {
      "id" : "4Ml2nb6EEWSczQxr",
      "name" : null,
      "description" : null,
      "type" : "Relation",
      "propertyAssignments" : null,
      "stereotype" : "subCollectionOf",
      "isAbstract" : false,
      "isDerived" : false,
      "properties" : [ {
        "id" : "4Ml2nb6EEWSczQxs",
        "name" : null,
        "description" : null,
        "type" : "Property",
        "propertyAssignments" : null,
        "stereotype" : null,
        "isDerived" : false,
        "isReadOnly" : false,
        "isOrdered" : false,
        "cardinality" : "1",
        "propertyType" : {
          "id" : "b622nb6EEWSczQwJ",
          "type" : "Class"
        },
        "subsettedProperties" : null,
        "redefinedProperties" : null,
        "aggregationKind" : "NONE"
      }, {
        "id" : "4Ml2nb6EEWSczQxu",
        "name" : null,
        "description" : null,
        "type" : "Property",
        "propertyAssignments" : null,
        "stereotype" : null,
        "isDerived" : false,
        "isReadOnly" : false,
        "isOrdered" : false,
        "cardinality" : "1",
        "propertyType" : {
          "id" : "Xs62nb6EEWSczQvu",
          "type" : "Class"
        },
        "subsettedProperties" : null,
        "redefinedProperties" : null,
        "aggregationKind" : "COMPOSITE"
      } ]
    }, {
      "id" : "WMN2nb6EEWSczQyH",
      "name" : null,
      "description" : null,
      "type" : "Relation",
      "propertyAssignments" : null,
      "stereotype" : "subCollectionOf",
      "isAbstract" : false,
      "isDerived" : false,
      "properties" : [ {
        "id" : "WMN2nb6EEWSczQyI",
        "name" : null,
        "description" : null,
        "type" : "Property",
        "propertyAssignments" : null,
        "stereotype" : null,
        "isDerived" : false,
        "isReadOnly" : false,
        "isOrdered" : false,
        "cardinality" : "1",
        "propertyType" : {
          "id" : "LBO2nb6EEWSczQwV",
          "type" : "Class"
        },
        "subsettedProperties" : null,
        "redefinedProperties" : null,
        "aggregationKind" : "NONE"
      }, {
        "id" : "WMN2nb6EEWSczQyK",
        "name" : null,
        "description" : null,
        "type" : "Property",
        "propertyAssignments" : null,
        "stereotype" : null,
        "isDerived" : false,
        "isReadOnly" : false,
        "isOrdered" : false,
        "cardinality" : "1",
        "propertyType" : {
          "id" : "b622nb6EEWSczQwJ",
          "type" : "Class"
        },
        "subsettedProperties" : null,
        "redefinedProperties" : null,
        "aggregationKind" : "COMPOSITE"
      } ]
    } ]
  },
  "diagrams" : [ {
    "id" : "6HYmnb6EEWSczQl5",
    "name" : "The Construction Model",
    "description" : null,
    "type" : "Diagram",
    "owner" : {
      "id" : "8gfGnb6EEWSczQWe_root",
      "type" : "Package"
    },
    "contents" : [ {
      "id" : "G50mnb6EEWSczQmX",
      "type" : "ClassView",
      "modelElement" : {
        "id" : "G50mnb6EEWSczQmY",
        "type" : "Class"
      },
      "shape" : {
        "id" : "G50mnb6EEWSczQmX_shape",
        "type" : "Rectangle",
        "x" : 503,
        "y" : 86,
        "width" : 87,
        "height" : 40
      }
    }, {
      "id" : "vMN2nb6EEWSczQyM",
      "type" : "RelationView",
      "modelElement" : {
        "id" : "WMN2nb6EEWSczQyH",
        "type" : "Relation"
      },
      "shape" : {
        "id" : "vMN2nb6EEWSczQyM_path",
        "type" : "Path",
        "points" : [ {
          "x" : 1115,
          "y" : 507
        }, {
          "x" : 978,
          "y" : 507
        } ]
      },
      "source" : {
        "id" : "LBO2nb6EEWSczQwU",
        "type" : "ClassView"
      },
      "target" : {
        "id" : "b622nb6EEWSczQwI",
        "type" : "ClassView"
      }
    }, {
      "id" : "lRimnb6EEWSczQm7",
      "type" : "ClassView",
      "modelElement" : {
        "id" : "lRimnb6EEWSczQm8",
        "type" : "Class"
      },
      "shape" : {
        "id" : "lRimnb6EEWSczQm7_shape",
        "type" : "Rectangle",
        "x" : 705,
        "y" : 160,
        "width" : 114,
        "height" : 50
      }
    }, {
      "id" : "p6w2nb6EEWSczQt9",
      "type" : "RelationView",
      "modelElement" : {
        "id" : "w6w2nb6EEWSczQt4",
        "type" : "Relation"
      },
      "shape" : {
        "id" : "p6w2nb6EEWSczQt9_path",
        "type" : "Path",
        "points" : [ {
          "x" : 875,
          "y" : 397
        }, {
          "x" : 738,
          "y" : 397
        } ]
      },
      "source" : {
        "id" : "6J9Wnb6EEWSczQrv",
        "type" : "ClassView"
      },
      "target" : {
        "id" : "HutWnb6EEWSczQrh",
        "type" : "ClassView"
      }
    }, {
      "id" : "XHBmnb6EEWSczQoY",
      "type" : "GeneralizationView",
      "modelElement" : {
        "id" : "6HBmnb6EEWSczQoX",
        "type" : "Generalization"
      },
      "shape" : {
        "id" : "XHBmnb6EEWSczQoY_path",
        "type" : "Path",
        "points" : [ {
          "x" : 686,
          "y" : 40
        }, {
          "x" : 686,
          "y" : 67
        }, {
          "x" : 816,
          "y" : 67
        }, {
          "x" : 816,
          "y" : 80
        } ]
      },
      "source" : {
        "id" : "ktkmnb6EEWSczQmL",
        "type" : "ClassView"
      },
      "target" : {
        "id" : "JzMmnb6EEWSczQmj",
        "type" : "ClassView"
      }
    }, {
      "id" : "pURmnb6EEWSczQoc",
      "type" : "GeneralizationView",
      "modelElement" : {
        "id" : "gURmnb6EEWSczQob",
        "type" : "Generalization"
      },
      "shape" : {
        "id" : "pURmnb6EEWSczQoc_path",
        "type" : "Path",
        "points" : [ {
          "x" : 542,
          "y" : 128
        }, {
          "x" : 542,
          "y" : 159
        } ]
      },
      "source" : {
        "id" : "G50mnb6EEWSczQmX",
        "type" : "ClassView"
      },
      "target" : {
        "id" : "l4cmnb6EEWSczQmv",
        "type" : "ClassView"
      }
    }, {
      "id" : "Xs62nb6EEWSczQvt",
      "type" : "ClassView",
      "modelElement" : {
        "id" : "Xs62nb6EEWSczQvu",
        "type" : "Class"
      },
      "shape" : {
        "id" : "Xs62nb6EEWSczQvt_shape",
        "type" : "Rectangle",
        "x" : 633,
        "y" : 486,
        "width" : 95,
        "height" : 40
      }
    }, {
      "id" : "uHDWnb6EEWSczQr7",
      "type" : "ClassView",
      "modelElement" : {
        "id" : "uHDWnb6EEWSczQr8",
        "type" : "Class"
      },
      "shape" : {
        "id" : "uHDWnb6EEWSczQr7_shape",
        "type" : "Rectangle",
        "x" : 395,
        "y" : 383,
        "width" : 80,
        "height" : 40
      }
    }, {
      "id" : "b622nb6EEWSczQwI",
      "type" : "ClassView",
      "modelElement" : {
        "id" : "b622nb6EEWSczQwJ",
        "type" : "Class"
      },
      "shape" : {
        "id" : "b622nb6EEWSczQwI_shape",
        "type" : "Rectangle",
        "x" : 881,
        "y" : 488,
        "width" : 95,
        "height" : 40
      }
    }, {
      "id" : "6J9Wnb6EEWSczQrv",
      "type" : "ClassView",
      "modelElement" : {
        "id" : "6J9Wnb6EEWSczQrw",
        "type" : "Class"
      },
      "shape" : {
        "id" : "6J9Wnb6EEWSczQrv_shape",
        "type" : "Rectangle",
        "x" : 875,
        "y" : 383,
        "width" : 80,
        "height" : 40
      }
    }, {
      "id" : "LBO2nb6EEWSczQwU",
      "type" : "ClassView",
      "modelElement" : {
        "id" : "LBO2nb6EEWSczQwV",
        "type" : "Class"
      },
      "shape" : {
        "id" : "LBO2nb6EEWSczQwU_shape",
        "type" : "Rectangle",
        "x" : 1116,
        "y" : 488,
        "width" : 95,
        "height" : 40
      }
    }, {
      "id" : "Szx2nb6EEWSczQw_",
      "type" : "RelationView",
      "modelElement" : {
        "id" : "9Tx2nb6EEWSczQw6",
        "type" : "Relation"
      },
      "shape" : {
        "id" : "Szx2nb6EEWSczQw__path",
        "type" : "Path",
        "points" : [ {
          "x" : 678,
          "y" : 434
        }, {
          "x" : 678,
          "y" : 486
        } ]
      },
      "source" : {
        "id" : "HutWnb6EEWSczQrh",
        "type" : "ClassView"
      },
      "target" : {
        "id" : "Xs62nb6EEWSczQvt",
        "type" : "ClassView"
      }
    }, {
      "id" : "ikBmnb6EEWSczQoU",
      "type" : "GeneralizationView",
      "modelElement" : {
        "id" : "3EBmnb6EEWSczQoT",
        "type" : "Generalization"
      },
      "shape" : {
        "id" : "ikBmnb6EEWSczQoU_path",
        "type" : "Path",
        "points" : [ {
          "x" : 686,
          "y" : 41
        }, {
          "x" : 686,
          "y" : 67
        }, {
          "x" : 565,
          "y" : 67
        }, {
          "x" : 565,
          "y" : 86
        } ]
      },
      "source" : {
        "id" : "ktkmnb6EEWSczQmL",
        "type" : "ClassView"
      },
      "target" : {
        "id" : "G50mnb6EEWSczQmX",
        "type" : "ClassView"
      }
    }, {
      "id" : "HutWnb6EEWSczQrh",
      "type" : "ClassView",
      "modelElement" : {
        "id" : "HutWnb6EEWSczQri",
        "type" : "Class"
      },
      "shape" : {
        "id" : "HutWnb6EEWSczQrh_shape",
        "type" : "Rectangle",
        "x" : 624,
        "y" : 383,
        "width" : 112,
        "height" : 50
      }
    }, {
      "id" : "JrRmnb6EEWSczQog",
      "type" : "GeneralizationView",
      "modelElement" : {
        "id" : "wrRmnb6EEWSczQof",
        "type" : "Generalization"
      },
      "shape" : {
        "id" : "JrRmnb6EEWSczQog_path",
        "type" : "Path",
        "points" : [ {
          "x" : 806,
          "y" : 121
        }, {
          "x" : 806,
          "y" : 160
        } ]
      },
      "source" : {
        "id" : "JzMmnb6EEWSczQmj",
        "type" : "ClassView"
      },
      "target" : {
        "id" : "lRimnb6EEWSczQm7",
        "type" : "ClassView"
      }
    }, {
      "id" : "6uK2nb6EEWSczQvg",
      "type" : "RelationView",
      "modelElement" : {
        "id" : "kay2nb6EEWSczQvR",
        "type" : "Relation"
      },
      "shape" : {
        "id" : "6uK2nb6EEWSczQvg_path",
        "type" : "Path",
        "points" : [ {
          "x" : 915,
          "y" : 383
        }, {
          "x" : 915,
          "y" : 201
        } ]
      },
      "source" : {
        "id" : "6J9Wnb6EEWSczQrv",
        "type" : "ClassView"
      },
      "target" : {
        "id" : "YXymnb6EEWSczQnH",
        "type" : "ClassView"
      }
    }, {
      "id" : "8HbWnb6EEWSczQsy",
      "type" : "RelationView",
      "modelElement" : {
        "id" : "B7bWnb6EEWSczQsr",
        "type" : "Relation"
      },
      "shape" : {
        "id" : "8HbWnb6EEWSczQsy_path",
        "type" : "Path",
        "points" : [ {
          "x" : 679,
          "y" : 320
        }, {
          "x" : 679,
          "y" : 383
        } ]
      },
      "source" : {
        "id" : "jVqmnb6EEWSczQnV",
        "type" : "ClassView"
      },
      "target" : {
        "id" : "HutWnb6EEWSczQrh",
        "type" : "ClassView"
      }
    }, {
      "id" : "yBxmnb6EEWSczQok",
      "type" : "GeneralizationView",
      "modelElement" : {
        "id" : "8Bxmnb6EEWSczQoj",
        "type" : "Generalization"
      },
      "shape" : {
        "id" : "yBxmnb6EEWSczQok_path",
        "type" : "Path",
        "points" : [ {
          "x" : 873,
          "y" : 121
        }, {
          "x" : 873,
          "y" : 160
        } ]
      },
      "source" : {
        "id" : "JzMmnb6EEWSczQmj",
        "type" : "ClassView"
      },
      "target" : {
        "id" : "YXymnb6EEWSczQnH",
        "type" : "ClassView"
      }
    }, {
      "id" : "l4cmnb6EEWSczQmv",
      "type" : "ClassView",
      "modelElement" : {
        "id" : "l4cmnb6EEWSczQmw",
        "type" : "Class"
      },
      "shape" : {
        "id" : "l4cmnb6EEWSczQmv_shape",
        "type" : "Rectangle",
        "x" : 496,
        "y" : 160,
        "width" : 144,
        "height" : 50
      }
    }, {
      "id" : "8gpmnb6EEWSczQos",
      "type" : "GeneralizationView",
      "modelElement" : {
        "id" : "tApmnb6EEWSczQor",
        "type" : "Generalization"
      },
      "shape" : {
        "id" : "8gpmnb6EEWSczQos_path",
        "type" : "Path",
        "points" : [ {
          "x" : 680,
          "y" : 278
        }, {
          "x" : 680,
          "y" : 228
        }, {
          "x" : 569,
          "y" : 228
        }, {
          "x" : 569,
          "y" : 212
        } ]
      },
      "source" : {
        "id" : "jVqmnb6EEWSczQnV",
        "type" : "ClassView"
      },
      "target" : {
        "id" : "l4cmnb6EEWSczQmv",
        "type" : "ClassView"
      }
    }, {
      "id" : "gzZmnb6EEWSczQow",
      "type" : "GeneralizationView",
      "modelElement" : {
        "id" : "BTZmnb6EEWSczQov",
        "type" : "Generalization"
      },
      "shape" : {
        "id" : "gzZmnb6EEWSczQow_path",
        "type" : "Path",
        "points" : [ {
          "x" : 680,
          "y" : 278
        }, {
          "x" : 680,
          "y" : 227
        }, {
          "x" : 762,
          "y" : 227
        }, {
          "x" : 762,
          "y" : 211
        } ]
      },
      "source" : {
        "id" : "jVqmnb6EEWSczQnV",
        "type" : "ClassView"
      },
      "target" : {
        "id" : "lRimnb6EEWSczQm7",
        "type" : "ClassView"
      }
    }, {
      "id" : "jVqmnb6EEWSczQnV",
      "type" : "ClassView",
      "modelElement" : {
        "id" : "jVqmnb6EEWSczQnW",
        "type" : "Class"
      },
      "shape" : {
        "id" : "jVqmnb6EEWSczQnV_shape",
        "type" : "Rectangle",
        "x" : 640,
        "y" : 279,
        "width" : 95,
        "height" : 40
      }
    }, {
      "id" : "JzMmnb6EEWSczQmj",
      "type" : "ClassView",
      "modelElement" : {
        "id" : "JzMmnb6EEWSczQmk",
        "type" : "Class"
      },
      "shape" : {
        "id" : "JzMmnb6EEWSczQmj_shape",
        "type" : "Rectangle",
        "x" : 793,
        "y" : 80,
        "width" : 87,
        "height" : 40
      }
    }, {
      "id" : "ktkmnb6EEWSczQmL",
      "type" : "ClassView",
      "modelElement" : {
        "id" : "ctkmnb6EEWSczQmM",
        "type" : "Class"
      },
      "shape" : {
        "id" : "ktkmnb6EEWSczQmL_shape",
        "type" : "Rectangle",
        "x" : 654,
        "y" : 0,
        "width" : 80,
        "height" : 40
      }
    }, {
      "id" : "1Vg2nb6EEWSczQtq",
      "type" : "RelationView",
      "modelElement" : {
        "id" : "pVg2nb6EEWSczQtl",
        "type" : "Relation"
      },
      "shape" : {
        "id" : "1Vg2nb6EEWSczQtq_path",
        "type" : "Path",
        "points" : [ {
          "x" : 476,
          "y" : 397
        }, {
          "x" : 624,
          "y" : 397
        } ]
      },
      "source" : {
        "id" : "uHDWnb6EEWSczQr7",
        "type" : "ClassView"
      },
      "target" : {
        "id" : "HutWnb6EEWSczQrh",
        "type" : "ClassView"
      }
    }, {
      "id" : "YXymnb6EEWSczQnH",
      "type" : "ClassView",
      "modelElement" : {
        "id" : "4Xymnb6EEWSczQnI",
        "type" : "Class"
      },
      "shape" : {
        "id" : "YXymnb6EEWSczQnH_shape",
        "type" : "Rectangle",
        "x" : 860,
        "y" : 160,
        "width" : 80,
        "height" : 40
      }
    }, {
      "id" : "MMl2nb6EEWSczQxw",
      "type" : "RelationView",
      "modelElement" : {
        "id" : "4Ml2nb6EEWSczQxr",
        "type" : "Relation"
      },
      "shape" : {
        "id" : "MMl2nb6EEWSczQxw_path",
        "type" : "Path",
        "points" : [ {
          "x" : 881,
          "y" : 507
        }, {
          "x" : 729,
          "y" : 507
        } ]
      },
      "source" : {
        "id" : "b622nb6EEWSczQwI",
        "type" : "ClassView"
      },
      "target" : {
        "id" : "Xs62nb6EEWSczQvt",
        "type" : "ClassView"
      }
    } ]
  } ]
}