{
  "id" : "kVkrnb6AUB2yBwpM",
  "name" : "ontology",
  "description" : null,
  "type" : "Project",
  "model" : {
    "id" : "kVkrnb6AUB2yBwpM_root",
    "name" : "ontology",
    "description" : null,
    "type" : "Package",
    "propertyAssignments" : null,
    "contents" : [ {
      "id" : ".5yrnb6AUB2yBw42",
      "name" : "Right_Holder",
      "description" : null,
      "type" : "Class",
      "propertyAssignments" : null,
      "stereotype" : "roleMixin",
      "isAbstract" : true,
      "isDerived" : false,
      "properties" : null,
      "isExtensional" : false,
      "isPowertype" : null,
      "order" : null,
      "literals" : null,
      "restrictedTo" : [ "functional-complex" ]
    }, {
      "id" : "v2Krnb6AUB2yBw5C",
      "name" : "Duty_Holder",
      "description" : null,
      "type" : "Class",
      "propertyAssignments" : null,
      "stereotype" : "roleMixin",
      "isAbstract" : true,
      "isDerived" : false,
      "properties" : null,
      "isExtensional" : false,
      "isPowertype" : null,
      "order" : null,
      "literals" : null,
      "restrictedTo" : [ "functional-complex" ]
    }, {
      "id" : "VjKrnb6AUB2yBw5O",
      "name" : "Carrier",
      "description" : null,
      "type" : "Class",
      "propertyAssignments" : null,
      "stereotype" : "role",
      "isAbstract" : false,
      "isDerived" : false,
      "properties" : null,
      "isExtensional" : false,
      "isPowertype" : null,
      "order" : null,
      "literals" : null,
      "restrictedTo" : null
    }, {
      "id" : "9cqrnb6AUB2yBw5a",
      "name" : "Shipper",
      "description" : null,
      "type" : "Class",
      "propertyAssignments" : null,
      "stereotype" : "role",
      "isAbstract" : false,
      "isDerived" : false,
      "properties" : null,
      "isExtensional" : false,
      "isPowertype" : null,
      "order" : null,
      "literals" : null,
      "restrictedTo" : null
    }, {
      "id" : "Mpqrnb6AUB2yBw5m",
      "name" : "Right_Duty_to_Indemnity",
      "description" : null,
      "type" : "Class",
      "propertyAssignments" : null,
      "stereotype" : "relator",
      "isAbstract" : false,
      "isDerived" : false,
      "properties" : null,
      "isExtensional" : null,
      "isPowertype" : null,
      "order" : null,
      "literals" : null,
      "restrictedTo" : [ "relator" ]
    }, {
      "id" : "GPqrnb6AUB2yBw5y",
      "name" : "Right_to_Indemnity",
      "description" : null,
      "type" : "Class",
      "propertyAssignments" : null,
      "stereotype" : "mode",
      "isAbstract" : false,
      "isDerived" : false,
      "properties" : null,
      "isExtensional" : null,
      "isPowertype" : null,
      "order" : null,
      "literals" : null,
      "restrictedTo" : [ "intrinsic-mode" ]
    }, {
      "id" : "biarnb6AUB2yBw5.",
      "name" : "Duty_to_Indemnity",
      "description" : null,
      "type" : "Class",
      "propertyAssignments" : null,
      "stereotype" : "mode",
      "isAbstract" : false,
      "isDerived" : false,
      "properties" : null,
      "isExtensional" : null,
      "isPowertype" : null,
      "order" : null,
      "literals" : null,
      "restrictedTo" : [ "intrinsic-mode" ]
    }, {
      "id" : "nNarnb6AUB2yBw6K",
      "name" : "Inaccuracies",
      "description" : null,
      "type" : "Class",
      "propertyAssignments" : null,
      "stereotype" : "kind",
      "isAbstract" : false,
      "isDerived" : false,
      "properties" : null,
      "isExtensional" : null,
      "isPowertype" : null,
      "order" : null,
      "literals" : null,
      "restrictedTo" : [ "functional-complex" ]
    }, {
      "id" : "Li6rnb6AUB2yBw6W",
      "name" : "Legal_Rule",
      "description" : null,
      "type" : "Class",
      "propertyAssignments" : null,
      "stereotype" : "subkind",
      "isAbstract" : false,
      "isDerived" : false,
      "properties" : null,
      "isExtensional" : false,
      "isPowertype" : null,
      "order" : null,
      "literals" : null,
      "restrictedTo" : null
    }, {
      "id" : "Er6rnb6AUB2yBw6i",
      "name" : "Loss_or_Damage_of_Goods",
      "description" : null,
      "type" : "Class",
      "propertyAssignments" : null,
      "stereotype" : "event",
      "isAbstract" : false,
      "isDerived" : false,
      "properties" : null,
      "isExtensional" : null,
      "isPowertype" : null,
      "order" : null,
      "literals" : null,
      "restrictedTo" : [ "event" ]
    }, {
      "id" : "pctbnb6AUB2yBw8_",
      "name" : null,
      "description" : null,
      "type" : "Generalization",
      "propertyAssignments" : null,
      "general" : {
        "id" : ".5yrnb6AUB2yBw42",
        "type" : "Class"
      },
      "specific" : {
        "id" : "9cqrnb6AUB2yBw5a",
        "type" : "Class"
      }
    }, {
      "id" : "r2dbnb6AUB2yBw9Q",
      "name" : null,
      "description" : null,
      "type" : "Generalization",
      "propertyAssignments" : null,
      "general" : {
        "id" : "v2Krnb6AUB2yBw5C",
        "type" : "Class"
      },
      "specific" : {
        "id" : "VjKrnb6AUB2yBw5O",
        "type" : "Class"
      }
    }, {
      "id" : "29Xbnb6AUB2yBw.F",
      "name" : "has a right to indemnity against",
      "description" : null,
      "type" : "Relation",
      "propertyAssignments" : null,
      "stereotype" : "material",
      "isAbstract" : false,
      "isDerived" : false,
      "properties" : [ {
        "id" : "29Xbnb6AUB2yBw.G",
        "name" : null,
        "description" : null,
        "type" : "Property",
        "propertyAssignments" : null,
        "stereotype" : null,
        "isDerived" : false,
        "isReadOnly" : false,
        "isOrdered" : false,
        "cardinality" : "1",
        "propertyType" : {
          "id" : "9cqrnb6AUB2yBw5a",
          "type" : "Class"
        },
        "subsettedProperties" : null,
        "redefinedProperties" : null,
        "aggregationKind" : "NONE"
      }, {
        "id" : "29Xbnb6AUB2yBw.I",
        "name" : null,
        "description" : null,
        "type" : "Property",
        "propertyAssignments" : null,
        "stereotype" : null,
        "isDerived" : false,
        "isReadOnly" : false,
        "isOrdered" : false,
        "cardinality" : "1",
        "propertyType" : {
          "id" : "VjKrnb6AUB2yBw5O",
          "type" : "Class"
        },
        "subsettedProperties" : null,
        "redefinedProperties" : null,
        "aggregationKind" : "NONE"
      } ]
    }, {
      "id" : "uU9Hnb6AUB2yBxAV",
      "name" : "mediates",
      "description" : null,
      "type" : "Relation",
      "propertyAssignments" : null,
      "stereotype" : "mediation",
      "isAbstract" : false,
      "isDerived" : false,
      "properties" : [ {
        "id" : "uU9Hnb6AUB2yBxAW",
        "name" : null,
        "description" : null,
        "type" : "Property",
        "propertyAssignments" : null,
        "stereotype" : null,
        "isDerived" : false,
        "isReadOnly" : false,
        "isOrdered" : false,
        "cardinality" : "1..*",
        "propertyType" : {
          "id" : "Mpqrnb6AUB2yBw5m",
          "type" : "Class"
        },
        "subsettedProperties" : null,
        "redefinedProperties" : null,
        "aggregationKind" : "NONE"
      }, {
        "id" : "uU9Hnb6AUB2yBxAY",
        "name" : null,
        "description" : null,
        "type" : "Property",
        "propertyAssignments" : null,
        "stereotype" : null,
        "isDerived" : false,
        "isReadOnly" : true,
        "isOrdered" : false,
        "cardinality" : "1",
        "propertyType" : {
          "id" : "9cqrnb6AUB2yBw5a",
          "type" : "Class"
        },
        "subsettedProperties" : null,
        "redefinedProperties" : null,
        "aggregationKind" : "NONE"
      } ]
    }, {
      "id" : "T8onnb6AUB2yBxA0",
      "name" : "inheres_in",
      "description" : null,
      "type" : "Relation",
      "propertyAssignments" : null,
      "stereotype" : "characterization",
      "isAbstract" : false,
      "isDerived" : false,
      "properties" : [ {
        "id" : "T8onnb6AUB2yBxA1",
        "name" : null,
        "description" : null,
        "type" : "Property",
        "propertyAssignments" : null,
        "stereotype" : null,
        "isDerived" : false,
        "isReadOnly" : false,
        "isOrdered" : false,
        "cardinality" : "1..*",
        "propertyType" : {
          "id" : "GPqrnb6AUB2yBw5y",
          "type" : "Class"
        },
        "subsettedProperties" : null,
        "redefinedProperties" : null,
        "aggregationKind" : "NONE"
      }, {
        "id" : "T8onnb6AUB2yBxA3",
        "name" : null,
        "description" : null,
        "type" : "Property",
        "propertyAssignments" : null,
        "stereotype" : null,
        "isDerived" : false,
        "isReadOnly" : true,
        "isOrdered" : false,
        "cardinality" : "1",
        "propertyType" : {
          "id" : "9cqrnb6AUB2yBw5a",
          "type" : "Class"
        },
        "subsettedProperties" : null,
        "redefinedProperties" : null,
        "aggregationKind" : "NONE"
      } ]
    }, {
      "id" : "iwunnb6AUB2yBxCA",
      "name" : null,
      "description" : null,
      "type" : "Relation",
      "propertyAssignments" : null,
      "stereotype" : null,
      "isAbstract" : false,
      "isDerived" : false,
      "properties" : [ {
        "id" : "iwunnb6AUB2yBxCB",
        "name" : null,
        "description" : null,
        "type" : "Property",
        "propertyAssignments" : null,
        "stereotype" : null,
        "isDerived" : false,
        "isReadOnly" : false,
        "isOrdered" : false,
        "cardinality" : "1",
        "propertyType" : {
          "id" : "Mpqrnb6AUB2yBw5m",
          "type" : "Class"
        },
        "subsettedProperties" : null,
        "redefinedProperties" : null,
        "aggregationKind" : "COMPOSITE"
      }, {
        "id" : "iwunnb6AUB2yBxCD",
        "name" : null,
        "description" : null,
        "type" : "Property",
        "propertyAssignments" : null,
        "stereotype" : null,
        "isDerived" : false,
        "isReadOnly" : false,
        "isOrdered" : false,
        "cardinality" : "1",
        "propertyType" : {
          "id" : "GPqrnb6AUB2yBw5y",
          "type" : "Class"
        },
        "subsettedProperties" : null,
        "redefinedProperties" : null,
        "aggregationKind" : "NONE"
      } ]
    }, {
      "id" : "Mdhnnb6AUB2yBxCZ",
      "name" : null,
      "description" : null,
      "type" : "Relation",
      "propertyAssignments" : null,
      "stereotype" : null,
      "isAbstract" : false,
      "isDerived" : false,
      "properties" : [ {
        "id" : "Mdhnnb6AUB2yBxCa",
        "name" : null,
        "description" : null,
        "type" : "Property",
        "propertyAssignments" : null,
        "stereotype" : null,
        "isDerived" : false,
        "isReadOnly" : false,
        "isOrdered" : false,
        "cardinality" : "1",
        "propertyType" : {
          "id" : "Mpqrnb6AUB2yBw5m",
          "type" : "Class"
        },
        "subsettedProperties" : null,
        "redefinedProperties" : null,
        "aggregationKind" : "COMPOSITE"
      }, {
        "id" : "Mdhnnb6AUB2yBxCc",
        "name" : null,
        "description" : null,
        "type" : "Property",
        "propertyAssignments" : null,
        "stereotype" : null,
        "isDerived" : false,
        "isReadOnly" : false,
        "isOrdered" : false,
        "cardinality" : "1",
        "propertyType" : {
          "id" : "biarnb6AUB2yBw5.",
          "type" : "Class"
        },
        "subsettedProperties" : null,
        "redefinedProperties" : null,
        "aggregationKind" : "NONE"
      } ]
    }, {
      "id" : "GZZnnb6AUB2yBxCy",
      "name" : "correlates",
      "description" : null,
      "type" : "Relation",
      "propertyAssignments" : null,
      "stereotype" : "formal",
      "isAbstract" : false,
      "isDerived" : false,
      "properties" : [ {
        "id" : "GZZnnb6AUB2yBxCz",
        "name" : null,
        "description" : null,
        "type" : "Property",
        "propertyAssignments" : null,
        "stereotype" : null,
        "isDerived" : false,
        "isReadOnly" : false,
        "isOrdered" : false,
        "cardinality" : "1",
        "propertyType" : {
          "id" : "GPqrnb6AUB2yBw5y",
          "type" : "Class"
        },
        "subsettedProperties" : null,
        "redefinedProperties" : null,
        "aggregationKind" : "NONE"
      }, {
        "id" : "GZZnnb6AUB2yBxC1",
        "name" : null,
        "description" : null,
        "type" : "Property",
        "propertyAssignments" : null,
        "stereotype" : null,
        "isDerived" : false,
        "isReadOnly" : false,
        "isOrdered" : false,
        "cardinality" : "1",
        "propertyType" : {
          "id" : "biarnb6AUB2yBw5.",
          "type" : "Class"
        },
        "subsettedProperties" : null,
        "redefinedProperties" : null,
        "aggregationKind" : "NONE"
      } ]
    }, {
      "id" : "Wr0fnb6AUB2yBxDl",
      "name" : "defines",
      "description" : null,
      "type" : "Relation",
      "propertyAssignments" : null,
      "stereotype" : null,
      "isAbstract" : false,
      "isDerived" : false,
      "properties" : [ {
        "id" : "Wr0fnb6AUB2yBxDm",
        "name" : null,
        "description" : null,
        "type" : "Property",
        "propertyAssignments" : null,
        "stereotype" : null,
        "isDerived" : false,
        "isReadOnly" : false,
        "isOrdered" : false,
        "cardinality" : "1..*",
        "propertyType" : {
          "id" : "Li6rnb6AUB2yBw6W",
          "type" : "Class"
        },
        "subsettedProperties" : null,
        "redefinedProperties" : null,
        "aggregationKind" : "NONE"
      }, {
        "id" : "Wr0fnb6AUB2yBxDo",
        "name" : null,
        "description" : null,
        "type" : "Property",
        "propertyAssignments" : null,
        "stereotype" : null,
        "isDerived" : false,
        "isReadOnly" : false,
        "isOrdered" : false,
        "cardinality" : "1..*",
        "propertyType" : {
          "id" : "Mpqrnb6AUB2yBw5m",
          "type" : "Class"
        },
        "subsettedProperties" : null,
        "redefinedProperties" : null,
        "aggregationKind" : "NONE"
      } ]
    }, {
      "id" : "W9Kfnb6AUB2yBxEG",
      "name" : "grounds",
      "description" : null,
      "type" : "Relation",
      "propertyAssignments" : null,
      "stereotype" : null,
      "isAbstract" : false,
      "isDerived" : false,
      "properties" : [ {
        "id" : "W9Kfnb6AUB2yBxEH",
        "name" : null,
        "description" : null,
        "type" : "Property",
        "propertyAssignments" : null,
        "stereotype" : null,
        "isDerived" : false,
        "isReadOnly" : false,
        "isOrdered" : false,
        "cardinality" : "1",
        "propertyType" : {
          "id" : "Er6rnb6AUB2yBw6i",
          "type" : "Class"
        },
        "subsettedProperties" : null,
        "redefinedProperties" : null,
        "aggregationKind" : "NONE"
      }, {
        "id" : "W9Kfnb6AUB2yBxEJ",
        "name" : null,
        "description" : null,
        "type" : "Property",
        "propertyAssignments" : null,
        "stereotype" : null,
        "isDerived" : false,
        "isReadOnly" : false,
        "isOrdered" : false,
        "cardinality" : "1..*",
        "propertyType" : {
          "id" : "Mpqrnb6AUB2yBw5m",
          "type" : "Class"
        },
        "subsettedProperties" : null,
        "redefinedProperties" : null,
        "aggregationKind" : "NONE"
      } ]
    }, {
      "id" : "Mu1fnb6AUB2yBxEy",
      "name" : null,
      "description" : null,
      "type" : "Relation",
      "propertyAssignments" : null,
      "stereotype" : "triggers",
      "isAbstract" : false,
      "isDerived" : false,
      "properties" : [ {
        "id" : "Mu1fnb6AUB2yBxEz",
        "name" : null,
        "description" : null,
        "type" : "Property",
        "propertyAssignments" : null,
        "stereotype" : null,
        "isDerived" : false,
        "isReadOnly" : true,
        "isOrdered" : false,
        "cardinality" : "1..*",
        "propertyType" : {
          "id" : "nNarnb6AUB2yBw6K",
          "type" : "Class"
        },
        "subsettedProperties" : null,
        "redefinedProperties" : null,
        "aggregationKind" : "NONE"
      }, {
        "id" : "Mu1fnb6AUB2yBxE1",
        "name" : null,
        "description" : null,
        "type" : "Property",
        "propertyAssignments" : null,
        "stereotype" : null,
        "isDerived" : false,
        "isReadOnly" : false,
        "isOrdered" : false,
        "cardinality" : "1",
        "propertyType" : {
          "id" : "Er6rnb6AUB2yBw6i",
          "type" : "Class"
        },
        "subsettedProperties" : null,
        "redefinedProperties" : null,
        "aggregationKind" : "NONE"
      } ]
    }, {
      "id" : "md_fnb6AUB2yBxFf",
      "name" : "mediates",
      "description" : null,
      "type" : "Relation",
      "propertyAssignments" : null,
      "stereotype" : "mediation",
      "isAbstract" : false,
      "isDerived" : false,
      "properties" : [ {
        "id" : "md_fnb6AUB2yBxFg",
        "name" : null,
        "description" : null,
        "type" : "Property",
        "propertyAssignments" : null,
        "stereotype" : null,
        "isDerived" : false,
        "isReadOnly" : false,
        "isOrdered" : false,
        "cardinality" : "1..*",
        "propertyType" : {
          "id" : "Mpqrnb6AUB2yBw5m",
          "type" : "Class"
        },
        "subsettedProperties" : null,
        "redefinedProperties" : null,
        "aggregationKind" : "NONE"
      }, {
        "id" : "md_fnb6AUB2yBxFi",
        "name" : null,
        "description" : null,
        "type" : "Property",
        "propertyAssignments" : null,
        "stereotype" : null,
        "isDerived" : false,
        "isReadOnly" : true,
        "isOrdered" : false,
        "cardinality" : "1",
        "propertyType" : {
          "id" : "VjKrnb6AUB2yBw5O",
          "type" : "Class"
        },
        "subsettedProperties" : null,
        "redefinedProperties" : null,
        "aggregationKind" : "NONE"
      } ]
    }, {
      "id" : "4zY_nb6AUB2yBxF5",
      "name" : "inheres_in",
      "description" : null,
      "type" : "Relation",
      "propertyAssignments" : null,
      "stereotype" : "characterization",
      "isAbstract" : false,
      "isDerived" : false,
      "properties" : [ {
        "id" : "4zY_nb6AUB2yBxF6",
        "name" : null,
        "description" : null,
        "type" : "Property",
        "propertyAssignments" : null,
        "stereotype" : null,
        "isDerived" : false,
        "isReadOnly" : false,
        "isOrdered" : false,
        "cardinality" : "1..*",
        "propertyType" : {
          "id" : "biarnb6AUB2yBw5.",
          "type" : "Class"
        },
        "subsettedProperties" : null,
        "redefinedProperties" : null,
        "aggregationKind" : "NONE"
      }, {
        "id" : "4zY_nb6AUB2yBxF8",
        "name" : null,
        "description" : null,
        "type" : "Property",
        "propertyAssignments" : null,
        "stereotype" : null,
        "isDerived" : false,
        "isReadOnly" : true,
        "isOrdered" : false,
        "cardinality" : "1",
        "propertyType" : {
          "id" : "VjKrnb6AUB2yBw5O",
          "type" : "Class"
        },
        "subsettedProperties" : null,
        "redefinedProperties" : null,
        "aggregationKind" : "NONE"
      } ]
    }, {
      "id" : "bvS_nb6AUB2yBxGP",
      "name" : "has_part",
      "description" : null,
      "type" : "Relation",
      "propertyAssignments" : null,
      "stereotype" : null,
      "isAbstract" : false,
      "isDerived" : false,
      "properties" : [ {
        "id" : "bvS_nb6AUB2yBxGQ",
        "name" : null,
        "description" : null,
        "type" : "Property",
        "propertyAssignments" : null,
        "stereotype" : null,
        "isDerived" : false,
        "isReadOnly" : false,
        "isOrdered" : false,
        "cardinality" : "1..*",
        "propertyType" : {
          "id" : "nNarnb6AUB2yBw6K",
          "type" : "Class"
        },
        "subsettedProperties" : null,
        "redefinedProperties" : null,
        "aggregationKind" : "NONE"
      }, {
        "id" : "bvS_nb6AUB2yBxGS",
        "name" : null,
        "description" : null,
        "type" : "Property",
        "propertyAssignments" : null,
        "stereotype" : null,
        "isDerived" : false,
        "isReadOnly" : false,
        "isOrdered" : false,
        "cardinality" : "1",
        "propertyType" : {
          "id" : "VjKrnb6AUB2yBw5O",
          "type" : "Class"
        },
        "subsettedProperties" : null,
        "redefinedProperties" : null,
        "aggregationKind" : "NONE"
      } ]
    }, {
      "id" : "QKR_nb6AUB2yBxGu",
      "name" : "externally_depends_on",
      "description" : null,
      "type" : "Relation",
      "propertyAssignments" : null,
      "stereotype" : "characterization",
      "isAbstract" : false,
      "isDerived" : false,
      "properties" : [ {
        "id" : "QKR_nb6AUB2yBxGv",
        "name" : null,
        "description" : null,
        "type" : "Property",
        "propertyAssignments" : null,
        "stereotype" : null,
        "isDerived" : false,
        "isReadOnly" : false,
        "isOrdered" : false,
        "cardinality" : "1",
        "propertyType" : {
          "id" : "GPqrnb6AUB2yBw5y",
          "type" : "Class"
        },
        "subsettedProperties" : null,
        "redefinedProperties" : null,
        "aggregationKind" : "NONE"
      }, {
        "id" : "QKR_nb6AUB2yBxGx",
        "name" : null,
        "description" : null,
        "type" : "Property",
        "propertyAssignments" : null,
        "stereotype" : null,
        "isDerived" : false,
        "isReadOnly" : true,
        "isOrdered" : false,
        "cardinality" : "1",
        "propertyType" : {
          "id" : "VjKrnb6AUB2yBw5O",
          "type" : "Class"
        },
        "subsettedProperties" : null,
        "redefinedProperties" : null,
        "aggregationKind" : "NONE"
      } ]
    }, {
      "id" : "faD_nb6AUB2yBxHK",
      "name" : "externally_depends_on",
      "description" : null,
      "type" : "Relation",
      "propertyAssignments" : null,
      "stereotype" : "characterization",
      "isAbstract" : false,
      "isDerived" : false,
      "properties" : [ {
        "id" : "faD_nb6AUB2yBxHL",
        "name" : null,
        "description" : null,
        "type" : "Property",
        "propertyAssignments" : null,
        "stereotype" : null,
        "isDerived" : false,
        "isReadOnly" : false,
        "isOrdered" : false,
        "cardinality" : "1..*",
        "propertyType" : {
          "id" : "biarnb6AUB2yBw5.",
          "type" : "Class"
        },
        "subsettedProperties" : null,
        "redefinedProperties" : null,
        "aggregationKind" : "NONE"
      }, {
        "id" : "faD_nb6AUB2yBxHN",
        "name" : null,
        "description" : null,
        "type" : "Property",
        "propertyAssignments" : null,
        "stereotype" : null,
        "isDerived" : false,
        "isReadOnly" : true,
        "isOrdered" : false,
        "cardinality" : "1",
        "propertyType" : {
          "id" : "9cqrnb6AUB2yBw5a",
          "type" : "Class"
        },
        "subsettedProperties" : null,
        "redefinedProperties" : null,
        "aggregationKind" : "NONE"
      } ]
    }, {
      "id" : "onG7nb6AUB2yBw._",
      "name" : null,
      "description" : null,
      "type" : "Relation",
      "propertyAssignments" : null,
      "stereotype" : "derivation",
      "isAbstract" : false,
      "isDerived" : true,
      "properties" : [ {
        "id" : "ffe4a809-31d6-4327-94d8-f1374f601496",
        "name" : null,
        "description" : null,
        "type" : "Property",
        "propertyAssignments" : null,
        "stereotype" : null,
        "isDerived" : false,
        "isReadOnly" : false,
        "isOrdered" : false,
        "cardinality" : "1",
        "propertyType" : {
          "id" : "29Xbnb6AUB2yBw.F",
          "type" : "Relation"
        },
        "subsettedProperties" : null,
        "redefinedProperties" : null,
        "aggregationKind" : null
      }, {
        "id" : "0e2e7b12-7732-4be8-9ae8-4b11d02d98ef",
        "name" : null,
        "description" : null,
        "type" : "Property",
        "propertyAssignments" : null,
        "stereotype" : null,
        "isDerived" : false,
        "isReadOnly" : false,
        "isOrdered" : false,
        "cardinality" : "1",
        "propertyType" : {
          "id" : "Mpqrnb6AUB2yBw5m",
          "type" : "Class"
        },
        "subsettedProperties" : null,
        "redefinedProperties" : null,
        "aggregationKind" : null
      } ]
    } ]
  },
  "diagrams" : [ {
    "id" : "qVcrnb6AUB2yBw4n",
    "name" : "diagram1",
    "description" : null,
    "type" : "Diagram",
    "owner" : {
      "id" : "kVkrnb6AUB2yBwpM_root",
      "type" : "Package"
    },
    "contents" : [ {
      "id" : ".5yrnb6AUB2yBw41",
      "type" : "ClassView",
      "modelElement" : {
        "id" : ".5yrnb6AUB2yBw42",
        "type" : "Class"
      },
      "shape" : {
        "id" : ".5yrnb6AUB2yBw41_shape",
        "type" : "Rectangle",
        "x" : 131,
        "y" : 15,
        "width" : 116,
        "height" : 40
      }
    }, {
      "id" : "ljXbnb6AUB2yBw.K",
      "type" : "RelationView",
      "modelElement" : {
        "id" : "29Xbnb6AUB2yBw.F",
        "type" : "Relation"
      },
      "shape" : {
        "id" : "ljXbnb6AUB2yBw.K_path",
        "type" : "Path",
        "points" : [ {
          "x" : 248,
          "y" : 115
        }, {
          "x" : 527,
          "y" : 115
        } ]
      },
      "source" : {
        "id" : "dcqrnb6AUB2yBw5Z",
        "type" : "ClassView"
      },
      "target" : {
        "id" : "VjKrnb6AUB2yBw5N",
        "type" : "ClassView"
      }
    }, {
      "id" : "B9Kfnb6AUB2yBxEL",
      "type" : "RelationView",
      "modelElement" : {
        "id" : "W9Kfnb6AUB2yBxEG",
        "type" : "Relation"
      },
      "shape" : {
        "id" : "B9Kfnb6AUB2yBxEL_path",
        "type" : "Path",
        "points" : [ {
          "x" : 398,
          "y" : 265
        }, {
          "x" : 398,
          "y" : 300
        } ]
      },
      "source" : {
        "id" : "Er6rnb6AUB2yBw6h",
        "type" : "ClassView"
      },
      "target" : {
        "id" : "Mpqrnb6AUB2yBw5l",
        "type" : "ClassView"
      }
    }, {
      "id" : "riarnb6AUB2yBw59",
      "type" : "ClassView",
      "modelElement" : {
        "id" : "biarnb6AUB2yBw5.",
        "type" : "Class"
      },
      "shape" : {
        "id" : "riarnb6AUB2yBw59_shape",
        "type" : "Rectangle",
        "x" : 383,
        "y" : 382,
        "width" : 114,
        "height" : 40
      }
    }, {
      "id" : "T8onnb6AUB2yBxA5",
      "type" : "RelationView",
      "modelElement" : {
        "id" : "T8onnb6AUB2yBxA0",
        "type" : "Relation"
      },
      "shape" : {
        "id" : "T8onnb6AUB2yBxA5_path",
        "type" : "Path",
        "points" : [ {
          "x" : 166,
          "y" : 380
        }, {
          "x" : 166,
          "y" : 135
        } ]
      },
      "source" : {
        "id" : "GPqrnb6AUB2yBw5x",
        "type" : "ClassView"
      },
      "target" : {
        "id" : "dcqrnb6AUB2yBw5Z",
        "type" : "ClassView"
      }
    }, {
      "id" : "ofS_nb6AUB2yBxGU",
      "type" : "RelationView",
      "modelElement" : {
        "id" : "bvS_nb6AUB2yBxGP",
        "type" : "Relation"
      },
      "shape" : {
        "id" : "ofS_nb6AUB2yBxGU_path",
        "type" : "Path",
        "points" : [ {
          "x" : 447,
          "y" : 170
        }, {
          "x" : 535,
          "y" : 170
        }, {
          "x" : 535,
          "y" : 140
        } ]
      },
      "source" : {
        "id" : "nNarnb6AUB2yBw6J",
        "type" : "ClassView"
      },
      "target" : {
        "id" : "VjKrnb6AUB2yBw5N",
        "type" : "ClassView"
      }
    }, {
      "id" : "GPqrnb6AUB2yBw5x",
      "type" : "ClassView",
      "modelElement" : {
        "id" : "GPqrnb6AUB2yBw5y",
        "type" : "Class"
      },
      "shape" : {
        "id" : "GPqrnb6AUB2yBw5x_shape",
        "type" : "Rectangle",
        "x" : 165,
        "y" : 380,
        "width" : 116,
        "height" : 40
      }
    }, {
      "id" : "faD_nb6AUB2yBxHP",
      "type" : "RelationView",
      "modelElement" : {
        "id" : "faD_nb6AUB2yBxHK",
        "type" : "Relation"
      },
      "shape" : {
        "id" : "faD_nb6AUB2yBxHP_path",
        "type" : "Path",
        "points" : [ {
          "x" : 398,
          "y" : 422
        }, {
          "x" : 398,
          "y" : 453
        }, {
          "x" : 138,
          "y" : 453
        }, {
          "x" : 138,
          "y" : 135
        } ]
      },
      "source" : {
        "id" : "riarnb6AUB2yBw59",
        "type" : "ClassView"
      },
      "target" : {
        "id" : "dcqrnb6AUB2yBw5Z",
        "type" : "ClassView"
      }
    }, {
      "id" : "md_fnb6AUB2yBxFk",
      "type" : "RelationView",
      "modelElement" : {
        "id" : "md_fnb6AUB2yBxFf",
        "type" : "Relation"
      },
      "shape" : {
        "id" : "md_fnb6AUB2yBxFk_path",
        "type" : "Path",
        "points" : [ {
          "x" : 446,
          "y" : 320
        }, {
          "x" : 550,
          "y" : 320
        }, {
          "x" : 550,
          "y" : 140
        } ]
      },
      "source" : {
        "id" : "Mpqrnb6AUB2yBw5l",
        "type" : "ClassView"
      },
      "target" : {
        "id" : "VjKrnb6AUB2yBw5N",
        "type" : "ClassView"
      }
    }, {
      "id" : "X2dbnb6AUB2yBw9R",
      "type" : "GeneralizationView",
      "modelElement" : {
        "id" : "r2dbnb6AUB2yBw9Q",
        "type" : "Generalization"
      },
      "shape" : {
        "id" : "X2dbnb6AUB2yBw9R_path",
        "type" : "Path",
        "points" : [ {
          "x" : 581,
          "y" : 56
        }, {
          "x" : 581,
          "y" : 99
        } ]
      },
      "source" : {
        "id" : "v2Krnb6AUB2yBw5B",
        "type" : "ClassView"
      },
      "target" : {
        "id" : "VjKrnb6AUB2yBw5N",
        "type" : "ClassView"
      }
    }, {
      "id" : "JnG7nb6AUB2yBw_A",
      "type" : "RelationView",
      "modelElement" : {
        "id" : "onG7nb6AUB2yBw._",
        "type" : "Relation"
      },
      "shape" : {
        "id" : "JnG7nb6AUB2yBw_A_path",
        "type" : "Path",
        "points" : [ {
          "x" : 320,
          "y" : 115
        }, {
          "x" : 320,
          "y" : 300
        } ]
      },
      "source" : {
        "id" : "ljXbnb6AUB2yBw.K",
        "type" : "RelationView"
      },
      "target" : {
        "id" : "Mpqrnb6AUB2yBw5l",
        "type" : "ClassView"
      }
    }, {
      "id" : "Sdhnnb6AUB2yBxCe",
      "type" : "RelationView",
      "modelElement" : {
        "id" : "Mdhnnb6AUB2yBxCZ",
        "type" : "Relation"
      },
      "shape" : {
        "id" : "Sdhnnb6AUB2yBxCe_path",
        "type" : "Path",
        "points" : [ {
          "x" : 427,
          "y" : 340
        }, {
          "x" : 427,
          "y" : 382
        } ]
      },
      "source" : {
        "id" : "Mpqrnb6AUB2yBw5l",
        "type" : "ClassView"
      },
      "target" : {
        "id" : "riarnb6AUB2yBw59",
        "type" : "ClassView"
      }
    }, {
      "id" : "nNarnb6AUB2yBw6J",
      "type" : "ClassView",
      "modelElement" : {
        "id" : "nNarnb6AUB2yBw6K",
        "type" : "Class"
      },
      "shape" : {
        "id" : "nNarnb6AUB2yBw6J_shape",
        "type" : "Rectangle",
        "x" : 366,
        "y" : 150,
        "width" : 80,
        "height" : 40
      }
    }, {
      "id" : "tU9Hnb6AUB2yBxAa",
      "type" : "RelationView",
      "modelElement" : {
        "id" : "uU9Hnb6AUB2yBxAV",
        "type" : "Relation"
      },
      "shape" : {
        "id" : "tU9Hnb6AUB2yBxAa_path",
        "type" : "Path",
        "points" : [ {
          "x" : 241,
          "y" : 310
        }, {
          "x" : 190,
          "y" : 310
        }, {
          "x" : 190,
          "y" : 135
        } ]
      },
      "source" : {
        "id" : "Mpqrnb6AUB2yBw5l",
        "type" : "ClassView"
      },
      "target" : {
        "id" : "dcqrnb6AUB2yBw5Z",
        "type" : "ClassView"
      }
    }, {
      "id" : "VjKrnb6AUB2yBw5N",
      "type" : "ClassView",
      "modelElement" : {
        "id" : "VjKrnb6AUB2yBw5O",
        "type" : "Class"
      },
      "shape" : {
        "id" : "VjKrnb6AUB2yBw5N_shape",
        "type" : "Rectangle",
        "x" : 527,
        "y" : 100,
        "width" : 107,
        "height" : 40
      }
    }, {
      "id" : "QKR_nb6AUB2yBxGz",
      "type" : "RelationView",
      "modelElement" : {
        "id" : "QKR_nb6AUB2yBxGu",
        "type" : "Relation"
      },
      "shape" : {
        "id" : "QKR_nb6AUB2yBxGz_path",
        "type" : "Path",
        "points" : [ {
          "x" : 267,
          "y" : 419
        }, {
          "x" : 267,
          "y" : 437
        }, {
          "x" : 621,
          "y" : 437
        }, {
          "x" : 621,
          "y" : 140
        } ]
      },
      "source" : {
        "id" : "GPqrnb6AUB2yBw5x",
        "type" : "ClassView"
      },
      "target" : {
        "id" : "VjKrnb6AUB2yBw5N",
        "type" : "ClassView"
      }
    }, {
      "id" : "dcqrnb6AUB2yBw5Z",
      "type" : "ClassView",
      "modelElement" : {
        "id" : "9cqrnb6AUB2yBw5a",
        "type" : "Class"
      },
      "shape" : {
        "id" : "dcqrnb6AUB2yBw5Z_shape",
        "type" : "Rectangle",
        "x" : 131,
        "y" : 95,
        "width" : 116,
        "height" : 40
      }
    }, {
      "id" : "rctbnb6AUB2yBw9A",
      "type" : "GeneralizationView",
      "modelElement" : {
        "id" : "pctbnb6AUB2yBw8_",
        "type" : "Generalization"
      },
      "shape" : {
        "id" : "rctbnb6AUB2yBw9A_path",
        "type" : "Path",
        "points" : [ {
          "x" : 190,
          "y" : 56
        }, {
          "x" : 190,
          "y" : 95
        } ]
      },
      "source" : {
        "id" : ".5yrnb6AUB2yBw41",
        "type" : "ClassView"
      },
      "target" : {
        "id" : "dcqrnb6AUB2yBw5Z",
        "type" : "ClassView"
      }
    }, {
      "id" : "iwunnb6AUB2yBxCF",
      "type" : "RelationView",
      "modelElement" : {
        "id" : "iwunnb6AUB2yBxCA",
        "type" : "Relation"
      },
      "shape" : {
        "id" : "iwunnb6AUB2yBxCF_path",
        "type" : "Path",
        "points" : [ {
          "x" : 260,
          "y" : 340
        }, {
          "x" : 260,
          "y" : 380
        } ]
      },
      "source" : {
        "id" : "Mpqrnb6AUB2yBw5l",
        "type" : "ClassView"
      },
      "target" : {
        "id" : "GPqrnb6AUB2yBw5x",
        "type" : "ClassView"
      }
    }, {
      "id" : "4zY_nb6AUB2yBxF.",
      "type" : "RelationView",
      "modelElement" : {
        "id" : "4zY_nb6AUB2yBxF5",
        "type" : "Relation"
      },
      "shape" : {
        "id" : "4zY_nb6AUB2yBxF._path",
        "type" : "Path",
        "points" : [ {
          "x" : 498,
          "y" : 393
        }, {
          "x" : 590,
          "y" : 393
        }, {
          "x" : 590,
          "y" : 140
        } ]
      },
      "source" : {
        "id" : "riarnb6AUB2yBw59",
        "type" : "ClassView"
      },
      "target" : {
        "id" : "VjKrnb6AUB2yBw5N",
        "type" : "ClassView"
      }
    }, {
      "id" : "Su1fnb6AUB2yBxE3",
      "type" : "RelationView",
      "modelElement" : {
        "id" : "Mu1fnb6AUB2yBxEy",
        "type" : "Relation"
      },
      "shape" : {
        "id" : "Su1fnb6AUB2yBxE3_path",
        "type" : "Path",
        "points" : [ {
          "x" : 406,
          "y" : 190
        }, {
          "x" : 406,
          "y" : 224
        } ]
      },
      "source" : {
        "id" : "nNarnb6AUB2yBw6J",
        "type" : "ClassView"
      },
      "target" : {
        "id" : "Er6rnb6AUB2yBw6h",
        "type" : "ClassView"
      }
    }, {
      "id" : "Er6rnb6AUB2yBw6h",
      "type" : "ClassView",
      "modelElement" : {
        "id" : "Er6rnb6AUB2yBw6i",
        "type" : "Class"
      },
      "shape" : {
        "id" : "Er6rnb6AUB2yBw6h_shape",
        "type" : "Rectangle",
        "x" : 333,
        "y" : 225,
        "width" : 165,
        "height" : 40
      }
    }, {
      "id" : "Mpqrnb6AUB2yBw5l",
      "type" : "ClassView",
      "modelElement" : {
        "id" : "Mpqrnb6AUB2yBw5m",
        "type" : "Class"
      },
      "shape" : {
        "id" : "Mpqrnb6AUB2yBw5l_shape",
        "type" : "Rectangle",
        "x" : 241,
        "y" : 300,
        "width" : 204,
        "height" : 40
      }
    }, {
      "id" : "Li6rnb6AUB2yBw6V",
      "type" : "ClassView",
      "modelElement" : {
        "id" : "Li6rnb6AUB2yBw6W",
        "type" : "Class"
      },
      "shape" : {
        "id" : "Li6rnb6AUB2yBw6V_shape",
        "type" : "Rectangle",
        "x" : 220,
        "y" : 225,
        "width" : 80,
        "height" : 40
      }
    }, {
      "id" : "v2Krnb6AUB2yBw5B",
      "type" : "ClassView",
      "modelElement" : {
        "id" : "v2Krnb6AUB2yBw5C",
        "type" : "Class"
      },
      "shape" : {
        "id" : "v2Krnb6AUB2yBw5B_shape",
        "type" : "Rectangle",
        "x" : 527,
        "y" : 15,
        "width" : 107,
        "height" : 40
      }
    }, {
      "id" : ".ZZnnb6AUB2yBxC3",
      "type" : "RelationView",
      "modelElement" : {
        "id" : "GZZnnb6AUB2yBxCy",
        "type" : "Relation"
      },
      "shape" : {
        "id" : ".ZZnnb6AUB2yBxC3_path",
        "type" : "Path",
        "points" : [ {
          "x" : 283,
          "y" : 393
        }, {
          "x" : 383,
          "y" : 393
        } ]
      },
      "source" : {
        "id" : "GPqrnb6AUB2yBw5x",
        "type" : "ClassView"
      },
      "target" : {
        "id" : "riarnb6AUB2yBw59",
        "type" : "ClassView"
      }
    }, {
      "id" : "UAMfnb6AUB2yBxDq",
      "type" : "RelationView",
      "modelElement" : {
        "id" : "Wr0fnb6AUB2yBxDl",
        "type" : "Relation"
      },
      "shape" : {
        "id" : "UAMfnb6AUB2yBxDq_path",
        "type" : "Path",
        "points" : [ {
          "x" : 260,
          "y" : 265
        }, {
          "x" : 260,
          "y" : 300
        } ]
      },
      "source" : {
        "id" : "Li6rnb6AUB2yBw6V",
        "type" : "ClassView"
      },
      "target" : {
        "id" : "Mpqrnb6AUB2yBw5l",
        "type" : "ClassView"
      }
    } ]
  } ]
}