{
  "id" : "MCqjs06GAqACHRIM",
  "name" : "Brand Identity Ontology",
  "description" : null,
  "type" : "Project",
  "model" : {
    "id" : "MCqjs06GAqACHRIM_root",
    "name" : "Brand Identity Ontology",
    "description" : null,
    "type" : "Package",
    "propertyAssignments" : null,
    "contents" : [ {
      "id" : "NZzUNf6GAqACHRR9",
      "name" : "COMMUNICATION",
      "description" : null,
      "type" : "Package",
      "propertyAssignments" : null,
      "contents" : [ {
        "id" : "QMa31f6GAqACHQx2",
        "name" : "Noise",
        "description" : null,
        "type" : "Class",
        "propertyAssignments" : null,
        "stereotype" : "category",
        "isAbstract" : false,
        "isDerived" : false,
        "properties" : null,
        "isExtensional" : false,
        "isPowertype" : null,
        "order" : null,
        "literals" : null,
        "restrictedTo" : [ "functional-complex" ]
      }, {
        "id" : "G_m31f6GAqACHQyC",
        "name" : "Environmental Influences",
        "description" : null,
        "type" : "Class",
        "propertyAssignments" : null,
        "stereotype" : "kind",
        "isAbstract" : false,
        "isDerived" : false,
        "properties" : null,
        "isExtensional" : null,
        "isPowertype" : null,
        "order" : null,
        "literals" : null,
        "restrictedTo" : [ "functional-complex" ]
      }, {
        "id" : "zGp31f6GAqACHQyW",
        "name" : "Communication",
        "description" : null,
        "type" : "Class",
        "propertyAssignments" : null,
        "stereotype" : "relator",
        "isAbstract" : false,
        "isDerived" : false,
        "properties" : null,
        "isExtensional" : null,
        "isPowertype" : null,
        "order" : null,
        "literals" : null,
        "restrictedTo" : [ "relator" ]
      }, {
        "id" : "L4l31f6GAqACHQyu",
        "name" : "Behaviors",
        "description" : null,
        "type" : "Class",
        "propertyAssignments" : null,
        "stereotype" : "kind",
        "isAbstract" : false,
        "isDerived" : false,
        "properties" : null,
        "isExtensional" : null,
        "isPowertype" : null,
        "order" : null,
        "literals" : null,
        "restrictedTo" : [ "functional-complex" ]
      }, {
        "id" : "nUT31f6GAqACHQzK",
        "name" : "Value Proposition",
        "description" : null,
        "type" : "Class",
        "propertyAssignments" : null,
        "stereotype" : "kind",
        "isAbstract" : false,
        "isDerived" : false,
        "properties" : null,
        "isExtensional" : null,
        "isPowertype" : null,
        "order" : null,
        "literals" : null,
        "restrictedTo" : [ "functional-complex" ]
      }, {
        "id" : "4ZH31f6GAqACHQzt",
        "name" : "Expression",
        "description" : null,
        "type" : "Class",
        "propertyAssignments" : null,
        "stereotype" : "kind",
        "isAbstract" : false,
        "isDerived" : false,
        "properties" : null,
        "isExtensional" : null,
        "isPowertype" : null,
        "order" : null,
        "literals" : null,
        "restrictedTo" : [ "functional-complex" ]
      }, {
        "id" : "8Zf31f6GAqACHQ0F",
        "name" : "Visual components",
        "description" : null,
        "type" : "Class",
        "propertyAssignments" : null,
        "stereotype" : "kind",
        "isAbstract" : false,
        "isDerived" : false,
        "properties" : null,
        "isExtensional" : null,
        "isPowertype" : null,
        "order" : null,
        "literals" : null,
        "restrictedTo" : [ "functional-complex" ]
      }, {
        "id" : "V_m31f6GAqACHQyH",
        "name" : null,
        "description" : null,
        "type" : "Generalization",
        "propertyAssignments" : null,
        "general" : {
          "id" : "QMa31f6GAqACHQx2",
          "type" : "Class"
        },
        "specific" : {
          "id" : "G_m31f6GAqACHQyC",
          "type" : "Class"
        }
      }, {
        "id" : "0mp31f6GAqACHQyb",
        "name" : null,
        "description" : null,
        "type" : "Relation",
        "propertyAssignments" : null,
        "stereotype" : "formal",
        "isAbstract" : false,
        "isDerived" : false,
        "properties" : [ {
          "id" : "0mp31f6GAqACHQyc",
          "name" : null,
          "description" : null,
          "type" : "Property",
          "propertyAssignments" : null,
          "stereotype" : null,
          "isDerived" : false,
          "isReadOnly" : false,
          "isOrdered" : false,
          "cardinality" : "*",
          "propertyType" : {
            "id" : "QMa31f6GAqACHQx2",
            "type" : "Class"
          },
          "subsettedProperties" : null,
          "redefinedProperties" : null,
          "aggregationKind" : "NONE"
        }, {
          "id" : "0mp31f6GAqACHQye",
          "name" : null,
          "description" : null,
          "type" : "Property",
          "propertyAssignments" : null,
          "stereotype" : null,
          "isDerived" : false,
          "isReadOnly" : false,
          "isOrdered" : false,
          "cardinality" : "*",
          "propertyType" : {
            "id" : "zGp31f6GAqACHQyW",
            "type" : "Class"
          },
          "subsettedProperties" : null,
          "redefinedProperties" : null,
          "aggregationKind" : "NONE"
        } ]
      }, {
        "id" : "YEl31f6GAqACHQyz",
        "name" : null,
        "description" : null,
        "type" : "Relation",
        "propertyAssignments" : null,
        "stereotype" : "formal",
        "isAbstract" : false,
        "isDerived" : false,
        "properties" : [ {
          "id" : "YEl31f6GAqACHQy0",
          "name" : null,
          "description" : null,
          "type" : "Property",
          "propertyAssignments" : null,
          "stereotype" : null,
          "isDerived" : false,
          "isReadOnly" : false,
          "isOrdered" : false,
          "cardinality" : "1..*",
          "propertyType" : {
            "id" : "zGp31f6GAqACHQyW",
            "type" : "Class"
          },
          "subsettedProperties" : null,
          "redefinedProperties" : null,
          "aggregationKind" : "NONE"
        }, {
          "id" : "YEl31f6GAqACHQy2",
          "name" : null,
          "description" : null,
          "type" : "Property",
          "propertyAssignments" : null,
          "stereotype" : null,
          "isDerived" : false,
          "isReadOnly" : false,
          "isOrdered" : false,
          "cardinality" : "1..*",
          "propertyType" : {
            "id" : "L4l31f6GAqACHQyu",
            "type" : "Class"
          },
          "subsettedProperties" : null,
          "redefinedProperties" : null,
          "aggregationKind" : "NONE"
        } ]
      }, {
        "id" : "k0T31f6GAqACHQzP",
        "name" : null,
        "description" : null,
        "type" : "Relation",
        "propertyAssignments" : null,
        "stereotype" : "formal",
        "isAbstract" : false,
        "isDerived" : false,
        "properties" : [ {
          "id" : "k0T31f6GAqACHQzQ",
          "name" : null,
          "description" : null,
          "type" : "Property",
          "propertyAssignments" : null,
          "stereotype" : null,
          "isDerived" : false,
          "isReadOnly" : false,
          "isOrdered" : false,
          "cardinality" : "1..*",
          "propertyType" : {
            "id" : "zGp31f6GAqACHQyW",
            "type" : "Class"
          },
          "subsettedProperties" : null,
          "redefinedProperties" : null,
          "aggregationKind" : "NONE"
        }, {
          "id" : "k0T31f6GAqACHQzS",
          "name" : null,
          "description" : null,
          "type" : "Property",
          "propertyAssignments" : null,
          "stereotype" : null,
          "isDerived" : false,
          "isReadOnly" : false,
          "isOrdered" : false,
          "cardinality" : "*",
          "propertyType" : {
            "id" : "nUT31f6GAqACHQzK",
            "type" : "Class"
          },
          "subsettedProperties" : null,
          "redefinedProperties" : null,
          "aggregationKind" : "NONE"
        } ]
      }, {
        "id" : "uZH31f6GAqACHQzy",
        "name" : null,
        "description" : null,
        "type" : "Relation",
        "propertyAssignments" : null,
        "stereotype" : "formal",
        "isAbstract" : false,
        "isDerived" : false,
        "properties" : [ {
          "id" : "uZH31f6GAqACHQzz",
          "name" : null,
          "description" : null,
          "type" : "Property",
          "propertyAssignments" : null,
          "stereotype" : null,
          "isDerived" : false,
          "isReadOnly" : false,
          "isOrdered" : false,
          "cardinality" : "*",
          "propertyType" : {
            "id" : "zGp31f6GAqACHQyW",
            "type" : "Class"
          },
          "subsettedProperties" : null,
          "redefinedProperties" : null,
          "aggregationKind" : "NONE"
        }, {
          "id" : "uZH31f6GAqACHQz1",
          "name" : null,
          "description" : null,
          "type" : "Property",
          "propertyAssignments" : null,
          "stereotype" : null,
          "isDerived" : false,
          "isReadOnly" : false,
          "isOrdered" : false,
          "cardinality" : "*",
          "propertyType" : {
            "id" : "4ZH31f6GAqACHQzt",
            "type" : "Class"
          },
          "subsettedProperties" : null,
          "redefinedProperties" : null,
          "aggregationKind" : "NONE"
        } ]
      }, {
        "id" : "xZf31f6GAqACHQ0K",
        "name" : null,
        "description" : null,
        "type" : "Relation",
        "propertyAssignments" : null,
        "stereotype" : "formal",
        "isAbstract" : false,
        "isDerived" : false,
        "properties" : [ {
          "id" : "xZf31f6GAqACHQ0L",
          "name" : null,
          "description" : null,
          "type" : "Property",
          "propertyAssignments" : null,
          "stereotype" : null,
          "isDerived" : false,
          "isReadOnly" : false,
          "isOrdered" : false,
          "cardinality" : "1..*",
          "propertyType" : {
            "id" : "zGp31f6GAqACHQyW",
            "type" : "Class"
          },
          "subsettedProperties" : null,
          "redefinedProperties" : null,
          "aggregationKind" : "NONE"
        }, {
          "id" : "xZf31f6GAqACHQ0N",
          "name" : null,
          "description" : null,
          "type" : "Property",
          "propertyAssignments" : null,
          "stereotype" : null,
          "isDerived" : false,
          "isReadOnly" : false,
          "isOrdered" : false,
          "cardinality" : "1..*",
          "propertyType" : {
            "id" : "8Zf31f6GAqACHQ0F",
            "type" : "Class"
          },
          "subsettedProperties" : null,
          "redefinedProperties" : null,
          "aggregationKind" : "NONE"
        } ]
      }, {
        "id" : "u.UP1f6GAqACHQ0w",
        "name" : null,
        "description" : null,
        "type" : "Relation",
        "propertyAssignments" : null,
        "stereotype" : "mediation",
        "isAbstract" : false,
        "isDerived" : false,
        "properties" : [ {
          "id" : "u.UP1f6GAqACHQ0x",
          "name" : "1",
          "description" : null,
          "type" : "Property",
          "propertyAssignments" : null,
          "stereotype" : null,
          "isDerived" : false,
          "isReadOnly" : false,
          "isOrdered" : false,
          "cardinality" : "0..*",
          "propertyType" : {
            "id" : "zGp31f6GAqACHQyW",
            "type" : "Class"
          },
          "subsettedProperties" : null,
          "redefinedProperties" : null,
          "aggregationKind" : "NONE"
        }, {
          "id" : "u.UP1f6GAqACHQ0z",
          "name" : null,
          "description" : null,
          "type" : "Property",
          "propertyAssignments" : null,
          "stereotype" : null,
          "isDerived" : false,
          "isReadOnly" : true,
          "isOrdered" : false,
          "cardinality" : "1",
          "propertyType" : {
            "id" : "QPGX1f6GAqACHQsg",
            "type" : "Class"
          },
          "subsettedProperties" : null,
          "redefinedProperties" : null,
          "aggregationKind" : "NONE"
        } ]
      }, {
        "id" : "rWsP1f6GAqACHQ1F",
        "name" : null,
        "description" : null,
        "type" : "Relation",
        "propertyAssignments" : null,
        "stereotype" : null,
        "isAbstract" : false,
        "isDerived" : false,
        "properties" : [ {
          "id" : "rWsP1f6GAqACHQ1G",
          "name" : "*",
          "description" : null,
          "type" : "Property",
          "propertyAssignments" : null,
          "stereotype" : null,
          "isDerived" : false,
          "isReadOnly" : false,
          "isOrdered" : false,
          "cardinality" : "*",
          "propertyType" : {
            "id" : "G_m31f6GAqACHQyC",
            "type" : "Class"
          },
          "subsettedProperties" : null,
          "redefinedProperties" : null,
          "aggregationKind" : "NONE"
        }, {
          "id" : "rWsP1f6GAqACHQ1I",
          "name" : "1",
          "description" : null,
          "type" : "Property",
          "propertyAssignments" : null,
          "stereotype" : null,
          "isDerived" : false,
          "isReadOnly" : false,
          "isOrdered" : false,
          "cardinality" : "*",
          "propertyType" : {
            "id" : "QPGX1f6GAqACHQsg",
            "type" : "Class"
          },
          "subsettedProperties" : null,
          "redefinedProperties" : null,
          "aggregationKind" : "NONE"
        } ]
      }, {
        "id" : "eSQoNf6GAqACHRG0",
        "name" : null,
        "description" : null,
        "type" : "Relation",
        "propertyAssignments" : null,
        "stereotype" : "mediation",
        "isAbstract" : false,
        "isDerived" : false,
        "properties" : [ {
          "id" : "eSQoNf6GAqACHRG1",
          "name" : null,
          "description" : null,
          "type" : "Property",
          "propertyAssignments" : null,
          "stereotype" : null,
          "isDerived" : false,
          "isReadOnly" : false,
          "isOrdered" : false,
          "cardinality" : "1..*",
          "propertyType" : {
            "id" : "zGp31f6GAqACHQyW",
            "type" : "Class"
          },
          "subsettedProperties" : null,
          "redefinedProperties" : null,
          "aggregationKind" : "NONE"
        }, {
          "id" : "eSQoNf6GAqACHRG3",
          "name" : null,
          "description" : null,
          "type" : "Property",
          "propertyAssignments" : null,
          "stereotype" : null,
          "isDerived" : false,
          "isReadOnly" : true,
          "isOrdered" : false,
          "cardinality" : "1..*",
          "propertyType" : {
            "id" : "xPqP1f6GAqACHQ1d",
            "type" : "Class"
          },
          "subsettedProperties" : null,
          "redefinedProperties" : null,
          "aggregationKind" : "NONE"
        } ]
      } ]
    }, {
      "id" : "punUNf6GAqACHRSL",
      "name" : "IDENTITY",
      "description" : null,
      "type" : "Package",
      "propertyAssignments" : null,
      "contents" : [ {
        "id" : "QPGX1f6GAqACHQsg",
        "name" : "Identity",
        "description" : null,
        "type" : "Class",
        "propertyAssignments" : null,
        "stereotype" : "category",
        "isAbstract" : false,
        "isDerived" : false,
        "properties" : null,
        "isExtensional" : false,
        "isPowertype" : null,
        "order" : null,
        "literals" : null,
        "restrictedTo" : [ "functional-complex" ]
      }, {
        "id" : "Uy.X1f6GAqACHQtD",
        "name" : "Vision",
        "description" : null,
        "type" : "Class",
        "propertyAssignments" : null,
        "stereotype" : "kind",
        "isAbstract" : false,
        "isDerived" : false,
        "properties" : null,
        "isExtensional" : null,
        "isPowertype" : null,
        "order" : null,
        "literals" : null,
        "restrictedTo" : [ "functional-complex" ]
      }, {
        "id" : "9BlX1f6GAqACHQtZ",
        "name" : "Essence",
        "description" : null,
        "type" : "Class",
        "propertyAssignments" : null,
        "stereotype" : "mode",
        "isAbstract" : false,
        "isDerived" : false,
        "properties" : null,
        "isExtensional" : null,
        "isPowertype" : null,
        "order" : null,
        "literals" : null,
        "restrictedTo" : [ "intrinsic-mode" ]
      }, {
        "id" : "iL1X1f6GAqACHQt1",
        "name" : "Mission",
        "description" : null,
        "type" : "Class",
        "propertyAssignments" : null,
        "stereotype" : "mode",
        "isAbstract" : false,
        "isDerived" : false,
        "properties" : null,
        "isExtensional" : null,
        "isPowertype" : null,
        "order" : null,
        "literals" : null,
        "restrictedTo" : [ "intrinsic-mode" ]
      }, {
        "id" : "0jdX1f6GAqACHQuN",
        "name" : "Aims and goals",
        "description" : null,
        "type" : "Class",
        "propertyAssignments" : null,
        "stereotype" : "mode",
        "isAbstract" : false,
        "isDerived" : false,
        "properties" : null,
        "isExtensional" : null,
        "isPowertype" : null,
        "order" : null,
        "literals" : null,
        "restrictedTo" : [ "intrinsic-mode" ]
      }, {
        "id" : "JmbX1f6GAqACHQun",
        "name" : "Culture",
        "description" : null,
        "type" : "Class",
        "propertyAssignments" : null,
        "stereotype" : "kind",
        "isAbstract" : false,
        "isDerived" : false,
        "properties" : null,
        "isExtensional" : null,
        "isPowertype" : null,
        "order" : null,
        "literals" : null,
        "restrictedTo" : [ "functional-complex" ]
      }, {
        "id" : "Ft3X1f6GAqACHQvX",
        "name" : "Structure",
        "description" : null,
        "type" : "Class",
        "propertyAssignments" : null,
        "stereotype" : "mode",
        "isAbstract" : false,
        "isDerived" : false,
        "properties" : null,
        "isExtensional" : null,
        "isPowertype" : null,
        "order" : null,
        "literals" : null,
        "restrictedTo" : [ "intrinsic-mode" ]
      }, {
        "id" : "NPvX1f6GAqACHQvz",
        "name" : "Values",
        "description" : null,
        "type" : "Class",
        "propertyAssignments" : null,
        "stereotype" : "mode",
        "isAbstract" : false,
        "isDerived" : false,
        "properties" : null,
        "isExtensional" : null,
        "isPowertype" : null,
        "order" : null,
        "literals" : null,
        "restrictedTo" : [ "intrinsic-mode" ]
      }, {
        "id" : "Y7A31f6GAqACHQwT",
        "name" : "Personality",
        "description" : null,
        "type" : "Class",
        "propertyAssignments" : null,
        "stereotype" : "mode",
        "isAbstract" : false,
        "isDerived" : false,
        "properties" : null,
        "isExtensional" : null,
        "isPowertype" : null,
        "order" : null,
        "literals" : null,
        "restrictedTo" : [ "intrinsic-mode" ]
      }, {
        "id" : "QOc31f6GAqACHQxB",
        "name" : "Desired Image",
        "description" : null,
        "type" : "Class",
        "propertyAssignments" : null,
        "stereotype" : "kind",
        "isAbstract" : false,
        "isDerived" : false,
        "properties" : null,
        "isExtensional" : null,
        "isPowertype" : null,
        "order" : null,
        "literals" : null,
        "restrictedTo" : [ "functional-complex" ]
      }, {
        "id" : "puS31f6GAqACHQxf",
        "name" : "Image",
        "description" : null,
        "type" : "Class",
        "propertyAssignments" : null,
        "stereotype" : "category",
        "isAbstract" : false,
        "isDerived" : false,
        "properties" : null,
        "isExtensional" : false,
        "isPowertype" : null,
        "order" : null,
        "literals" : null,
        "restrictedTo" : [ "functional-complex" ]
      }, {
        "id" : "uZyINf6GAqACHRDt",
        "name" : "Positioning",
        "description" : null,
        "type" : "Class",
        "propertyAssignments" : null,
        "stereotype" : "mode",
        "isAbstract" : false,
        "isDerived" : false,
        "properties" : null,
        "isExtensional" : null,
        "isPowertype" : null,
        "order" : null,
        "literals" : null,
        "restrictedTo" : [ "intrinsic-mode" ]
      }, {
        "id" : "EyqINf6GAqACHRD5",
        "name" : "Presentation",
        "description" : null,
        "type" : "Class",
        "propertyAssignments" : null,
        "stereotype" : "mode",
        "isAbstract" : false,
        "isDerived" : false,
        "properties" : null,
        "isExtensional" : null,
        "isPowertype" : null,
        "order" : null,
        "literals" : null,
        "restrictedTo" : [ "intrinsic-mode" ]
      }, {
        "id" : ".y.X1f6GAqACHQtI",
        "name" : null,
        "description" : null,
        "type" : "Generalization",
        "propertyAssignments" : null,
        "general" : {
          "id" : "QPGX1f6GAqACHQsg",
          "type" : "Class"
        },
        "specific" : {
          "id" : "Uy.X1f6GAqACHQtD",
          "type" : "Class"
        }
      }, {
        "id" : "HmbX1f6GAqACHQus",
        "name" : null,
        "description" : null,
        "type" : "Generalization",
        "propertyAssignments" : null,
        "general" : {
          "id" : "QPGX1f6GAqACHQsg",
          "type" : "Class"
        },
        "specific" : {
          "id" : "JmbX1f6GAqACHQun",
          "type" : "Class"
        }
      }, {
        "id" : "pOc31f6GAqACHQxG",
        "name" : null,
        "description" : null,
        "type" : "Generalization",
        "propertyAssignments" : null,
        "general" : {
          "id" : "QPGX1f6GAqACHQsg",
          "type" : "Class"
        },
        "specific" : {
          "id" : "QOc31f6GAqACHQxB",
          "type" : "Class"
        }
      }, {
        "id" : "QTK31f6GAqACHQxq",
        "name" : null,
        "description" : null,
        "type" : "Generalization",
        "propertyAssignments" : null,
        "general" : {
          "id" : "puS31f6GAqACHQxf",
          "type" : "Class"
        },
        "specific" : {
          "id" : "QOc31f6GAqACHQxB",
          "type" : "Class"
        }
      }, {
        "id" : "py9QNf6GAqACHQ__",
        "name" : null,
        "description" : null,
        "type" : "Generalization",
        "propertyAssignments" : null,
        "general" : {
          "id" : "puS31f6GAqACHQxf",
          "type" : "Class"
        },
        "specific" : {
          "id" : "x7rP1f6GAqACHQ27",
          "type" : "Class"
        }
      }, {
        "id" : "YhlX1f6GAqACHQte",
        "name" : null,
        "description" : null,
        "type" : "Relation",
        "propertyAssignments" : null,
        "stereotype" : "characterization",
        "isAbstract" : false,
        "isDerived" : false,
        "properties" : [ {
          "id" : "YhlX1f6GAqACHQtf",
          "name" : null,
          "description" : null,
          "type" : "Property",
          "propertyAssignments" : null,
          "stereotype" : null,
          "isDerived" : false,
          "isReadOnly" : false,
          "isOrdered" : false,
          "cardinality" : "1..*",
          "propertyType" : {
            "id" : "9BlX1f6GAqACHQtZ",
            "type" : "Class"
          },
          "subsettedProperties" : null,
          "redefinedProperties" : null,
          "aggregationKind" : "NONE"
        }, {
          "id" : "YhlX1f6GAqACHQth",
          "name" : null,
          "description" : null,
          "type" : "Property",
          "propertyAssignments" : null,
          "stereotype" : null,
          "isDerived" : false,
          "isReadOnly" : true,
          "isOrdered" : false,
          "cardinality" : "1",
          "propertyType" : {
            "id" : "Uy.X1f6GAqACHQtD",
            "type" : "Class"
          },
          "subsettedProperties" : null,
          "redefinedProperties" : null,
          "aggregationKind" : "NONE"
        } ]
      }, {
        "id" : "tL1X1f6GAqACHQt6",
        "name" : null,
        "description" : null,
        "type" : "Relation",
        "propertyAssignments" : null,
        "stereotype" : "characterization",
        "isAbstract" : false,
        "isDerived" : false,
        "properties" : [ {
          "id" : "tL1X1f6GAqACHQt7",
          "name" : null,
          "description" : null,
          "type" : "Property",
          "propertyAssignments" : null,
          "stereotype" : null,
          "isDerived" : false,
          "isReadOnly" : false,
          "isOrdered" : false,
          "cardinality" : "1..*",
          "propertyType" : {
            "id" : "iL1X1f6GAqACHQt1",
            "type" : "Class"
          },
          "subsettedProperties" : null,
          "redefinedProperties" : null,
          "aggregationKind" : "NONE"
        }, {
          "id" : "tL1X1f6GAqACHQt9",
          "name" : null,
          "description" : null,
          "type" : "Property",
          "propertyAssignments" : null,
          "stereotype" : null,
          "isDerived" : false,
          "isReadOnly" : true,
          "isOrdered" : false,
          "cardinality" : "1",
          "propertyType" : {
            "id" : "Uy.X1f6GAqACHQtD",
            "type" : "Class"
          },
          "subsettedProperties" : null,
          "redefinedProperties" : null,
          "aggregationKind" : "NONE"
        } ]
      }, {
        "id" : ".jdX1f6GAqACHQuS",
        "name" : null,
        "description" : null,
        "type" : "Relation",
        "propertyAssignments" : null,
        "stereotype" : "characterization",
        "isAbstract" : false,
        "isDerived" : false,
        "properties" : [ {
          "id" : ".jdX1f6GAqACHQuT",
          "name" : null,
          "description" : null,
          "type" : "Property",
          "propertyAssignments" : null,
          "stereotype" : null,
          "isDerived" : false,
          "isReadOnly" : false,
          "isOrdered" : false,
          "cardinality" : "1..*",
          "propertyType" : {
            "id" : "0jdX1f6GAqACHQuN",
            "type" : "Class"
          },
          "subsettedProperties" : null,
          "redefinedProperties" : null,
          "aggregationKind" : "NONE"
        }, {
          "id" : ".jdX1f6GAqACHQuV",
          "name" : null,
          "description" : null,
          "type" : "Property",
          "propertyAssignments" : null,
          "stereotype" : null,
          "isDerived" : false,
          "isReadOnly" : true,
          "isOrdered" : false,
          "cardinality" : "1",
          "propertyType" : {
            "id" : "Uy.X1f6GAqACHQtD",
            "type" : "Class"
          },
          "subsettedProperties" : null,
          "redefinedProperties" : null,
          "aggregationKind" : "NONE"
        } ]
      }, {
        "id" : "3t3X1f6GAqACHQvc",
        "name" : null,
        "description" : null,
        "type" : "Relation",
        "propertyAssignments" : null,
        "stereotype" : "characterization",
        "isAbstract" : false,
        "isDerived" : false,
        "properties" : [ {
          "id" : "3t3X1f6GAqACHQvd",
          "name" : null,
          "description" : null,
          "type" : "Property",
          "propertyAssignments" : null,
          "stereotype" : null,
          "isDerived" : false,
          "isReadOnly" : false,
          "isOrdered" : false,
          "cardinality" : "1..*",
          "propertyType" : {
            "id" : "Ft3X1f6GAqACHQvX",
            "type" : "Class"
          },
          "subsettedProperties" : null,
          "redefinedProperties" : null,
          "aggregationKind" : "NONE"
        }, {
          "id" : "3t3X1f6GAqACHQvf",
          "name" : null,
          "description" : null,
          "type" : "Property",
          "propertyAssignments" : null,
          "stereotype" : null,
          "isDerived" : false,
          "isReadOnly" : true,
          "isOrdered" : false,
          "cardinality" : "1",
          "propertyType" : {
            "id" : "JmbX1f6GAqACHQun",
            "type" : "Class"
          },
          "subsettedProperties" : null,
          "redefinedProperties" : null,
          "aggregationKind" : "NONE"
        } ]
      }, {
        "id" : "AvvX1f6GAqACHQv4",
        "name" : null,
        "description" : null,
        "type" : "Relation",
        "propertyAssignments" : null,
        "stereotype" : "characterization",
        "isAbstract" : false,
        "isDerived" : false,
        "properties" : [ {
          "id" : "AvvX1f6GAqACHQv5",
          "name" : null,
          "description" : null,
          "type" : "Property",
          "propertyAssignments" : null,
          "stereotype" : null,
          "isDerived" : false,
          "isReadOnly" : false,
          "isOrdered" : false,
          "cardinality" : "1..*",
          "propertyType" : {
            "id" : "NPvX1f6GAqACHQvz",
            "type" : "Class"
          },
          "subsettedProperties" : null,
          "redefinedProperties" : null,
          "aggregationKind" : "NONE"
        }, {
          "id" : "AvvX1f6GAqACHQv7",
          "name" : null,
          "description" : null,
          "type" : "Property",
          "propertyAssignments" : null,
          "stereotype" : null,
          "isDerived" : false,
          "isReadOnly" : true,
          "isOrdered" : false,
          "cardinality" : "1",
          "propertyType" : {
            "id" : "JmbX1f6GAqACHQun",
            "type" : "Class"
          },
          "subsettedProperties" : null,
          "redefinedProperties" : null,
          "aggregationKind" : "NONE"
        } ]
      }, {
        "id" : "67A31f6GAqACHQwY",
        "name" : null,
        "description" : null,
        "type" : "Relation",
        "propertyAssignments" : null,
        "stereotype" : "characterization",
        "isAbstract" : false,
        "isDerived" : false,
        "properties" : [ {
          "id" : "67A31f6GAqACHQwZ",
          "name" : null,
          "description" : null,
          "type" : "Property",
          "propertyAssignments" : null,
          "stereotype" : null,
          "isDerived" : false,
          "isReadOnly" : false,
          "isOrdered" : false,
          "cardinality" : "1..*",
          "propertyType" : {
            "id" : "Y7A31f6GAqACHQwT",
            "type" : "Class"
          },
          "subsettedProperties" : null,
          "redefinedProperties" : null,
          "aggregationKind" : "NONE"
        }, {
          "id" : "67A31f6GAqACHQwb",
          "name" : null,
          "description" : null,
          "type" : "Property",
          "propertyAssignments" : null,
          "stereotype" : null,
          "isDerived" : false,
          "isReadOnly" : true,
          "isOrdered" : false,
          "cardinality" : "1",
          "propertyType" : {
            "id" : "JmbX1f6GAqACHQun",
            "type" : "Class"
          },
          "subsettedProperties" : null,
          "redefinedProperties" : null,
          "aggregationKind" : "NONE"
        } ]
      }, {
        "id" : "IA4wNf6GAqACHRAt",
        "name" : null,
        "description" : null,
        "type" : "Relation",
        "propertyAssignments" : null,
        "stereotype" : "material",
        "isAbstract" : false,
        "isDerived" : false,
        "properties" : [ {
          "id" : "IA4wNf6GAqACHRAu",
          "name" : null,
          "description" : null,
          "type" : "Property",
          "propertyAssignments" : null,
          "stereotype" : null,
          "isDerived" : false,
          "isReadOnly" : false,
          "isOrdered" : false,
          "cardinality" : "1",
          "propertyType" : {
            "id" : "JmbX1f6GAqACHQun",
            "type" : "Class"
          },
          "subsettedProperties" : null,
          "redefinedProperties" : null,
          "aggregationKind" : "NONE"
        }, {
          "id" : "IA4wNf6GAqACHRAw",
          "name" : null,
          "description" : null,
          "type" : "Property",
          "propertyAssignments" : null,
          "stereotype" : null,
          "isDerived" : false,
          "isReadOnly" : false,
          "isOrdered" : false,
          "cardinality" : "1..*",
          "propertyType" : {
            "id" : "k2RP1f6GAqACHQ2B",
            "type" : "Class"
          },
          "subsettedProperties" : null,
          "redefinedProperties" : null,
          "aggregationKind" : "NONE"
        } ]
      }, {
        "id" : "TmSwNf6GAqACHRBb",
        "name" : null,
        "description" : null,
        "type" : "Relation",
        "propertyAssignments" : null,
        "stereotype" : "material",
        "isAbstract" : false,
        "isDerived" : false,
        "properties" : [ {
          "id" : "TmSwNf6GAqACHRBc",
          "name" : null,
          "description" : null,
          "type" : "Property",
          "propertyAssignments" : null,
          "stereotype" : null,
          "isDerived" : false,
          "isReadOnly" : false,
          "isOrdered" : false,
          "cardinality" : "1",
          "propertyType" : {
            "id" : "Uy.X1f6GAqACHQtD",
            "type" : "Class"
          },
          "subsettedProperties" : null,
          "redefinedProperties" : null,
          "aggregationKind" : "NONE"
        }, {
          "id" : "TmSwNf6GAqACHRBe",
          "name" : null,
          "description" : null,
          "type" : "Property",
          "propertyAssignments" : null,
          "stereotype" : null,
          "isDerived" : false,
          "isReadOnly" : false,
          "isOrdered" : false,
          "cardinality" : "1",
          "propertyType" : {
            "id" : "R2OP1f6GAqACHQ11",
            "type" : "Class"
          },
          "subsettedProperties" : null,
          "redefinedProperties" : null,
          "aggregationKind" : "NONE"
        } ]
      }, {
        "id" : "JCsINf6GAqACHRDX",
        "name" : null,
        "description" : null,
        "type" : "Relation",
        "propertyAssignments" : null,
        "stereotype" : "material",
        "isAbstract" : false,
        "isDerived" : false,
        "properties" : [ {
          "id" : "JCsINf6GAqACHRDY",
          "name" : null,
          "description" : null,
          "type" : "Property",
          "propertyAssignments" : null,
          "stereotype" : null,
          "isDerived" : false,
          "isReadOnly" : false,
          "isOrdered" : false,
          "cardinality" : "1",
          "propertyType" : {
            "id" : "QOc31f6GAqACHQxB",
            "type" : "Class"
          },
          "subsettedProperties" : null,
          "redefinedProperties" : null,
          "aggregationKind" : "NONE"
        }, {
          "id" : "JCsINf6GAqACHRDa",
          "name" : null,
          "description" : null,
          "type" : "Property",
          "propertyAssignments" : null,
          "stereotype" : null,
          "isDerived" : false,
          "isReadOnly" : false,
          "isOrdered" : false,
          "cardinality" : "1",
          "propertyType" : {
            "id" : "iBGP1f6GAqACHQ1p",
            "type" : "Class"
          },
          "subsettedProperties" : null,
          "redefinedProperties" : null,
          "aggregationKind" : "NONE"
        } ]
      }, {
        "id" : "1h7INf6GAqACHRFH",
        "name" : null,
        "description" : null,
        "type" : "Relation",
        "propertyAssignments" : null,
        "stereotype" : "characterization",
        "isAbstract" : false,
        "isDerived" : false,
        "properties" : [ {
          "id" : "1h7INf6GAqACHRFI",
          "name" : null,
          "description" : null,
          "type" : "Property",
          "propertyAssignments" : null,
          "stereotype" : null,
          "isDerived" : false,
          "isReadOnly" : false,
          "isOrdered" : false,
          "cardinality" : "1..*",
          "propertyType" : {
            "id" : "uZyINf6GAqACHRDt",
            "type" : "Class"
          },
          "subsettedProperties" : null,
          "redefinedProperties" : null,
          "aggregationKind" : "NONE"
        }, {
          "id" : "Nh7INf6GAqACHRFK",
          "name" : null,
          "description" : null,
          "type" : "Property",
          "propertyAssignments" : null,
          "stereotype" : null,
          "isDerived" : false,
          "isReadOnly" : true,
          "isOrdered" : false,
          "cardinality" : "1",
          "propertyType" : {
            "id" : "QOc31f6GAqACHQxB",
            "type" : "Class"
          },
          "subsettedProperties" : null,
          "redefinedProperties" : null,
          "aggregationKind" : "NONE"
        } ]
      }, {
        "id" : "rmnINf6GAqACHRFn",
        "name" : "Characterization11",
        "description" : null,
        "type" : "Relation",
        "propertyAssignments" : null,
        "stereotype" : "characterization",
        "isAbstract" : false,
        "isDerived" : false,
        "properties" : [ {
          "id" : "rmnINf6GAqACHRFo",
          "name" : null,
          "description" : null,
          "type" : "Property",
          "propertyAssignments" : null,
          "stereotype" : null,
          "isDerived" : false,
          "isReadOnly" : false,
          "isOrdered" : false,
          "cardinality" : "1..*",
          "propertyType" : {
            "id" : "EyqINf6GAqACHRD5",
            "type" : "Class"
          },
          "subsettedProperties" : null,
          "redefinedProperties" : null,
          "aggregationKind" : "NONE"
        }, {
          "id" : "rmnINf6GAqACHRFq",
          "name" : null,
          "description" : null,
          "type" : "Property",
          "propertyAssignments" : null,
          "stereotype" : null,
          "isDerived" : false,
          "isReadOnly" : true,
          "isOrdered" : false,
          "cardinality" : "1",
          "propertyType" : {
            "id" : "QOc31f6GAqACHQxB",
            "type" : "Class"
          },
          "subsettedProperties" : null,
          "redefinedProperties" : null,
          "aggregationKind" : "NONE"
        } ]
      } ]
    }, {
      "id" : "J1s0Nf6GAqACHRS1",
      "name" : "STAKEHOLDERS",
      "description" : null,
      "type" : "Package",
      "propertyAssignments" : null,
      "contents" : [ {
        "id" : "xPqP1f6GAqACHQ1d",
        "name" : "Stakeholders",
        "description" : null,
        "type" : "Class",
        "propertyAssignments" : null,
        "stereotype" : "collective",
        "isAbstract" : false,
        "isDerived" : false,
        "properties" : null,
        "isExtensional" : false,
        "isPowertype" : null,
        "order" : null,
        "literals" : null,
        "restrictedTo" : [ "collective" ]
      }, {
        "id" : "iBGP1f6GAqACHQ1p",
        "name" : "External stekaholders",
        "description" : null,
        "type" : "Class",
        "propertyAssignments" : null,
        "stereotype" : "collective",
        "isAbstract" : false,
        "isDerived" : false,
        "properties" : null,
        "isExtensional" : false,
        "isPowertype" : null,
        "order" : null,
        "literals" : null,
        "restrictedTo" : [ "collective" ]
      }, {
        "id" : "R2OP1f6GAqACHQ11",
        "name" : "Official stakeholders",
        "description" : null,
        "type" : "Class",
        "propertyAssignments" : null,
        "stereotype" : "collective",
        "isAbstract" : false,
        "isDerived" : false,
        "properties" : null,
        "isExtensional" : false,
        "isPowertype" : null,
        "order" : null,
        "literals" : null,
        "restrictedTo" : [ "collective" ]
      }, {
        "id" : "k2RP1f6GAqACHQ2B",
        "name" : "Internal stakeholders",
        "description" : null,
        "type" : "Class",
        "propertyAssignments" : null,
        "stereotype" : "collective",
        "isAbstract" : false,
        "isDerived" : false,
        "properties" : null,
        "isExtensional" : false,
        "isPowertype" : null,
        "order" : null,
        "literals" : null,
        "restrictedTo" : [ "collective" ]
      }, {
        "id" : "HqtP1f6GAqACHQ2d",
        "name" : "Customers",
        "description" : null,
        "type" : "Class",
        "propertyAssignments" : null,
        "stereotype" : "collective",
        "isAbstract" : false,
        "isDerived" : false,
        "properties" : null,
        "isExtensional" : false,
        "isPowertype" : null,
        "order" : null,
        "literals" : null,
        "restrictedTo" : [ "collective" ]
      }, {
        "id" : "vf9P1f6GAqACHQ2p",
        "name" : "Customer reflection",
        "description" : null,
        "type" : "Class",
        "propertyAssignments" : null,
        "stereotype" : "kind",
        "isAbstract" : false,
        "isDerived" : false,
        "properties" : null,
        "isExtensional" : null,
        "isPowertype" : null,
        "order" : null,
        "literals" : null,
        "restrictedTo" : [ "functional-complex" ]
      }, {
        "id" : "x7rP1f6GAqACHQ27",
        "name" : "Perceived image (Perception)",
        "description" : null,
        "type" : "Class",
        "propertyAssignments" : null,
        "stereotype" : "kind",
        "isAbstract" : false,
        "isDerived" : false,
        "properties" : null,
        "isExtensional" : null,
        "isPowertype" : null,
        "order" : null,
        "literals" : null,
        "restrictedTo" : [ "functional-complex" ]
      }, {
        "id" : "cQQv1f6GAqACHQ3e",
        "name" : "Employees",
        "description" : null,
        "type" : "Class",
        "propertyAssignments" : null,
        "stereotype" : "collective",
        "isAbstract" : false,
        "isDerived" : false,
        "properties" : null,
        "isExtensional" : false,
        "isPowertype" : null,
        "order" : null,
        "literals" : null,
        "restrictedTo" : [ "collective" ]
      }, {
        "id" : "8siv1f6GAqACHQ4O",
        "name" : "Brand heritage",
        "description" : null,
        "type" : "Class",
        "propertyAssignments" : null,
        "stereotype" : "subkind",
        "isAbstract" : false,
        "isDerived" : false,
        "properties" : null,
        "isExtensional" : false,
        "isPowertype" : null,
        "order" : null,
        "literals" : null,
        "restrictedTo" : null
      }, {
        "id" : "DKyv1f6GAqACHQ4a",
        "name" : "Reputation",
        "description" : null,
        "type" : "Class",
        "propertyAssignments" : null,
        "stereotype" : "subkind",
        "isAbstract" : false,
        "isDerived" : false,
        "properties" : null,
        "isExtensional" : false,
        "isPowertype" : null,
        "order" : null,
        "literals" : null,
        "restrictedTo" : null
      }, {
        "id" : "HvGv1f6GAqACHQ4v",
        "name" : null,
        "description" : null,
        "type" : "Relation",
        "propertyAssignments" : null,
        "stereotype" : null,
        "isAbstract" : false,
        "isDerived" : false,
        "properties" : [ {
          "id" : "HvGv1f6GAqACHQ4w",
          "name" : "1..*",
          "description" : null,
          "type" : "Property",
          "propertyAssignments" : null,
          "stereotype" : null,
          "isDerived" : false,
          "isReadOnly" : false,
          "isOrdered" : false,
          "cardinality" : "*",
          "propertyType" : {
            "id" : "x7rP1f6GAqACHQ27",
            "type" : "Class"
          },
          "subsettedProperties" : null,
          "redefinedProperties" : null,
          "aggregationKind" : "NONE"
        }, {
          "id" : "HvGv1f6GAqACHQ4y",
          "name" : "1..*",
          "description" : null,
          "type" : "Property",
          "propertyAssignments" : null,
          "stereotype" : null,
          "isDerived" : false,
          "isReadOnly" : false,
          "isOrdered" : false,
          "cardinality" : "*",
          "propertyType" : {
            "id" : "DKyv1f6GAqACHQ4a",
            "type" : "Class"
          },
          "subsettedProperties" : null,
          "redefinedProperties" : null,
          "aggregationKind" : "NONE"
        } ]
      }, {
        "id" : "5sWv1f6GAqACHQ5C",
        "name" : null,
        "description" : null,
        "type" : "Relation",
        "propertyAssignments" : null,
        "stereotype" : null,
        "isAbstract" : false,
        "isDerived" : false,
        "properties" : [ {
          "id" : "5sWv1f6GAqACHQ5D",
          "name" : "*",
          "description" : null,
          "type" : "Property",
          "propertyAssignments" : null,
          "stereotype" : null,
          "isDerived" : false,
          "isReadOnly" : false,
          "isOrdered" : false,
          "cardinality" : "*",
          "propertyType" : {
            "id" : "x7rP1f6GAqACHQ27",
            "type" : "Class"
          },
          "subsettedProperties" : null,
          "redefinedProperties" : null,
          "aggregationKind" : "NONE"
        }, {
          "id" : "5sWv1f6GAqACHQ5F",
          "name" : "1..*",
          "description" : null,
          "type" : "Property",
          "propertyAssignments" : null,
          "stereotype" : null,
          "isDerived" : false,
          "isReadOnly" : false,
          "isOrdered" : false,
          "cardinality" : "*",
          "propertyType" : {
            "id" : "8siv1f6GAqACHQ4O",
            "type" : "Class"
          },
          "subsettedProperties" : null,
          "redefinedProperties" : null,
          "aggregationKind" : "NONE"
        } ]
      }, {
        "id" : "po.v1f6GAqACHQ5m",
        "name" : null,
        "description" : null,
        "type" : "Relation",
        "propertyAssignments" : null,
        "stereotype" : null,
        "isAbstract" : false,
        "isDerived" : false,
        "properties" : [ {
          "id" : "po.v1f6GAqACHQ5n",
          "name" : "1..*",
          "description" : null,
          "type" : "Property",
          "propertyAssignments" : null,
          "stereotype" : null,
          "isDerived" : false,
          "isReadOnly" : false,
          "isOrdered" : false,
          "cardinality" : "*",
          "propertyType" : {
            "id" : "DKyv1f6GAqACHQ4a",
            "type" : "Class"
          },
          "subsettedProperties" : null,
          "redefinedProperties" : null,
          "aggregationKind" : "NONE"
        }, {
          "id" : "po.v1f6GAqACHQ5p",
          "name" : "*",
          "description" : null,
          "type" : "Property",
          "propertyAssignments" : null,
          "stereotype" : null,
          "isDerived" : false,
          "isReadOnly" : false,
          "isOrdered" : false,
          "cardinality" : "*",
          "propertyType" : {
            "id" : "8siv1f6GAqACHQ4O",
            "type" : "Class"
          },
          "subsettedProperties" : null,
          "redefinedProperties" : null,
          "aggregationKind" : "NONE"
        } ]
      }, {
        "id" : "Fkjv1f6GAqACHQ6m",
        "name" : null,
        "description" : null,
        "type" : "Relation",
        "propertyAssignments" : null,
        "stereotype" : null,
        "isAbstract" : false,
        "isDerived" : false,
        "properties" : [ {
          "id" : "Fkjv1f6GAqACHQ6n",
          "name" : "1..*",
          "description" : null,
          "type" : "Property",
          "propertyAssignments" : null,
          "stereotype" : null,
          "isDerived" : false,
          "isReadOnly" : false,
          "isOrdered" : false,
          "cardinality" : "*",
          "propertyType" : {
            "id" : "x7rP1f6GAqACHQ27",
            "type" : "Class"
          },
          "subsettedProperties" : null,
          "redefinedProperties" : null,
          "aggregationKind" : "NONE"
        }, {
          "id" : "Fkjv1f6GAqACHQ6p",
          "name" : "*",
          "description" : null,
          "type" : "Property",
          "propertyAssignments" : null,
          "stereotype" : null,
          "isDerived" : false,
          "isReadOnly" : false,
          "isOrdered" : false,
          "cardinality" : "*",
          "propertyType" : {
            "id" : "vf9P1f6GAqACHQ2p",
            "type" : "Class"
          },
          "subsettedProperties" : null,
          "redefinedProperties" : null,
          "aggregationKind" : "NONE"
        } ]
      }, {
        "id" : "6Izv1f6GAqACHQ65",
        "name" : "creates",
        "description" : null,
        "type" : "Relation",
        "propertyAssignments" : null,
        "stereotype" : null,
        "isAbstract" : false,
        "isDerived" : false,
        "properties" : [ {
          "id" : "6Izv1f6GAqACHQ66",
          "name" : null,
          "description" : null,
          "type" : "Property",
          "propertyAssignments" : null,
          "stereotype" : null,
          "isDerived" : false,
          "isReadOnly" : false,
          "isOrdered" : false,
          "cardinality" : "1..*",
          "propertyType" : {
            "id" : "vf9P1f6GAqACHQ2p",
            "type" : "Class"
          },
          "subsettedProperties" : null,
          "redefinedProperties" : null,
          "aggregationKind" : "NONE"
        }, {
          "id" : "6Izv1f6GAqACHQ68",
          "name" : "",
          "description" : null,
          "type" : "Property",
          "propertyAssignments" : null,
          "stereotype" : null,
          "isDerived" : false,
          "isReadOnly" : false,
          "isOrdered" : false,
          "cardinality" : "1..*",
          "propertyType" : {
            "id" : "HqtP1f6GAqACHQ2d",
            "type" : "Class"
          },
          "subsettedProperties" : null,
          "redefinedProperties" : null,
          "aggregationKind" : "NONE"
        } ]
      }, {
        "id" : "UWbgNf6GAqACHQ7c",
        "name" : null,
        "description" : null,
        "type" : "Relation",
        "propertyAssignments" : null,
        "stereotype" : "memberOf",
        "isAbstract" : false,
        "isDerived" : false,
        "properties" : [ {
          "id" : "UWbgNf6GAqACHQ7d",
          "name" : null,
          "description" : null,
          "type" : "Property",
          "propertyAssignments" : null,
          "stereotype" : null,
          "isDerived" : false,
          "isReadOnly" : false,
          "isOrdered" : false,
          "cardinality" : "2..*",
          "propertyType" : {
            "id" : "HqtP1f6GAqACHQ2d",
            "type" : "Class"
          },
          "subsettedProperties" : null,
          "redefinedProperties" : null,
          "aggregationKind" : "NONE"
        }, {
          "id" : "UWbgNf6GAqACHQ7f",
          "name" : null,
          "description" : null,
          "type" : "Property",
          "propertyAssignments" : null,
          "stereotype" : null,
          "isDerived" : false,
          "isReadOnly" : false,
          "isOrdered" : false,
          "cardinality" : "1",
          "propertyType" : {
            "id" : "iBGP1f6GAqACHQ1p",
            "type" : "Class"
          },
          "subsettedProperties" : null,
          "redefinedProperties" : null,
          "aggregationKind" : "SHARED"
        } ]
      }, {
        "id" : "oyHgNf6GAqACHQ7z",
        "name" : null,
        "description" : null,
        "type" : "Relation",
        "propertyAssignments" : null,
        "stereotype" : "memberOf",
        "isAbstract" : false,
        "isDerived" : false,
        "properties" : [ {
          "id" : "oyHgNf6GAqACHQ70",
          "name" : null,
          "description" : null,
          "type" : "Property",
          "propertyAssignments" : null,
          "stereotype" : null,
          "isDerived" : false,
          "isReadOnly" : false,
          "isOrdered" : false,
          "cardinality" : "2..*",
          "propertyType" : {
            "id" : "iBGP1f6GAqACHQ1p",
            "type" : "Class"
          },
          "subsettedProperties" : null,
          "redefinedProperties" : null,
          "aggregationKind" : "NONE"
        }, {
          "id" : "oyHgNf6GAqACHQ72",
          "name" : null,
          "description" : null,
          "type" : "Property",
          "propertyAssignments" : null,
          "stereotype" : null,
          "isDerived" : false,
          "isReadOnly" : false,
          "isOrdered" : false,
          "cardinality" : "1",
          "propertyType" : {
            "id" : "xPqP1f6GAqACHQ1d",
            "type" : "Class"
          },
          "subsettedProperties" : null,
          "redefinedProperties" : null,
          "aggregationKind" : "SHARED"
        } ]
      }, {
        "id" : "KgXgNf6GAqACHQ8G",
        "name" : null,
        "description" : null,
        "type" : "Relation",
        "propertyAssignments" : null,
        "stereotype" : "memberOf",
        "isAbstract" : false,
        "isDerived" : false,
        "properties" : [ {
          "id" : "KgXgNf6GAqACHQ8H",
          "name" : null,
          "description" : null,
          "type" : "Property",
          "propertyAssignments" : null,
          "stereotype" : null,
          "isDerived" : false,
          "isReadOnly" : false,
          "isOrdered" : false,
          "cardinality" : "2..*",
          "propertyType" : {
            "id" : "R2OP1f6GAqACHQ11",
            "type" : "Class"
          },
          "subsettedProperties" : null,
          "redefinedProperties" : null,
          "aggregationKind" : "NONE"
        }, {
          "id" : "KgXgNf6GAqACHQ8J",
          "name" : null,
          "description" : null,
          "type" : "Property",
          "propertyAssignments" : null,
          "stereotype" : null,
          "isDerived" : false,
          "isReadOnly" : false,
          "isOrdered" : false,
          "cardinality" : "1",
          "propertyType" : {
            "id" : "xPqP1f6GAqACHQ1d",
            "type" : "Class"
          },
          "subsettedProperties" : null,
          "redefinedProperties" : null,
          "aggregationKind" : "SHARED"
        } ]
      }, {
        "id" : "jX3gNf6GAqACHQ8d",
        "name" : null,
        "description" : null,
        "type" : "Relation",
        "propertyAssignments" : null,
        "stereotype" : "memberOf",
        "isAbstract" : false,
        "isDerived" : false,
        "properties" : [ {
          "id" : "jX3gNf6GAqACHQ8e",
          "name" : null,
          "description" : null,
          "type" : "Property",
          "propertyAssignments" : null,
          "stereotype" : null,
          "isDerived" : false,
          "isReadOnly" : false,
          "isOrdered" : false,
          "cardinality" : "2..*",
          "propertyType" : {
            "id" : "k2RP1f6GAqACHQ2B",
            "type" : "Class"
          },
          "subsettedProperties" : null,
          "redefinedProperties" : null,
          "aggregationKind" : "NONE"
        }, {
          "id" : "jX3gNf6GAqACHQ8g",
          "name" : null,
          "description" : null,
          "type" : "Property",
          "propertyAssignments" : null,
          "stereotype" : null,
          "isDerived" : false,
          "isReadOnly" : false,
          "isOrdered" : false,
          "cardinality" : "1",
          "propertyType" : {
            "id" : "xPqP1f6GAqACHQ1d",
            "type" : "Class"
          },
          "subsettedProperties" : null,
          "redefinedProperties" : null,
          "aggregationKind" : "SHARED"
        } ]
      }, {
        "id" : "wxwQNf6GAqACHQ88",
        "name" : null,
        "description" : null,
        "type" : "Relation",
        "propertyAssignments" : null,
        "stereotype" : "memberOf",
        "isAbstract" : false,
        "isDerived" : false,
        "properties" : [ {
          "id" : "wxwQNf6GAqACHQ89",
          "name" : null,
          "description" : null,
          "type" : "Property",
          "propertyAssignments" : null,
          "stereotype" : null,
          "isDerived" : false,
          "isReadOnly" : false,
          "isOrdered" : false,
          "cardinality" : "2..*",
          "propertyType" : {
            "id" : "cQQv1f6GAqACHQ3e",
            "type" : "Class"
          },
          "subsettedProperties" : null,
          "redefinedProperties" : null,
          "aggregationKind" : "NONE"
        }, {
          "id" : "wxwQNf6GAqACHQ8_",
          "name" : null,
          "description" : null,
          "type" : "Property",
          "propertyAssignments" : null,
          "stereotype" : null,
          "isDerived" : false,
          "isReadOnly" : false,
          "isOrdered" : false,
          "cardinality" : "1",
          "propertyType" : {
            "id" : "k2RP1f6GAqACHQ2B",
            "type" : "Class"
          },
          "subsettedProperties" : null,
          "redefinedProperties" : null,
          "aggregationKind" : "SHARED"
        } ]
      }, {
        "id" : "yI.QNf6GAqACHQ_b",
        "name" : null,
        "description" : null,
        "type" : "Relation",
        "propertyAssignments" : null,
        "stereotype" : null,
        "isAbstract" : false,
        "isDerived" : false,
        "properties" : [ {
          "id" : "yI.QNf6GAqACHQ_c",
          "name" : "1..*",
          "description" : null,
          "type" : "Property",
          "propertyAssignments" : null,
          "stereotype" : null,
          "isDerived" : false,
          "isReadOnly" : false,
          "isOrdered" : false,
          "cardinality" : "*",
          "propertyType" : {
            "id" : "xPqP1f6GAqACHQ1d",
            "type" : "Class"
          },
          "subsettedProperties" : null,
          "redefinedProperties" : null,
          "aggregationKind" : "NONE"
        }, {
          "id" : "yI.QNf6GAqACHQ_e",
          "name" : "1..*",
          "description" : null,
          "type" : "Property",
          "propertyAssignments" : null,
          "stereotype" : null,
          "isDerived" : false,
          "isReadOnly" : false,
          "isOrdered" : false,
          "cardinality" : "*",
          "propertyType" : {
            "id" : "x7rP1f6GAqACHQ27",
            "type" : "Class"
          },
          "subsettedProperties" : null,
          "redefinedProperties" : null,
          "aggregationKind" : "NONE"
        } ]
      } ]
    }, {
      "id" : "V9coNf6GAqACHRHp",
      "name" : null,
      "description" : null,
      "type" : "Relation",
      "propertyAssignments" : null,
      "stereotype" : "derivation",
      "isAbstract" : false,
      "isDerived" : true,
      "properties" : [ {
        "id" : "e579f233-fa6d-46ad-88ed-fca756d3791f",
        "name" : null,
        "description" : null,
        "type" : "Property",
        "propertyAssignments" : null,
        "stereotype" : null,
        "isDerived" : false,
        "isReadOnly" : false,
        "isOrdered" : false,
        "cardinality" : "1",
        "propertyType" : {
          "id" : "TmSwNf6GAqACHRBb",
          "type" : "Relation"
        },
        "subsettedProperties" : null,
        "redefinedProperties" : null,
        "aggregationKind" : null
      }, {
        "id" : "22d73bd8-b5b8-4b5f-9ef0-1423a0a9af8b",
        "name" : null,
        "description" : null,
        "type" : "Property",
        "propertyAssignments" : null,
        "stereotype" : null,
        "isDerived" : false,
        "isReadOnly" : false,
        "isOrdered" : false,
        "cardinality" : "1",
        "propertyType" : {
          "id" : "zGp31f6GAqACHQyW",
          "type" : "Class"
        },
        "subsettedProperties" : null,
        "redefinedProperties" : null,
        "aggregationKind" : null
      } ]
    } ]
  },
  "diagrams" : [ {
    "id" : "v3uTs06GAqACHSEp",
    "name" : "Class Diagram",
    "description" : null,
    "type" : "Diagram",
    "owner" : {
      "id" : "MCqjs06GAqACHRIM_root",
      "type" : "Package"
    },
    "contents" : [ ]
  }, {
    "id" : "v.qX1f6GAqACHQsL",
    "name" : "diagram1",
    "description" : null,
    "type" : "Diagram",
    "owner" : {
      "id" : "MCqjs06GAqACHRIM_root",
      "type" : "Package"
    },
    "contents" : [ {
      "id" : "cQQv1f6GAqACHQ3d",
      "type" : "ClassView",
      "modelElement" : {
        "id" : "cQQv1f6GAqACHQ3e",
        "type" : "Class"
      },
      "shape" : {
        "id" : "cQQv1f6GAqACHQ3d_shape",
        "type" : "Rectangle",
        "x" : 2084,
        "y" : 917,
        "width" : 95,
        "height" : 40
      }
    }, {
      "id" : "L4l31f6GAqACHQyt",
      "type" : "ClassView",
      "modelElement" : {
        "id" : "L4l31f6GAqACHQyu",
        "type" : "Class"
      },
      "shape" : {
        "id" : "L4l31f6GAqACHQyt_shape",
        "type" : "Rectangle",
        "x" : 1096,
        "y" : 423,
        "width" : 80,
        "height" : 40
      }
    }, {
      "id" : "NPvX1f6GAqACHQvy",
      "type" : "ClassView",
      "modelElement" : {
        "id" : "NPvX1f6GAqACHQvz",
        "type" : "Class"
      },
      "shape" : {
        "id" : "NPvX1f6GAqACHQvy_shape",
        "type" : "Rectangle",
        "x" : 358,
        "y" : 1043,
        "width" : 80,
        "height" : 40
      }
    }, {
      "id" : "8siv1f6GAqACHQ4N",
      "type" : "ClassView",
      "modelElement" : {
        "id" : "8siv1f6GAqACHQ4O",
        "type" : "Class"
      },
      "shape" : {
        "id" : "8siv1f6GAqACHQ4N_shape",
        "type" : "Rectangle",
        "x" : 2553,
        "y" : 902,
        "width" : 112,
        "height" : 40
      }
    }, {
      "id" : "72vINf6GAqACHRGE",
      "type" : "RelationView",
      "modelElement" : {
        "id" : "3t3X1f6GAqACHQvc",
        "type" : "Relation"
      },
      "shape" : {
        "id" : "72vINf6GAqACHRGE_path",
        "type" : "Path",
        "points" : [ {
          "x" : 321,
          "y" : 955
        }, {
          "x" : 368,
          "y" : 955
        }, {
          "x" : 368,
          "y" : 878
        } ]
      },
      "source" : {
        "id" : "Ft3X1f6GAqACHQvW",
        "type" : "ClassView"
      },
      "target" : {
        "id" : "xmbX1f6GAqACHQum",
        "type" : "ClassView"
      }
    }, {
      "id" : "LOvINf6GAqACHRGQ",
      "type" : "RelationView",
      "modelElement" : {
        "id" : "rmnINf6GAqACHRFn",
        "type" : "Relation"
      },
      "shape" : {
        "id" : "LOvINf6GAqACHRGQ_path",
        "type" : "Path",
        "points" : [ {
          "x" : 751,
          "y" : 711
        }, {
          "x" : 658,
          "y" : 711
        }, {
          "x" : 658,
          "y" : 607
        } ]
      },
      "source" : {
        "id" : "EyqINf6GAqACHRD4",
        "type" : "ClassView"
      },
      "target" : {
        "id" : "QOc31f6GAqACHQxA",
        "type" : "ClassView"
      }
    }, {
      "id" : "nUT31f6GAqACHQzJ",
      "type" : "ClassView",
      "modelElement" : {
        "id" : "nUT31f6GAqACHQzK",
        "type" : "Class"
      },
      "shape" : {
        "id" : "nUT31f6GAqACHQzJ_shape",
        "type" : "Rectangle",
        "x" : 1065,
        "y" : 476,
        "width" : 111,
        "height" : 40
      }
    }, {
      "id" : "FOc31f6GAqACHQxH",
      "type" : "GeneralizationView",
      "modelElement" : {
        "id" : "pOc31f6GAqACHQxG",
        "type" : "Generalization"
      },
      "shape" : {
        "id" : "FOc31f6GAqACHQxH_path",
        "type" : "Path",
        "points" : [ {
          "x" : 433,
          "y" : 394
        }, {
          "x" : 433,
          "y" : 586
        }, {
          "x" : 611,
          "y" : 586
        } ]
      },
      "source" : {
        "id" : "gPGX1f6GAqACHQsf",
        "type" : "ClassView"
      },
      "target" : {
        "id" : "QOc31f6GAqACHQxA",
        "type" : "ClassView"
      }
    }, {
      "id" : "Vy9QNf6GAqACHRAA",
      "type" : "GeneralizationView",
      "modelElement" : {
        "id" : "py9QNf6GAqACHQ__",
        "type" : "Generalization"
      },
      "shape" : {
        "id" : "Vy9QNf6GAqACHRAA_path",
        "type" : "Path",
        "points" : [ {
          "x" : 658,
          "y" : 474
        }, {
          "x" : 658,
          "y" : 426
        }, {
          "x" : 965,
          "y" : 200
        }, {
          "x" : 2582,
          "y" : 196
        }, {
          "x" : 2582,
          "y" : 614
        } ]
      },
      "source" : {
        "id" : "JuS31f6GAqACHQxe",
        "type" : "ClassView"
      },
      "target" : {
        "id" : "x7rP1f6GAqACHQ26",
        "type" : "ClassView"
      }
    }, {
      "id" : "6WvINf6GAqACHRFy",
      "type" : "RelationView",
      "modelElement" : {
        "id" : "YhlX1f6GAqACHQte",
        "type" : "Relation"
      },
      "shape" : {
        "id" : "6WvINf6GAqACHRFy_path",
        "type" : "Path",
        "points" : [ {
          "x" : 182,
          "y" : 605
        }, {
          "x" : 182,
          "y" : 500
        }, {
          "x" : 271,
          "y" : 500
        } ]
      },
      "source" : {
        "id" : "9BlX1f6GAqACHQtY",
        "type" : "ClassView"
      },
      "target" : {
        "id" : "Uy.X1f6GAqACHQtC",
        "type" : "ClassView"
      }
    }, {
      "id" : "kEl31f6GAqACHQy4",
      "type" : "RelationView",
      "modelElement" : {
        "id" : "YEl31f6GAqACHQyz",
        "type" : "Relation"
      },
      "shape" : {
        "id" : "kEl31f6GAqACHQy4_path",
        "type" : "Path",
        "points" : [ {
          "x" : 1238,
          "y" : 394
        }, {
          "x" : 1238,
          "y" : 443
        }, {
          "x" : 1177,
          "y" : 443
        } ]
      },
      "source" : {
        "id" : "TGp31f6GAqACHQyV",
        "type" : "ClassView"
      },
      "target" : {
        "id" : "L4l31f6GAqACHQyt",
        "type" : "ClassView"
      }
    }, {
      "id" : "9BlX1f6GAqACHQtY",
      "type" : "ClassView",
      "modelElement" : {
        "id" : "9BlX1f6GAqACHQtZ",
        "type" : "Class"
      },
      "shape" : {
        "id" : "9BlX1f6GAqACHQtY_shape",
        "type" : "Rectangle",
        "x" : 142,
        "y" : 606,
        "width" : 80,
        "height" : 40
      }
    }, {
      "id" : "t_m31f6GAqACHQyI",
      "type" : "GeneralizationView",
      "modelElement" : {
        "id" : "V_m31f6GAqACHQyH",
        "type" : "Generalization"
      },
      "shape" : {
        "id" : "t_m31f6GAqACHQyI_path",
        "type" : "Path",
        "points" : [ {
          "x" : 1278,
          "y" : 264
        }, {
          "x" : 1189,
          "y" : 264
        } ]
      },
      "source" : {
        "id" : "QMa31f6GAqACHQx1",
        "type" : "ClassView"
      },
      "target" : {
        "id" : "G_m31f6GAqACHQyB",
        "type" : "ClassView"
      }
    }, {
      "id" : "OIzv1f6GAqACHQ6.",
      "type" : "RelationView",
      "modelElement" : {
        "id" : "6Izv1f6GAqACHQ65",
        "type" : "Relation"
      },
      "shape" : {
        "id" : "OIzv1f6GAqACHQ6._path",
        "type" : "Path",
        "points" : [ {
          "x" : 2303,
          "y" : 635
        }, {
          "x" : 2180,
          "y" : 635
        } ]
      },
      "source" : {
        "id" : "vf9P1f6GAqACHQ2o",
        "type" : "ClassView"
      },
      "target" : {
        "id" : "HqtP1f6GAqACHQ2c",
        "type" : "ClassView"
      }
    }, {
      "id" : "G_m31f6GAqACHQyB",
      "type" : "ClassView",
      "modelElement" : {
        "id" : "G_m31f6GAqACHQyC",
        "type" : "Class"
      },
      "shape" : {
        "id" : "G_m31f6GAqACHQyB_shape",
        "type" : "Rectangle",
        "x" : 1033,
        "y" : 244,
        "width" : 155,
        "height" : 40
      }
    }, {
      "id" : "iL1X1f6GAqACHQt0",
      "type" : "ClassView",
      "modelElement" : {
        "id" : "iL1X1f6GAqACHQt1",
        "type" : "Class"
      },
      "shape" : {
        "id" : "iL1X1f6GAqACHQt0_shape",
        "type" : "Rectangle",
        "x" : 160,
        "y" : 674,
        "width" : 80,
        "height" : 40
      }
    }, {
      "id" : "Ft3X1f6GAqACHQvW",
      "type" : "ClassView",
      "modelElement" : {
        "id" : "Ft3X1f6GAqACHQvX",
        "type" : "Class"
      },
      "shape" : {
        "id" : "Ft3X1f6GAqACHQvW_shape",
        "type" : "Rectangle",
        "x" : 240,
        "y" : 936,
        "width" : 80,
        "height" : 40
      }
    }, {
      "id" : "2pEQNf6GAqACHQ9y",
      "type" : "RelationView",
      "modelElement" : {
        "id" : "oyHgNf6GAqACHQ7z",
        "type" : "Relation"
      },
      "shape" : {
        "id" : "2pEQNf6GAqACHQ9y_path",
        "type" : "Path",
        "points" : [ {
          "x" : 1790,
          "y" : 632
        }, {
          "x" : 1790,
          "y" : 393
        } ]
      },
      "source" : {
        "id" : "CBGP1f6GAqACHQ1o",
        "type" : "ClassView"
      },
      "target" : {
        "id" : "RPqP1f6GAqACHQ1c",
        "type" : "ClassView"
      }
    }, {
      "id" : "R2OP1f6GAqACHQ10",
      "type" : "ClassView",
      "modelElement" : {
        "id" : "R2OP1f6GAqACHQ11",
        "type" : "Class"
      },
      "shape" : {
        "id" : "R2OP1f6GAqACHQ10_shape",
        "type" : "Rectangle",
        "x" : 1718,
        "y" : 736,
        "width" : 129,
        "height" : 40
      }
    }, {
      "id" : "J1s0Nf6GAqACHRS0",
      "type" : "PackageView",
      "modelElement" : {
        "id" : "J1s0Nf6GAqACHRS1",
        "type" : "Package"
      },
      "shape" : {
        "id" : "J1s0Nf6GAqACHRS0_shape",
        "type" : "Rectangle",
        "x" : 1620,
        "y" : 65,
        "width" : 1138,
        "height" : 1065
      }
    }, {
      "id" : "3mbX1f6GAqACHQut",
      "type" : "GeneralizationView",
      "modelElement" : {
        "id" : "HmbX1f6GAqACHQus",
        "type" : "Generalization"
      },
      "shape" : {
        "id" : "3mbX1f6GAqACHQut_path",
        "type" : "Path",
        "points" : [ {
          "x" : 403,
          "y" : 394
        }, {
          "x" : 403,
          "y" : 836
        } ]
      },
      "source" : {
        "id" : "gPGX1f6GAqACHQsf",
        "type" : "ClassView"
      },
      "target" : {
        "id" : "xmbX1f6GAqACHQum",
        "type" : "ClassView"
      }
    }, {
      "id" : "FJEQNf6GAqACHQ9t",
      "type" : "RelationView",
      "modelElement" : {
        "id" : "KgXgNf6GAqACHQ8G",
        "type" : "Relation"
      },
      "shape" : {
        "id" : "FJEQNf6GAqACHQ9t_path",
        "type" : "Path",
        "points" : [ {
          "x" : 1837,
          "y" : 735
        }, {
          "x" : 1837,
          "y" : 393
        } ]
      },
      "source" : {
        "id" : "R2OP1f6GAqACHQ10",
        "type" : "ClassView"
      },
      "target" : {
        "id" : "RPqP1f6GAqACHQ1c",
        "type" : "ClassView"
      }
    }, {
      "id" : "punUNf6GAqACHRSK",
      "type" : "PackageView",
      "modelElement" : {
        "id" : "punUNf6GAqACHRSL",
        "type" : "Package"
      },
      "shape" : {
        "id" : "punUNf6GAqACHRSK_shape",
        "type" : "Rectangle",
        "x" : 82,
        "y" : 66,
        "width" : 811,
        "height" : 1065
      }
    }, {
      "id" : "zxEQNf6GAqACHQ9o",
      "type" : "RelationView",
      "modelElement" : {
        "id" : "jX3gNf6GAqACHQ8d",
        "type" : "Relation"
      },
      "shape" : {
        "id" : "zxEQNf6GAqACHQ9o_path",
        "type" : "Path",
        "points" : [ {
          "x" : 1886,
          "y" : 905
        }, {
          "x" : 1886,
          "y" : 393
        } ]
      },
      "source" : {
        "id" : "k2RP1f6GAqACHQ2A",
        "type" : "ClassView"
      },
      "target" : {
        "id" : "RPqP1f6GAqACHQ1c",
        "type" : "ClassView"
      }
    }, {
      "id" : "fvGv1f6GAqACHQ40",
      "type" : "RelationView",
      "modelElement" : {
        "id" : "HvGv1f6GAqACHQ4v",
        "type" : "Relation"
      },
      "shape" : {
        "id" : "fvGv1f6GAqACHQ40_path",
        "type" : "Path",
        "points" : [ {
          "x" : 2679,
          "y" : 656
        }, {
          "x" : 2679,
          "y" : 757
        } ]
      },
      "source" : {
        "id" : "x7rP1f6GAqACHQ26",
        "type" : "ClassView"
      },
      "target" : {
        "id" : "DKyv1f6GAqACHQ4Z",
        "type" : "ClassView"
      }
    }, {
      "id" : "8Zf31f6GAqACHQ0E",
      "type" : "ClassView",
      "modelElement" : {
        "id" : "8Zf31f6GAqACHQ0F",
        "type" : "Class"
      },
      "shape" : {
        "id" : "8Zf31f6GAqACHQ0E_shape",
        "type" : "Rectangle",
        "x" : 1450,
        "y" : 423,
        "width" : 118,
        "height" : 40
      }
    }, {
      "id" : "uZyINf6GAqACHRDs",
      "type" : "ClassView",
      "modelElement" : {
        "id" : "uZyINf6GAqACHRDt",
        "type" : "Class"
      },
      "shape" : {
        "id" : "uZyINf6GAqACHRDs_shape",
        "type" : "Rectangle",
        "x" : 493,
        "y" : 691,
        "width" : 80,
        "height" : 40
      }
    }, {
      "id" : "vREQNf6GAqACHQ9j",
      "type" : "RelationView",
      "modelElement" : {
        "id" : "wxwQNf6GAqACHQ88",
        "type" : "Relation"
      },
      "shape" : {
        "id" : "vREQNf6GAqACHQ9j_path",
        "type" : "Path",
        "points" : [ {
          "x" : 2083,
          "y" : 932
        }, {
          "x" : 1900,
          "y" : 932
        } ]
      },
      "source" : {
        "id" : "cQQv1f6GAqACHQ3d",
        "type" : "ClassView"
      },
      "target" : {
        "id" : "k2RP1f6GAqACHQ2A",
        "type" : "ClassView"
      }
    }, {
      "id" : "HqtP1f6GAqACHQ2c",
      "type" : "ClassView",
      "modelElement" : {
        "id" : "HqtP1f6GAqACHQ2d",
        "type" : "Class"
      },
      "shape" : {
        "id" : "HqtP1f6GAqACHQ2c_shape",
        "type" : "Rectangle",
        "x" : 2084,
        "y" : 615,
        "width" : 95,
        "height" : 40
      }
    }, {
      "id" : "mI.QNf6GAqACHQ_g",
      "type" : "RelationView",
      "modelElement" : {
        "id" : "yI.QNf6GAqACHQ_b",
        "type" : "Relation"
      },
      "shape" : {
        "id" : "mI.QNf6GAqACHQ_g_path",
        "type" : "Path",
        "points" : [ {
          "x" : 1900,
          "y" : 372
        }, {
          "x" : 2639,
          "y" : 372
        }, {
          "x" : 2639,
          "y" : 614
        } ]
      },
      "source" : {
        "id" : "RPqP1f6GAqACHQ1c",
        "type" : "ClassView"
      },
      "target" : {
        "id" : "x7rP1f6GAqACHQ26",
        "type" : "ClassView"
      }
    }, {
      "id" : "5y.X1f6GAqACHQtJ",
      "type" : "GeneralizationView",
      "modelElement" : {
        "id" : ".y.X1f6GAqACHQtI",
        "type" : "Generalization"
      },
      "shape" : {
        "id" : "5y.X1f6GAqACHQtJ_path",
        "type" : "Path",
        "points" : [ {
          "x" : 367,
          "y" : 394
        }, {
          "x" : 367,
          "y" : 474
        } ]
      },
      "source" : {
        "id" : "gPGX1f6GAqACHQsf",
        "type" : "ClassView"
      },
      "target" : {
        "id" : "Uy.X1f6GAqACHQtC",
        "type" : "ClassView"
      }
    }, {
      "id" : "c0T31f6GAqACHQzU",
      "type" : "RelationView",
      "modelElement" : {
        "id" : "k0T31f6GAqACHQzP",
        "type" : "Relation"
      },
      "shape" : {
        "id" : "c0T31f6GAqACHQzU_path",
        "type" : "Path",
        "points" : [ {
          "x" : 1278,
          "y" : 394
        }, {
          "x" : 1278,
          "y" : 496
        }, {
          "x" : 1177,
          "y" : 496
        } ]
      },
      "source" : {
        "id" : "TGp31f6GAqACHQyV",
        "type" : "ClassView"
      },
      "target" : {
        "id" : "nUT31f6GAqACHQzJ",
        "type" : "ClassView"
      }
    }, {
      "id" : "8mp31f6GAqACHQyg",
      "type" : "RelationView",
      "modelElement" : {
        "id" : "0mp31f6GAqACHQyb",
        "type" : "Relation"
      },
      "shape" : {
        "id" : "8mp31f6GAqACHQyg_path",
        "type" : "Path",
        "points" : [ {
          "x" : 1319,
          "y" : 285
        }, {
          "x" : 1319,
          "y" : 352
        } ]
      },
      "source" : {
        "id" : "QMa31f6GAqACHQx1",
        "type" : "ClassView"
      },
      "target" : {
        "id" : "TGp31f6GAqACHQyV",
        "type" : "ClassView"
      }
    }, {
      "id" : "4ZH31f6GAqACHQzs",
      "type" : "ClassView",
      "modelElement" : {
        "id" : "4ZH31f6GAqACHQzt",
        "type" : "Class"
      },
      "shape" : {
        "id" : "4ZH31f6GAqACHQzs_shape",
        "type" : "Rectangle",
        "x" : 1450,
        "y" : 475,
        "width" : 80,
        "height" : 40
      }
    }, {
      "id" : "RSQoNf6GAqACHRG5",
      "type" : "RelationView",
      "modelElement" : {
        "id" : "eSQoNf6GAqACHRG0",
        "type" : "Relation"
      },
      "shape" : {
        "id" : "RSQoNf6GAqACHRG5_path",
        "type" : "Path",
        "points" : [ {
          "x" : 1419,
          "y" : 373
        }, {
          "x" : 1775,
          "y" : 373
        } ]
      },
      "source" : {
        "id" : "TGp31f6GAqACHQyV",
        "type" : "ClassView"
      },
      "target" : {
        "id" : "RPqP1f6GAqACHQ1c",
        "type" : "ClassView"
      }
    }, {
      "id" : "xmbX1f6GAqACHQum",
      "type" : "ClassView",
      "modelElement" : {
        "id" : "JmbX1f6GAqACHQun",
        "type" : "Class"
      },
      "shape" : {
        "id" : "xmbX1f6GAqACHQum_shape",
        "type" : "Rectangle",
        "x" : 358,
        "y" : 837,
        "width" : 80,
        "height" : 40
      }
    }, {
      "id" : "IevINf6GAqACHRGf",
      "type" : "RelationView",
      "modelElement" : {
        "id" : "67A31f6GAqACHQwY",
        "type" : "Relation"
      },
      "shape" : {
        "id" : "IevINf6GAqACHRGf_path",
        "type" : "Path",
        "points" : [ {
          "x" : 478,
          "y" : 956
        }, {
          "x" : 425,
          "y" : 956
        }, {
          "x" : 425,
          "y" : 878
        } ]
      },
      "source" : {
        "id" : "Y7A31f6GAqACHQwS",
        "type" : "ClassView"
      },
      "target" : {
        "id" : "xmbX1f6GAqACHQum",
        "type" : "ClassView"
      }
    }, {
      "id" : "RPqP1f6GAqACHQ1c",
      "type" : "ClassView",
      "modelElement" : {
        "id" : "xPqP1f6GAqACHQ1d",
        "type" : "Class"
      },
      "shape" : {
        "id" : "RPqP1f6GAqACHQ1c_shape",
        "type" : "Rectangle",
        "x" : 1776,
        "y" : 352,
        "width" : 123,
        "height" : 40
      }
    }, {
      "id" : "Uy.X1f6GAqACHQtC",
      "type" : "ClassView",
      "modelElement" : {
        "id" : "Uy.X1f6GAqACHQtD",
        "type" : "Class"
      },
      "shape" : {
        "id" : "Uy.X1f6GAqACHQtC_shape",
        "type" : "Rectangle",
        "x" : 272,
        "y" : 475,
        "width" : 114,
        "height" : 40
      }
    }, {
      "id" : "k2RP1f6GAqACHQ2A",
      "type" : "ClassView",
      "modelElement" : {
        "id" : "k2RP1f6GAqACHQ2B",
        "type" : "Class"
      },
      "shape" : {
        "id" : "k2RP1f6GAqACHQ2A_shape",
        "type" : "Rectangle",
        "x" : 1768,
        "y" : 906,
        "width" : 131,
        "height" : 40
      }
    }, {
      "id" : "OuvINf6GAqACHRGW",
      "type" : "RelationView",
      "modelElement" : {
        "id" : "tL1X1f6GAqACHQt6",
        "type" : "Relation"
      },
      "shape" : {
        "id" : "OuvINf6GAqACHRGW_path",
        "type" : "Path",
        "points" : [ {
          "x" : 241,
          "y" : 694
        }, {
          "x" : 286,
          "y" : 694
        }, {
          "x" : 286,
          "y" : 516
        } ]
      },
      "source" : {
        "id" : "iL1X1f6GAqACHQt0",
        "type" : "ClassView"
      },
      "target" : {
        "id" : "Uy.X1f6GAqACHQtC",
        "type" : "ClassView"
      }
    }, {
      "id" : "T9coNf6GAqACHRHq",
      "type" : "RelationView",
      "modelElement" : {
        "id" : "V9coNf6GAqACHRHp",
        "type" : "Relation"
      },
      "shape" : {
        "id" : "T9coNf6GAqACHRHq_path",
        "type" : "Path",
        "points" : [ {
          "x" : 1182,
          "y" : 756
        }, {
          "x" : 1230,
          "y" : 394
        } ]
      },
      "source" : {
        "id" : "7mSwNf6GAqACHRBg",
        "type" : "RelationView"
      },
      "target" : {
        "id" : "TGp31f6GAqACHQyV",
        "type" : "ClassView"
      }
    }, {
      "id" : "EyqINf6GAqACHRD4",
      "type" : "ClassView",
      "modelElement" : {
        "id" : "EyqINf6GAqACHRD5",
        "type" : "Class"
      },
      "shape" : {
        "id" : "EyqINf6GAqACHRD4_shape",
        "type" : "Rectangle",
        "x" : 752,
        "y" : 691,
        "width" : 82,
        "height" : 40
      }
    }, {
      "id" : "HWvINf6GAqACHRF4",
      "type" : "RelationView",
      "modelElement" : {
        "id" : "1h7INf6GAqACHRFH",
        "type" : "Relation"
      },
      "shape" : {
        "id" : "HWvINf6GAqACHRF4_path",
        "type" : "Path",
        "points" : [ {
          "x" : 574,
          "y" : 711
        }, {
          "x" : 658,
          "y" : 711
        }, {
          "x" : 658,
          "y" : 607
        } ]
      },
      "source" : {
        "id" : "uZyINf6GAqACHRDs",
        "type" : "ClassView"
      },
      "target" : {
        "id" : "QOc31f6GAqACHQxA",
        "type" : "ClassView"
      }
    }, {
      "id" : "W2vINf6GAqACHRF.",
      "type" : "RelationView",
      "modelElement" : {
        "id" : ".jdX1f6GAqACHQuS",
        "type" : "Relation"
      },
      "shape" : {
        "id" : "W2vINf6GAqACHRF._path",
        "type" : "Path",
        "points" : [ {
          "x" : 307,
          "y" : 757
        }, {
          "x" : 329,
          "y" : 757
        }, {
          "x" : 329,
          "y" : 516
        } ]
      },
      "source" : {
        "id" : "0jdX1f6GAqACHQuM",
        "type" : "ClassView"
      },
      "target" : {
        "id" : "Uy.X1f6GAqACHQtC",
        "type" : "ClassView"
      }
    }, {
      "id" : "0jdX1f6GAqACHQuM",
      "type" : "ClassView",
      "modelElement" : {
        "id" : "0jdX1f6GAqACHQuN",
        "type" : "Class"
      },
      "shape" : {
        "id" : "0jdX1f6GAqACHQuM_shape",
        "type" : "Rectangle",
        "x" : 208,
        "y" : 737,
        "width" : 98,
        "height" : 40
      }
    }, {
      "id" : "aOvINf6GAqACHRGK",
      "type" : "RelationView",
      "modelElement" : {
        "id" : "AvvX1f6GAqACHQv4",
        "type" : "Relation"
      },
      "shape" : {
        "id" : "aOvINf6GAqACHRGK_path",
        "type" : "Path",
        "points" : [ {
          "x" : 398,
          "y" : 1042
        }, {
          "x" : 398,
          "y" : 878
        } ]
      },
      "source" : {
        "id" : "NPvX1f6GAqACHQvy",
        "type" : "ClassView"
      },
      "target" : {
        "id" : "xmbX1f6GAqACHQum",
        "type" : "ClassView"
      }
    }, {
      "id" : "TGp31f6GAqACHQyV",
      "type" : "ClassView",
      "modelElement" : {
        "id" : "zGp31f6GAqACHQyW",
        "type" : "Class"
      },
      "shape" : {
        "id" : "TGp31f6GAqACHQyV_shape",
        "type" : "Rectangle",
        "x" : 1230,
        "y" : 353,
        "width" : 188,
        "height" : 40
      }
    }, {
      "id" : "Y7A31f6GAqACHQwS",
      "type" : "ClassView",
      "modelElement" : {
        "id" : "Y7A31f6GAqACHQwT",
        "type" : "Class"
      },
      "shape" : {
        "id" : "Y7A31f6GAqACHQwS_shape",
        "type" : "Rectangle",
        "x" : 479,
        "y" : 936,
        "width" : 80,
        "height" : 40
      }
    }, {
      "id" : "NCsINf6GAqACHRDc",
      "type" : "RelationView",
      "modelElement" : {
        "id" : "JCsINf6GAqACHRDX",
        "type" : "Relation"
      },
      "shape" : {
        "id" : "NCsINf6GAqACHRDc_path",
        "type" : "Path",
        "points" : [ {
          "x" : 705,
          "y" : 586
        }, {
          "x" : 1705,
          "y" : 586
        }, {
          "x" : 1705,
          "y" : 632
        } ]
      },
      "source" : {
        "id" : "QOc31f6GAqACHQxA",
        "type" : "ClassView"
      },
      "target" : {
        "id" : "CBGP1f6GAqACHQ1o",
        "type" : "ClassView"
      }
    }, {
      "id" : "3WsP1f6GAqACHQ1K",
      "type" : "RelationView",
      "modelElement" : {
        "id" : "rWsP1f6GAqACHQ1F",
        "type" : "Relation"
      },
      "shape" : {
        "id" : "3WsP1f6GAqACHQ1K_path",
        "type" : "Path",
        "points" : [ {
          "x" : 1032,
          "y" : 284
        }, {
          "x" : 450,
          "y" : 353
        } ]
      },
      "source" : {
        "id" : "G_m31f6GAqACHQyB",
        "type" : "ClassView"
      },
      "target" : {
        "id" : "gPGX1f6GAqACHQsf",
        "type" : "ClassView"
      }
    }, {
      "id" : "JuS31f6GAqACHQxe",
      "type" : "ClassView",
      "modelElement" : {
        "id" : "puS31f6GAqACHQxf",
        "type" : "Class"
      },
      "shape" : {
        "id" : "JuS31f6GAqACHQxe_shape",
        "type" : "Rectangle",
        "x" : 613,
        "y" : 475,
        "width" : 91,
        "height" : 40
      }
    }, {
      "id" : "DKyv1f6GAqACHQ4Z",
      "type" : "ClassView",
      "modelElement" : {
        "id" : "DKyv1f6GAqACHQ4a",
        "type" : "Class"
      },
      "shape" : {
        "id" : "DKyv1f6GAqACHQ4Z_shape",
        "type" : "Rectangle",
        "x" : 2631,
        "y" : 758,
        "width" : 96,
        "height" : 40
      }
    }, {
      "id" : "hZH31f6GAqACHQz3",
      "type" : "RelationView",
      "modelElement" : {
        "id" : "uZH31f6GAqACHQzy",
        "type" : "Relation"
      },
      "shape" : {
        "id" : "hZH31f6GAqACHQz3_path",
        "type" : "Path",
        "points" : [ {
          "x" : 1355,
          "y" : 394
        }, {
          "x" : 1355,
          "y" : 495
        }, {
          "x" : 1449,
          "y" : 495
        } ]
      },
      "source" : {
        "id" : "TGp31f6GAqACHQyV",
        "type" : "ClassView"
      },
      "target" : {
        "id" : "4ZH31f6GAqACHQzs",
        "type" : "ClassView"
      }
    }, {
      "id" : "vf9P1f6GAqACHQ2o",
      "type" : "ClassView",
      "modelElement" : {
        "id" : "vf9P1f6GAqACHQ2p",
        "type" : "Class"
      },
      "shape" : {
        "id" : "vf9P1f6GAqACHQ2o_shape",
        "type" : "Rectangle",
        "x" : 2304,
        "y" : 615,
        "width" : 123,
        "height" : 40
      }
    }, {
      "id" : "ETK31f6GAqACHQxr",
      "type" : "GeneralizationView",
      "modelElement" : {
        "id" : "QTK31f6GAqACHQxq",
        "type" : "Generalization"
      },
      "shape" : {
        "id" : "ETK31f6GAqACHQxr_path",
        "type" : "Path",
        "points" : [ {
          "x" : 658,
          "y" : 516
        }, {
          "x" : 658,
          "y" : 565
        } ]
      },
      "source" : {
        "id" : "JuS31f6GAqACHQxe",
        "type" : "ClassView"
      },
      "target" : {
        "id" : "QOc31f6GAqACHQxA",
        "type" : "ClassView"
      }
    }, {
      "id" : "iK_UNf6GAqACHRSR",
      "type" : "PackageView",
      "modelElement" : {
        "id" : "NZzUNf6GAqACHRR9",
        "type" : "Package"
      },
      "shape" : {
        "id" : "iK_UNf6GAqACHRSR_shape",
        "type" : "Rectangle",
        "x" : 898,
        "y" : 66,
        "width" : 717,
        "height" : 1065
      }
    }, {
      "id" : "CBGP1f6GAqACHQ1o",
      "type" : "ClassView",
      "modelElement" : {
        "id" : "iBGP1f6GAqACHQ1p",
        "type" : "Class"
      },
      "shape" : {
        "id" : "CBGP1f6GAqACHQ1o_shape",
        "type" : "Rectangle",
        "x" : 1678,
        "y" : 633,
        "width" : 134,
        "height" : 40
      }
    }, {
      "id" : "gPGX1f6GAqACHQsf",
      "type" : "ClassView",
      "modelElement" : {
        "id" : "QPGX1f6GAqACHQsg",
        "type" : "Class"
      },
      "shape" : {
        "id" : "gPGX1f6GAqACHQsf_shape",
        "type" : "Rectangle",
        "x" : 358,
        "y" : 353,
        "width" : 91,
        "height" : 40
      }
    }, {
      "id" : "7mSwNf6GAqACHRBg",
      "type" : "RelationView",
      "modelElement" : {
        "id" : "TmSwNf6GAqACHRBb",
        "type" : "Relation"
      },
      "shape" : {
        "id" : "7mSwNf6GAqACHRBg_path",
        "type" : "Path",
        "points" : [ {
          "x" : 367,
          "y" : 516
        }, {
          "x" : 367,
          "y" : 756
        }, {
          "x" : 1717,
          "y" : 756
        } ]
      },
      "source" : {
        "id" : "Uy.X1f6GAqACHQtC",
        "type" : "ClassView"
      },
      "target" : {
        "id" : "R2OP1f6GAqACHQ10",
        "type" : "ClassView"
      }
    }, {
      "id" : "QOc31f6GAqACHQxA",
      "type" : "ClassView",
      "modelElement" : {
        "id" : "QOc31f6GAqACHQxB",
        "type" : "Class"
      },
      "shape" : {
        "id" : "QOc31f6GAqACHQxA_shape",
        "type" : "Rectangle",
        "x" : 612,
        "y" : 566,
        "width" : 92,
        "height" : 40
      }
    }, {
      "id" : "x7rP1f6GAqACHQ26",
      "type" : "ClassView",
      "modelElement" : {
        "id" : "x7rP1f6GAqACHQ27",
        "type" : "Class"
      },
      "shape" : {
        "id" : "x7rP1f6GAqACHQ26_shape",
        "type" : "Rectangle",
        "x" : 2552,
        "y" : 615,
        "width" : 175,
        "height" : 40
      }
    }, {
      "id" : "R.UP1f6GAqACHQ01",
      "type" : "RelationView",
      "modelElement" : {
        "id" : "u.UP1f6GAqACHQ0w",
        "type" : "Relation"
      },
      "shape" : {
        "id" : "R.UP1f6GAqACHQ01_path",
        "type" : "Path",
        "points" : [ {
          "x" : 1229,
          "y" : 373
        }, {
          "x" : 450,
          "y" : 373
        } ]
      },
      "source" : {
        "id" : "TGp31f6GAqACHQyV",
        "type" : "ClassView"
      },
      "target" : {
        "id" : "gPGX1f6GAqACHQsf",
        "type" : "ClassView"
      }
    }, {
      "id" : "tkjv1f6GAqACHQ6r",
      "type" : "RelationView",
      "modelElement" : {
        "id" : "Fkjv1f6GAqACHQ6m",
        "type" : "Relation"
      },
      "shape" : {
        "id" : "tkjv1f6GAqACHQ6r_path",
        "type" : "Path",
        "points" : [ {
          "x" : 2551,
          "y" : 635
        }, {
          "x" : 2428,
          "y" : 635
        } ]
      },
      "source" : {
        "id" : "x7rP1f6GAqACHQ26",
        "type" : "ClassView"
      },
      "target" : {
        "id" : "vf9P1f6GAqACHQ2o",
        "type" : "ClassView"
      }
    }, {
      "id" : "QMa31f6GAqACHQx1",
      "type" : "ClassView",
      "modelElement" : {
        "id" : "QMa31f6GAqACHQx2",
        "type" : "Class"
      },
      "shape" : {
        "id" : "QMa31f6GAqACHQx1_shape",
        "type" : "Rectangle",
        "x" : 1279,
        "y" : 244,
        "width" : 91,
        "height" : 40
      }
    }, {
      "id" : "ZZf31f6GAqACHQ0P",
      "type" : "RelationView",
      "modelElement" : {
        "id" : "xZf31f6GAqACHQ0K",
        "type" : "Relation"
      },
      "shape" : {
        "id" : "ZZf31f6GAqACHQ0P_path",
        "type" : "Path",
        "points" : [ {
          "x" : 1386,
          "y" : 394
        }, {
          "x" : 1386,
          "y" : 443
        }, {
          "x" : 1449,
          "y" : 443
        } ]
      },
      "source" : {
        "id" : "TGp31f6GAqACHQyV",
        "type" : "ClassView"
      },
      "target" : {
        "id" : "8Zf31f6GAqACHQ0E",
        "type" : "ClassView"
      }
    }, {
      "id" : "UZEQNf6GAqACHQ93",
      "type" : "RelationView",
      "modelElement" : {
        "id" : "UWbgNf6GAqACHQ7c",
        "type" : "Relation"
      },
      "shape" : {
        "id" : "UZEQNf6GAqACHQ93_path",
        "type" : "Path",
        "points" : [ {
          "x" : 2083,
          "y" : 649
        }, {
          "x" : 1813,
          "y" : 649
        } ]
      },
      "source" : {
        "id" : "HqtP1f6GAqACHQ2c",
        "type" : "ClassView"
      },
      "target" : {
        "id" : "CBGP1f6GAqACHQ1o",
        "type" : "ClassView"
      }
    }, {
      "id" : "tsWv1f6GAqACHQ5H",
      "type" : "RelationView",
      "modelElement" : {
        "id" : "5sWv1f6GAqACHQ5C",
        "type" : "Relation"
      },
      "shape" : {
        "id" : "tsWv1f6GAqACHQ5H_path",
        "type" : "Path",
        "points" : [ {
          "x" : 2582,
          "y" : 656
        }, {
          "x" : 2582,
          "y" : 901
        } ]
      },
      "source" : {
        "id" : "x7rP1f6GAqACHQ26",
        "type" : "ClassView"
      },
      "target" : {
        "id" : "8siv1f6GAqACHQ4N",
        "type" : "ClassView"
      }
    }, {
      "id" : "kA4wNf6GAqACHRAy",
      "type" : "RelationView",
      "modelElement" : {
        "id" : "IA4wNf6GAqACHRAt",
        "type" : "Relation"
      },
      "shape" : {
        "id" : "kA4wNf6GAqACHRAy_path",
        "type" : "Path",
        "points" : [ {
          "x" : 439,
          "y" : 857
        }, {
          "x" : 1790,
          "y" : 857
        }, {
          "x" : 1790,
          "y" : 905
        } ]
      },
      "source" : {
        "id" : "xmbX1f6GAqACHQum",
        "type" : "ClassView"
      },
      "target" : {
        "id" : "k2RP1f6GAqACHQ2A",
        "type" : "ClassView"
      }
    }, {
      "id" : "1o.v1f6GAqACHQ5r",
      "type" : "RelationView",
      "modelElement" : {
        "id" : "po.v1f6GAqACHQ5m",
        "type" : "Relation"
      },
      "shape" : {
        "id" : "1o.v1f6GAqACHQ5r_path",
        "type" : "Path",
        "points" : [ {
          "x" : 2651,
          "y" : 799
        }, {
          "x" : 2651,
          "y" : 901
        } ]
      },
      "source" : {
        "id" : "DKyv1f6GAqACHQ4Z",
        "type" : "ClassView"
      },
      "target" : {
        "id" : "8siv1f6GAqACHQ4N",
        "type" : "ClassView"
      }
    } ]
  } ]
}