{
  "id" : "wPLhPn6GAqAAbxA0",
  "name" : "ontology",
  "description" : null,
  "type" : "Project",
  "model" : {
    "id" : "wPLhPn6GAqAAbxA0_root",
    "name" : "ontology",
    "description" : null,
    "type" : "Package",
    "propertyAssignments" : null,
    "contents" : [ {
      "id" : "U26RPn6GAqAAbxQg",
      "name" : "Reasoning",
      "description" : null,
      "type" : "Class",
      "propertyAssignments" : null,
      "stereotype" : "mode",
      "isAbstract" : false,
      "isDerived" : false,
      "properties" : null,
      "isExtensional" : null,
      "isPowertype" : null,
      "order" : null,
      "literals" : null,
      "restrictedTo" : [ "intrinsic-mode" ]
    }, {
      "id" : "1lGRPn6GAqAAbxQr",
      "name" : "Person",
      "description" : null,
      "type" : "Class",
      "propertyAssignments" : null,
      "stereotype" : "mode",
      "isAbstract" : false,
      "isDerived" : false,
      "properties" : null,
      "isExtensional" : null,
      "isPowertype" : null,
      "order" : null,
      "literals" : null,
      "restrictedTo" : [ "intrinsic-mode" ]
    }, {
      "id" : "JWmRPn6GAqAAbxQ2",
      "name" : "Theoretical",
      "description" : null,
      "type" : "Class",
      "propertyAssignments" : null,
      "stereotype" : "mode",
      "isAbstract" : false,
      "isDerived" : false,
      "properties" : null,
      "isExtensional" : null,
      "isPowertype" : null,
      "order" : null,
      "literals" : null,
      "restrictedTo" : [ "intrinsic-mode" ]
    }, {
      "id" : "auWRPn6GAqAAbxRB",
      "name" : "Experimental",
      "description" : null,
      "type" : "Class",
      "propertyAssignments" : null,
      "stereotype" : "mode",
      "isAbstract" : false,
      "isDerived" : false,
      "properties" : null,
      "isExtensional" : null,
      "isPowertype" : null,
      "order" : null,
      "literals" : null,
      "restrictedTo" : [ "intrinsic-mode" ]
    }, {
      "id" : "GV2RPn6GAqAAbxRM",
      "name" : "Inductive",
      "description" : null,
      "type" : "Class",
      "propertyAssignments" : null,
      "stereotype" : "kind",
      "isAbstract" : false,
      "isDerived" : false,
      "properties" : null,
      "isExtensional" : null,
      "isPowertype" : null,
      "order" : null,
      "literals" : null,
      "restrictedTo" : [ "functional-complex" ]
    }, {
      "id" : "SjORPn6GAqAAbxRX",
      "name" : "Deductive",
      "description" : null,
      "type" : "Class",
      "propertyAssignments" : null,
      "stereotype" : "kind",
      "isAbstract" : false,
      "isDerived" : false,
      "properties" : null,
      "isExtensional" : null,
      "isPowertype" : null,
      "order" : null,
      "literals" : null,
      "restrictedTo" : [ "functional-complex" ]
    }, {
      "id" : "f1eRPn6GAqAAbxRi",
      "name" : "Conclusion",
      "description" : null,
      "type" : "Class",
      "propertyAssignments" : null,
      "stereotype" : "kind",
      "isAbstract" : false,
      "isDerived" : false,
      "properties" : null,
      "isExtensional" : null,
      "isPowertype" : null,
      "order" : null,
      "literals" : null,
      "restrictedTo" : [ "functional-complex" ]
    }, {
      "id" : "p1BRPn6GAqAAbxRt",
      "name" : "Experiment",
      "description" : null,
      "type" : "Class",
      "propertyAssignments" : null,
      "stereotype" : "kind",
      "isAbstract" : false,
      "isDerived" : false,
      "properties" : null,
      "isExtensional" : null,
      "isPowertype" : null,
      "order" : null,
      "literals" : null,
      "restrictedTo" : [ "functional-complex" ]
    }, {
      "id" : "SHhRPn6GAqAAbxR4",
      "name" : "Goal",
      "description" : null,
      "type" : "Class",
      "propertyAssignments" : null,
      "stereotype" : "kind",
      "isAbstract" : false,
      "isDerived" : false,
      "properties" : null,
      "isExtensional" : null,
      "isPowertype" : null,
      "order" : null,
      "literals" : null,
      "restrictedTo" : [ "functional-complex" ]
    }, {
      "id" : "JQxRPn6GAqAAbxSD",
      "name" : "Hypothesis",
      "description" : null,
      "type" : "Class",
      "propertyAssignments" : null,
      "stereotype" : "kind",
      "isAbstract" : false,
      "isDerived" : false,
      "properties" : null,
      "isExtensional" : null,
      "isPowertype" : null,
      "order" : null,
      "literals" : null,
      "restrictedTo" : [ "functional-complex" ]
    }, {
      "id" : "Q6JRPn6GAqAAbxSO",
      "name" : "Problem",
      "description" : null,
      "type" : "Class",
      "propertyAssignments" : null,
      "stereotype" : "kind",
      "isAbstract" : false,
      "isDerived" : false,
      "properties" : null,
      "isExtensional" : null,
      "isPowertype" : null,
      "order" : null,
      "literals" : null,
      "restrictedTo" : [ "functional-complex" ]
    }, {
      "id" : "QTpRPn6GAqAAbxSZ",
      "name" : "Precedent",
      "description" : null,
      "type" : "Class",
      "propertyAssignments" : null,
      "stereotype" : "kind",
      "isAbstract" : false,
      "isDerived" : false,
      "properties" : null,
      "isExtensional" : null,
      "isPowertype" : null,
      "order" : null,
      "literals" : null,
      "restrictedTo" : [ "functional-complex" ]
    }, {
      "id" : "iHZRPn6GAqAAbxSk",
      "name" : "Report",
      "description" : null,
      "type" : "Class",
      "propertyAssignments" : null,
      "stereotype" : "kind",
      "isAbstract" : false,
      "isDerived" : false,
      "properties" : null,
      "isExtensional" : null,
      "isPowertype" : null,
      "order" : null,
      "literals" : null,
      "restrictedTo" : [ "functional-complex" ]
    }, {
      "id" : "78FRPn6GAqAAbxSz",
      "name" : "Outcome",
      "description" : null,
      "type" : "Class",
      "propertyAssignments" : null,
      "stereotype" : "kind",
      "isAbstract" : false,
      "isDerived" : false,
      "properties" : null,
      "isExtensional" : null,
      "isPowertype" : null,
      "order" : null,
      "literals" : null,
      "restrictedTo" : [ "functional-complex" ]
    }, {
      "id" : "zSlRPn6GAqAAbxS.",
      "name" : "Reference",
      "description" : null,
      "type" : "Class",
      "propertyAssignments" : null,
      "stereotype" : "kind",
      "isAbstract" : false,
      "isDerived" : false,
      "properties" : null,
      "isExtensional" : null,
      "isPowertype" : null,
      "order" : null,
      "literals" : null,
      "restrictedTo" : [ "functional-complex" ]
    }, {
      "id" : "_RVRPn6GAqAAbxTJ",
      "name" : "Result",
      "description" : null,
      "type" : "Class",
      "propertyAssignments" : null,
      "stereotype" : "kind",
      "isAbstract" : false,
      "isDerived" : false,
      "properties" : null,
      "isExtensional" : null,
      "isPowertype" : null,
      "order" : null,
      "literals" : null,
      "restrictedTo" : [ "functional-complex" ]
    }, {
      "id" : "Q61RPn6GAqAAbxTU",
      "name" : "Measure",
      "description" : null,
      "type" : "Class",
      "propertyAssignments" : null,
      "stereotype" : "kind",
      "isAbstract" : false,
      "isDerived" : false,
      "properties" : null,
      "isExtensional" : null,
      "isPowertype" : null,
      "order" : null,
      "literals" : null,
      "restrictedTo" : [ "functional-complex" ]
    }, {
      "id" : "7wtRPn6GAqAAbxTf",
      "name" : "Context",
      "description" : null,
      "type" : "Class",
      "propertyAssignments" : null,
      "stereotype" : "kind",
      "isAbstract" : false,
      "isDerived" : false,
      "properties" : null,
      "isExtensional" : null,
      "isPowertype" : null,
      "order" : null,
      "literals" : null,
      "restrictedTo" : [ "functional-complex" ]
    }, {
      "id" : "8AdRPn6GAqAAbxTq",
      "name" : "InitialDate",
      "description" : null,
      "type" : "Class",
      "propertyAssignments" : null,
      "stereotype" : "datatype",
      "isAbstract" : false,
      "isDerived" : false,
      "properties" : null,
      "isExtensional" : null,
      "isPowertype" : null,
      "order" : null,
      "literals" : null,
      "restrictedTo" : [ "abstract" ]
    }, {
      "id" : "Zy9RPn6GAqAAbxT1",
      "name" : "EndDate",
      "description" : null,
      "type" : "Class",
      "propertyAssignments" : null,
      "stereotype" : "datatype",
      "isAbstract" : false,
      "isDerived" : false,
      "properties" : null,
      "isExtensional" : null,
      "isPowertype" : null,
      "order" : null,
      "literals" : null,
      "restrictedTo" : [ "abstract" ]
    }, {
      "id" : "UqDRPn6GAqAAbxUA",
      "name" : "Location",
      "description" : null,
      "type" : "Class",
      "propertyAssignments" : null,
      "stereotype" : "kind",
      "isAbstract" : false,
      "isDerived" : false,
      "properties" : null,
      "isExtensional" : null,
      "isPowertype" : null,
      "order" : null,
      "literals" : null,
      "restrictedTo" : [ "functional-complex" ]
    }, {
      "id" : "JcjRPn6GAqAAbxUL",
      "name" : "Group",
      "description" : null,
      "type" : "Class",
      "propertyAssignments" : null,
      "stereotype" : "collective",
      "isAbstract" : false,
      "isDerived" : false,
      "properties" : null,
      "isExtensional" : false,
      "isPowertype" : null,
      "order" : null,
      "literals" : null,
      "restrictedTo" : [ "collective" ]
    }, {
      "id" : "ppgxPn6GAqAAbxVs",
      "name" : null,
      "description" : null,
      "type" : "Relation",
      "propertyAssignments" : null,
      "stereotype" : "characterization",
      "isAbstract" : false,
      "isDerived" : false,
      "properties" : [ {
        "id" : "ppgxPn6GAqAAbxVt",
        "name" : "",
        "description" : null,
        "type" : "Property",
        "propertyAssignments" : null,
        "stereotype" : null,
        "isDerived" : false,
        "isReadOnly" : false,
        "isOrdered" : false,
        "cardinality" : "1",
        "propertyType" : {
          "id" : "U26RPn6GAqAAbxQg",
          "type" : "Class"
        },
        "subsettedProperties" : null,
        "redefinedProperties" : null,
        "aggregationKind" : "NONE"
      }, {
        "id" : "ppgxPn6GAqAAbxVv",
        "name" : null,
        "description" : null,
        "type" : "Property",
        "propertyAssignments" : null,
        "stereotype" : null,
        "isDerived" : false,
        "isReadOnly" : true,
        "isOrdered" : false,
        "cardinality" : "1",
        "propertyType" : {
          "id" : "1lGRPn6GAqAAbxQr",
          "type" : "Class"
        },
        "subsettedProperties" : null,
        "redefinedProperties" : null,
        "aggregationKind" : "NONE"
      } ]
    }, {
      "id" : "ua4JPn6GAqAAbxWz",
      "name" : null,
      "description" : null,
      "type" : "Relation",
      "propertyAssignments" : null,
      "stereotype" : "Formal",
      "isAbstract" : false,
      "isDerived" : false,
      "properties" : [ {
        "id" : "ua4JPn6GAqAAbxW0",
        "name" : null,
        "description" : null,
        "type" : "Property",
        "propertyAssignments" : null,
        "stereotype" : null,
        "isDerived" : false,
        "isReadOnly" : false,
        "isOrdered" : false,
        "cardinality" : "1",
        "propertyType" : {
          "id" : "U26RPn6GAqAAbxQg",
          "type" : "Class"
        },
        "subsettedProperties" : null,
        "redefinedProperties" : null,
        "aggregationKind" : "NONE"
      }, {
        "id" : "ua4JPn6GAqAAbxW2",
        "name" : null,
        "description" : null,
        "type" : "Property",
        "propertyAssignments" : null,
        "stereotype" : null,
        "isDerived" : false,
        "isReadOnly" : false,
        "isOrdered" : false,
        "cardinality" : "1",
        "propertyType" : {
          "id" : "JWmRPn6GAqAAbxQ2",
          "type" : "Class"
        },
        "subsettedProperties" : null,
        "redefinedProperties" : null,
        "aggregationKind" : "NONE"
      } ]
    }, {
      "id" : "3f4JPn6GAqAAbxXG",
      "name" : null,
      "description" : null,
      "type" : "Relation",
      "propertyAssignments" : null,
      "stereotype" : "Formal",
      "isAbstract" : false,
      "isDerived" : false,
      "properties" : [ {
        "id" : "Pf4JPn6GAqAAbxXH",
        "name" : null,
        "description" : null,
        "type" : "Property",
        "propertyAssignments" : null,
        "stereotype" : null,
        "isDerived" : false,
        "isReadOnly" : false,
        "isOrdered" : false,
        "cardinality" : "1",
        "propertyType" : {
          "id" : "U26RPn6GAqAAbxQg",
          "type" : "Class"
        },
        "subsettedProperties" : null,
        "redefinedProperties" : null,
        "aggregationKind" : "NONE"
      }, {
        "id" : "Pf4JPn6GAqAAbxXJ",
        "name" : null,
        "description" : null,
        "type" : "Property",
        "propertyAssignments" : null,
        "stereotype" : null,
        "isDerived" : false,
        "isReadOnly" : false,
        "isOrdered" : false,
        "cardinality" : "1",
        "propertyType" : {
          "id" : "auWRPn6GAqAAbxRB",
          "type" : "Class"
        },
        "subsettedProperties" : null,
        "redefinedProperties" : null,
        "aggregationKind" : "NONE"
      } ]
    }, {
      "id" : "49kJPn6GAqAAbxXd",
      "name" : null,
      "description" : null,
      "type" : "Relation",
      "propertyAssignments" : null,
      "stereotype" : "Formal",
      "isAbstract" : false,
      "isDerived" : false,
      "properties" : [ {
        "id" : "49kJPn6GAqAAbxXe",
        "name" : null,
        "description" : null,
        "type" : "Property",
        "propertyAssignments" : null,
        "stereotype" : null,
        "isDerived" : false,
        "isReadOnly" : false,
        "isOrdered" : false,
        "cardinality" : "1",
        "propertyType" : {
          "id" : "auWRPn6GAqAAbxRB",
          "type" : "Class"
        },
        "subsettedProperties" : null,
        "redefinedProperties" : null,
        "aggregationKind" : "NONE"
      }, {
        "id" : "49kJPn6GAqAAbxXg",
        "name" : null,
        "description" : null,
        "type" : "Property",
        "propertyAssignments" : null,
        "stereotype" : null,
        "isDerived" : false,
        "isReadOnly" : false,
        "isOrdered" : false,
        "cardinality" : "1",
        "propertyType" : {
          "id" : "GV2RPn6GAqAAbxRM",
          "type" : "Class"
        },
        "subsettedProperties" : null,
        "redefinedProperties" : null,
        "aggregationKind" : "NONE"
      } ]
    }, {
      "id" : "kOUJPn6GAqAAbxXw",
      "name" : null,
      "description" : null,
      "type" : "Relation",
      "propertyAssignments" : null,
      "stereotype" : "Formal",
      "isAbstract" : false,
      "isDerived" : false,
      "properties" : [ {
        "id" : "kOUJPn6GAqAAbxXx",
        "name" : null,
        "description" : null,
        "type" : "Property",
        "propertyAssignments" : null,
        "stereotype" : null,
        "isDerived" : false,
        "isReadOnly" : false,
        "isOrdered" : false,
        "cardinality" : "1",
        "propertyType" : {
          "id" : "auWRPn6GAqAAbxRB",
          "type" : "Class"
        },
        "subsettedProperties" : null,
        "redefinedProperties" : null,
        "aggregationKind" : "NONE"
      }, {
        "id" : "kOUJPn6GAqAAbxXz",
        "name" : null,
        "description" : null,
        "type" : "Property",
        "propertyAssignments" : null,
        "stereotype" : null,
        "isDerived" : false,
        "isReadOnly" : false,
        "isOrdered" : false,
        "cardinality" : "1",
        "propertyType" : {
          "id" : "SjORPn6GAqAAbxRX",
          "type" : "Class"
        },
        "subsettedProperties" : null,
        "redefinedProperties" : null,
        "aggregationKind" : "NONE"
      } ]
    }, {
      "id" : "my5JPn6GAqAAbxaO",
      "name" : null,
      "description" : null,
      "type" : "Relation",
      "propertyAssignments" : null,
      "stereotype" : "Formal",
      "isAbstract" : false,
      "isDerived" : false,
      "properties" : [ {
        "id" : "my5JPn6GAqAAbxaP",
        "name" : null,
        "description" : null,
        "type" : "Property",
        "propertyAssignments" : null,
        "stereotype" : null,
        "isDerived" : false,
        "isReadOnly" : false,
        "isOrdered" : false,
        "cardinality" : "1",
        "propertyType" : {
          "id" : "SjORPn6GAqAAbxRX",
          "type" : "Class"
        },
        "subsettedProperties" : null,
        "redefinedProperties" : null,
        "aggregationKind" : "NONE"
      }, {
        "id" : "my5JPn6GAqAAbxaR",
        "name" : null,
        "description" : null,
        "type" : "Property",
        "propertyAssignments" : null,
        "stereotype" : null,
        "isDerived" : false,
        "isReadOnly" : false,
        "isOrdered" : false,
        "cardinality" : "1",
        "propertyType" : {
          "id" : "f1eRPn6GAqAAbxRi",
          "type" : "Class"
        },
        "subsettedProperties" : null,
        "redefinedProperties" : null,
        "aggregationKind" : "NONE"
      } ]
    }, {
      "id" : "cQFJPn6GAqAAbxah",
      "name" : null,
      "description" : null,
      "type" : "Relation",
      "propertyAssignments" : null,
      "stereotype" : "Formal",
      "isAbstract" : false,
      "isDerived" : false,
      "properties" : [ {
        "id" : "cQFJPn6GAqAAbxai",
        "name" : null,
        "description" : null,
        "type" : "Property",
        "propertyAssignments" : null,
        "stereotype" : null,
        "isDerived" : false,
        "isReadOnly" : false,
        "isOrdered" : false,
        "cardinality" : "1",
        "propertyType" : {
          "id" : "GV2RPn6GAqAAbxRM",
          "type" : "Class"
        },
        "subsettedProperties" : null,
        "redefinedProperties" : null,
        "aggregationKind" : "NONE"
      }, {
        "id" : "cQFJPn6GAqAAbxak",
        "name" : null,
        "description" : null,
        "type" : "Property",
        "propertyAssignments" : null,
        "stereotype" : null,
        "isDerived" : false,
        "isReadOnly" : false,
        "isOrdered" : false,
        "cardinality" : "1",
        "propertyType" : {
          "id" : "f1eRPn6GAqAAbxRi",
          "type" : "Class"
        },
        "subsettedProperties" : null,
        "redefinedProperties" : null,
        "aggregationKind" : "NONE"
      } ]
    }, {
      "id" : "XarJPn6GAqAAbxbt",
      "name" : null,
      "description" : null,
      "type" : "Relation",
      "propertyAssignments" : null,
      "stereotype" : "componentOf",
      "isAbstract" : false,
      "isDerived" : false,
      "properties" : [ {
        "id" : "XarJPn6GAqAAbxbu",
        "name" : null,
        "description" : null,
        "type" : "Property",
        "propertyAssignments" : null,
        "stereotype" : null,
        "isDerived" : false,
        "isReadOnly" : false,
        "isOrdered" : false,
        "cardinality" : "2..*",
        "propertyType" : {
          "id" : "Q6JRPn6GAqAAbxSO",
          "type" : "Class"
        },
        "subsettedProperties" : null,
        "redefinedProperties" : null,
        "aggregationKind" : "NONE"
      }, {
        "id" : "XarJPn6GAqAAbxbw",
        "name" : null,
        "description" : null,
        "type" : "Property",
        "propertyAssignments" : null,
        "stereotype" : null,
        "isDerived" : false,
        "isReadOnly" : false,
        "isOrdered" : false,
        "cardinality" : "1",
        "propertyType" : {
          "id" : "f1eRPn6GAqAAbxRi",
          "type" : "Class"
        },
        "subsettedProperties" : null,
        "redefinedProperties" : null,
        "aggregationKind" : "COMPOSITE"
      } ]
    }, {
      "id" : "v6ApPn6GAqAAbxcg",
      "name" : null,
      "description" : null,
      "type" : "Relation",
      "propertyAssignments" : null,
      "stereotype" : "componentOf",
      "isAbstract" : false,
      "isDerived" : false,
      "properties" : [ {
        "id" : "v6ApPn6GAqAAbxch",
        "name" : null,
        "description" : null,
        "type" : "Property",
        "propertyAssignments" : null,
        "stereotype" : null,
        "isDerived" : false,
        "isReadOnly" : false,
        "isOrdered" : false,
        "cardinality" : "2..*",
        "propertyType" : {
          "id" : "Q6JRPn6GAqAAbxSO",
          "type" : "Class"
        },
        "subsettedProperties" : null,
        "redefinedProperties" : null,
        "aggregationKind" : "NONE"
      }, {
        "id" : "f6ApPn6GAqAAbxcj",
        "name" : null,
        "description" : null,
        "type" : "Property",
        "propertyAssignments" : null,
        "stereotype" : null,
        "isDerived" : false,
        "isReadOnly" : false,
        "isOrdered" : false,
        "cardinality" : "1",
        "propertyType" : {
          "id" : "p1BRPn6GAqAAbxRt",
          "type" : "Class"
        },
        "subsettedProperties" : null,
        "redefinedProperties" : null,
        "aggregationKind" : "COMPOSITE"
      } ]
    }, {
      "id" : "9pEpPn6GAqAAbxdM",
      "name" : null,
      "description" : null,
      "type" : "Relation",
      "propertyAssignments" : null,
      "stereotype" : "Formal",
      "isAbstract" : false,
      "isDerived" : false,
      "properties" : [ {
        "id" : "9pEpPn6GAqAAbxdN",
        "name" : null,
        "description" : null,
        "type" : "Property",
        "propertyAssignments" : null,
        "stereotype" : null,
        "isDerived" : false,
        "isReadOnly" : false,
        "isOrdered" : false,
        "cardinality" : "1",
        "propertyType" : {
          "id" : "GV2RPn6GAqAAbxRM",
          "type" : "Class"
        },
        "subsettedProperties" : null,
        "redefinedProperties" : null,
        "aggregationKind" : "NONE"
      }, {
        "id" : "9pEpPn6GAqAAbxdP",
        "name" : null,
        "description" : null,
        "type" : "Property",
        "propertyAssignments" : null,
        "stereotype" : null,
        "isDerived" : false,
        "isReadOnly" : false,
        "isOrdered" : false,
        "cardinality" : "1",
        "propertyType" : {
          "id" : "Q6JRPn6GAqAAbxSO",
          "type" : "Class"
        },
        "subsettedProperties" : null,
        "redefinedProperties" : null,
        "aggregationKind" : "NONE"
      } ]
    }, {
      "id" : "7YSpPn6GAqAAbxeV",
      "name" : null,
      "description" : null,
      "type" : "Relation",
      "propertyAssignments" : null,
      "stereotype" : "componentOf",
      "isAbstract" : false,
      "isDerived" : false,
      "properties" : [ {
        "id" : "7YSpPn6GAqAAbxeW",
        "name" : null,
        "description" : null,
        "type" : "Property",
        "propertyAssignments" : null,
        "stereotype" : null,
        "isDerived" : false,
        "isReadOnly" : false,
        "isOrdered" : false,
        "cardinality" : "2..*",
        "propertyType" : {
          "id" : "Q6JRPn6GAqAAbxSO",
          "type" : "Class"
        },
        "subsettedProperties" : null,
        "redefinedProperties" : null,
        "aggregationKind" : "NONE"
      }, {
        "id" : "7YSpPn6GAqAAbxeY",
        "name" : null,
        "description" : null,
        "type" : "Property",
        "propertyAssignments" : null,
        "stereotype" : null,
        "isDerived" : false,
        "isReadOnly" : false,
        "isOrdered" : false,
        "cardinality" : "1",
        "propertyType" : {
          "id" : "JQxRPn6GAqAAbxSD",
          "type" : "Class"
        },
        "subsettedProperties" : null,
        "redefinedProperties" : null,
        "aggregationKind" : "COMPOSITE"
      } ]
    }, {
      "id" : "z5GpPn6GAqAAbxfN",
      "name" : null,
      "description" : null,
      "type" : "Relation",
      "propertyAssignments" : null,
      "stereotype" : "componentOf",
      "isAbstract" : false,
      "isDerived" : false,
      "properties" : [ {
        "id" : "z5GpPn6GAqAAbxfO",
        "name" : null,
        "description" : null,
        "type" : "Property",
        "propertyAssignments" : null,
        "stereotype" : null,
        "isDerived" : false,
        "isReadOnly" : false,
        "isOrdered" : false,
        "cardinality" : "1..*",
        "propertyType" : {
          "id" : "JQxRPn6GAqAAbxSD",
          "type" : "Class"
        },
        "subsettedProperties" : null,
        "redefinedProperties" : null,
        "aggregationKind" : "NONE"
      }, {
        "id" : "z5GpPn6GAqAAbxfQ",
        "name" : null,
        "description" : null,
        "type" : "Property",
        "propertyAssignments" : null,
        "stereotype" : null,
        "isDerived" : false,
        "isReadOnly" : false,
        "isOrdered" : false,
        "cardinality" : "1",
        "propertyType" : {
          "id" : "SHhRPn6GAqAAbxR4",
          "type" : "Class"
        },
        "subsettedProperties" : null,
        "redefinedProperties" : null,
        "aggregationKind" : "COMPOSITE"
      } ]
    }, {
      "id" : "93OpPn6GAqAAbxf1",
      "name" : null,
      "description" : null,
      "type" : "Relation",
      "propertyAssignments" : null,
      "stereotype" : "componentOf",
      "isAbstract" : false,
      "isDerived" : false,
      "properties" : [ {
        "id" : "93OpPn6GAqAAbxf2",
        "name" : null,
        "description" : null,
        "type" : "Property",
        "propertyAssignments" : null,
        "stereotype" : null,
        "isDerived" : false,
        "isReadOnly" : false,
        "isOrdered" : false,
        "cardinality" : "1..*",
        "propertyType" : {
          "id" : "iHZRPn6GAqAAbxSk",
          "type" : "Class"
        },
        "subsettedProperties" : null,
        "redefinedProperties" : null,
        "aggregationKind" : "NONE"
      }, {
        "id" : "93OpPn6GAqAAbxf4",
        "name" : null,
        "description" : null,
        "type" : "Property",
        "propertyAssignments" : null,
        "stereotype" : null,
        "isDerived" : false,
        "isReadOnly" : false,
        "isOrdered" : false,
        "cardinality" : "1",
        "propertyType" : {
          "id" : "JQxRPn6GAqAAbxSD",
          "type" : "Class"
        },
        "subsettedProperties" : null,
        "redefinedProperties" : null,
        "aggregationKind" : "COMPOSITE"
      } ]
    }, {
      "id" : "Mb.pPn6GAqAAbxgR",
      "name" : null,
      "description" : null,
      "type" : "Relation",
      "propertyAssignments" : null,
      "stereotype" : "componentOf",
      "isAbstract" : false,
      "isDerived" : false,
      "properties" : [ {
        "id" : "Mb.pPn6GAqAAbxgS",
        "name" : null,
        "description" : null,
        "type" : "Property",
        "propertyAssignments" : null,
        "stereotype" : null,
        "isDerived" : false,
        "isReadOnly" : false,
        "isOrdered" : false,
        "cardinality" : "1..*",
        "propertyType" : {
          "id" : "78FRPn6GAqAAbxSz",
          "type" : "Class"
        },
        "subsettedProperties" : null,
        "redefinedProperties" : null,
        "aggregationKind" : "NONE"
      }, {
        "id" : "Mb.pPn6GAqAAbxgU",
        "name" : null,
        "description" : null,
        "type" : "Property",
        "propertyAssignments" : null,
        "stereotype" : null,
        "isDerived" : false,
        "isReadOnly" : false,
        "isOrdered" : false,
        "cardinality" : "1",
        "propertyType" : {
          "id" : "SHhRPn6GAqAAbxR4",
          "type" : "Class"
        },
        "subsettedProperties" : null,
        "redefinedProperties" : null,
        "aggregationKind" : "COMPOSITE"
      } ]
    }, {
      "id" : "nKxpPn6GAqAAbxgt",
      "name" : null,
      "description" : null,
      "type" : "Relation",
      "propertyAssignments" : null,
      "stereotype" : "componentOf",
      "isAbstract" : false,
      "isDerived" : false,
      "properties" : [ {
        "id" : "nKxpPn6GAqAAbxgu",
        "name" : null,
        "description" : null,
        "type" : "Property",
        "propertyAssignments" : null,
        "stereotype" : null,
        "isDerived" : false,
        "isReadOnly" : false,
        "isOrdered" : false,
        "cardinality" : "2..*",
        "propertyType" : {
          "id" : "p1BRPn6GAqAAbxRt",
          "type" : "Class"
        },
        "subsettedProperties" : null,
        "redefinedProperties" : null,
        "aggregationKind" : "NONE"
      }, {
        "id" : "nKxpPn6GAqAAbxgw",
        "name" : null,
        "description" : null,
        "type" : "Property",
        "propertyAssignments" : null,
        "stereotype" : null,
        "isDerived" : false,
        "isReadOnly" : false,
        "isOrdered" : false,
        "cardinality" : "1",
        "propertyType" : {
          "id" : "SHhRPn6GAqAAbxR4",
          "type" : "Class"
        },
        "subsettedProperties" : null,
        "redefinedProperties" : null,
        "aggregationKind" : "COMPOSITE"
      } ]
    }, {
      "id" : "0vdpPn6GAqAAbxiH",
      "name" : null,
      "description" : null,
      "type" : "Relation",
      "propertyAssignments" : null,
      "stereotype" : "Formal",
      "isAbstract" : false,
      "isDerived" : false,
      "properties" : [ {
        "id" : "0vdpPn6GAqAAbxiI",
        "name" : null,
        "description" : null,
        "type" : "Property",
        "propertyAssignments" : null,
        "stereotype" : null,
        "isDerived" : false,
        "isReadOnly" : false,
        "isOrdered" : false,
        "cardinality" : "1",
        "propertyType" : {
          "id" : "QTpRPn6GAqAAbxSZ",
          "type" : "Class"
        },
        "subsettedProperties" : null,
        "redefinedProperties" : null,
        "aggregationKind" : "NONE"
      }, {
        "id" : "0vdpPn6GAqAAbxiK",
        "name" : null,
        "description" : null,
        "type" : "Property",
        "propertyAssignments" : null,
        "stereotype" : null,
        "isDerived" : false,
        "isReadOnly" : false,
        "isOrdered" : false,
        "cardinality" : "1",
        "propertyType" : {
          "id" : "iHZRPn6GAqAAbxSk",
          "type" : "Class"
        },
        "subsettedProperties" : null,
        "redefinedProperties" : null,
        "aggregationKind" : "NONE"
      } ]
    }, {
      "id" : "TkDpPn6GAqAAbxia",
      "name" : null,
      "description" : null,
      "type" : "Relation",
      "propertyAssignments" : null,
      "stereotype" : "Formal",
      "isAbstract" : false,
      "isDerived" : false,
      "properties" : [ {
        "id" : "TkDpPn6GAqAAbxib",
        "name" : null,
        "description" : null,
        "type" : "Property",
        "propertyAssignments" : null,
        "stereotype" : null,
        "isDerived" : false,
        "isReadOnly" : false,
        "isOrdered" : false,
        "cardinality" : "1",
        "propertyType" : {
          "id" : "QTpRPn6GAqAAbxSZ",
          "type" : "Class"
        },
        "subsettedProperties" : null,
        "redefinedProperties" : null,
        "aggregationKind" : "NONE"
      }, {
        "id" : "TkDpPn6GAqAAbxid",
        "name" : null,
        "description" : null,
        "type" : "Property",
        "propertyAssignments" : null,
        "stereotype" : null,
        "isDerived" : false,
        "isReadOnly" : false,
        "isOrdered" : false,
        "cardinality" : "1",
        "propertyType" : {
          "id" : "78FRPn6GAqAAbxSz",
          "type" : "Class"
        },
        "subsettedProperties" : null,
        "redefinedProperties" : null,
        "aggregationKind" : "NONE"
      } ]
    }, {
      "id" : "Z7DpPn6GAqAAbxit",
      "name" : null,
      "description" : null,
      "type" : "Relation",
      "propertyAssignments" : null,
      "stereotype" : "Formal",
      "isAbstract" : false,
      "isDerived" : false,
      "properties" : [ {
        "id" : "Z7DpPn6GAqAAbxiu",
        "name" : null,
        "description" : null,
        "type" : "Property",
        "propertyAssignments" : null,
        "stereotype" : null,
        "isDerived" : false,
        "isReadOnly" : false,
        "isOrdered" : false,
        "cardinality" : "1",
        "propertyType" : {
          "id" : "QTpRPn6GAqAAbxSZ",
          "type" : "Class"
        },
        "subsettedProperties" : null,
        "redefinedProperties" : null,
        "aggregationKind" : "NONE"
      }, {
        "id" : "Z7DpPn6GAqAAbxiw",
        "name" : null,
        "description" : null,
        "type" : "Property",
        "propertyAssignments" : null,
        "stereotype" : null,
        "isDerived" : false,
        "isReadOnly" : false,
        "isOrdered" : false,
        "cardinality" : "1",
        "propertyType" : {
          "id" : "zSlRPn6GAqAAbxS.",
          "type" : "Class"
        },
        "subsettedProperties" : null,
        "redefinedProperties" : null,
        "aggregationKind" : "NONE"
      } ]
    }, {
      "id" : "i7_pPn6GAqAAbxkO",
      "name" : null,
      "description" : null,
      "type" : "Relation",
      "propertyAssignments" : null,
      "stereotype" : "componentOf",
      "isAbstract" : false,
      "isDerived" : false,
      "properties" : [ {
        "id" : "i7_pPn6GAqAAbxkP",
        "name" : null,
        "description" : null,
        "type" : "Property",
        "propertyAssignments" : null,
        "stereotype" : null,
        "isDerived" : false,
        "isReadOnly" : false,
        "isOrdered" : false,
        "cardinality" : "2..*",
        "propertyType" : {
          "id" : "p1BRPn6GAqAAbxRt",
          "type" : "Class"
        },
        "subsettedProperties" : null,
        "redefinedProperties" : null,
        "aggregationKind" : "NONE"
      }, {
        "id" : "i7_pPn6GAqAAbxkR",
        "name" : null,
        "description" : null,
        "type" : "Property",
        "propertyAssignments" : null,
        "stereotype" : null,
        "isDerived" : false,
        "isReadOnly" : false,
        "isOrdered" : false,
        "cardinality" : "1",
        "propertyType" : {
          "id" : "_RVRPn6GAqAAbxTJ",
          "type" : "Class"
        },
        "subsettedProperties" : null,
        "redefinedProperties" : null,
        "aggregationKind" : "COMPOSITE"
      } ]
    }, {
      "id" : "2EgZPn6GAqAAbxkm",
      "name" : null,
      "description" : null,
      "type" : "Relation",
      "propertyAssignments" : null,
      "stereotype" : "componentOf",
      "isAbstract" : false,
      "isDerived" : false,
      "properties" : [ {
        "id" : "2EgZPn6GAqAAbxkn",
        "name" : null,
        "description" : null,
        "type" : "Property",
        "propertyAssignments" : null,
        "stereotype" : null,
        "isDerived" : false,
        "isReadOnly" : false,
        "isOrdered" : false,
        "cardinality" : "2..*",
        "propertyType" : {
          "id" : "p1BRPn6GAqAAbxRt",
          "type" : "Class"
        },
        "subsettedProperties" : null,
        "redefinedProperties" : null,
        "aggregationKind" : "NONE"
      }, {
        "id" : "2EgZPn6GAqAAbxkp",
        "name" : null,
        "description" : null,
        "type" : "Property",
        "propertyAssignments" : null,
        "stereotype" : null,
        "isDerived" : false,
        "isReadOnly" : false,
        "isOrdered" : false,
        "cardinality" : "1",
        "propertyType" : {
          "id" : "Q61RPn6GAqAAbxTU",
          "type" : "Class"
        },
        "subsettedProperties" : null,
        "redefinedProperties" : null,
        "aggregationKind" : "COMPOSITE"
      } ]
    }, {
      "id" : "qzgZPn6GAqAAbxk5",
      "name" : null,
      "description" : null,
      "type" : "Relation",
      "propertyAssignments" : null,
      "stereotype" : "componentOf",
      "isAbstract" : false,
      "isDerived" : false,
      "properties" : [ {
        "id" : "qzgZPn6GAqAAbxk6",
        "name" : null,
        "description" : null,
        "type" : "Property",
        "propertyAssignments" : null,
        "stereotype" : null,
        "isDerived" : false,
        "isReadOnly" : false,
        "isOrdered" : false,
        "cardinality" : "2..*",
        "propertyType" : {
          "id" : "p1BRPn6GAqAAbxRt",
          "type" : "Class"
        },
        "subsettedProperties" : null,
        "redefinedProperties" : null,
        "aggregationKind" : "NONE"
      }, {
        "id" : "qzgZPn6GAqAAbxk8",
        "name" : null,
        "description" : null,
        "type" : "Property",
        "propertyAssignments" : null,
        "stereotype" : null,
        "isDerived" : false,
        "isReadOnly" : false,
        "isOrdered" : false,
        "cardinality" : "1",
        "propertyType" : {
          "id" : "7wtRPn6GAqAAbxTf",
          "type" : "Class"
        },
        "subsettedProperties" : null,
        "redefinedProperties" : null,
        "aggregationKind" : "COMPOSITE"
      } ]
    }, {
      "id" : "RZuZPn6GAqAAbxn5",
      "name" : null,
      "description" : null,
      "type" : "Relation",
      "propertyAssignments" : null,
      "stereotype" : "componentOf",
      "isAbstract" : false,
      "isDerived" : false,
      "properties" : [ {
        "id" : "RZuZPn6GAqAAbxn6",
        "name" : null,
        "description" : null,
        "type" : "Property",
        "propertyAssignments" : null,
        "stereotype" : null,
        "isDerived" : false,
        "isReadOnly" : false,
        "isOrdered" : false,
        "cardinality" : "2..*",
        "propertyType" : {
          "id" : "f1eRPn6GAqAAbxRi",
          "type" : "Class"
        },
        "subsettedProperties" : null,
        "redefinedProperties" : null,
        "aggregationKind" : "NONE"
      }, {
        "id" : "RZuZPn6GAqAAbxn8",
        "name" : null,
        "description" : null,
        "type" : "Property",
        "propertyAssignments" : null,
        "stereotype" : null,
        "isDerived" : false,
        "isReadOnly" : false,
        "isOrdered" : false,
        "cardinality" : "1",
        "propertyType" : {
          "id" : "p1BRPn6GAqAAbxRt",
          "type" : "Class"
        },
        "subsettedProperties" : null,
        "redefinedProperties" : null,
        "aggregationKind" : "COMPOSITE"
      } ]
    }, {
      "id" : "aixZPn6GAqAAbxor",
      "name" : null,
      "description" : null,
      "type" : "Relation",
      "propertyAssignments" : null,
      "stereotype" : "Formal",
      "isAbstract" : false,
      "isDerived" : false,
      "properties" : [ {
        "id" : "aixZPn6GAqAAbxos",
        "name" : null,
        "description" : null,
        "type" : "Property",
        "propertyAssignments" : null,
        "stereotype" : null,
        "isDerived" : false,
        "isReadOnly" : false,
        "isOrdered" : false,
        "cardinality" : "*",
        "propertyType" : {
          "id" : "7wtRPn6GAqAAbxTf",
          "type" : "Class"
        },
        "subsettedProperties" : null,
        "redefinedProperties" : null,
        "aggregationKind" : "NONE"
      }, {
        "id" : "aixZPn6GAqAAbxou",
        "name" : null,
        "description" : null,
        "type" : "Property",
        "propertyAssignments" : null,
        "stereotype" : null,
        "isDerived" : false,
        "isReadOnly" : false,
        "isOrdered" : false,
        "cardinality" : "*",
        "propertyType" : {
          "id" : "8AdRPn6GAqAAbxTq",
          "type" : "Class"
        },
        "subsettedProperties" : null,
        "redefinedProperties" : null,
        "aggregationKind" : "NONE"
      } ]
    }, {
      "id" : "XgJZPn6GAqAAbxo.",
      "name" : null,
      "description" : null,
      "type" : "Relation",
      "propertyAssignments" : null,
      "stereotype" : "Formal",
      "isAbstract" : false,
      "isDerived" : false,
      "properties" : [ {
        "id" : "XgJZPn6GAqAAbxo_",
        "name" : null,
        "description" : null,
        "type" : "Property",
        "propertyAssignments" : null,
        "stereotype" : null,
        "isDerived" : false,
        "isReadOnly" : false,
        "isOrdered" : false,
        "cardinality" : "*",
        "propertyType" : {
          "id" : "7wtRPn6GAqAAbxTf",
          "type" : "Class"
        },
        "subsettedProperties" : null,
        "redefinedProperties" : null,
        "aggregationKind" : "NONE"
      }, {
        "id" : "XgJZPn6GAqAAbxpB",
        "name" : null,
        "description" : null,
        "type" : "Property",
        "propertyAssignments" : null,
        "stereotype" : null,
        "isDerived" : false,
        "isReadOnly" : false,
        "isOrdered" : false,
        "cardinality" : "*",
        "propertyType" : {
          "id" : "Zy9RPn6GAqAAbxT1",
          "type" : "Class"
        },
        "subsettedProperties" : null,
        "redefinedProperties" : null,
        "aggregationKind" : "NONE"
      } ]
    }, {
      "id" : "sUNZPn6GAqAAbxpj",
      "name" : null,
      "description" : null,
      "type" : "Relation",
      "propertyAssignments" : null,
      "stereotype" : "memberOf",
      "isAbstract" : false,
      "isDerived" : false,
      "properties" : [ {
        "id" : "cUNZPn6GAqAAbxpk",
        "name" : null,
        "description" : null,
        "type" : "Property",
        "propertyAssignments" : null,
        "stereotype" : null,
        "isDerived" : false,
        "isReadOnly" : false,
        "isOrdered" : false,
        "cardinality" : "2..*",
        "propertyType" : {
          "id" : "7wtRPn6GAqAAbxTf",
          "type" : "Class"
        },
        "subsettedProperties" : null,
        "redefinedProperties" : null,
        "aggregationKind" : "NONE"
      }, {
        "id" : "cUNZPn6GAqAAbxpm",
        "name" : null,
        "description" : null,
        "type" : "Property",
        "propertyAssignments" : null,
        "stereotype" : null,
        "isDerived" : false,
        "isReadOnly" : false,
        "isOrdered" : false,
        "cardinality" : "1",
        "propertyType" : {
          "id" : "JcjRPn6GAqAAbxUL",
          "type" : "Class"
        },
        "subsettedProperties" : null,
        "redefinedProperties" : null,
        "aggregationKind" : "SHARED"
      } ]
    }, {
      "id" : "AStZPn6GAqAAbxp2",
      "name" : null,
      "description" : null,
      "type" : "Relation",
      "propertyAssignments" : null,
      "stereotype" : "componentOf",
      "isAbstract" : false,
      "isDerived" : false,
      "properties" : [ {
        "id" : "AStZPn6GAqAAbxp3",
        "name" : null,
        "description" : null,
        "type" : "Property",
        "propertyAssignments" : null,
        "stereotype" : null,
        "isDerived" : false,
        "isReadOnly" : false,
        "isOrdered" : false,
        "cardinality" : "2..*",
        "propertyType" : {
          "id" : "7wtRPn6GAqAAbxTf",
          "type" : "Class"
        },
        "subsettedProperties" : null,
        "redefinedProperties" : null,
        "aggregationKind" : "NONE"
      }, {
        "id" : "AStZPn6GAqAAbxp5",
        "name" : null,
        "description" : null,
        "type" : "Property",
        "propertyAssignments" : null,
        "stereotype" : null,
        "isDerived" : false,
        "isReadOnly" : false,
        "isOrdered" : false,
        "cardinality" : "1",
        "propertyType" : {
          "id" : "UqDRPn6GAqAAbxUA",
          "type" : "Class"
        },
        "subsettedProperties" : null,
        "redefinedProperties" : null,
        "aggregationKind" : "COMPOSITE"
      } ]
    } ]
  },
  "diagrams" : [ {
    "id" : "HXyRPn6GAqAAbxQP",
    "name" : "experiment",
    "description" : null,
    "type" : "Diagram",
    "owner" : {
      "id" : "wPLhPn6GAqAAbxA0_root",
      "type" : "Package"
    },
    "contents" : [ {
      "id" : "QTpRPn6GAqAAbxSY",
      "type" : "ClassView",
      "modelElement" : {
        "id" : "QTpRPn6GAqAAbxSZ",
        "type" : "Class"
      },
      "shape" : {
        "id" : "QTpRPn6GAqAAbxSY_shape",
        "type" : "Rectangle",
        "x" : 86,
        "y" : 670,
        "width" : 104,
        "height" : 40
      }
    }, {
      "id" : "QUDpPn6GAqAAbxif",
      "type" : "RelationView",
      "modelElement" : {
        "id" : "TkDpPn6GAqAAbxia",
        "type" : "Relation"
      },
      "shape" : {
        "id" : "QUDpPn6GAqAAbxif_path",
        "type" : "Path",
        "points" : [ {
          "x" : 158,
          "y" : 711
        }, {
          "x" : 158,
          "y" : 752
        }, {
          "x" : 774,
          "y" : 752
        }, {
          "x" : 774,
          "y" : 711
        } ]
      },
      "source" : {
        "id" : "QTpRPn6GAqAAbxSY",
        "type" : "ClassView"
      },
      "target" : {
        "id" : "b8FRPn6GAqAAbxSy",
        "type" : "ClassView"
      }
    }, {
      "id" : "g61RPn6GAqAAbxTT",
      "type" : "ClassView",
      "modelElement" : {
        "id" : "Q61RPn6GAqAAbxTU",
        "type" : "Class"
      },
      "shape" : {
        "id" : "g61RPn6GAqAAbxTT_shape",
        "type" : "Rectangle",
        "x" : 1178,
        "y" : 670,
        "width" : 86,
        "height" : 40
      }
    }, {
      "id" : "AFGpPn6GAqAAbxfS",
      "type" : "RelationView",
      "modelElement" : {
        "id" : "z5GpPn6GAqAAbxfN",
        "type" : "Relation"
      },
      "shape" : {
        "id" : "AFGpPn6GAqAAbxfS_path",
        "type" : "Path",
        "points" : [ {
          "x" : 512,
          "y" : 542
        }, {
          "x" : 728,
          "y" : 542
        } ]
      },
      "source" : {
        "id" : "JQxRPn6GAqAAbxSC",
        "type" : "ClassView"
      },
      "target" : {
        "id" : "SHhRPn6GAqAAbxR3",
        "type" : "ClassView"
      }
    }, {
      "id" : "L7DpPn6GAqAAbxiy",
      "type" : "RelationView",
      "modelElement" : {
        "id" : "Z7DpPn6GAqAAbxit",
        "type" : "Relation"
      },
      "shape" : {
        "id" : "L7DpPn6GAqAAbxiy_path",
        "type" : "Path",
        "points" : [ {
          "x" : 105,
          "y" : 711
        }, {
          "x" : 105,
          "y" : 773
        }, {
          "x" : 959,
          "y" : 773
        }, {
          "x" : 959,
          "y" : 711
        } ]
      },
      "source" : {
        "id" : "QTpRPn6GAqAAbxSY",
        "type" : "ClassView"
      },
      "target" : {
        "id" : "TSlRPn6GAqAAbxS9",
        "type" : "ClassView"
      }
    }, {
      "id" : "GvdpPn6GAqAAbxiM",
      "type" : "RelationView",
      "modelElement" : {
        "id" : "0vdpPn6GAqAAbxiH",
        "type" : "Relation"
      },
      "shape" : {
        "id" : "GvdpPn6GAqAAbxiM_path",
        "type" : "Path",
        "points" : [ {
          "x" : 191,
          "y" : 696
        }, {
          "x" : 422,
          "y" : 696
        } ]
      },
      "source" : {
        "id" : "QTpRPn6GAqAAbxSY",
        "type" : "ClassView"
      },
      "target" : {
        "id" : "CHZRPn6GAqAAbxSj",
        "type" : "ClassView"
      }
    }, {
      "id" : "s_4JPn6GAqAAbxXL",
      "type" : "RelationView",
      "modelElement" : {
        "id" : "3f4JPn6GAqAAbxXG",
        "type" : "Relation"
      },
      "shape" : {
        "id" : "s_4JPn6GAqAAbxXL_path",
        "type" : "Path",
        "points" : [ {
          "x" : 972,
          "y" : 109
        }, {
          "x" : 972,
          "y" : 170
        }, {
          "x" : 1083,
          "y" : 170
        }, {
          "x" : 1083,
          "y" : 219
        } ]
      },
      "source" : {
        "id" : "U26RPn6GAqAAbxQf",
        "type" : "ClassView"
      },
      "target" : {
        "id" : "auWRPn6GAqAAbxRA",
        "type" : "ClassView"
      }
    }, {
      "id" : "ub.pPn6GAqAAbxgW",
      "type" : "RelationView",
      "modelElement" : {
        "id" : "Mb.pPn6GAqAAbxgR",
        "type" : "Relation"
      },
      "shape" : {
        "id" : "ub.pPn6GAqAAbxgW_path",
        "type" : "Path",
        "points" : [ {
          "x" : 769,
          "y" : 669
        }, {
          "x" : 769,
          "y" : 563
        } ]
      },
      "source" : {
        "id" : "b8FRPn6GAqAAbxSy",
        "type" : "ClassView"
      },
      "target" : {
        "id" : "SHhRPn6GAqAAbxR3",
        "type" : "ClassView"
      }
    }, {
      "id" : "y9kJPn6GAqAAbxXi",
      "type" : "RelationView",
      "modelElement" : {
        "id" : "49kJPn6GAqAAbxXd",
        "type" : "Relation"
      },
      "shape" : {
        "id" : "y9kJPn6GAqAAbxXi_path",
        "type" : "Path",
        "points" : [ {
          "x" : 1062,
          "y" : 261
        }, {
          "x" : 1062,
          "y" : 324
        }, {
          "x" : 977,
          "y" : 324
        }, {
          "x" : 977,
          "y" : 359
        } ]
      },
      "source" : {
        "id" : "auWRPn6GAqAAbxRA",
        "type" : "ClassView"
      },
      "target" : {
        "id" : "6V2RPn6GAqAAbxRL",
        "type" : "ClassView"
      }
    }, {
      "id" : "Fy5JPn6GAqAAbxaT",
      "type" : "RelationView",
      "modelElement" : {
        "id" : "my5JPn6GAqAAbxaO",
        "type" : "Relation"
      },
      "shape" : {
        "id" : "Fy5JPn6GAqAAbxaT_path",
        "type" : "Path",
        "points" : [ {
          "x" : 1188,
          "y" : 401
        }, {
          "x" : 1188,
          "y" : 421
        }, {
          "x" : 1568,
          "y" : 421
        }, {
          "x" : 1568,
          "y" : 521
        } ]
      },
      "source" : {
        "id" : "SjORPn6GAqAAbxRW",
        "type" : "ClassView"
      },
      "target" : {
        "id" : "f1eRPn6GAqAAbxRh",
        "type" : "ClassView"
      }
    }, {
      "id" : "jmIZPn6GAqAAbxlO",
      "type" : "RelationView",
      "modelElement" : {
        "id" : "i7_pPn6GAqAAbxkO",
        "type" : "Relation"
      },
      "shape" : {
        "id" : "jmIZPn6GAqAAbxlO_path",
        "type" : "Path",
        "points" : [ {
          "x" : 1172,
          "y" : 563
        }, {
          "x" : 1172,
          "y" : 615
        }, {
          "x" : 1083,
          "y" : 615
        }, {
          "x" : 1083,
          "y" : 669
        } ]
      },
      "source" : {
        "id" : "p1BRPn6GAqAAbxRs",
        "type" : "ClassView"
      },
      "target" : {
        "id" : "fRVRPn6GAqAAbxTI",
        "type" : "ClassView"
      }
    }, {
      "id" : "UqDRPn6GAqAAbxT_",
      "type" : "ClassView",
      "modelElement" : {
        "id" : "UqDRPn6GAqAAbxUA",
        "type" : "Class"
      },
      "shape" : {
        "id" : "UqDRPn6GAqAAbxT__shape",
        "type" : "Rectangle",
        "x" : 1264,
        "y" : 789,
        "width" : 80,
        "height" : 40
      }
    }, {
      "id" : "p1BRPn6GAqAAbxRs",
      "type" : "ClassView",
      "modelElement" : {
        "id" : "p1BRPn6GAqAAbxRt",
        "type" : "Class"
      },
      "shape" : {
        "id" : "p1BRPn6GAqAAbxRs_shape",
        "type" : "Rectangle",
        "x" : 1149,
        "y" : 522,
        "width" : 115,
        "height" : 40
      }
    }, {
      "id" : "fRVRPn6GAqAAbxTI",
      "type" : "ClassView",
      "modelElement" : {
        "id" : "_RVRPn6GAqAAbxTJ",
        "type" : "Class"
      },
      "shape" : {
        "id" : "fRVRPn6GAqAAbxTI_shape",
        "type" : "Rectangle",
        "x" : 1051,
        "y" : 670,
        "width" : 91,
        "height" : 40
      }
    }, {
      "id" : "Q6JRPn6GAqAAbxSN",
      "type" : "ClassView",
      "modelElement" : {
        "id" : "Q6JRPn6GAqAAbxSO",
        "type" : "Class"
      },
      "shape" : {
        "id" : "Q6JRPn6GAqAAbxSN_shape",
        "type" : "Rectangle",
        "x" : 86,
        "y" : 522,
        "width" : 116,
        "height" : 40
      }
    }, {
      "id" : "6V2RPn6GAqAAbxRL",
      "type" : "ClassView",
      "modelElement" : {
        "id" : "GV2RPn6GAqAAbxRM",
        "type" : "Class"
      },
      "shape" : {
        "id" : "6V2RPn6GAqAAbxRL_shape",
        "type" : "Rectangle",
        "x" : 937,
        "y" : 360,
        "width" : 80,
        "height" : 40
      }
    }, {
      "id" : "auWRPn6GAqAAbxRA",
      "type" : "ClassView",
      "modelElement" : {
        "id" : "auWRPn6GAqAAbxRB",
        "type" : "Class"
      },
      "shape" : {
        "id" : "auWRPn6GAqAAbxRA_shape",
        "type" : "Rectangle",
        "x" : 1043,
        "y" : 220,
        "width" : 80,
        "height" : 40
      }
    }, {
      "id" : "1lGRPn6GAqAAbxQq",
      "type" : "ClassView",
      "modelElement" : {
        "id" : "1lGRPn6GAqAAbxQr",
        "type" : "Class"
      },
      "shape" : {
        "id" : "1lGRPn6GAqAAbxQq_shape",
        "type" : "Rectangle",
        "x" : 1149,
        "y" : 61,
        "width" : 80,
        "height" : 40
      }
    }, {
      "id" : "SHhRPn6GAqAAbxR3",
      "type" : "ClassView",
      "modelElement" : {
        "id" : "SHhRPn6GAqAAbxR4",
        "type" : "Class"
      },
      "shape" : {
        "id" : "SHhRPn6GAqAAbxR3_shape",
        "type" : "Rectangle",
        "x" : 729,
        "y" : 522,
        "width" : 80,
        "height" : 40
      }
    }, {
      "id" : "ta4JPn6GAqAAbxW4",
      "type" : "RelationView",
      "modelElement" : {
        "id" : "ua4JPn6GAqAAbxWz",
        "type" : "Relation"
      },
      "shape" : {
        "id" : "ta4JPn6GAqAAbxW4_path",
        "type" : "Path",
        "points" : [ {
          "x" : 928,
          "y" : 109
        }, {
          "x" : 928,
          "y" : 170
        }, {
          "x" : 793,
          "y" : 170
        }, {
          "x" : 793,
          "y" : 205
        } ]
      },
      "source" : {
        "id" : "U26RPn6GAqAAbxQf",
        "type" : "ClassView"
      },
      "target" : {
        "id" : "xWmRPn6GAqAAbxQ1",
        "type" : "ClassView"
      }
    }, {
      "id" : "cOIZPn6GAqAAbxlm",
      "type" : "RelationView",
      "modelElement" : {
        "id" : "qzgZPn6GAqAAbxk5",
        "type" : "Relation"
      },
      "shape" : {
        "id" : "cOIZPn6GAqAAbxlm_path",
        "type" : "Path",
        "points" : [ {
          "x" : 1248,
          "y" : 563
        }, {
          "x" : 1248,
          "y" : 615
        }, {
          "x" : 1375,
          "y" : 615
        }, {
          "x" : 1375,
          "y" : 652
        } ]
      },
      "source" : {
        "id" : "p1BRPn6GAqAAbxRs",
        "type" : "ClassView"
      },
      "target" : {
        "id" : "7wtRPn6GAqAAbxTe",
        "type" : "ClassView"
      }
    }, {
      "id" : "XWIZPn6GAqAAbxla",
      "type" : "RelationView",
      "modelElement" : {
        "id" : "2EgZPn6GAqAAbxkm",
        "type" : "Relation"
      },
      "shape" : {
        "id" : "XWIZPn6GAqAAbxla_path",
        "type" : "Path",
        "points" : [ {
          "x" : 1206,
          "y" : 563
        }, {
          "x" : 1206,
          "y" : 669
        } ]
      },
      "source" : {
        "id" : "p1BRPn6GAqAAbxRs",
        "type" : "ClassView"
      },
      "target" : {
        "id" : "g61RPn6GAqAAbxTT",
        "type" : "ClassView"
      }
    }, {
      "id" : "f1eRPn6GAqAAbxRh",
      "type" : "ClassView",
      "modelElement" : {
        "id" : "f1eRPn6GAqAAbxRi",
        "type" : "Class"
      },
      "shape" : {
        "id" : "f1eRPn6GAqAAbxRh_shape",
        "type" : "Rectangle",
        "x" : 1459,
        "y" : 522,
        "width" : 130,
        "height" : 40
      }
    }, {
      "id" : "8DbJPn6GAqAAbxcD",
      "type" : "RelationView",
      "modelElement" : {
        "id" : "XarJPn6GAqAAbxbt",
        "type" : "Relation"
      },
      "shape" : {
        "id" : "8DbJPn6GAqAAbxcD_path",
        "type" : "Path",
        "points" : [ {
          "x" : 146,
          "y" : 521
        }, {
          "x" : 146,
          "y" : 464
        }, {
          "x" : 1483,
          "y" : 464
        }, {
          "x" : 1483,
          "y" : 521
        } ]
      },
      "source" : {
        "id" : "Q6JRPn6GAqAAbxSN",
        "type" : "ClassView"
      },
      "target" : {
        "id" : "f1eRPn6GAqAAbxRh",
        "type" : "ClassView"
      }
    }, {
      "id" : "_oKpPn6GAqAAbxer",
      "type" : "RelationView",
      "modelElement" : {
        "id" : "7YSpPn6GAqAAbxeV",
        "type" : "Relation"
      },
      "shape" : {
        "id" : "_oKpPn6GAqAAbxer_path",
        "type" : "Path",
        "points" : [ {
          "x" : 203,
          "y" : 542
        }, {
          "x" : 430,
          "y" : 542
        } ]
      },
      "source" : {
        "id" : "Q6JRPn6GAqAAbxSN",
        "type" : "ClassView"
      },
      "target" : {
        "id" : "JQxRPn6GAqAAbxSC",
        "type" : "ClassView"
      }
    }, {
      "id" : "P3OpPn6GAqAAbxf6",
      "type" : "RelationView",
      "modelElement" : {
        "id" : "93OpPn6GAqAAbxf1",
        "type" : "Relation"
      },
      "shape" : {
        "id" : "P3OpPn6GAqAAbxf6_path",
        "type" : "Path",
        "points" : [ {
          "x" : 471,
          "y" : 669
        }, {
          "x" : 471,
          "y" : 563
        } ]
      },
      "source" : {
        "id" : "CHZRPn6GAqAAbxSj",
        "type" : "ClassView"
      },
      "target" : {
        "id" : "JQxRPn6GAqAAbxSC",
        "type" : "ClassView"
      }
    }, {
      "id" : "kqxpPn6GAqAAbxgy",
      "type" : "RelationView",
      "modelElement" : {
        "id" : "nKxpPn6GAqAAbxgt",
        "type" : "Relation"
      },
      "shape" : {
        "id" : "kqxpPn6GAqAAbxgy_path",
        "type" : "Path",
        "points" : [ {
          "x" : 1148,
          "y" : 544
        }, {
          "x" : 810,
          "y" : 544
        } ]
      },
      "source" : {
        "id" : "p1BRPn6GAqAAbxRs",
        "type" : "ClassView"
      },
      "target" : {
        "id" : "SHhRPn6GAqAAbxR3",
        "type" : "ClassView"
      }
    }, {
      "id" : "Zy9RPn6GAqAAbxT0",
      "type" : "ClassView",
      "modelElement" : {
        "id" : "Zy9RPn6GAqAAbxT1",
        "type" : "Class"
      },
      "shape" : {
        "id" : "Zy9RPn6GAqAAbxT0_shape",
        "type" : "Rectangle",
        "x" : 1524,
        "y" : 705,
        "width" : 80,
        "height" : 40
      }
    }, {
      "id" : "LpgxPn6GAqAAbxVx",
      "type" : "RelationView",
      "modelElement" : {
        "id" : "ppgxPn6GAqAAbxVs",
        "type" : "Relation"
      },
      "shape" : {
        "id" : "LpgxPn6GAqAAbxVx_path",
        "type" : "Path",
        "points" : [ {
          "x" : 989,
          "y" : 88
        }, {
          "x" : 1148,
          "y" : 88
        } ]
      },
      "source" : {
        "id" : "U26RPn6GAqAAbxQf",
        "type" : "ClassView"
      },
      "target" : {
        "id" : "1lGRPn6GAqAAbxQq",
        "type" : "ClassView"
      }
    }, {
      "id" : "GOUJPn6GAqAAbxX1",
      "type" : "RelationView",
      "modelElement" : {
        "id" : "kOUJPn6GAqAAbxXw",
        "type" : "Relation"
      },
      "shape" : {
        "id" : "GOUJPn6GAqAAbxX1_path",
        "type" : "Path",
        "points" : [ {
          "x" : 1100,
          "y" : 261
        }, {
          "x" : 1100,
          "y" : 324
        }, {
          "x" : 1188,
          "y" : 324
        }, {
          "x" : 1188,
          "y" : 360
        } ]
      },
      "source" : {
        "id" : "auWRPn6GAqAAbxRA",
        "type" : "ClassView"
      },
      "target" : {
        "id" : "SjORPn6GAqAAbxRW",
        "type" : "ClassView"
      }
    }, {
      "id" : "cAdRPn6GAqAAbxTp",
      "type" : "ClassView",
      "modelElement" : {
        "id" : "8AdRPn6GAqAAbxTq",
        "type" : "Class"
      },
      "shape" : {
        "id" : "cAdRPn6GAqAAbxTp_shape",
        "type" : "Rectangle",
        "x" : 1524,
        "y" : 640,
        "width" : 80,
        "height" : 40
      }
    }, {
      "id" : "TSlRPn6GAqAAbxS9",
      "type" : "ClassView",
      "modelElement" : {
        "id" : "zSlRPn6GAqAAbxS.",
        "type" : "Class"
      },
      "shape" : {
        "id" : "TSlRPn6GAqAAbxS9_shape",
        "type" : "Rectangle",
        "x" : 914,
        "y" : 670,
        "width" : 90,
        "height" : 40
      }
    }, {
      "id" : "RixZPn6GAqAAbxow",
      "type" : "RelationView",
      "modelElement" : {
        "id" : "aixZPn6GAqAAbxor",
        "type" : "Relation"
      },
      "shape" : {
        "id" : "RixZPn6GAqAAbxow_path",
        "type" : "Path",
        "points" : [ {
          "x" : 1418,
          "y" : 670
        }, {
          "x" : 1523,
          "y" : 670
        } ]
      },
      "source" : {
        "id" : "7wtRPn6GAqAAbxTe",
        "type" : "ClassView"
      },
      "target" : {
        "id" : "cAdRPn6GAqAAbxTp",
        "type" : "ClassView"
      }
    }, {
      "id" : "xWmRPn6GAqAAbxQ1",
      "type" : "ClassView",
      "modelElement" : {
        "id" : "JWmRPn6GAqAAbxQ2",
        "type" : "Class"
      },
      "shape" : {
        "id" : "xWmRPn6GAqAAbxQ1_shape",
        "type" : "Rectangle",
        "x" : 751,
        "y" : 206,
        "width" : 80,
        "height" : 40
      }
    }, {
      "id" : "U26RPn6GAqAAbxQf",
      "type" : "ClassView",
      "modelElement" : {
        "id" : "U26RPn6GAqAAbxQg",
        "type" : "Class"
      },
      "shape" : {
        "id" : "U26RPn6GAqAAbxQf_shape",
        "type" : "Rectangle",
        "x" : 908,
        "y" : 68,
        "width" : 80,
        "height" : 40
      }
    }, {
      "id" : "uUNZPn6GAqAAbxpo",
      "type" : "RelationView",
      "modelElement" : {
        "id" : "sUNZPn6GAqAAbxpj",
        "type" : "Relation"
      },
      "shape" : {
        "id" : "uUNZPn6GAqAAbxpo_path",
        "type" : "Path",
        "points" : [ {
          "x" : 1381,
          "y" : 724
        }, {
          "x" : 1381,
          "y" : 758
        }, {
          "x" : 1458,
          "y" : 758
        }, {
          "x" : 1458,
          "y" : 788
        } ]
      },
      "source" : {
        "id" : "7wtRPn6GAqAAbxTe",
        "type" : "ClassView"
      },
      "target" : {
        "id" : "JcjRPn6GAqAAbxUK",
        "type" : "ClassView"
      }
    }, {
      "id" : "iStZPn6GAqAAbxp7",
      "type" : "RelationView",
      "modelElement" : {
        "id" : "AStZPn6GAqAAbxp2",
        "type" : "Relation"
      },
      "shape" : {
        "id" : "iStZPn6GAqAAbxp7_path",
        "type" : "Path",
        "points" : [ {
          "x" : 1334,
          "y" : 698
        }, {
          "x" : 1292,
          "y" : 698
        }, {
          "x" : 1292,
          "y" : 788
        } ]
      },
      "source" : {
        "id" : "7wtRPn6GAqAAbxTe",
        "type" : "ClassView"
      },
      "target" : {
        "id" : "UqDRPn6GAqAAbxT_",
        "type" : "ClassView"
      }
    }, {
      "id" : "SjORPn6GAqAAbxRW",
      "type" : "ClassView",
      "modelElement" : {
        "id" : "SjORPn6GAqAAbxRX",
        "type" : "Class"
      },
      "shape" : {
        "id" : "SjORPn6GAqAAbxRW_shape",
        "type" : "Rectangle",
        "x" : 1148,
        "y" : 360,
        "width" : 80,
        "height" : 40
      }
    }, {
      "id" : "9ZuZPn6GAqAAbxn.",
      "type" : "RelationView",
      "modelElement" : {
        "id" : "RZuZPn6GAqAAbxn5",
        "type" : "Relation"
      },
      "shape" : {
        "id" : "9ZuZPn6GAqAAbxn._path",
        "type" : "Path",
        "points" : [ {
          "x" : 1458,
          "y" : 542
        }, {
          "x" : 1265,
          "y" : 542
        } ]
      },
      "source" : {
        "id" : "f1eRPn6GAqAAbxRh",
        "type" : "ClassView"
      },
      "target" : {
        "id" : "p1BRPn6GAqAAbxRs",
        "type" : "ClassView"
      }
    }, {
      "id" : "JQxRPn6GAqAAbxSC",
      "type" : "ClassView",
      "modelElement" : {
        "id" : "JQxRPn6GAqAAbxSD",
        "type" : "Class"
      },
      "shape" : {
        "id" : "JQxRPn6GAqAAbxSC_shape",
        "type" : "Rectangle",
        "x" : 431,
        "y" : 522,
        "width" : 80,
        "height" : 40
      }
    }, {
      "id" : "JcjRPn6GAqAAbxUK",
      "type" : "ClassView",
      "modelElement" : {
        "id" : "JcjRPn6GAqAAbxUL",
        "type" : "Class"
      },
      "shape" : {
        "id" : "JcjRPn6GAqAAbxUK_shape",
        "type" : "Rectangle",
        "x" : 1425,
        "y" : 789,
        "width" : 81,
        "height" : 40
      }
    }, {
      "id" : "CHZRPn6GAqAAbxSj",
      "type" : "ClassView",
      "modelElement" : {
        "id" : "iHZRPn6GAqAAbxSk",
        "type" : "Class"
      },
      "shape" : {
        "id" : "CHZRPn6GAqAAbxSj_shape",
        "type" : "Rectangle",
        "x" : 423,
        "y" : 670,
        "width" : 88,
        "height" : 40
      }
    }, {
      "id" : "7wtRPn6GAqAAbxTe",
      "type" : "ClassView",
      "modelElement" : {
        "id" : "7wtRPn6GAqAAbxTf",
        "type" : "Class"
      },
      "shape" : {
        "id" : "7wtRPn6GAqAAbxTe_shape",
        "type" : "Rectangle",
        "x" : 1335,
        "y" : 653,
        "width" : 82,
        "height" : 70
      }
    }, {
      "id" : "iQJZPn6GAqAAbxpD",
      "type" : "RelationView",
      "modelElement" : {
        "id" : "XgJZPn6GAqAAbxo.",
        "type" : "Relation"
      },
      "shape" : {
        "id" : "iQJZPn6GAqAAbxpD_path",
        "type" : "Path",
        "points" : [ {
          "x" : 1418,
          "y" : 710
        }, {
          "x" : 1523,
          "y" : 710
        } ]
      },
      "source" : {
        "id" : "7wtRPn6GAqAAbxTe",
        "type" : "ClassView"
      },
      "target" : {
        "id" : "Zy9RPn6GAqAAbxT0",
        "type" : "ClassView"
      }
    }, {
      "id" : "b8FRPn6GAqAAbxSy",
      "type" : "ClassView",
      "modelElement" : {
        "id" : "78FRPn6GAqAAbxSz",
        "type" : "Class"
      },
      "shape" : {
        "id" : "b8FRPn6GAqAAbxSy_shape",
        "type" : "Rectangle",
        "x" : 729,
        "y" : 670,
        "width" : 91,
        "height" : 40
      }
    }, {
      "id" : "sGApPn6GAqAAbxcl",
      "type" : "RelationView",
      "modelElement" : {
        "id" : "v6ApPn6GAqAAbxcg",
        "type" : "Relation"
      },
      "shape" : {
        "id" : "sGApPn6GAqAAbxcl_path",
        "type" : "Path",
        "points" : [ {
          "x" : 194,
          "y" : 521
        }, {
          "x" : 194,
          "y" : 485
        }, {
          "x" : 1206,
          "y" : 485
        }, {
          "x" : 1206,
          "y" : 521
        } ]
      },
      "source" : {
        "id" : "Q6JRPn6GAqAAbxSN",
        "type" : "ClassView"
      },
      "target" : {
        "id" : "p1BRPn6GAqAAbxRs",
        "type" : "ClassView"
      }
    }, {
      "id" : "eQFJPn6GAqAAbxam",
      "type" : "RelationView",
      "modelElement" : {
        "id" : "cQFJPn6GAqAAbxah",
        "type" : "Relation"
      },
      "shape" : {
        "id" : "eQFJPn6GAqAAbxam_path",
        "type" : "Path",
        "points" : [ {
          "x" : 979,
          "y" : 401
        }, {
          "x" : 979,
          "y" : 441
        }, {
          "x" : 1523,
          "y" : 441
        }, {
          "x" : 1523,
          "y" : 521
        } ]
      },
      "source" : {
        "id" : "6V2RPn6GAqAAbxRL",
        "type" : "ClassView"
      },
      "target" : {
        "id" : "f1eRPn6GAqAAbxRh",
        "type" : "ClassView"
      }
    }, {
      "id" : "_pEpPn6GAqAAbxdR",
      "type" : "RelationView",
      "modelElement" : {
        "id" : "9pEpPn6GAqAAbxdM",
        "type" : "Relation"
      },
      "shape" : {
        "id" : "_pEpPn6GAqAAbxdR_path",
        "type" : "Path",
        "points" : [ {
          "x" : 936,
          "y" : 380
        }, {
          "x" : 103,
          "y" : 380
        }, {
          "x" : 103,
          "y" : 521
        } ]
      },
      "source" : {
        "id" : "6V2RPn6GAqAAbxRL",
        "type" : "ClassView"
      },
      "target" : {
        "id" : "Q6JRPn6GAqAAbxSN",
        "type" : "ClassView"
      }
    } ]
  } ]
}