{
  "id" : "Saqe.h6GAqG8hAWL",
  "name" : "CURIE-O",
  "description" : null,
  "type" : "Project",
  "model" : {
    "id" : "Saqe.h6GAqG8hAWL_root",
    "name" : "CURIE-O",
    "description" : null,
    "type" : "Package",
    "propertyAssignments" : null,
    "contents" : [ {
      "id" : "afy8tf6GAqACCyfQ",
      "name" : "Model",
      "description" : null,
      "type" : "Package",
      "propertyAssignments" : null,
      "contents" : [ {
        "id" : "aMal.h6GAqG8hA8A",
        "name" : "BuyerPersona",
        "description" : null,
        "type" : "Class",
        "propertyAssignments" : null,
        "stereotype" : "kind",
        "isAbstract" : true,
        "isDerived" : false,
        "properties" : null,
        "isExtensional" : null,
        "isPowertype" : null,
        "order" : null,
        "literals" : null,
        "restrictedTo" : [ "functional-complex" ]
      }, {
        "id" : "wMUaBh6GAqG8hA9K",
        "name" : "CustomerRelationshipActivity",
        "description" : null,
        "type" : "Class",
        "propertyAssignments" : null,
        "stereotype" : "event",
        "isAbstract" : false,
        "isDerived" : false,
        "properties" : null,
        "isExtensional" : null,
        "isPowertype" : null,
        "order" : null,
        "literals" : null,
        "restrictedTo" : [ "event" ]
      }, {
        "id" : "o1UaBh6GAqG8hA9S",
        "name" : "Organization",
        "description" : null,
        "type" : "Class",
        "propertyAssignments" : null,
        "stereotype" : "kind",
        "isAbstract" : true,
        "isDerived" : false,
        "properties" : null,
        "isExtensional" : null,
        "isPowertype" : null,
        "order" : null,
        "literals" : null,
        "restrictedTo" : [ "functional-complex" ]
      }, {
        "id" : "vE0aBh6GAqG8hA9a",
        "name" : "CustomerJourneyActivity",
        "description" : null,
        "type" : "Class",
        "propertyAssignments" : null,
        "stereotype" : "event",
        "isAbstract" : false,
        "isDerived" : false,
        "properties" : null,
        "isExtensional" : null,
        "isPowertype" : null,
        "order" : null,
        "literals" : null,
        "restrictedTo" : [ "event" ]
      }, {
        "id" : "ZR0aBh6GAqG8hA9i",
        "name" : "Analytic",
        "description" : null,
        "type" : "Class",
        "propertyAssignments" : null,
        "stereotype" : "event",
        "isAbstract" : false,
        "isDerived" : false,
        "properties" : null,
        "isExtensional" : null,
        "isPowertype" : null,
        "order" : null,
        "literals" : null,
        "restrictedTo" : [ "event" ]
      }, {
        "id" : "aCMaBh6GAqG8hA9y",
        "name" : "Strategy",
        "description" : null,
        "type" : "Class",
        "propertyAssignments" : null,
        "stereotype" : "event",
        "isAbstract" : false,
        "isDerived" : false,
        "properties" : null,
        "isExtensional" : null,
        "isPowertype" : null,
        "order" : null,
        "literals" : null,
        "restrictedTo" : [ "event" ]
      }, {
        "id" : "gHMaBh6GAqG8hA.C",
        "name" : "InformationElement",
        "description" : null,
        "type" : "Class",
        "propertyAssignments" : null,
        "stereotype" : "kind",
        "isAbstract" : false,
        "isDerived" : false,
        "properties" : null,
        "isExtensional" : null,
        "isPowertype" : null,
        "order" : null,
        "literals" : null,
        "restrictedTo" : [ "functional-complex" ]
      }, {
        "id" : "VnsaBh6GAqG8hA.K",
        "name" : "CustomerJourneyExperience",
        "description" : null,
        "type" : "Class",
        "propertyAssignments" : null,
        "stereotype" : "mode",
        "isAbstract" : false,
        "isDerived" : false,
        "properties" : null,
        "isExtensional" : null,
        "isPowertype" : null,
        "order" : null,
        "literals" : null,
        "restrictedTo" : [ "intrinsic-mode" ]
      }, {
        "id" : "jXcaBh6GAqG8hA.a",
        "name" : "Channel",
        "description" : null,
        "type" : "Class",
        "propertyAssignments" : null,
        "stereotype" : "kind",
        "isAbstract" : false,
        "isDerived" : false,
        "properties" : null,
        "isExtensional" : null,
        "isPowertype" : null,
        "order" : null,
        "literals" : null,
        "restrictedTo" : [ "functional-complex" ]
      }, {
        "id" : "WPoWBh6GAqG8hBAY",
        "name" : "ValueProposition",
        "description" : null,
        "type" : "Class",
        "propertyAssignments" : null,
        "stereotype" : "relator",
        "isAbstract" : false,
        "isDerived" : false,
        "properties" : null,
        "isExtensional" : null,
        "isPowertype" : null,
        "order" : null,
        "literals" : null,
        "restrictedTo" : [ "relator" ]
      }, {
        "id" : "4I5dBh6D.AAAARV7",
        "name" : "Market",
        "description" : null,
        "type" : "Class",
        "propertyAssignments" : null,
        "stereotype" : "collective",
        "isAbstract" : false,
        "isDerived" : false,
        "properties" : null,
        "isExtensional" : false,
        "isPowertype" : null,
        "order" : null,
        "literals" : null,
        "restrictedTo" : [ "collective" ]
      }, {
        "id" : "6RevBh6D.AAAARlE",
        "name" : "Awareness",
        "description" : null,
        "type" : "Class",
        "propertyAssignments" : null,
        "stereotype" : "phase",
        "isAbstract" : false,
        "isDerived" : false,
        "properties" : null,
        "isExtensional" : false,
        "isPowertype" : null,
        "order" : null,
        "literals" : null,
        "restrictedTo" : [ "functional-complex" ]
      }, {
        "id" : "pFxvBh6D.AAAARlQ",
        "name" : "Consideration",
        "description" : null,
        "type" : "Class",
        "propertyAssignments" : null,
        "stereotype" : "phase",
        "isAbstract" : false,
        "isDerived" : false,
        "properties" : null,
        "isExtensional" : false,
        "isPowertype" : null,
        "order" : null,
        "literals" : null,
        "restrictedTo" : [ "functional-complex" ]
      }, {
        "id" : "bNJvBh6D.AAAARlW",
        "name" : "Decision",
        "description" : null,
        "type" : "Class",
        "propertyAssignments" : null,
        "stereotype" : "phase",
        "isAbstract" : false,
        "isDerived" : false,
        "properties" : null,
        "isExtensional" : false,
        "isPowertype" : null,
        "order" : null,
        "literals" : null,
        "restrictedTo" : [ "functional-complex" ]
      }, {
        "id" : "NNpvBh6D.AAAARle",
        "name" : "Consumption",
        "description" : null,
        "type" : "Class",
        "propertyAssignments" : null,
        "stereotype" : "phase",
        "isAbstract" : false,
        "isDerived" : false,
        "properties" : null,
        "isExtensional" : false,
        "isPowertype" : null,
        "order" : null,
        "literals" : null,
        "restrictedTo" : [ "functional-complex" ]
      }, {
        "id" : "vxZvBh6D.AAAARlm",
        "name" : "Faithful",
        "description" : null,
        "type" : "Class",
        "propertyAssignments" : null,
        "stereotype" : "phase",
        "isAbstract" : false,
        "isDerived" : false,
        "properties" : null,
        "isExtensional" : false,
        "isPowertype" : null,
        "order" : null,
        "literals" : null,
        "restrictedTo" : [ "functional-complex" ]
      }, {
        "id" : "ZHlvBh6D.AAAARl8",
        "name" : "Advocacy",
        "description" : null,
        "type" : "Class",
        "propertyAssignments" : null,
        "stereotype" : "phase",
        "isAbstract" : false,
        "isDerived" : false,
        "properties" : null,
        "isExtensional" : false,
        "isPowertype" : null,
        "order" : null,
        "literals" : null,
        "restrictedTo" : [ "functional-complex" ]
      }, {
        "id" : "21LaBh6GAqG8hA_V",
        "name" : "CustomerRelationshipStatus",
        "description" : null,
        "type" : "Class",
        "propertyAssignments" : null,
        "stereotype" : "relator",
        "isAbstract" : false,
        "isDerived" : false,
        "properties" : null,
        "isExtensional" : null,
        "isPowertype" : null,
        "order" : null,
        "literals" : null,
        "restrictedTo" : [ "relator" ]
      }, {
        "id" : "d14PRh6D.AAAARzu",
        "name" : "Lead",
        "description" : null,
        "type" : "Class",
        "propertyAssignments" : null,
        "stereotype" : "phase",
        "isAbstract" : false,
        "isDerived" : false,
        "properties" : null,
        "isExtensional" : false,
        "isPowertype" : null,
        "order" : null,
        "literals" : null,
        "restrictedTo" : [ "relator" ]
      }, {
        "id" : "2sEPRh6D.AAAARz0",
        "name" : "Prospect",
        "description" : null,
        "type" : "Class",
        "propertyAssignments" : null,
        "stereotype" : "phase",
        "isAbstract" : false,
        "isDerived" : false,
        "properties" : null,
        "isExtensional" : false,
        "isPowertype" : null,
        "order" : null,
        "literals" : null,
        "restrictedTo" : [ "relator" ]
      }, {
        "id" : "7YkPRh6D.AAAARz8",
        "name" : "Customer",
        "description" : null,
        "type" : "Class",
        "propertyAssignments" : null,
        "stereotype" : "phase",
        "isAbstract" : false,
        "isDerived" : false,
        "properties" : null,
        "isExtensional" : false,
        "isPowertype" : null,
        "order" : null,
        "literals" : null,
        "restrictedTo" : [ "relator" ]
      }, {
        "id" : "jQUPRh6D.AAAAR0E",
        "name" : "Loyal",
        "description" : null,
        "type" : "Class",
        "propertyAssignments" : null,
        "stereotype" : "phase",
        "isAbstract" : false,
        "isDerived" : false,
        "properties" : null,
        "isExtensional" : false,
        "isPowertype" : null,
        "order" : null,
        "literals" : null,
        "restrictedTo" : [ "relator" ]
      }, {
        "id" : "0G0PRh6D.AAAAR0M",
        "name" : "Stranger",
        "description" : null,
        "type" : "Class",
        "propertyAssignments" : null,
        "stereotype" : "phase",
        "isAbstract" : false,
        "isDerived" : false,
        "properties" : null,
        "isExtensional" : false,
        "isPowertype" : null,
        "order" : null,
        "literals" : null,
        "restrictedTo" : [ "relator" ]
      }, {
        "id" : "tCMPRh6D.AAAAR0U",
        "name" : "Promoter",
        "description" : null,
        "type" : "Class",
        "propertyAssignments" : null,
        "stereotype" : "phase",
        "isAbstract" : false,
        "isDerived" : false,
        "properties" : null,
        "isExtensional" : false,
        "isPowertype" : null,
        "order" : null,
        "literals" : null,
        "restrictedTo" : [ "relator" ]
      }, {
        "id" : "GU8Bxh6D.AAAAR8V",
        "name" : "Attract",
        "description" : null,
        "type" : "Class",
        "propertyAssignments" : null,
        "stereotype" : "event",
        "isAbstract" : false,
        "isDerived" : false,
        "properties" : null,
        "isExtensional" : null,
        "isPowertype" : null,
        "order" : null,
        "literals" : null,
        "restrictedTo" : [ "event" ]
      }, {
        "id" : "isCBxh6D.AAAAR8d",
        "name" : "Engage",
        "description" : null,
        "type" : "Class",
        "propertyAssignments" : null,
        "stereotype" : "event",
        "isAbstract" : false,
        "isDerived" : false,
        "properties" : null,
        "isExtensional" : null,
        "isPowertype" : null,
        "order" : null,
        "literals" : null,
        "restrictedTo" : [ "event" ]
      }, {
        "id" : "eaiBxh6D.AAAAR8l",
        "name" : "Delight",
        "description" : null,
        "type" : "Class",
        "propertyAssignments" : null,
        "stereotype" : "event",
        "isAbstract" : false,
        "isDerived" : false,
        "properties" : null,
        "isExtensional" : null,
        "isPowertype" : null,
        "order" : null,
        "literals" : null,
        "restrictedTo" : [ "event" ]
      }, {
        "id" : "HEg1xh6D.AAAASPM",
        "name" : "DigitalChannel",
        "description" : null,
        "type" : "Class",
        "propertyAssignments" : null,
        "stereotype" : "subkind",
        "isAbstract" : false,
        "isDerived" : false,
        "properties" : null,
        "isExtensional" : false,
        "isPowertype" : null,
        "order" : null,
        "literals" : null,
        "restrictedTo" : [ "functional-complex" ]
      }, {
        "id" : "qFg1xh6D.AAAASPU",
        "name" : "PhysicalChannel",
        "description" : null,
        "type" : "Class",
        "propertyAssignments" : null,
        "stereotype" : "subkind",
        "isAbstract" : false,
        "isDerived" : false,
        "properties" : null,
        "isExtensional" : false,
        "isPowertype" : null,
        "order" : null,
        "literals" : null,
        "restrictedTo" : [ "functional-complex" ]
      }, {
        "id" : "cLMbRh6D.AAAARvI",
        "name" : null,
        "description" : null,
        "type" : "Generalization",
        "propertyAssignments" : null,
        "general" : {
          "id" : "aMal.h6GAqG8hA8A",
          "type" : "Class"
        },
        "specific" : {
          "id" : "6RevBh6D.AAAARlE",
          "type" : "Class"
        }
      }, {
        "id" : "8wcbRh6D.AAAARvM",
        "name" : "",
        "description" : null,
        "type" : "Generalization",
        "propertyAssignments" : null,
        "general" : {
          "id" : "aMal.h6GAqG8hA8A",
          "type" : "Class"
        },
        "specific" : {
          "id" : "pFxvBh6D.AAAARlQ",
          "type" : "Class"
        }
      }, {
        "id" : "PHcbRh6D.AAAARvQ",
        "name" : null,
        "description" : null,
        "type" : "Generalization",
        "propertyAssignments" : null,
        "general" : {
          "id" : "aMal.h6GAqG8hA8A",
          "type" : "Class"
        },
        "specific" : {
          "id" : "bNJvBh6D.AAAARlW",
          "type" : "Class"
        }
      }, {
        "id" : "VT8bRh6D.AAAARvU",
        "name" : null,
        "description" : null,
        "type" : "Generalization",
        "propertyAssignments" : null,
        "general" : {
          "id" : "aMal.h6GAqG8hA8A",
          "type" : "Class"
        },
        "specific" : {
          "id" : "NNpvBh6D.AAAARle",
          "type" : "Class"
        }
      }, {
        "id" : "KJCbRh6D.AAAARvY",
        "name" : null,
        "description" : null,
        "type" : "Generalization",
        "propertyAssignments" : null,
        "general" : {
          "id" : "aMal.h6GAqG8hA8A",
          "type" : "Class"
        },
        "specific" : {
          "id" : "vxZvBh6D.AAAARlm",
          "type" : "Class"
        }
      }, {
        "id" : "F6ibRh6D.AAAARvc",
        "name" : "",
        "description" : null,
        "type" : "Generalization",
        "propertyAssignments" : null,
        "general" : {
          "id" : "aMal.h6GAqG8hA8A",
          "type" : "Class"
        },
        "specific" : {
          "id" : "ZHlvBh6D.AAAARl8",
          "type" : "Class"
        }
      }, {
        "id" : "f0kfRh6D.AAAAR1T",
        "name" : null,
        "description" : null,
        "type" : "Generalization",
        "propertyAssignments" : null,
        "general" : {
          "id" : "21LaBh6GAqG8hA_V",
          "type" : "Class"
        },
        "specific" : {
          "id" : "0G0PRh6D.AAAAR0M",
          "type" : "Class"
        }
      }, {
        "id" : "mIUfRh6D.AAAAR1X",
        "name" : null,
        "description" : null,
        "type" : "Generalization",
        "propertyAssignments" : null,
        "general" : {
          "id" : "21LaBh6GAqG8hA_V",
          "type" : "Class"
        },
        "specific" : {
          "id" : "d14PRh6D.AAAARzu",
          "type" : "Class"
        }
      }, {
        "id" : "gDUfRh6D.AAAAR1b",
        "name" : null,
        "description" : null,
        "type" : "Generalization",
        "propertyAssignments" : null,
        "general" : {
          "id" : "21LaBh6GAqG8hA_V",
          "type" : "Class"
        },
        "specific" : {
          "id" : "2sEPRh6D.AAAARz0",
          "type" : "Class"
        }
      }, {
        "id" : "X90fRh6D.AAAAR1f",
        "name" : null,
        "description" : null,
        "type" : "Generalization",
        "propertyAssignments" : null,
        "general" : {
          "id" : "21LaBh6GAqG8hA_V",
          "type" : "Class"
        },
        "specific" : {
          "id" : "7YkPRh6D.AAAARz8",
          "type" : "Class"
        }
      }, {
        "id" : "KxMfRh6D.AAAAR1j",
        "name" : null,
        "description" : null,
        "type" : "Generalization",
        "propertyAssignments" : null,
        "general" : {
          "id" : "21LaBh6GAqG8hA_V",
          "type" : "Class"
        },
        "specific" : {
          "id" : "jQUPRh6D.AAAAR0E",
          "type" : "Class"
        }
      }, {
        "id" : "JasfRh6D.AAAAR1n",
        "name" : null,
        "description" : null,
        "type" : "Generalization",
        "propertyAssignments" : null,
        "general" : {
          "id" : "21LaBh6GAqG8hA_V",
          "type" : "Class"
        },
        "specific" : {
          "id" : "tCMPRh6D.AAAAR0U",
          "type" : "Class"
        }
      }, {
        "id" : "8MF1xh6D.AAAASQ3",
        "name" : null,
        "description" : null,
        "type" : "Generalization",
        "propertyAssignments" : null,
        "general" : {
          "id" : "jXcaBh6GAqG8hA.a",
          "type" : "Class"
        },
        "specific" : {
          "id" : "qFg1xh6D.AAAASPU",
          "type" : "Class"
        }
      }, {
        "id" : "6c51xh6D.AAAASQz",
        "name" : null,
        "description" : null,
        "type" : "Generalization",
        "propertyAssignments" : null,
        "general" : {
          "id" : "jXcaBh6GAqG8hA.a",
          "type" : "Class"
        },
        "specific" : {
          "id" : "HEg1xh6D.AAAASPM",
          "type" : "Class"
        }
      }, {
        "id" : "FrBfRh6D.AAAAR2N",
        "name" : "CustomerRelationshipStatus",
        "description" : null,
        "type" : "GeneralizationSet",
        "propertyAssignments" : null,
        "isDisjoint" : true,
        "isComplete" : true,
        "categorizer" : null,
        "generalizations" : [ {
          "id" : "mIUfRh6D.AAAAR1X",
          "type" : "Generalization"
        }, {
          "id" : "JasfRh6D.AAAAR1n",
          "type" : "Generalization"
        }, {
          "id" : "X90fRh6D.AAAAR1f",
          "type" : "Generalization"
        }, {
          "id" : "KxMfRh6D.AAAAR1j",
          "type" : "Generalization"
        }, {
          "id" : "f0kfRh6D.AAAAR1T",
          "type" : "Generalization"
        }, {
          "id" : "gDUfRh6D.AAAAR1b",
          "type" : "Generalization"
        } ]
      }, {
        "id" : "p9I_Rh6D.AAAAR3l",
        "name" : "CustomerJourneyStage",
        "description" : null,
        "type" : "GeneralizationSet",
        "propertyAssignments" : null,
        "isDisjoint" : true,
        "isComplete" : true,
        "categorizer" : null,
        "generalizations" : [ {
          "id" : "8wcbRh6D.AAAARvM",
          "type" : "Generalization"
        }, {
          "id" : "F6ibRh6D.AAAARvc",
          "type" : "Generalization"
        }, {
          "id" : "PHcbRh6D.AAAARvQ",
          "type" : "Generalization"
        }, {
          "id" : "VT8bRh6D.AAAARvU",
          "type" : "Generalization"
        }, {
          "id" : "KJCbRh6D.AAAARvY",
          "type" : "Generalization"
        }, {
          "id" : "cLMbRh6D.AAAARvI",
          "type" : "Generalization"
        } ]
      }, {
        "id" : "yIb1xh6D.AAAASRA",
        "name" : "ChannelTypes",
        "description" : null,
        "type" : "GeneralizationSet",
        "propertyAssignments" : null,
        "isDisjoint" : true,
        "isComplete" : false,
        "categorizer" : null,
        "generalizations" : [ {
          "id" : "6c51xh6D.AAAASQz",
          "type" : "Generalization"
        }, {
          "id" : "8MF1xh6D.AAAASQ3",
          "type" : "Generalization"
        } ]
      }, {
        "id" : "v107Bh6D.AAAARe6",
        "name" : null,
        "description" : null,
        "type" : "Relation",
        "propertyAssignments" : null,
        "stereotype" : "mediation",
        "isAbstract" : false,
        "isDerived" : false,
        "properties" : [ {
          "id" : "v107Bh6D.AAAARe7",
          "name" : null,
          "description" : null,
          "type" : "Property",
          "propertyAssignments" : null,
          "stereotype" : null,
          "isDerived" : false,
          "isReadOnly" : false,
          "isOrdered" : false,
          "cardinality" : "1..*",
          "propertyType" : {
            "id" : "WPoWBh6GAqG8hBAY",
            "type" : "Class"
          },
          "subsettedProperties" : null,
          "redefinedProperties" : null,
          "aggregationKind" : "NONE"
        }, {
          "id" : "v107Bh6D.AAAARe9",
          "name" : null,
          "description" : null,
          "type" : "Property",
          "propertyAssignments" : null,
          "stereotype" : null,
          "isDerived" : false,
          "isReadOnly" : true,
          "isOrdered" : false,
          "cardinality" : "1",
          "propertyType" : {
            "id" : "o1UaBh6GAqG8hA9S",
            "type" : "Class"
          },
          "subsettedProperties" : null,
          "redefinedProperties" : null,
          "aggregationKind" : "NONE"
        } ]
      }, {
        "id" : "27M7Bh6D.AAAARfC",
        "name" : null,
        "description" : null,
        "type" : "Relation",
        "propertyAssignments" : null,
        "stereotype" : "mediation",
        "isAbstract" : false,
        "isDerived" : false,
        "properties" : [ {
          "id" : "27M7Bh6D.AAAARfD",
          "name" : null,
          "description" : null,
          "type" : "Property",
          "propertyAssignments" : null,
          "stereotype" : null,
          "isDerived" : false,
          "isReadOnly" : false,
          "isOrdered" : false,
          "cardinality" : "1..*",
          "propertyType" : {
            "id" : "WPoWBh6GAqG8hBAY",
            "type" : "Class"
          },
          "subsettedProperties" : null,
          "redefinedProperties" : null,
          "aggregationKind" : "NONE"
        }, {
          "id" : "27M7Bh6D.AAAARfF",
          "name" : null,
          "description" : null,
          "type" : "Property",
          "propertyAssignments" : null,
          "stereotype" : null,
          "isDerived" : false,
          "isReadOnly" : true,
          "isOrdered" : false,
          "cardinality" : "1",
          "propertyType" : {
            "id" : "4I5dBh6D.AAAARV7",
            "type" : "Class"
          },
          "subsettedProperties" : null,
          "redefinedProperties" : null,
          "aggregationKind" : "NONE"
        } ]
      }, {
        "id" : "8uz7Bh6D.AAAARg4",
        "name" : null,
        "description" : null,
        "type" : "Relation",
        "propertyAssignments" : null,
        "stereotype" : "memberOf",
        "isAbstract" : false,
        "isDerived" : false,
        "properties" : [ {
          "id" : "8uz7Bh6D.AAAARg5",
          "name" : null,
          "description" : null,
          "type" : "Property",
          "propertyAssignments" : null,
          "stereotype" : null,
          "isDerived" : false,
          "isReadOnly" : false,
          "isOrdered" : false,
          "cardinality" : "2..*",
          "propertyType" : {
            "id" : "aMal.h6GAqG8hA8A",
            "type" : "Class"
          },
          "subsettedProperties" : null,
          "redefinedProperties" : null,
          "aggregationKind" : "NONE"
        }, {
          "id" : "8uz7Bh6D.AAAARg7",
          "name" : null,
          "description" : null,
          "type" : "Property",
          "propertyAssignments" : null,
          "stereotype" : null,
          "isDerived" : false,
          "isReadOnly" : false,
          "isOrdered" : false,
          "cardinality" : "1..*",
          "propertyType" : {
            "id" : "4I5dBh6D.AAAARV7",
            "type" : "Class"
          },
          "subsettedProperties" : null,
          "redefinedProperties" : null,
          "aggregationKind" : "SHARED"
        } ]
      }, {
        "id" : "Wqx3Rh6D.AAAARy3",
        "name" : null,
        "description" : null,
        "type" : "Relation",
        "propertyAssignments" : null,
        "stereotype" : "mediation",
        "isAbstract" : false,
        "isDerived" : false,
        "properties" : [ {
          "id" : "Wqx3Rh6D.AAAARy4",
          "name" : null,
          "description" : null,
          "type" : "Property",
          "propertyAssignments" : null,
          "stereotype" : null,
          "isDerived" : false,
          "isReadOnly" : false,
          "isOrdered" : false,
          "cardinality" : "0..*",
          "propertyType" : {
            "id" : "21LaBh6GAqG8hA_V",
            "type" : "Class"
          },
          "subsettedProperties" : null,
          "redefinedProperties" : null,
          "aggregationKind" : "NONE"
        }, {
          "id" : "Wqx3Rh6D.AAAARy6",
          "name" : null,
          "description" : null,
          "type" : "Property",
          "propertyAssignments" : null,
          "stereotype" : null,
          "isDerived" : false,
          "isReadOnly" : true,
          "isOrdered" : false,
          "cardinality" : "1",
          "propertyType" : {
            "id" : "o1UaBh6GAqG8hA9S",
            "type" : "Class"
          },
          "subsettedProperties" : null,
          "redefinedProperties" : null,
          "aggregationKind" : "NONE"
        } ]
      }, {
        "id" : "QXJ3Rh6D.AAAARy_",
        "name" : null,
        "description" : null,
        "type" : "Relation",
        "propertyAssignments" : null,
        "stereotype" : "mediation",
        "isAbstract" : false,
        "isDerived" : false,
        "properties" : [ {
          "id" : "QXJ3Rh6D.AAAARzA",
          "name" : null,
          "description" : null,
          "type" : "Property",
          "propertyAssignments" : null,
          "stereotype" : null,
          "isDerived" : false,
          "isReadOnly" : false,
          "isOrdered" : false,
          "cardinality" : "0..*",
          "propertyType" : {
            "id" : "21LaBh6GAqG8hA_V",
            "type" : "Class"
          },
          "subsettedProperties" : null,
          "redefinedProperties" : null,
          "aggregationKind" : "NONE"
        }, {
          "id" : "QXJ3Rh6D.AAAARzC",
          "name" : null,
          "description" : null,
          "type" : "Property",
          "propertyAssignments" : null,
          "stereotype" : null,
          "isDerived" : false,
          "isReadOnly" : true,
          "isOrdered" : false,
          "cardinality" : "1",
          "propertyType" : {
            "id" : "aMal.h6GAqG8hA8A",
            "type" : "Class"
          },
          "subsettedProperties" : null,
          "redefinedProperties" : null,
          "aggregationKind" : "NONE"
        } ]
      }, {
        "id" : "g77gxh6D.AAAAR6n",
        "name" : null,
        "description" : null,
        "type" : "Relation",
        "propertyAssignments" : null,
        "stereotype" : "participation",
        "isAbstract" : false,
        "isDerived" : false,
        "properties" : [ {
          "id" : "g77gxh6D.AAAAR6o",
          "name" : null,
          "description" : null,
          "type" : "Property",
          "propertyAssignments" : null,
          "stereotype" : null,
          "isDerived" : false,
          "isReadOnly" : true,
          "isOrdered" : false,
          "cardinality" : "1..*",
          "propertyType" : {
            "id" : "o1UaBh6GAqG8hA9S",
            "type" : "Class"
          },
          "subsettedProperties" : null,
          "redefinedProperties" : null,
          "aggregationKind" : "NONE"
        }, {
          "id" : "Q77gxh6D.AAAAR6q",
          "name" : null,
          "description" : null,
          "type" : "Property",
          "propertyAssignments" : null,
          "stereotype" : null,
          "isDerived" : false,
          "isReadOnly" : false,
          "isOrdered" : false,
          "cardinality" : "0..*",
          "propertyType" : {
            "id" : "wMUaBh6GAqG8hA9K",
            "type" : "Class"
          },
          "subsettedProperties" : null,
          "redefinedProperties" : null,
          "aggregationKind" : "NONE"
        } ]
      }, {
        "id" : "ebihxh6D.AAAAR_1",
        "name" : null,
        "description" : null,
        "type" : "Relation",
        "propertyAssignments" : null,
        "stereotype" : "historicalDependence",
        "isAbstract" : false,
        "isDerived" : false,
        "properties" : [ {
          "id" : "ebihxh6D.AAAAR_2",
          "name" : null,
          "description" : null,
          "type" : "Property",
          "propertyAssignments" : null,
          "stereotype" : null,
          "isDerived" : false,
          "isReadOnly" : false,
          "isOrdered" : false,
          "cardinality" : "0..*",
          "propertyType" : {
            "id" : "GU8Bxh6D.AAAAR8V",
            "type" : "Class"
          },
          "subsettedProperties" : null,
          "redefinedProperties" : null,
          "aggregationKind" : "NONE"
        }, {
          "id" : "ebihxh6D.AAAAR_4",
          "name" : null,
          "description" : null,
          "type" : "Property",
          "propertyAssignments" : null,
          "stereotype" : null,
          "isDerived" : false,
          "isReadOnly" : true,
          "isOrdered" : false,
          "cardinality" : "1",
          "propertyType" : {
            "id" : "isCBxh6D.AAAAR8d",
            "type" : "Class"
          },
          "subsettedProperties" : null,
          "redefinedProperties" : null,
          "aggregationKind" : "NONE"
        } ]
      }, {
        "id" : "M7Shxh6D.AAAAR__",
        "name" : null,
        "description" : null,
        "type" : "Relation",
        "propertyAssignments" : null,
        "stereotype" : "historicalDependence",
        "isAbstract" : false,
        "isDerived" : false,
        "properties" : [ {
          "id" : "M7Shxh6D.AAAASAA",
          "name" : null,
          "description" : null,
          "type" : "Property",
          "propertyAssignments" : null,
          "stereotype" : null,
          "isDerived" : false,
          "isReadOnly" : false,
          "isOrdered" : false,
          "cardinality" : "0..*",
          "propertyType" : {
            "id" : "isCBxh6D.AAAAR8d",
            "type" : "Class"
          },
          "subsettedProperties" : null,
          "redefinedProperties" : null,
          "aggregationKind" : "NONE"
        }, {
          "id" : "s7Shxh6D.AAAASAC",
          "name" : null,
          "description" : null,
          "type" : "Property",
          "propertyAssignments" : null,
          "stereotype" : null,
          "isDerived" : false,
          "isReadOnly" : true,
          "isOrdered" : false,
          "cardinality" : "1",
          "propertyType" : {
            "id" : "eaiBxh6D.AAAAR8l",
            "type" : "Class"
          },
          "subsettedProperties" : null,
          "redefinedProperties" : null,
          "aggregationKind" : "NONE"
        } ]
      }, {
        "id" : "H.Lhxh6D.AAAASCj",
        "name" : null,
        "description" : null,
        "type" : "Relation",
        "propertyAssignments" : null,
        "stereotype" : null,
        "isAbstract" : false,
        "isDerived" : false,
        "properties" : [ {
          "id" : "H.Lhxh6D.AAAASCk",
          "name" : null,
          "description" : null,
          "type" : "Property",
          "propertyAssignments" : null,
          "stereotype" : null,
          "isDerived" : false,
          "isReadOnly" : false,
          "isOrdered" : false,
          "cardinality" : "1",
          "propertyType" : {
            "id" : "wMUaBh6GAqG8hA9K",
            "type" : "Class"
          },
          "subsettedProperties" : null,
          "redefinedProperties" : null,
          "aggregationKind" : "COMPOSITE"
        }, {
          "id" : "H.Lhxh6D.AAAASCm",
          "name" : null,
          "description" : null,
          "type" : "Property",
          "propertyAssignments" : null,
          "stereotype" : null,
          "isDerived" : false,
          "isReadOnly" : false,
          "isOrdered" : false,
          "cardinality" : "1..*",
          "propertyType" : {
            "id" : "GU8Bxh6D.AAAAR8V",
            "type" : "Class"
          },
          "subsettedProperties" : null,
          "redefinedProperties" : null,
          "aggregationKind" : "NONE"
        } ]
      }, {
        "id" : ".nrhxh6D.AAAASCr",
        "name" : null,
        "description" : null,
        "type" : "Relation",
        "propertyAssignments" : null,
        "stereotype" : null,
        "isAbstract" : false,
        "isDerived" : false,
        "properties" : [ {
          "id" : ".nrhxh6D.AAAASCs",
          "name" : null,
          "description" : null,
          "type" : "Property",
          "propertyAssignments" : null,
          "stereotype" : null,
          "isDerived" : false,
          "isReadOnly" : false,
          "isOrdered" : false,
          "cardinality" : "1",
          "propertyType" : {
            "id" : "wMUaBh6GAqG8hA9K",
            "type" : "Class"
          },
          "subsettedProperties" : null,
          "redefinedProperties" : null,
          "aggregationKind" : "COMPOSITE"
        }, {
          "id" : "Bnrhxh6D.AAAASCu",
          "name" : null,
          "description" : null,
          "type" : "Property",
          "propertyAssignments" : null,
          "stereotype" : null,
          "isDerived" : false,
          "isReadOnly" : false,
          "isOrdered" : false,
          "cardinality" : "1..*",
          "propertyType" : {
            "id" : "isCBxh6D.AAAAR8d",
            "type" : "Class"
          },
          "subsettedProperties" : null,
          "redefinedProperties" : null,
          "aggregationKind" : "NONE"
        } ]
      }, {
        "id" : "hxbhxh6D.AAAASCz",
        "name" : null,
        "description" : null,
        "type" : "Relation",
        "propertyAssignments" : null,
        "stereotype" : null,
        "isAbstract" : false,
        "isDerived" : false,
        "properties" : [ {
          "id" : "hxbhxh6D.AAAASC0",
          "name" : null,
          "description" : null,
          "type" : "Property",
          "propertyAssignments" : null,
          "stereotype" : null,
          "isDerived" : false,
          "isReadOnly" : false,
          "isOrdered" : false,
          "cardinality" : "1",
          "propertyType" : {
            "id" : "wMUaBh6GAqG8hA9K",
            "type" : "Class"
          },
          "subsettedProperties" : null,
          "redefinedProperties" : null,
          "aggregationKind" : "COMPOSITE"
        }, {
          "id" : "hxbhxh6D.AAAASC2",
          "name" : null,
          "description" : null,
          "type" : "Property",
          "propertyAssignments" : null,
          "stereotype" : null,
          "isDerived" : false,
          "isReadOnly" : false,
          "isOrdered" : false,
          "cardinality" : "1..*",
          "propertyType" : {
            "id" : "eaiBxh6D.AAAAR8l",
            "type" : "Class"
          },
          "subsettedProperties" : null,
          "redefinedProperties" : null,
          "aggregationKind" : "NONE"
        } ]
      }, {
        "id" : "xrjxxh6D.AAAASE_",
        "name" : null,
        "description" : null,
        "type" : "Relation",
        "propertyAssignments" : null,
        "stereotype" : "participation",
        "isAbstract" : false,
        "isDerived" : false,
        "properties" : [ {
          "id" : "xrjxxh6D.AAAASFA",
          "name" : null,
          "description" : null,
          "type" : "Property",
          "propertyAssignments" : null,
          "stereotype" : null,
          "isDerived" : false,
          "isReadOnly" : true,
          "isOrdered" : false,
          "cardinality" : "1..*",
          "propertyType" : {
            "id" : "aMal.h6GAqG8hA8A",
            "type" : "Class"
          },
          "subsettedProperties" : null,
          "redefinedProperties" : null,
          "aggregationKind" : "NONE"
        }, {
          "id" : "Jrjxxh6D.AAAASFC",
          "name" : null,
          "description" : null,
          "type" : "Property",
          "propertyAssignments" : null,
          "stereotype" : null,
          "isDerived" : false,
          "isReadOnly" : false,
          "isOrdered" : false,
          "cardinality" : "0..*",
          "propertyType" : {
            "id" : "vE0aBh6GAqG8hA9a",
            "type" : "Class"
          },
          "subsettedProperties" : null,
          "redefinedProperties" : null,
          "aggregationKind" : "NONE"
        } ]
      }, {
        "id" : "pXV5xh6D.AAAASJQ",
        "name" : "",
        "description" : null,
        "type" : "Relation",
        "propertyAssignments" : null,
        "stereotype" : "characterization",
        "isAbstract" : false,
        "isDerived" : false,
        "properties" : [ {
          "id" : "pXV5xh6D.AAAASJR",
          "name" : null,
          "description" : null,
          "type" : "Property",
          "propertyAssignments" : null,
          "stereotype" : null,
          "isDerived" : false,
          "isReadOnly" : false,
          "isOrdered" : false,
          "cardinality" : "1",
          "propertyType" : {
            "id" : "aMal.h6GAqG8hA8A",
            "type" : "Class"
          },
          "subsettedProperties" : null,
          "redefinedProperties" : null,
          "aggregationKind" : "NONE"
        }, {
          "id" : "pXV5xh6D.AAAASJT",
          "name" : null,
          "description" : null,
          "type" : "Property",
          "propertyAssignments" : null,
          "stereotype" : null,
          "isDerived" : false,
          "isReadOnly" : true,
          "isOrdered" : false,
          "cardinality" : "1..*",
          "propertyType" : {
            "id" : "VnsaBh6GAqG8hA.K",
            "type" : "Class"
          },
          "subsettedProperties" : null,
          "redefinedProperties" : null,
          "aggregationKind" : "NONE"
        } ]
      }, {
        "id" : "Mitlxh6D.AAAASMr",
        "name" : null,
        "description" : null,
        "type" : "Relation",
        "propertyAssignments" : null,
        "stereotype" : "creation",
        "isAbstract" : false,
        "isDerived" : false,
        "properties" : [ {
          "id" : "Mitlxh6D.AAAASMs",
          "name" : null,
          "description" : null,
          "type" : "Property",
          "propertyAssignments" : null,
          "stereotype" : null,
          "isDerived" : false,
          "isReadOnly" : true,
          "isOrdered" : false,
          "cardinality" : "0..*",
          "propertyType" : {
            "id" : "gHMaBh6GAqG8hA.C",
            "type" : "Class"
          },
          "subsettedProperties" : null,
          "redefinedProperties" : null,
          "aggregationKind" : "NONE"
        }, {
          "id" : "sitlxh6D.AAAASMu",
          "name" : null,
          "description" : null,
          "type" : "Property",
          "propertyAssignments" : null,
          "stereotype" : null,
          "isDerived" : false,
          "isReadOnly" : true,
          "isOrdered" : false,
          "cardinality" : "1",
          "propertyType" : {
            "id" : "wMUaBh6GAqG8hA9K",
            "type" : "Class"
          },
          "subsettedProperties" : null,
          "redefinedProperties" : null,
          "aggregationKind" : "NONE"
        } ]
      }, {
        "id" : "PRsVxh6D.AAAASN2",
        "name" : null,
        "description" : null,
        "type" : "Relation",
        "propertyAssignments" : null,
        "stereotype" : "participation",
        "isAbstract" : false,
        "isDerived" : false,
        "properties" : [ {
          "id" : "PRsVxh6D.AAAASN3",
          "name" : null,
          "description" : null,
          "type" : "Property",
          "propertyAssignments" : null,
          "stereotype" : null,
          "isDerived" : false,
          "isReadOnly" : true,
          "isOrdered" : false,
          "cardinality" : "1..*",
          "propertyType" : {
            "id" : "o1UaBh6GAqG8hA9S",
            "type" : "Class"
          },
          "subsettedProperties" : null,
          "redefinedProperties" : null,
          "aggregationKind" : "NONE"
        }, {
          "id" : "PRsVxh6D.AAAASN5",
          "name" : null,
          "description" : null,
          "type" : "Property",
          "propertyAssignments" : null,
          "stereotype" : null,
          "isDerived" : false,
          "isReadOnly" : false,
          "isOrdered" : false,
          "cardinality" : "0..*",
          "propertyType" : {
            "id" : "aCMaBh6GAqG8hA9y",
            "type" : "Class"
          },
          "subsettedProperties" : null,
          "redefinedProperties" : null,
          "aggregationKind" : "NONE"
        } ]
      }, {
        "id" : "yR6Vxh6D.AAAASOZ",
        "name" : null,
        "description" : null,
        "type" : "Relation",
        "propertyAssignments" : null,
        "stereotype" : "creation",
        "isAbstract" : false,
        "isDerived" : false,
        "properties" : [ {
          "id" : "yR6Vxh6D.AAAASOa",
          "name" : null,
          "description" : null,
          "type" : "Property",
          "propertyAssignments" : null,
          "stereotype" : null,
          "isDerived" : false,
          "isReadOnly" : true,
          "isOrdered" : false,
          "cardinality" : "1..*",
          "propertyType" : {
            "id" : "gHMaBh6GAqG8hA.C",
            "type" : "Class"
          },
          "subsettedProperties" : null,
          "redefinedProperties" : null,
          "aggregationKind" : "NONE"
        }, {
          "id" : "yR6Vxh6D.AAAASOc",
          "name" : null,
          "description" : null,
          "type" : "Property",
          "propertyAssignments" : null,
          "stereotype" : null,
          "isDerived" : false,
          "isReadOnly" : true,
          "isOrdered" : false,
          "cardinality" : "1",
          "propertyType" : {
            "id" : "aCMaBh6GAqG8hA9y",
            "type" : "Class"
          },
          "subsettedProperties" : null,
          "redefinedProperties" : null,
          "aggregationKind" : "NONE"
        } ]
      }, {
        "id" : "OiZNxh6D.AAAASSF",
        "name" : null,
        "description" : null,
        "type" : "Relation",
        "propertyAssignments" : null,
        "stereotype" : "participation",
        "isAbstract" : false,
        "isDerived" : false,
        "properties" : [ {
          "id" : "OiZNxh6D.AAAASSG",
          "name" : null,
          "description" : null,
          "type" : "Property",
          "propertyAssignments" : null,
          "stereotype" : null,
          "isDerived" : false,
          "isReadOnly" : true,
          "isOrdered" : false,
          "cardinality" : "1..*",
          "propertyType" : {
            "id" : "jXcaBh6GAqG8hA.a",
            "type" : "Class"
          },
          "subsettedProperties" : null,
          "redefinedProperties" : null,
          "aggregationKind" : "NONE"
        }, {
          "id" : "uiZNxh6D.AAAASSI",
          "name" : null,
          "description" : null,
          "type" : "Property",
          "propertyAssignments" : null,
          "stereotype" : null,
          "isDerived" : false,
          "isReadOnly" : false,
          "isOrdered" : false,
          "cardinality" : "0..*",
          "propertyType" : {
            "id" : "wMUaBh6GAqG8hA9K",
            "type" : "Class"
          },
          "subsettedProperties" : null,
          "redefinedProperties" : null,
          "aggregationKind" : "NONE"
        } ]
      }, {
        "id" : "9ikLph6D.AAAAQku",
        "name" : null,
        "description" : null,
        "type" : "Relation",
        "propertyAssignments" : null,
        "stereotype" : "participation",
        "isAbstract" : false,
        "isDerived" : false,
        "properties" : [ {
          "id" : "9ikLph6D.AAAAQkv",
          "name" : null,
          "description" : null,
          "type" : "Property",
          "propertyAssignments" : null,
          "stereotype" : null,
          "isDerived" : false,
          "isReadOnly" : true,
          "isOrdered" : false,
          "cardinality" : "1..*",
          "propertyType" : {
            "id" : "o1UaBh6GAqG8hA9S",
            "type" : "Class"
          },
          "subsettedProperties" : null,
          "redefinedProperties" : null,
          "aggregationKind" : "NONE"
        }, {
          "id" : "9ikLph6D.AAAAQkx",
          "name" : null,
          "description" : null,
          "type" : "Property",
          "propertyAssignments" : null,
          "stereotype" : null,
          "isDerived" : false,
          "isReadOnly" : false,
          "isOrdered" : false,
          "cardinality" : "0..*",
          "propertyType" : {
            "id" : "ZR0aBh6GAqG8hA9i",
            "type" : "Class"
          },
          "subsettedProperties" : null,
          "redefinedProperties" : null,
          "aggregationKind" : "NONE"
        } ]
      }, {
        "id" : "JwiLph6D.AAAAQlB",
        "name" : null,
        "description" : null,
        "type" : "Relation",
        "propertyAssignments" : null,
        "stereotype" : "creation",
        "isAbstract" : false,
        "isDerived" : false,
        "properties" : [ {
          "id" : "JwiLph6D.AAAAQlC",
          "name" : null,
          "description" : null,
          "type" : "Property",
          "propertyAssignments" : null,
          "stereotype" : null,
          "isDerived" : false,
          "isReadOnly" : true,
          "isOrdered" : false,
          "cardinality" : "1..*",
          "propertyType" : {
            "id" : "gHMaBh6GAqG8hA.C",
            "type" : "Class"
          },
          "subsettedProperties" : null,
          "redefinedProperties" : null,
          "aggregationKind" : "NONE"
        }, {
          "id" : "JwiLph6D.AAAAQlE",
          "name" : null,
          "description" : null,
          "type" : "Property",
          "propertyAssignments" : null,
          "stereotype" : null,
          "isDerived" : false,
          "isReadOnly" : true,
          "isOrdered" : false,
          "cardinality" : "1",
          "propertyType" : {
            "id" : "ZR0aBh6GAqG8hA9i",
            "type" : "Class"
          },
          "subsettedProperties" : null,
          "redefinedProperties" : null,
          "aggregationKind" : "NONE"
        } ]
      }, {
        "id" : "JPmvph6D.AAAAQ6G",
        "name" : null,
        "description" : null,
        "type" : "Relation",
        "propertyAssignments" : null,
        "stereotype" : "historicalDependence",
        "isAbstract" : false,
        "isDerived" : false,
        "properties" : [ {
          "id" : "JPmvph6D.AAAAQ6H",
          "name" : null,
          "description" : null,
          "type" : "Property",
          "propertyAssignments" : null,
          "stereotype" : null,
          "isDerived" : false,
          "isReadOnly" : false,
          "isOrdered" : false,
          "cardinality" : "0..*",
          "propertyType" : {
            "id" : "aCMaBh6GAqG8hA9y",
            "type" : "Class"
          },
          "subsettedProperties" : null,
          "redefinedProperties" : null,
          "aggregationKind" : "NONE"
        }, {
          "id" : "JPmvph6D.AAAAQ6J",
          "name" : null,
          "description" : null,
          "type" : "Property",
          "propertyAssignments" : null,
          "stereotype" : null,
          "isDerived" : false,
          "isReadOnly" : true,
          "isOrdered" : false,
          "cardinality" : "1",
          "propertyType" : {
            "id" : "wMUaBh6GAqG8hA9K",
            "type" : "Class"
          },
          "subsettedProperties" : null,
          "redefinedProperties" : null,
          "aggregationKind" : "NONE"
        } ]
      }, {
        "id" : "Sbbvph6D.AAAAQ7b",
        "name" : null,
        "description" : null,
        "type" : "Relation",
        "propertyAssignments" : null,
        "stereotype" : "historicalDependence",
        "isAbstract" : false,
        "isDerived" : false,
        "properties" : [ {
          "id" : "Sbbvph6D.AAAAQ7c",
          "name" : null,
          "description" : null,
          "type" : "Property",
          "propertyAssignments" : null,
          "stereotype" : null,
          "isDerived" : false,
          "isReadOnly" : false,
          "isOrdered" : false,
          "cardinality" : "0..*",
          "propertyType" : {
            "id" : "wMUaBh6GAqG8hA9K",
            "type" : "Class"
          },
          "subsettedProperties" : null,
          "redefinedProperties" : null,
          "aggregationKind" : "NONE"
        }, {
          "id" : "Sbbvph6D.AAAAQ7e",
          "name" : null,
          "description" : null,
          "type" : "Property",
          "propertyAssignments" : null,
          "stereotype" : null,
          "isDerived" : false,
          "isReadOnly" : true,
          "isOrdered" : false,
          "cardinality" : "1",
          "propertyType" : {
            "id" : "ZR0aBh6GAqG8hA9i",
            "type" : "Class"
          },
          "subsettedProperties" : null,
          "redefinedProperties" : null,
          "aggregationKind" : "NONE"
        } ]
      } ]
    } ]
  },
  "diagrams" : [ {
    "id" : "n1GR.h6GAqG8hAwH",
    "name" : "Class Diagram1",
    "description" : null,
    "type" : "Diagram",
    "owner" : {
      "id" : "afy8tf6GAqACCyfQ",
      "type" : "Package"
    },
    "contents" : [ {
      "id" : "XikLph6D.AAAAQkz",
      "type" : "RelationView",
      "modelElement" : {
        "id" : "9ikLph6D.AAAAQku",
        "type" : "Relation"
      },
      "shape" : {
        "id" : "XikLph6D.AAAAQkz_path",
        "type" : "Path",
        "points" : [ {
          "x" : 616,
          "y" : 379
        }, {
          "x" : 616,
          "y" : 108
        }, {
          "x" : 133,
          "y" : 108
        } ]
      },
      "source" : {
        "id" : "o1UaBh6GAqG8hA9R",
        "type" : "ClassView"
      },
      "target" : {
        "id" : "ZR0aBh6GAqG8hA9h",
        "type" : "ClassView"
      }
    }, {
      "id" : "s77gxh6D.AAAAR6s",
      "type" : "RelationView",
      "modelElement" : {
        "id" : "g77gxh6D.AAAAR6n",
        "type" : "Relation"
      },
      "shape" : {
        "id" : "s77gxh6D.AAAAR6s_path",
        "type" : "Path",
        "points" : [ {
          "x" : 587,
          "y" : 396
        }, {
          "x" : 506,
          "y" : 396
        } ]
      },
      "source" : {
        "id" : "o1UaBh6GAqG8hA9R",
        "type" : "ClassView"
      },
      "target" : {
        "id" : "wMUaBh6GAqG8hA9J",
        "type" : "ClassView"
      }
    }, {
      "id" : "GU8Bxh6D.AAAAR8U",
      "type" : "ClassView",
      "modelElement" : {
        "id" : "GU8Bxh6D.AAAAR8V",
        "type" : "Class"
      },
      "shape" : {
        "id" : "GU8Bxh6D.AAAAR8U_shape",
        "type" : "Rectangle",
        "x" : 265,
        "y" : 146,
        "width" : 80,
        "height" : 40
      }
    }, {
      "id" : "qFg1xh6D.AAAASPT",
      "type" : "ClassView",
      "modelElement" : {
        "id" : "qFg1xh6D.AAAASPU",
        "type" : "Class"
      },
      "shape" : {
        "id" : "qFg1xh6D.AAAASPT_shape",
        "type" : "Rectangle",
        "x" : 168,
        "y" : 226,
        "width" : 103,
        "height" : 40
      }
    }, {
      "id" : "YncbRh6D.AAAARvR",
      "type" : "GeneralizationView",
      "modelElement" : {
        "id" : "PHcbRh6D.AAAARvQ",
        "type" : "Generalization"
      },
      "shape" : {
        "id" : "YncbRh6D.AAAARvR_path",
        "type" : "Path",
        "points" : [ {
          "x" : 1053,
          "y" : 275
        }, {
          "x" : 1103,
          "y" : 275
        }, {
          "x" : 1103,
          "y" : 264
        }, {
          "x" : 1257,
          "y" : 264
        } ]
      },
      "source" : {
        "id" : "qMal.h6GAqG8hA7_",
        "type" : "ClassView"
      },
      "target" : {
        "id" : "bNJvBh6D.AAAARlV",
        "type" : "ClassView"
      }
    }, {
      "id" : "21LaBh6GAqG8hA_U",
      "type" : "ClassView",
      "modelElement" : {
        "id" : "21LaBh6GAqG8hA_V",
        "type" : "Class"
      },
      "shape" : {
        "id" : "21LaBh6GAqG8hA_U_shape",
        "type" : "Rectangle",
        "x" : 704,
        "y" : 128,
        "width" : 175,
        "height" : 40
      }
    }, {
      "id" : "sXJ3Rh6D.AAAARzE",
      "type" : "RelationView",
      "modelElement" : {
        "id" : "QXJ3Rh6D.AAAARy_",
        "type" : "Relation"
      },
      "shape" : {
        "id" : "sXJ3Rh6D.AAAARzE_path",
        "type" : "Path",
        "points" : [ {
          "x" : 880,
          "y" : 148
        }, {
          "x" : 1003,
          "y" : 148
        }, {
          "x" : 1003,
          "y" : 254
        } ]
      },
      "source" : {
        "id" : "21LaBh6GAqG8hA_U",
        "type" : "ClassView"
      },
      "target" : {
        "id" : "qMal.h6GAqG8hA7_",
        "type" : "ClassView"
      }
    }, {
      "id" : "Z7M7Bh6D.AAAARfH",
      "type" : "RelationView",
      "modelElement" : {
        "id" : "27M7Bh6D.AAAARfC",
        "type" : "Relation"
      },
      "shape" : {
        "id" : "Z7M7Bh6D.AAAARfH_path",
        "type" : "Path",
        "points" : [ {
          "x" : 866,
          "y" : 293
        }, {
          "x" : 876,
          "y" : 293
        }, {
          "x" : 876,
          "y" : 379
        } ]
      },
      "source" : {
        "id" : "WPoWBh6GAqG8hBAX",
        "type" : "ClassView"
      },
      "target" : {
        "id" : "4I5dBh6D.AAAARV6",
        "type" : "ClassView"
      }
    }, {
      "id" : "6RevBh6D.AAAARlD",
      "type" : "ClassView",
      "modelElement" : {
        "id" : "6RevBh6D.AAAARlE",
        "type" : "Class"
      },
      "shape" : {
        "id" : "6RevBh6D.AAAARlD_shape",
        "type" : "Rectangle",
        "x" : 1258,
        "y" : 128,
        "width" : 90,
        "height" : 40
      }
    }, {
      "id" : "QD0fRh6D.AAAAR1g",
      "type" : "GeneralizationView",
      "modelElement" : {
        "id" : "X90fRh6D.AAAAR1f",
        "type" : "Generalization"
      },
      "shape" : {
        "id" : "QD0fRh6D.AAAAR1g_path",
        "type" : "Path",
        "points" : [ {
          "x" : 787,
          "y" : 127
        }, {
          "x" : 787,
          "y" : 76
        }, {
          "x" : 827,
          "y" : 76
        }, {
          "x" : 827,
          "y" : 47
        } ]
      },
      "source" : {
        "id" : "21LaBh6GAqG8hA_U",
        "type" : "ClassView"
      },
      "target" : {
        "id" : "7YkPRh6D.AAAARz7",
        "type" : "ClassView"
      }
    }, {
      "id" : "WPoWBh6GAqG8hBAX",
      "type" : "ClassView",
      "modelElement" : {
        "id" : "WPoWBh6GAqG8hBAY",
        "type" : "Class"
      },
      "shape" : {
        "id" : "WPoWBh6GAqG8hBAX_shape",
        "type" : "Rectangle",
        "x" : 704,
        "y" : 273,
        "width" : 161,
        "height" : 40
      }
    }, {
      "id" : "Wuz7Bh6D.AAAARg9",
      "type" : "RelationView",
      "modelElement" : {
        "id" : "8uz7Bh6D.AAAARg4",
        "type" : "Relation"
      },
      "shape" : {
        "id" : "Wuz7Bh6D.AAAARg9_path",
        "type" : "Path",
        "points" : [ {
          "x" : 995,
          "y" : 296
        }, {
          "x" : 995,
          "y" : 379
        } ]
      },
      "source" : {
        "id" : "qMal.h6GAqG8hA7_",
        "type" : "ClassView"
      },
      "target" : {
        "id" : "4I5dBh6D.AAAARV6",
        "type" : "ClassView"
      }
    }, {
      "id" : "YMkfRh6D.AAAAR1U",
      "type" : "GeneralizationView",
      "modelElement" : {
        "id" : "f0kfRh6D.AAAAR1T",
        "type" : "Generalization"
      },
      "shape" : {
        "id" : "YMkfRh6D.AAAAR1U_path",
        "type" : "Path",
        "points" : [ {
          "x" : 787,
          "y" : 127
        }, {
          "x" : 787,
          "y" : 76
        }, {
          "x" : 489,
          "y" : 76
        }, {
          "x" : 489,
          "y" : 47
        } ]
      },
      "source" : {
        "id" : "21LaBh6GAqG8hA_U",
        "type" : "ClassView"
      },
      "target" : {
        "id" : "0G0PRh6D.AAAAR0L",
        "type" : "ClassView"
      }
    }, {
      "id" : "DwiLph6D.AAAAQlG",
      "type" : "RelationView",
      "modelElement" : {
        "id" : "JwiLph6D.AAAAQlB",
        "type" : "Relation"
      },
      "shape" : {
        "id" : "DwiLph6D.AAAAQlG_path",
        "type" : "Path",
        "points" : [ {
          "x" : 40,
          "y" : 444
        }, {
          "x" : 40,
          "y" : 129
        } ]
      },
      "source" : {
        "id" : "gHMaBh6GAqG8hA.B",
        "type" : "ClassView"
      },
      "target" : {
        "id" : "ZR0aBh6GAqG8hA9h",
        "type" : "ClassView"
      }
    }, {
      "id" : "PxZvBh6D.AAAARll",
      "type" : "ClassView",
      "modelElement" : {
        "id" : "vxZvBh6D.AAAARlm",
        "type" : "Class"
      },
      "shape" : {
        "id" : "PxZvBh6D.AAAARll_shape",
        "type" : "Rectangle",
        "x" : 1258,
        "y" : 360,
        "width" : 90,
        "height" : 40
      }
    }, {
      "id" : "2sEPRh6D.AAAARzz",
      "type" : "ClassView",
      "modelElement" : {
        "id" : "2sEPRh6D.AAAARz0",
        "type" : "Class"
      },
      "shape" : {
        "id" : "2sEPRh6D.AAAARzz_shape",
        "type" : "Rectangle",
        "x" : 678,
        "y" : 6,
        "width" : 80,
        "height" : 40
      }
    }, {
      "id" : "pqx3Rh6D.AAAARy8",
      "type" : "RelationView",
      "modelElement" : {
        "id" : "Wqx3Rh6D.AAAARy3",
        "type" : "Relation"
      },
      "shape" : {
        "id" : "pqx3Rh6D.AAAARy8_path",
        "type" : "Path",
        "points" : [ {
          "x" : 703,
          "y" : 148
        }, {
          "x" : 646,
          "y" : 148
        }, {
          "x" : 646,
          "y" : 379
        } ]
      },
      "source" : {
        "id" : "21LaBh6GAqG8hA_U",
        "type" : "ClassView"
      },
      "target" : {
        "id" : "o1UaBh6GAqG8hA9R",
        "type" : "ClassView"
      }
    }, {
      "id" : "qMal.h6GAqG8hA7_",
      "type" : "ClassView",
      "modelElement" : {
        "id" : "aMal.h6GAqG8hA8A",
        "type" : "Class"
      },
      "shape" : {
        "id" : "qMal.h6GAqG8hA7__shape",
        "type" : "Rectangle",
        "x" : 957,
        "y" : 255,
        "width" : 95,
        "height" : 40
      }
    }, {
      "id" : "DQUPRh6D.AAAAR0D",
      "type" : "ClassView",
      "modelElement" : {
        "id" : "jQUPRh6D.AAAAR0E",
        "type" : "Class"
      },
      "shape" : {
        "id" : "DQUPRh6D.AAAAR0D_shape",
        "type" : "Rectangle",
        "x" : 906,
        "y" : 6,
        "width" : 80,
        "height" : 40
      }
    }, {
      "id" : "RiZNxh6D.AAAASSK",
      "type" : "RelationView",
      "modelElement" : {
        "id" : "OiZNxh6D.AAAASSF",
        "type" : "Relation"
      },
      "shape" : {
        "id" : "RiZNxh6D.AAAASSK_path",
        "type" : "Path",
        "points" : [ {
          "x" : 152,
          "y" : 354
        }, {
          "x" : 152,
          "y" : 381
        }, {
          "x" : 295,
          "y" : 381
        } ]
      },
      "source" : {
        "id" : "DXcaBh6GAqG8hA.Z",
        "type" : "ClassView"
      },
      "target" : {
        "id" : "wMUaBh6GAqG8hA9J",
        "type" : "ClassView"
      }
    }, {
      "id" : "o1UaBh6GAqG8hA9R",
      "type" : "ClassView",
      "modelElement" : {
        "id" : "o1UaBh6GAqG8hA9S",
        "type" : "Class"
      },
      "shape" : {
        "id" : "o1UaBh6GAqG8hA9R_shape",
        "type" : "Rectangle",
        "x" : 588,
        "y" : 380,
        "width" : 139,
        "height" : 40
      }
    }, {
      "id" : "Obbvph6D.AAAAQ7g",
      "type" : "RelationView",
      "modelElement" : {
        "id" : "Sbbvph6D.AAAAQ7b",
        "type" : "Relation"
      },
      "shape" : {
        "id" : "Obbvph6D.AAAAQ7g_path",
        "type" : "Path",
        "points" : [ {
          "x" : 304,
          "y" : 369
        }, {
          "x" : 304,
          "y" : 206
        }, {
          "x" : 102,
          "y" : 206
        }, {
          "x" : 102,
          "y" : 129
        } ]
      },
      "source" : {
        "id" : "wMUaBh6GAqG8hA9J",
        "type" : "ClassView"
      },
      "target" : {
        "id" : "ZR0aBh6GAqG8hA9h",
        "type" : "ClassView"
      }
    }, {
      "id" : "d14PRh6D.AAAARzt",
      "type" : "ClassView",
      "modelElement" : {
        "id" : "d14PRh6D.AAAARzu",
        "type" : "Class"
      },
      "shape" : {
        "id" : "d14PRh6D.AAAARzt_shape",
        "type" : "Rectangle",
        "x" : 564,
        "y" : 6,
        "width" : 80,
        "height" : 40
      }
    }, {
      "id" : "4I5dBh6D.AAAARV6",
      "type" : "ClassView",
      "modelElement" : {
        "id" : "4I5dBh6D.AAAARV7",
        "type" : "Class"
      },
      "shape" : {
        "id" : "4I5dBh6D.AAAARV6_shape",
        "type" : "Rectangle",
        "x" : 846,
        "y" : 380,
        "width" : 183,
        "height" : 40
      }
    }, {
      "id" : "aCMaBh6GAqG8hA9x",
      "type" : "ClassView",
      "modelElement" : {
        "id" : "aCMaBh6GAqG8hA9y",
        "type" : "Class"
      },
      "shape" : {
        "id" : "aCMaBh6GAqG8hA9x_shape",
        "type" : "Rectangle",
        "x" : 344,
        "y" : 487,
        "width" : 112,
        "height" : 40
      }
    }, {
      "id" : "tasfRh6D.AAAAR1o",
      "type" : "GeneralizationView",
      "modelElement" : {
        "id" : "JasfRh6D.AAAAR1n",
        "type" : "Generalization"
      },
      "shape" : {
        "id" : "tasfRh6D.AAAAR1o_path",
        "type" : "Path",
        "points" : [ {
          "x" : 787,
          "y" : 127
        }, {
          "x" : 787,
          "y" : 76
        }, {
          "x" : 1059,
          "y" : 76
        }, {
          "x" : 1059,
          "y" : 47
        } ]
      },
      "source" : {
        "id" : "21LaBh6GAqG8hA_U",
        "type" : "ClassView"
      },
      "target" : {
        "id" : "tCMPRh6D.AAAAR0T",
        "type" : "ClassView"
      }
    }, {
      "id" : "4xsVxh6D.AAAASN7",
      "type" : "RelationView",
      "modelElement" : {
        "id" : "PRsVxh6D.AAAASN2",
        "type" : "Relation"
      },
      "shape" : {
        "id" : "4xsVxh6D.AAAASN7_path",
        "type" : "Path",
        "points" : [ {
          "x" : 693,
          "y" : 421
        }, {
          "x" : 693,
          "y" : 507
        }, {
          "x" : 457,
          "y" : 507
        } ]
      },
      "source" : {
        "id" : "o1UaBh6GAqG8hA9R",
        "type" : "ClassView"
      },
      "target" : {
        "id" : "aCMaBh6GAqG8hA9x",
        "type" : "ClassView"
      }
    }, {
      "id" : "uxMfRh6D.AAAAR1k",
      "type" : "GeneralizationView",
      "modelElement" : {
        "id" : "KxMfRh6D.AAAAR1j",
        "type" : "Generalization"
      },
      "shape" : {
        "id" : "uxMfRh6D.AAAAR1k_path",
        "type" : "Path",
        "points" : [ {
          "x" : 787,
          "y" : 127
        }, {
          "x" : 787,
          "y" : 76
        }, {
          "x" : 946,
          "y" : 76
        }, {
          "x" : 946,
          "y" : 47
        } ]
      },
      "source" : {
        "id" : "21LaBh6GAqG8hA_U",
        "type" : "ClassView"
      },
      "target" : {
        "id" : "DQUPRh6D.AAAAR0D",
        "type" : "ClassView"
      }
    }, {
      "id" : "WMF1xh6D.AAAASQ4",
      "type" : "GeneralizationView",
      "modelElement" : {
        "id" : "8MF1xh6D.AAAASQ3",
        "type" : "Generalization"
      },
      "shape" : {
        "id" : "WMF1xh6D.AAAASQ4_path",
        "type" : "Path",
        "points" : [ {
          "x" : 152,
          "y" : 312
        }, {
          "x" : 152,
          "y" : 286
        }, {
          "x" : 213,
          "y" : 286
        }, {
          "x" : 213,
          "y" : 267
        } ]
      },
      "source" : {
        "id" : "DXcaBh6GAqG8hA.Z",
        "type" : "ClassView"
      },
      "target" : {
        "id" : "qFg1xh6D.AAAASPT",
        "type" : "ClassView"
      }
    }, {
      "id" : "7YkPRh6D.AAAARz7",
      "type" : "ClassView",
      "modelElement" : {
        "id" : "7YkPRh6D.AAAARz8",
        "type" : "Class"
      },
      "shape" : {
        "id" : "7YkPRh6D.AAAARz7_shape",
        "type" : "Rectangle",
        "x" : 792,
        "y" : 6,
        "width" : 80,
        "height" : 40
      }
    }, {
      "id" : "vE0aBh6GAqG8hA9Z",
      "type" : "ClassView",
      "modelElement" : {
        "id" : "vE0aBh6GAqG8hA9a",
        "type" : "Class"
      },
      "shape" : {
        "id" : "vE0aBh6GAqG8hA9Z_shape",
        "type" : "Rectangle",
        "x" : 1196,
        "y" : 70,
        "width" : 152,
        "height" : 40
      }
    }, {
      "id" : "hc51xh6D.AAAASQ0",
      "type" : "GeneralizationView",
      "modelElement" : {
        "id" : "6c51xh6D.AAAASQz",
        "type" : "Generalization"
      },
      "shape" : {
        "id" : "hc51xh6D.AAAASQ0_path",
        "type" : "Path",
        "points" : [ {
          "x" : 152,
          "y" : 312
        }, {
          "x" : 152,
          "y" : 286
        }, {
          "x" : 100,
          "y" : 286
        }, {
          "x" : 100,
          "y" : 267
        } ]
      },
      "source" : {
        "id" : "DXcaBh6GAqG8hA.Z",
        "type" : "ClassView"
      },
      "target" : {
        "id" : "HEg1xh6D.AAAASPL",
        "type" : "ClassView"
      }
    }, {
      "id" : "eR6Vxh6D.AAAASOe",
      "type" : "RelationView",
      "modelElement" : {
        "id" : "yR6Vxh6D.AAAASOZ",
        "type" : "Relation"
      },
      "shape" : {
        "id" : "eR6Vxh6D.AAAASOe_path",
        "type" : "Path",
        "points" : [ {
          "x" : 93,
          "y" : 486
        }, {
          "x" : 93,
          "y" : 507
        }, {
          "x" : 343,
          "y" : 507
        } ]
      },
      "source" : {
        "id" : "gHMaBh6GAqG8hA.B",
        "type" : "ClassView"
      },
      "target" : {
        "id" : "aCMaBh6GAqG8hA9x",
        "type" : "ClassView"
      }
    }, {
      "id" : "L9I_Rh6D.AAAAR3n",
      "type" : "GeneralizationSetView",
      "modelElement" : {
        "id" : "p9I_Rh6D.AAAAR3l",
        "type" : "GeneralizationSet"
      },
      "shape" : {
        "id" : "L9I_Rh6D.AAAAR3n_shape",
        "type" : "Text",
        "x" : 1108,
        "y" : 219,
        "width" : 132,
        "height" : 42,
        "value" : ""
      }
    }, {
      "id" : "IBLhxh6D.AAAASCo",
      "type" : "RelationView",
      "modelElement" : {
        "id" : "H.Lhxh6D.AAAASCj",
        "type" : "Relation"
      },
      "shape" : {
        "id" : "IBLhxh6D.AAAASCo_path",
        "type" : "Path",
        "points" : [ {
          "x" : 385,
          "y" : 369
        }, {
          "x" : 385,
          "y" : 280
        }, {
          "x" : 318,
          "y" : 280
        }, {
          "x" : 318,
          "y" : 187
        } ]
      },
      "source" : {
        "id" : "wMUaBh6GAqG8hA9J",
        "type" : "ClassView"
      },
      "target" : {
        "id" : "GU8Bxh6D.AAAAR8U",
        "type" : "ClassView"
      }
    }, {
      "id" : "eaiBxh6D.AAAAR8k",
      "type" : "ClassView",
      "modelElement" : {
        "id" : "eaiBxh6D.AAAAR8l",
        "type" : "Class"
      },
      "shape" : {
        "id" : "eaiBxh6D.AAAAR8k_shape",
        "type" : "Rectangle",
        "x" : 523,
        "y" : 146,
        "width" : 80,
        "height" : 40
      }
    }, {
      "id" : "isCBxh6D.AAAAR8c",
      "type" : "ClassView",
      "modelElement" : {
        "id" : "isCBxh6D.AAAAR8d",
        "type" : "Class"
      },
      "shape" : {
        "id" : "isCBxh6D.AAAAR8c_shape",
        "type" : "Rectangle",
        "x" : 397,
        "y" : 146,
        "width" : 80,
        "height" : 40
      }
    }, {
      "id" : "wMUaBh6GAqG8hA9J",
      "type" : "ClassView",
      "modelElement" : {
        "id" : "wMUaBh6GAqG8hA9K",
        "type" : "Class"
      },
      "shape" : {
        "id" : "wMUaBh6GAqG8hA9J_shape",
        "type" : "Rectangle",
        "x" : 296,
        "y" : 370,
        "width" : 209,
        "height" : 50
      }
    }, {
      "id" : "uJCbRh6D.AAAARvZ",
      "type" : "GeneralizationView",
      "modelElement" : {
        "id" : "KJCbRh6D.AAAARvY",
        "type" : "Generalization"
      },
      "shape" : {
        "id" : "uJCbRh6D.AAAARvZ_path",
        "type" : "Path",
        "points" : [ {
          "x" : 1053,
          "y" : 275
        }, {
          "x" : 1103,
          "y" : 275
        }, {
          "x" : 1103,
          "y" : 379
        }, {
          "x" : 1257,
          "y" : 379
        } ]
      },
      "source" : {
        "id" : "qMal.h6GAqG8hA7_",
        "type" : "ClassView"
      },
      "target" : {
        "id" : "PxZvBh6D.AAAARll",
        "type" : "ClassView"
      }
    }, {
      "id" : "trjxxh6D.AAAASFE",
      "type" : "RelationView",
      "modelElement" : {
        "id" : "xrjxxh6D.AAAASE_",
        "type" : "Relation"
      },
      "shape" : {
        "id" : "trjxxh6D.AAAASFE_path",
        "type" : "Path",
        "points" : [ {
          "x" : 1035,
          "y" : 254
        }, {
          "x" : 1035,
          "y" : 90
        }, {
          "x" : 1195,
          "y" : 90
        } ]
      },
      "source" : {
        "id" : "qMal.h6GAqG8hA7_",
        "type" : "ClassView"
      },
      "target" : {
        "id" : "vE0aBh6GAqG8hA9Z",
        "type" : "ClassView"
      }
    }, {
      "id" : "VnsaBh6GAqG8hA.J",
      "type" : "ClassView",
      "modelElement" : {
        "id" : "VnsaBh6GAqG8hA.K",
        "type" : "Class"
      },
      "shape" : {
        "id" : "VnsaBh6GAqG8hA.J_shape",
        "type" : "Rectangle",
        "x" : 957,
        "y" : 487,
        "width" : 171,
        "height" : 40
      }
    }, {
      "id" : "SLMbRh6D.AAAARvJ",
      "type" : "GeneralizationView",
      "modelElement" : {
        "id" : "cLMbRh6D.AAAARvI",
        "type" : "Generalization"
      },
      "shape" : {
        "id" : "SLMbRh6D.AAAARvJ_path",
        "type" : "Path",
        "points" : [ {
          "x" : 1053,
          "y" : 275
        }, {
          "x" : 1103,
          "y" : 275
        }, {
          "x" : 1103,
          "y" : 148
        }, {
          "x" : 1257,
          "y" : 148
        } ]
      },
      "source" : {
        "id" : "qMal.h6GAqG8hA7_",
        "type" : "ClassView"
      },
      "target" : {
        "id" : "6RevBh6D.AAAARlD",
        "type" : "ClassView"
      }
    }, {
      "id" : "bNJvBh6D.AAAARlV",
      "type" : "ClassView",
      "modelElement" : {
        "id" : "bNJvBh6D.AAAARlW",
        "type" : "Class"
      },
      "shape" : {
        "id" : "bNJvBh6D.AAAARlV_shape",
        "type" : "Rectangle",
        "x" : 1258,
        "y" : 244,
        "width" : 90,
        "height" : 40
      }
    }, {
      "id" : "NNpvBh6D.AAAARld",
      "type" : "ClassView",
      "modelElement" : {
        "id" : "NNpvBh6D.AAAARle",
        "type" : "Class"
      },
      "shape" : {
        "id" : "NNpvBh6D.AAAARld_shape",
        "type" : "Rectangle",
        "x" : 1258,
        "y" : 302,
        "width" : 90,
        "height" : 40
      }
    }, {
      "id" : "ZR0aBh6GAqG8hA9h",
      "type" : "ClassView",
      "modelElement" : {
        "id" : "ZR0aBh6GAqG8hA9i",
        "type" : "Class"
      },
      "shape" : {
        "id" : "ZR0aBh6GAqG8hA9h_shape",
        "type" : "Rectangle",
        "x" : 24,
        "y" : 88,
        "width" : 108,
        "height" : 40
      }
    }, {
      "id" : "OwcbRh6D.AAAARvN",
      "type" : "GeneralizationView",
      "modelElement" : {
        "id" : "8wcbRh6D.AAAARvM",
        "type" : "Generalization"
      },
      "shape" : {
        "id" : "OwcbRh6D.AAAARvN_path",
        "type" : "Path",
        "points" : [ {
          "x" : 1053,
          "y" : 275
        }, {
          "x" : 1103,
          "y" : 275
        }, {
          "x" : 1103,
          "y" : 206
        }, {
          "x" : 1257,
          "y" : 206
        } ]
      },
      "source" : {
        "id" : "qMal.h6GAqG8hA7_",
        "type" : "ClassView"
      },
      "target" : {
        "id" : "pFxvBh6D.AAAARlP",
        "type" : "ClassView"
      }
    }, {
      "id" : "hIb1xh6D.AAAASRC",
      "type" : "GeneralizationSetView",
      "modelElement" : {
        "id" : "yIb1xh6D.AAAASRA",
        "type" : "GeneralizationSet"
      },
      "shape" : {
        "id" : "hIb1xh6D.AAAASRC_shape",
        "type" : "Text",
        "x" : 165,
        "y" : 290,
        "width" : 136,
        "height" : 42,
        "value" : ""
      }
    }, {
      "id" : "QN07Bh6D.AAAARe_",
      "type" : "RelationView",
      "modelElement" : {
        "id" : "v107Bh6D.AAAARe6",
        "type" : "Relation"
      },
      "shape" : {
        "id" : "QN07Bh6D.AAAARe__path",
        "type" : "Path",
        "points" : [ {
          "x" : 703,
          "y" : 293
        }, {
          "x" : 676,
          "y" : 293
        }, {
          "x" : 676,
          "y" : 379
        } ]
      },
      "source" : {
        "id" : "WPoWBh6GAqG8hBAX",
        "type" : "ClassView"
      },
      "target" : {
        "id" : "o1UaBh6GAqG8hA9R",
        "type" : "ClassView"
      }
    }, {
      "id" : "DXV5xh6D.AAAASJV",
      "type" : "RelationView",
      "modelElement" : {
        "id" : "pXV5xh6D.AAAASJQ",
        "type" : "Relation"
      },
      "shape" : {
        "id" : "DXV5xh6D.AAAASJV_path",
        "type" : "Path",
        "points" : [ {
          "x" : 1042,
          "y" : 296
        }, {
          "x" : 1042,
          "y" : 486
        } ]
      },
      "source" : {
        "id" : "qMal.h6GAqG8hA7_",
        "type" : "ClassView"
      },
      "target" : {
        "id" : "VnsaBh6GAqG8hA.J",
        "type" : "ClassView"
      }
    }, {
      "id" : "2itlxh6D.AAAASMw",
      "type" : "RelationView",
      "modelElement" : {
        "id" : "Mitlxh6D.AAAASMr",
        "type" : "Relation"
      },
      "shape" : {
        "id" : "2itlxh6D.AAAASMw_path",
        "type" : "Path",
        "points" : [ {
          "x" : 93,
          "y" : 444
        }, {
          "x" : 93,
          "y" : 409
        }, {
          "x" : 295,
          "y" : 409
        } ]
      },
      "source" : {
        "id" : "gHMaBh6GAqG8hA.B",
        "type" : "ClassView"
      },
      "target" : {
        "id" : "wMUaBh6GAqG8hA9J",
        "type" : "ClassView"
      }
    }, {
      "id" : "vrBfRh6D.AAAAR2P",
      "type" : "GeneralizationSetView",
      "modelElement" : {
        "id" : "FrBfRh6D.AAAAR2N",
        "type" : "GeneralizationSet"
      },
      "shape" : {
        "id" : "vrBfRh6D.AAAAR2P_shape",
        "type" : "Text",
        "x" : 591,
        "y" : 82,
        "width" : 164,
        "height" : 42,
        "value" : ""
      }
    }, {
      "id" : "1xbhxh6D.AAAASC4",
      "type" : "RelationView",
      "modelElement" : {
        "id" : "hxbhxh6D.AAAASCz",
        "type" : "Relation"
      },
      "shape" : {
        "id" : "1xbhxh6D.AAAASC4_path",
        "type" : "Path",
        "points" : [ {
          "x" : 437,
          "y" : 369
        }, {
          "x" : 437,
          "y" : 280
        }, {
          "x" : 563,
          "y" : 280
        }, {
          "x" : 563,
          "y" : 187
        } ]
      },
      "source" : {
        "id" : "wMUaBh6GAqG8hA9J",
        "type" : "ClassView"
      },
      "target" : {
        "id" : "eaiBxh6D.AAAAR8k",
        "type" : "ClassView"
      }
    }, {
      "id" : "D6ibRh6D.AAAARvd",
      "type" : "GeneralizationView",
      "modelElement" : {
        "id" : "F6ibRh6D.AAAARvc",
        "type" : "Generalization"
      },
      "shape" : {
        "id" : "D6ibRh6D.AAAARvd_path",
        "type" : "Path",
        "points" : [ {
          "x" : 1053,
          "y" : 275
        }, {
          "x" : 1103,
          "y" : 275
        }, {
          "x" : 1103,
          "y" : 438
        }, {
          "x" : 1257,
          "y" : 438
        } ]
      },
      "source" : {
        "id" : "qMal.h6GAqG8hA7_",
        "type" : "ClassView"
      },
      "target" : {
        "id" : "ZHlvBh6D.AAAARl7",
        "type" : "ClassView"
      }
    }, {
      "id" : "HEg1xh6D.AAAASPL",
      "type" : "ClassView",
      "modelElement" : {
        "id" : "HEg1xh6D.AAAASPM",
        "type" : "Class"
      },
      "shape" : {
        "id" : "HEg1xh6D.AAAASPL_shape",
        "type" : "Rectangle",
        "x" : 53,
        "y" : 226,
        "width" : 94,
        "height" : 40
      }
    }, {
      "id" : "lbihxh6D.AAAAR_6",
      "type" : "RelationView",
      "modelElement" : {
        "id" : "ebihxh6D.AAAAR_1",
        "type" : "Relation"
      },
      "shape" : {
        "id" : "lbihxh6D.AAAAR_6_path",
        "type" : "Path",
        "points" : [ {
          "x" : 346,
          "y" : 166
        }, {
          "x" : 396,
          "y" : 166
        } ]
      },
      "source" : {
        "id" : "GU8Bxh6D.AAAAR8U",
        "type" : "ClassView"
      },
      "target" : {
        "id" : "isCBxh6D.AAAAR8c",
        "type" : "ClassView"
      }
    }, {
      "id" : "DXcaBh6GAqG8hA.Z",
      "type" : "ClassView",
      "modelElement" : {
        "id" : "jXcaBh6GAqG8hA.a",
        "type" : "Class"
      },
      "shape" : {
        "id" : "DXcaBh6GAqG8hA.Z_shape",
        "type" : "Rectangle",
        "x" : 112,
        "y" : 313,
        "width" : 80,
        "height" : 40
      }
    }, {
      "id" : "tPmvph6D.AAAAQ6L",
      "type" : "RelationView",
      "modelElement" : {
        "id" : "JPmvph6D.AAAAQ6G",
        "type" : "Relation"
      },
      "shape" : {
        "id" : "tPmvph6D.AAAAQ6L_path",
        "type" : "Path",
        "points" : [ {
          "x" : 399,
          "y" : 486
        }, {
          "x" : 399,
          "y" : 421
        } ]
      },
      "source" : {
        "id" : "aCMaBh6GAqG8hA9x",
        "type" : "ClassView"
      },
      "target" : {
        "id" : "wMUaBh6GAqG8hA9J",
        "type" : "ClassView"
      }
    }, {
      "id" : "ZHlvBh6D.AAAARl7",
      "type" : "ClassView",
      "modelElement" : {
        "id" : "ZHlvBh6D.AAAARl8",
        "type" : "Class"
      },
      "shape" : {
        "id" : "ZHlvBh6D.AAAARl7_shape",
        "type" : "Rectangle",
        "x" : 1258,
        "y" : 418,
        "width" : 90,
        "height" : 40
      }
    }, {
      "id" : "pFxvBh6D.AAAARlP",
      "type" : "ClassView",
      "modelElement" : {
        "id" : "pFxvBh6D.AAAARlQ",
        "type" : "Class"
      },
      "shape" : {
        "id" : "pFxvBh6D.AAAARlP_shape",
        "type" : "Rectangle",
        "x" : 1258,
        "y" : 186,
        "width" : 90,
        "height" : 40
      }
    }, {
      "id" : "uIUfRh6D.AAAAR1Y",
      "type" : "GeneralizationView",
      "modelElement" : {
        "id" : "mIUfRh6D.AAAAR1X",
        "type" : "Generalization"
      },
      "shape" : {
        "id" : "uIUfRh6D.AAAAR1Y_path",
        "type" : "Path",
        "points" : [ {
          "x" : 787,
          "y" : 127
        }, {
          "x" : 787,
          "y" : 76
        }, {
          "x" : 603,
          "y" : 76
        }, {
          "x" : 603,
          "y" : 47
        } ]
      },
      "source" : {
        "id" : "21LaBh6GAqG8hA_U",
        "type" : "ClassView"
      },
      "target" : {
        "id" : "d14PRh6D.AAAARzt",
        "type" : "ClassView"
      }
    }, {
      "id" : "tCMPRh6D.AAAAR0T",
      "type" : "ClassView",
      "modelElement" : {
        "id" : "tCMPRh6D.AAAAR0U",
        "type" : "Class"
      },
      "shape" : {
        "id" : "tCMPRh6D.AAAAR0T_shape",
        "type" : "Rectangle",
        "x" : 1020,
        "y" : 6,
        "width" : 80,
        "height" : 40
      }
    }, {
      "id" : "67Shxh6D.AAAASAE",
      "type" : "RelationView",
      "modelElement" : {
        "id" : "M7Shxh6D.AAAAR__",
        "type" : "Relation"
      },
      "shape" : {
        "id" : "67Shxh6D.AAAASAE_path",
        "type" : "Path",
        "points" : [ {
          "x" : 478,
          "y" : 166
        }, {
          "x" : 522,
          "y" : 166
        } ]
      },
      "source" : {
        "id" : "isCBxh6D.AAAAR8c",
        "type" : "ClassView"
      },
      "target" : {
        "id" : "eaiBxh6D.AAAAR8k",
        "type" : "ClassView"
      }
    }, {
      "id" : "0G0PRh6D.AAAAR0L",
      "type" : "ClassView",
      "modelElement" : {
        "id" : "0G0PRh6D.AAAAR0M",
        "type" : "Class"
      },
      "shape" : {
        "id" : "0G0PRh6D.AAAAR0L_shape",
        "type" : "Rectangle",
        "x" : 450,
        "y" : 6,
        "width" : 80,
        "height" : 40
      }
    }, {
      "id" : "gHMaBh6GAqG8hA.B",
      "type" : "ClassView",
      "modelElement" : {
        "id" : "gHMaBh6GAqG8hA.C",
        "type" : "Class"
      },
      "shape" : {
        "id" : "gHMaBh6GAqG8hA.B_shape",
        "type" : "Rectangle",
        "x" : 32,
        "y" : 445,
        "width" : 136,
        "height" : 40
      }
    }, {
      "id" : "Vnrhxh6D.AAAASCw",
      "type" : "RelationView",
      "modelElement" : {
        "id" : ".nrhxh6D.AAAASCr",
        "type" : "Relation"
      },
      "shape" : {
        "id" : "Vnrhxh6D.AAAASCw_path",
        "type" : "Path",
        "points" : [ {
          "x" : 412,
          "y" : 369
        }, {
          "x" : 412,
          "y" : 187
        } ]
      },
      "source" : {
        "id" : "wMUaBh6GAqG8hA9J",
        "type" : "ClassView"
      },
      "target" : {
        "id" : "isCBxh6D.AAAAR8c",
        "type" : "ClassView"
      }
    }, {
      "id" : "zT8bRh6D.AAAARvV",
      "type" : "GeneralizationView",
      "modelElement" : {
        "id" : "VT8bRh6D.AAAARvU",
        "type" : "Generalization"
      },
      "shape" : {
        "id" : "zT8bRh6D.AAAARvV_path",
        "type" : "Path",
        "points" : [ {
          "x" : 1053,
          "y" : 275
        }, {
          "x" : 1103,
          "y" : 275
        }, {
          "x" : 1103,
          "y" : 322
        }, {
          "x" : 1257,
          "y" : 322
        } ]
      },
      "source" : {
        "id" : "qMal.h6GAqG8hA7_",
        "type" : "ClassView"
      },
      "target" : {
        "id" : "NNpvBh6D.AAAARld",
        "type" : "ClassView"
      }
    }, {
      "id" : "kDUfRh6D.AAAAR1c",
      "type" : "GeneralizationView",
      "modelElement" : {
        "id" : "gDUfRh6D.AAAAR1b",
        "type" : "Generalization"
      },
      "shape" : {
        "id" : "kDUfRh6D.AAAAR1c_path",
        "type" : "Path",
        "points" : [ {
          "x" : 787,
          "y" : 127
        }, {
          "x" : 787,
          "y" : 76
        }, {
          "x" : 718,
          "y" : 76
        }, {
          "x" : 718,
          "y" : 47
        } ]
      },
      "source" : {
        "id" : "21LaBh6GAqG8hA_U",
        "type" : "ClassView"
      },
      "target" : {
        "id" : "2sEPRh6D.AAAARzz",
        "type" : "ClassView"
      }
    } ]
  } ]
}