{
  "id" : "Rz9VxT6GAqACNQBO",
  "name" : "ontoUML-CSHG",
  "description" : null,
  "type" : "Project",
  "model" : {
    "id" : "Rz9VxT6GAqACNQBO_root",
    "name" : "ontoUML-CSHG",
    "description" : null,
    "type" : "Package",
    "propertyAssignments" : null,
    "contents" : [ {
      "id" : "L539xT6GAqACNQk0",
      "name" : "biological_entity",
      "description" : null,
      "type" : "Class",
      "propertyAssignments" : null,
      "stereotype" : "category",
      "isAbstract" : true,
      "isDerived" : false,
      "properties" : [ {
        "id" : "HM_9xT6GAqACNQlA",
        "name" : "id",
        "description" : null,
        "type" : "Property",
        "propertyAssignments" : null,
        "stereotype" : null,
        "isDerived" : false,
        "isReadOnly" : false,
        "isOrdered" : false,
        "cardinality" : null,
        "propertyType" : {
          "id" : "UL9VxT6GAqACNQBZ",
          "type" : "Class"
        },
        "subsettedProperties" : null,
        "redefinedProperties" : null,
        "aggregationKind" : "NONE"
      }, {
        "id" : "npADxT6GAqACNQlD",
        "name" : "name",
        "description" : null,
        "type" : "Property",
        "propertyAssignments" : null,
        "stereotype" : null,
        "isDerived" : false,
        "isReadOnly" : false,
        "isOrdered" : false,
        "cardinality" : null,
        "propertyType" : {
          "id" : "UL9VxT6GAqACNQBZ",
          "type" : "Class"
        },
        "subsettedProperties" : null,
        "redefinedProperties" : null,
        "aggregationKind" : "NONE"
      }, {
        "id" : "qagDxT6GAqACNQlH",
        "name" : "description",
        "description" : null,
        "type" : "Property",
        "propertyAssignments" : null,
        "stereotype" : null,
        "isDerived" : false,
        "isReadOnly" : false,
        "isOrdered" : false,
        "cardinality" : null,
        "propertyType" : {
          "id" : "UL9VxT6GAqACNQBZ",
          "type" : "Class"
        },
        "subsettedProperties" : null,
        "redefinedProperties" : null,
        "aggregationKind" : "NONE"
      }, {
        "id" : "1LxBPT6AUB2wrAmn",
        "name" : "creation",
        "description" : null,
        "type" : "Property",
        "propertyAssignments" : null,
        "stereotype" : null,
        "isDerived" : false,
        "isReadOnly" : false,
        "isOrdered" : false,
        "cardinality" : null,
        "propertyType" : null,
        "subsettedProperties" : null,
        "redefinedProperties" : null,
        "aggregationKind" : "NONE"
      } ],
      "isExtensional" : false,
      "isPowertype" : null,
      "order" : null,
      "literals" : null,
      "restrictedTo" : [ "functional-complex" ]
    }, {
      "id" : "sUezxT6GAqACNQwT",
      "name" : "Entity_in_process",
      "description" : null,
      "type" : "Class",
      "propertyAssignments" : null,
      "stereotype" : "historicalRoleMixin",
      "isAbstract" : false,
      "isDerived" : false,
      "properties" : null,
      "isExtensional" : false,
      "isPowertype" : null,
      "order" : null,
      "literals" : null,
      "restrictedTo" : [ "functional-complex" ]
    }, {
      "id" : "vnlLxT6GAqACNQ0d",
      "name" : "output",
      "description" : null,
      "type" : "Class",
      "propertyAssignments" : null,
      "stereotype" : "historicalRoleMixin",
      "isAbstract" : false,
      "isDerived" : false,
      "properties" : null,
      "isExtensional" : false,
      "isPowertype" : null,
      "order" : null,
      "literals" : null,
      "restrictedTo" : [ "functional-complex" ]
    }, {
      "id" : ".1dLxT6GAqACNQ09",
      "name" : "input",
      "description" : null,
      "type" : "Class",
      "propertyAssignments" : null,
      "stereotype" : "historicalRoleMixin",
      "isAbstract" : false,
      "isDerived" : false,
      "properties" : null,
      "isExtensional" : false,
      "isPowertype" : null,
      "order" : null,
      "literals" : null,
      "restrictedTo" : [ "functional-complex" ]
    }, {
      "id" : "9cjLxT6GAqACNQ1V",
      "name" : "regulator",
      "description" : null,
      "type" : "Class",
      "propertyAssignments" : null,
      "stereotype" : "historicalRoleMixin",
      "isAbstract" : false,
      "isDerived" : false,
      "properties" : null,
      "isExtensional" : false,
      "isPowertype" : null,
      "order" : null,
      "literals" : null,
      "restrictedTo" : [ "functional-complex" ]
    }, {
      "id" : "4sQrxT6GAqACNQ2g",
      "name" : "process",
      "description" : null,
      "type" : "Class",
      "propertyAssignments" : null,
      "stereotype" : "event",
      "isAbstract" : false,
      "isDerived" : false,
      "properties" : null,
      "isExtensional" : null,
      "isPowertype" : null,
      "order" : null,
      "literals" : null,
      "restrictedTo" : [ "event" ]
    }, {
      "id" : "eX6rxT6GAqACNQ3f",
      "name" : "biological_event",
      "description" : null,
      "type" : "Class",
      "propertyAssignments" : null,
      "stereotype" : "event",
      "isAbstract" : false,
      "isDerived" : false,
      "properties" : [ {
        "id" : "rclrxT6GAqACNQ4Z",
        "name" : "id",
        "description" : null,
        "type" : "Property",
        "propertyAssignments" : null,
        "stereotype" : null,
        "isDerived" : false,
        "isReadOnly" : false,
        "isOrdered" : false,
        "cardinality" : null,
        "propertyType" : {
          "id" : "EL9VxT6GAqACNQBV",
          "type" : "Class"
        },
        "subsettedProperties" : null,
        "redefinedProperties" : null,
        "aggregationKind" : "NONE"
      }, {
        "id" : "G3lrxT6GAqACNQ4c",
        "name" : "type",
        "description" : null,
        "type" : "Property",
        "propertyAssignments" : null,
        "stereotype" : null,
        "isDerived" : false,
        "isReadOnly" : false,
        "isOrdered" : false,
        "cardinality" : null,
        "propertyType" : {
          "id" : "UL9VxT6GAqACNQBZ",
          "type" : "Class"
        },
        "subsettedProperties" : null,
        "redefinedProperties" : null,
        "aggregationKind" : "NONE"
      }, {
        "id" : "mPVrxT6GAqACNQ4g",
        "name" : "name",
        "description" : null,
        "type" : "Property",
        "propertyAssignments" : null,
        "stereotype" : null,
        "isDerived" : false,
        "isReadOnly" : false,
        "isOrdered" : false,
        "cardinality" : null,
        "propertyType" : {
          "id" : "UL9VxT6GAqACNQBZ",
          "type" : "Class"
        },
        "subsettedProperties" : null,
        "redefinedProperties" : null,
        "aggregationKind" : "NONE"
      }, {
        "id" : "43PKPT6AUB2wrAli",
        "name" : "start",
        "description" : null,
        "type" : "Property",
        "propertyAssignments" : null,
        "stereotype" : null,
        "isDerived" : false,
        "isReadOnly" : false,
        "isOrdered" : false,
        "cardinality" : null,
        "propertyType" : null,
        "subsettedProperties" : null,
        "redefinedProperties" : null,
        "aggregationKind" : "NONE"
      }, {
        "id" : "mUfKPT6AUB2wrAmC",
        "name" : "end",
        "description" : null,
        "type" : "Property",
        "propertyAssignments" : null,
        "stereotype" : null,
        "isDerived" : false,
        "isReadOnly" : false,
        "isOrdered" : false,
        "cardinality" : null,
        "propertyType" : null,
        "subsettedProperties" : null,
        "redefinedProperties" : null,
        "aggregationKind" : "NONE"
      } ],
      "isExtensional" : null,
      "isPowertype" : null,
      "order" : null,
      "literals" : null,
      "restrictedTo" : [ "event" ]
    }, {
      "id" : "HDWrxT6GAqACNQ3q",
      "name" : "pathway",
      "description" : null,
      "type" : "Class",
      "propertyAssignments" : null,
      "stereotype" : "event",
      "isAbstract" : false,
      "isDerived" : false,
      "properties" : null,
      "isExtensional" : null,
      "isPowertype" : null,
      "order" : null,
      "literals" : null,
      "restrictedTo" : [ "event" ]
    }, {
      "id" : "V2kHxT6GAqACNQ90",
      "name" : "degraded_entity",
      "description" : null,
      "type" : "Class",
      "propertyAssignments" : null,
      "stereotype" : "phaseMixin",
      "isAbstract" : true,
      "isDerived" : false,
      "properties" : null,
      "isExtensional" : false,
      "isPowertype" : null,
      "order" : null,
      "literals" : null,
      "restrictedTo" : [ "functional-complex" ]
    }, {
      "id" : "dHAQFT6AUB2yDgpD",
      "name" : "active_entity",
      "description" : null,
      "type" : "Class",
      "propertyAssignments" : null,
      "stereotype" : "phaseMixin",
      "isAbstract" : true,
      "isDerived" : false,
      "properties" : null,
      "isExtensional" : false,
      "isPowertype" : null,
      "order" : null,
      "literals" : null,
      "restrictedTo" : [ "functional-complex" ]
    }, {
      "id" : "Pcd.6r6EifjQiRAt",
      "name" : "event",
      "description" : null,
      "type" : "Class",
      "propertyAssignments" : null,
      "stereotype" : "event",
      "isAbstract" : false,
      "isDerived" : false,
      "properties" : [ {
        "id" : "vyT.6r6EifjQiRAz",
        "name" : "start",
        "description" : null,
        "type" : "Property",
        "propertyAssignments" : null,
        "stereotype" : null,
        "isDerived" : false,
        "isReadOnly" : false,
        "isOrdered" : false,
        "cardinality" : null,
        "propertyType" : null,
        "subsettedProperties" : null,
        "redefinedProperties" : null,
        "aggregationKind" : "NONE"
      }, {
        "id" : "MOz.6r6EifjQiRBR",
        "name" : "end",
        "description" : null,
        "type" : "Property",
        "propertyAssignments" : null,
        "stereotype" : null,
        "isDerived" : false,
        "isReadOnly" : false,
        "isOrdered" : false,
        "cardinality" : null,
        "propertyType" : null,
        "subsettedProperties" : null,
        "redefinedProperties" : null,
        "aggregationKind" : "NONE"
      } ],
      "isExtensional" : null,
      "isPowertype" : null,
      "order" : null,
      "literals" : null,
      "restrictedTo" : [ "event" ]
    }, {
      "id" : "xIgB6r6EifjQiRBg",
      "name" : "participation_in_biological_event",
      "description" : null,
      "type" : "Class",
      "propertyAssignments" : null,
      "stereotype" : "event",
      "isAbstract" : false,
      "isDerived" : false,
      "properties" : null,
      "isExtensional" : null,
      "isPowertype" : null,
      "order" : null,
      "literals" : null,
      "restrictedTo" : [ "event" ]
    }, {
      "id" : "UBY.6r6EifjQiQ8R",
      "name" : "role_in_biological_event",
      "description" : null,
      "type" : "Class",
      "propertyAssignments" : null,
      "stereotype" : "type",
      "isAbstract" : false,
      "isDerived" : false,
      "properties" : null,
      "isExtensional" : null,
      "isPowertype" : false,
      "order" : "2",
      "literals" : null,
      "restrictedTo" : [ "type" ]
    }, {
      "id" : "GpFzxT6GAqACNQwl",
      "name" : null,
      "description" : null,
      "type" : "Generalization",
      "propertyAssignments" : null,
      "general" : {
        "id" : "L539xT6GAqACNQk0",
        "type" : "Class"
      },
      "specific" : {
        "id" : "sUezxT6GAqACNQwT",
        "type" : "Class"
      }
    }, {
      "id" : ".FNLxT6GAqACNQ0s",
      "name" : null,
      "description" : null,
      "type" : "Generalization",
      "propertyAssignments" : null,
      "general" : {
        "id" : "sUezxT6GAqACNQwT",
        "type" : "Class"
      },
      "specific" : {
        "id" : "vnlLxT6GAqACNQ0d",
        "type" : "Class"
      }
    }, {
      "id" : "ea3LxT6GAqACNQ2A",
      "name" : null,
      "description" : null,
      "type" : "Generalization",
      "propertyAssignments" : null,
      "general" : {
        "id" : "sUezxT6GAqACNQwT",
        "type" : "Class"
      },
      "specific" : {
        "id" : ".1dLxT6GAqACNQ09",
        "type" : "Class"
      }
    }, {
      "id" : "O_3LxT6GAqACNQ2G",
      "name" : null,
      "description" : null,
      "type" : "Generalization",
      "propertyAssignments" : null,
      "general" : {
        "id" : "sUezxT6GAqACNQwT",
        "type" : "Class"
      },
      "specific" : {
        "id" : "9cjLxT6GAqACNQ1V",
        "type" : "Class"
      }
    }, {
      "id" : "yGerxT6GAqACNQ31",
      "name" : null,
      "description" : null,
      "type" : "Generalization",
      "propertyAssignments" : null,
      "general" : {
        "id" : "eX6rxT6GAqACNQ3f",
        "type" : "Class"
      },
      "specific" : {
        "id" : "4sQrxT6GAqACNQ2g",
        "type" : "Class"
      }
    }, {
      "id" : "0g.rxT6GAqACNQ37",
      "name" : null,
      "description" : null,
      "type" : "Generalization",
      "propertyAssignments" : null,
      "general" : {
        "id" : "eX6rxT6GAqACNQ3f",
        "type" : "Class"
      },
      "specific" : {
        "id" : "HDWrxT6GAqACNQ3q",
        "type" : "Class"
      }
    }, {
      "id" : "yESHxT6GAqACNQ.W",
      "name" : null,
      "description" : null,
      "type" : "Generalization",
      "propertyAssignments" : null,
      "general" : {
        "id" : "L539xT6GAqACNQk0",
        "type" : "Class"
      },
      "specific" : {
        "id" : "V2kHxT6GAqACNQ90",
        "type" : "Class"
      }
    }, {
      "id" : "9qYQFT6AUB2yDgpV",
      "name" : null,
      "description" : null,
      "type" : "Generalization",
      "propertyAssignments" : null,
      "general" : {
        "id" : "L539xT6GAqACNQk0",
        "type" : "Class"
      },
      "specific" : {
        "id" : "dHAQFT6AUB2yDgpD",
        "type" : "Class"
      }
    }, {
      "id" : "Yg.h6r6EifjQiRGA",
      "name" : null,
      "description" : null,
      "type" : "Generalization",
      "propertyAssignments" : null,
      "general" : {
        "id" : "Pcd.6r6EifjQiRAt",
        "type" : "Class"
      },
      "specific" : {
        "id" : "xIgB6r6EifjQiRBg",
        "type" : "Class"
      }
    }, {
      "id" : "h_.h6r6EifjQiRGG",
      "name" : null,
      "description" : null,
      "type" : "Generalization",
      "propertyAssignments" : null,
      "general" : {
        "id" : "Pcd.6r6EifjQiRAt",
        "type" : "Class"
      },
      "specific" : {
        "id" : "eX6rxT6GAqACNQ3f",
        "type" : "Class"
      }
    }, {
      "id" : "7RTrxT6GAqACNQ5B",
      "name" : null,
      "description" : null,
      "type" : "Relation",
      "propertyAssignments" : null,
      "stereotype" : "historicalDependence",
      "isAbstract" : false,
      "isDerived" : false,
      "properties" : [ {
        "id" : "7RTrxT6GAqACNQ5C",
        "name" : null,
        "description" : null,
        "type" : "Property",
        "propertyAssignments" : null,
        "stereotype" : null,
        "isDerived" : false,
        "isReadOnly" : false,
        "isOrdered" : false,
        "cardinality" : "*",
        "propertyType" : {
          "id" : "eX6rxT6GAqACNQ3f",
          "type" : "Class"
        },
        "subsettedProperties" : null,
        "redefinedProperties" : null,
        "aggregationKind" : "NONE"
      }, {
        "id" : "7RTrxT6GAqACNQ5E",
        "name" : null,
        "description" : null,
        "type" : "Property",
        "propertyAssignments" : null,
        "stereotype" : null,
        "isDerived" : false,
        "isReadOnly" : true,
        "isOrdered" : false,
        "cardinality" : "*",
        "propertyType" : {
          "id" : "eX6rxT6GAqACNQ3f",
          "type" : "Class"
        },
        "subsettedProperties" : null,
        "redefinedProperties" : null,
        "aggregationKind" : "NONE"
      } ]
    }, {
      "id" : "5caQFT6AUB2yDgpr",
      "name" : null,
      "description" : null,
      "type" : "Relation",
      "propertyAssignments" : null,
      "stereotype" : "termination",
      "isAbstract" : false,
      "isDerived" : false,
      "properties" : [ {
        "id" : "5caQFT6AUB2yDgps",
        "name" : null,
        "description" : null,
        "type" : "Property",
        "propertyAssignments" : null,
        "stereotype" : null,
        "isDerived" : false,
        "isReadOnly" : true,
        "isOrdered" : false,
        "cardinality" : "*",
        "propertyType" : {
          "id" : "V2kHxT6GAqACNQ90",
          "type" : "Class"
        },
        "subsettedProperties" : null,
        "redefinedProperties" : null,
        "aggregationKind" : "NONE"
      }, {
        "id" : "5caQFT6AUB2yDgpu",
        "name" : null,
        "description" : null,
        "type" : "Property",
        "propertyAssignments" : null,
        "stereotype" : null,
        "isDerived" : false,
        "isReadOnly" : true,
        "isOrdered" : false,
        "cardinality" : "1",
        "propertyType" : {
          "id" : "4sQrxT6GAqACNQ2g",
          "type" : "Class"
        },
        "subsettedProperties" : null,
        "redefinedProperties" : null,
        "aggregationKind" : "NONE"
      } ]
    }, {
      "id" : "Xjk7FT6AUB2yDgwg",
      "name" : null,
      "description" : null,
      "type" : "Relation",
      "propertyAssignments" : null,
      "stereotype" : "creation",
      "isAbstract" : false,
      "isDerived" : false,
      "properties" : [ {
        "id" : "Xjk7FT6AUB2yDgwh",
        "name" : null,
        "description" : null,
        "type" : "Property",
        "propertyAssignments" : null,
        "stereotype" : null,
        "isDerived" : false,
        "isReadOnly" : true,
        "isOrdered" : false,
        "cardinality" : "*",
        "propertyType" : {
          "id" : "dHAQFT6AUB2yDgpD",
          "type" : "Class"
        },
        "subsettedProperties" : null,
        "redefinedProperties" : null,
        "aggregationKind" : "NONE"
      }, {
        "id" : "Xjk7FT6AUB2yDgwj",
        "name" : null,
        "description" : null,
        "type" : "Property",
        "propertyAssignments" : null,
        "stereotype" : null,
        "isDerived" : false,
        "isReadOnly" : true,
        "isOrdered" : false,
        "cardinality" : "1",
        "propertyType" : {
          "id" : "4sQrxT6GAqACNQ2g",
          "type" : "Class"
        },
        "subsettedProperties" : null,
        "redefinedProperties" : null,
        "aggregationKind" : "NONE"
      } ]
    }, {
      "id" : "NVkxSr6EifjQiQps",
      "name" : "",
      "description" : null,
      "type" : "Relation",
      "propertyAssignments" : null,
      "stereotype" : null,
      "isAbstract" : false,
      "isDerived" : false,
      "properties" : [ {
        "id" : "NVkxSr6EifjQiQpt",
        "name" : null,
        "description" : null,
        "type" : "Property",
        "propertyAssignments" : null,
        "stereotype" : null,
        "isDerived" : false,
        "isReadOnly" : false,
        "isOrdered" : false,
        "cardinality" : "*",
        "propertyType" : {
          "id" : "HDWrxT6GAqACNQ3q",
          "type" : "Class"
        },
        "subsettedProperties" : null,
        "redefinedProperties" : null,
        "aggregationKind" : "SHARED"
      }, {
        "id" : "NVkxSr6EifjQiQpv",
        "name" : null,
        "description" : null,
        "type" : "Property",
        "propertyAssignments" : null,
        "stereotype" : null,
        "isDerived" : false,
        "isReadOnly" : false,
        "isOrdered" : false,
        "cardinality" : "2..*",
        "propertyType" : {
          "id" : "eX6rxT6GAqACNQ3f",
          "type" : "Class"
        },
        "subsettedProperties" : null,
        "redefinedProperties" : null,
        "aggregationKind" : "NONE"
      } ]
    }, {
      "id" : "EZtB6r6EifjQiRDg",
      "name" : null,
      "description" : null,
      "type" : "Relation",
      "propertyAssignments" : null,
      "stereotype" : "participation",
      "isAbstract" : false,
      "isDerived" : false,
      "properties" : [ {
        "id" : "EZtB6r6EifjQiRDh",
        "name" : null,
        "description" : null,
        "type" : "Property",
        "propertyAssignments" : null,
        "stereotype" : null,
        "isDerived" : false,
        "isReadOnly" : true,
        "isOrdered" : false,
        "cardinality" : "1",
        "propertyType" : {
          "id" : "sUezxT6GAqACNQwT",
          "type" : "Class"
        },
        "subsettedProperties" : null,
        "redefinedProperties" : null,
        "aggregationKind" : "NONE"
      }, {
        "id" : "EZtB6r6EifjQiRDj",
        "name" : null,
        "description" : null,
        "type" : "Property",
        "propertyAssignments" : null,
        "stereotype" : null,
        "isDerived" : false,
        "isReadOnly" : false,
        "isOrdered" : false,
        "cardinality" : "1..*",
        "propertyType" : {
          "id" : "xIgB6r6EifjQiRBg",
          "type" : "Class"
        },
        "subsettedProperties" : null,
        "redefinedProperties" : null,
        "aggregationKind" : "NONE"
      } ]
    }, {
      "id" : "DJwh6r6EifjQiREu",
      "name" : null,
      "description" : null,
      "type" : "Relation",
      "propertyAssignments" : null,
      "stereotype" : "participational",
      "isAbstract" : false,
      "isDerived" : false,
      "properties" : [ {
        "id" : "DJwh6r6EifjQiREv",
        "name" : null,
        "description" : null,
        "type" : "Property",
        "propertyAssignments" : null,
        "stereotype" : null,
        "isDerived" : false,
        "isReadOnly" : true,
        "isOrdered" : false,
        "cardinality" : "1..*",
        "propertyType" : {
          "id" : "xIgB6r6EifjQiRBg",
          "type" : "Class"
        },
        "subsettedProperties" : null,
        "redefinedProperties" : null,
        "aggregationKind" : "NONE"
      }, {
        "id" : "DJwh6r6EifjQiREx",
        "name" : null,
        "description" : null,
        "type" : "Property",
        "propertyAssignments" : null,
        "stereotype" : null,
        "isDerived" : false,
        "isReadOnly" : true,
        "isOrdered" : false,
        "cardinality" : "1",
        "propertyType" : {
          "id" : "4sQrxT6GAqACNQ2g",
          "type" : "Class"
        },
        "subsettedProperties" : null,
        "redefinedProperties" : null,
        "aggregationKind" : "COMPOSITE"
      } ]
    }, {
      "id" : "Y7uB6r6EifjQiRCp",
      "name" : null,
      "description" : null,
      "type" : "Relation",
      "propertyAssignments" : null,
      "stereotype" : "instantiation",
      "isAbstract" : false,
      "isDerived" : false,
      "properties" : [ {
        "id" : "Y7uB6r6EifjQiRCq",
        "name" : null,
        "description" : null,
        "type" : "Property",
        "propertyAssignments" : null,
        "stereotype" : null,
        "isDerived" : false,
        "isReadOnly" : false,
        "isOrdered" : false,
        "cardinality" : "*",
        "propertyType" : {
          "id" : "sUezxT6GAqACNQwT",
          "type" : "Class"
        },
        "subsettedProperties" : null,
        "redefinedProperties" : null,
        "aggregationKind" : "NONE"
      }, {
        "id" : "Y7uB6r6EifjQiRCs",
        "name" : null,
        "description" : null,
        "type" : "Property",
        "propertyAssignments" : null,
        "stereotype" : null,
        "isDerived" : false,
        "isReadOnly" : false,
        "isOrdered" : false,
        "cardinality" : "1..*",
        "propertyType" : {
          "id" : "UBY.6r6EifjQiQ8R",
          "type" : "Class"
        },
        "subsettedProperties" : null,
        "redefinedProperties" : null,
        "aggregationKind" : "NONE"
      } ]
    }, {
      "id" : "pJrB6r6EifjQiRED",
      "name" : null,
      "description" : null,
      "type" : "Relation",
      "propertyAssignments" : null,
      "stereotype" : "externalDependence",
      "isAbstract" : false,
      "isDerived" : false,
      "properties" : [ {
        "id" : "pJrB6r6EifjQiREE",
        "name" : null,
        "description" : null,
        "type" : "Property",
        "propertyAssignments" : null,
        "stereotype" : null,
        "isDerived" : false,
        "isReadOnly" : false,
        "isOrdered" : false,
        "cardinality" : "*",
        "propertyType" : {
          "id" : "xIgB6r6EifjQiRBg",
          "type" : "Class"
        },
        "subsettedProperties" : null,
        "redefinedProperties" : null,
        "aggregationKind" : "NONE"
      }, {
        "id" : "pJrB6r6EifjQiREG",
        "name" : null,
        "description" : null,
        "type" : "Property",
        "propertyAssignments" : null,
        "stereotype" : null,
        "isDerived" : false,
        "isReadOnly" : true,
        "isOrdered" : false,
        "cardinality" : "1",
        "propertyType" : {
          "id" : "UBY.6r6EifjQiQ8R",
          "type" : "Class"
        },
        "subsettedProperties" : null,
        "redefinedProperties" : null,
        "aggregationKind" : "NONE"
      } ]
    }, {
      "id" : "UL9VxT6GAqACNQBZ",
      "name" : "string",
      "description" : null,
      "type" : "Class",
      "propertyAssignments" : null,
      "stereotype" : "datatype",
      "isAbstract" : false,
      "isDerived" : false,
      "properties" : null,
      "isExtensional" : null,
      "isPowertype" : null,
      "order" : null,
      "literals" : null,
      "restrictedTo" : [ "abstract" ]
    }, {
      "id" : "EL9VxT6GAqACNQBV",
      "name" : "int",
      "description" : null,
      "type" : "Class",
      "propertyAssignments" : null,
      "stereotype" : "datatype",
      "isAbstract" : false,
      "isDerived" : false,
      "properties" : null,
      "isExtensional" : null,
      "isPowertype" : null,
      "order" : null,
      "literals" : null,
      "restrictedTo" : [ "abstract" ]
    } ]
  },
  "diagrams" : [ {
    "id" : "GtD1xT6GAqACNQWd",
    "name" : "OntoUML - CSHG",
    "description" : null,
    "type" : "Diagram",
    "owner" : {
      "id" : "Rz9VxT6GAqACNQBO_root",
      "type" : "Package"
    },
    "contents" : [ {
      "id" : "bJrB6r6EifjQiREI",
      "type" : "RelationView",
      "modelElement" : {
        "id" : "pJrB6r6EifjQiRED",
        "type" : "Relation"
      },
      "shape" : {
        "id" : "bJrB6r6EifjQiREI_path",
        "type" : "Path",
        "points" : [ {
          "x" : 619,
          "y" : 299
        }, {
          "x" : 619,
          "y" : 221
        }, {
          "x" : 511,
          "y" : 221
        } ]
      },
      "source" : {
        "id" : "RIgB6r6EifjQiRBf",
        "type" : "ClassView"
      },
      "target" : {
        "id" : "kBY.6r6EifjQiQ8Q",
        "type" : "ClassView"
      }
    }, {
      "id" : "N_3LxT6GAqACNQ2H",
      "type" : "GeneralizationView",
      "modelElement" : {
        "id" : "O_3LxT6GAqACNQ2G",
        "type" : "Generalization"
      },
      "shape" : {
        "id" : "N_3LxT6GAqACNQ2H_path",
        "type" : "Path",
        "points" : [ {
          "x" : 429,
          "y" : 340
        }, {
          "x" : 429,
          "y" : 381
        }, {
          "x" : 569,
          "y" : 381
        }, {
          "x" : 569,
          "y" : 398
        } ]
      },
      "source" : {
        "id" : "sUezxT6GAqACNQwS",
        "type" : "ClassView"
      },
      "target" : {
        "id" : "dcjLxT6GAqACNQ1U",
        "type" : "ClassView"
      }
    }, {
      "id" : "2ESHxT6GAqACNQ.X",
      "type" : "GeneralizationView",
      "modelElement" : {
        "id" : "yESHxT6GAqACNQ.W",
        "type" : "Generalization"
      },
      "shape" : {
        "id" : "2ESHxT6GAqACNQ.X_path",
        "type" : "Path",
        "points" : [ {
          "x" : 280,
          "y" : 361
        }, {
          "x" : 280,
          "y" : 392
        }, {
          "x" : 174,
          "y" : 392
        }, {
          "x" : 174,
          "y" : 455
        }, {
          "x" : 730,
          "y" : 455
        }, {
          "x" : 730,
          "y" : 439
        } ]
      },
      "source" : {
        "id" : "L539xT6GAqACNQkz",
        "type" : "ClassView"
      },
      "target" : {
        "id" : "V2kHxT6GAqACNQ9z",
        "type" : "ClassView"
      }
    }, {
      "id" : "dcjLxT6GAqACNQ1U",
      "type" : "ClassView",
      "modelElement" : {
        "id" : "9cjLxT6GAqACNQ1V",
        "type" : "Class"
      },
      "shape" : {
        "id" : "dcjLxT6GAqACNQ1U_shape",
        "type" : "Rectangle",
        "x" : 505,
        "y" : 398,
        "width" : 146,
        "height" : 40
      }
    }, {
      "id" : "C7uB6r6EifjQiRCu",
      "type" : "RelationView",
      "modelElement" : {
        "id" : "Y7uB6r6EifjQiRCp",
        "type" : "Relation"
      },
      "shape" : {
        "id" : "C7uB6r6EifjQiRCu_path",
        "type" : "Path",
        "points" : [ {
          "x" : 435,
          "y" : 299
        }, {
          "x" : 435,
          "y" : 243
        } ]
      },
      "source" : {
        "id" : "sUezxT6GAqACNQwS",
        "type" : "ClassView"
      },
      "target" : {
        "id" : "kBY.6r6EifjQiQ8Q",
        "type" : "ClassView"
      }
    }, {
      "id" : "wqdezIGAUBwIBgxG",
      "type" : "RelationView",
      "modelElement" : {
        "id" : "Xjk7FT6AUB2yDgwg",
        "type" : "Relation"
      },
      "shape" : {
        "id" : "wqdezIGAUBwIBgxG_path",
        "type" : "Path",
        "points" : [ {
          "x" : 895,
          "y" : 417
        }, {
          "x" : 870,
          "y" : 417
        }, {
          "x" : 870,
          "y" : 320
        }, {
          "x" : 826,
          "y" : 320
        } ]
      },
      "source" : {
        "id" : "dHAQFT6AUB2yDgpC",
        "type" : "ClassView"
      },
      "target" : {
        "id" : "4sQrxT6GAqACNQ2f",
        "type" : "ClassView"
      }
    }, {
      "id" : "sUezxT6GAqACNQwS",
      "type" : "ClassView",
      "modelElement" : {
        "id" : "sUezxT6GAqACNQwT",
        "type" : "Class"
      },
      "shape" : {
        "id" : "sUezxT6GAqACNQwS_shape",
        "type" : "Rectangle",
        "x" : 365,
        "y" : 300,
        "width" : 146,
        "height" : 40
      }
    }, {
      "id" : "XJwh6r6EifjQiREz",
      "type" : "RelationView",
      "modelElement" : {
        "id" : "DJwh6r6EifjQiREu",
        "type" : "Relation"
      },
      "shape" : {
        "id" : "XJwh6r6EifjQiREz_path",
        "type" : "Path",
        "points" : [ {
          "x" : 650,
          "y" : 340
        }, {
          "x" : 650,
          "y" : 370
        }, {
          "x" : 785,
          "y" : 370
        }, {
          "x" : 785,
          "y" : 340
        } ]
      },
      "source" : {
        "id" : "RIgB6r6EifjQiRBf",
        "type" : "ClassView"
      },
      "target" : {
        "id" : "4sQrxT6GAqACNQ2f",
        "type" : "ClassView"
      }
    }, {
      "id" : "Va3LxT6GAqACNQ2B",
      "type" : "GeneralizationView",
      "modelElement" : {
        "id" : "ea3LxT6GAqACNQ2A",
        "type" : "Generalization"
      },
      "shape" : {
        "id" : "Va3LxT6GAqACNQ2B_path",
        "type" : "Path",
        "points" : [ {
          "x" : 429,
          "y" : 340
        }, {
          "x" : 429,
          "y" : 398
        } ]
      },
      "source" : {
        "id" : "sUezxT6GAqACNQwS",
        "type" : "ClassView"
      },
      "target" : {
        "id" : ".1dLxT6GAqACNQ08",
        "type" : "ClassView"
      }
    }, {
      "id" : "kBY.6r6EifjQiQ8Q",
      "type" : "ClassView",
      "modelElement" : {
        "id" : "UBY.6r6EifjQiQ8R",
        "type" : "Class"
      },
      "shape" : {
        "id" : "kBY.6r6EifjQiQ8Q_shape",
        "type" : "Rectangle",
        "x" : 365,
        "y" : 201,
        "width" : 145,
        "height" : 40
      }
    }, {
      "id" : "RIgB6r6EifjQiRBf",
      "type" : "ClassView",
      "modelElement" : {
        "id" : "xIgB6r6EifjQiRBg",
        "type" : "Class"
      },
      "shape" : {
        "id" : "RIgB6r6EifjQiRBf_shape",
        "type" : "Rectangle",
        "x" : 526,
        "y" : 300,
        "width" : 196,
        "height" : 40
      }
    }, {
      "id" : "5_.h6r6EifjQiRGH",
      "type" : "GeneralizationView",
      "modelElement" : {
        "id" : "h_.h6r6EifjQiRGG",
        "type" : "Generalization"
      },
      "shape" : {
        "id" : "5_.h6r6EifjQiRGH_path",
        "type" : "Path",
        "points" : [ {
          "x" : 705,
          "y" : 198
        }, {
          "x" : 705,
          "y" : 229
        }, {
          "x" : 884,
          "y" : 229
        } ]
      },
      "source" : {
        "id" : "3cd.6r6EifjQiRAs",
        "type" : "ClassView"
      },
      "target" : {
        "id" : "uX6rxT6GAqACNQ3e",
        "type" : "ClassView"
      }
    }, {
      "id" : "vnlLxT6GAqACNQ0c",
      "type" : "ClassView",
      "modelElement" : {
        "id" : "vnlLxT6GAqACNQ0d",
        "type" : "Class"
      },
      "shape" : {
        "id" : "vnlLxT6GAqACNQ0c_shape",
        "type" : "Rectangle",
        "x" : 188,
        "y" : 398,
        "width" : 146,
        "height" : 40
      }
    }, {
      "id" : "Og.rxT6GAqACNQ38",
      "type" : "GeneralizationView",
      "modelElement" : {
        "id" : "0g.rxT6GAqACNQ37",
        "type" : "Generalization"
      },
      "shape" : {
        "id" : "Og.rxT6GAqACNQ38_path",
        "type" : "Path",
        "points" : [ {
          "x" : 933,
          "y" : 234
        }, {
          "x" : 933,
          "y" : 299
        } ]
      },
      "source" : {
        "id" : "uX6rxT6GAqACNQ3e",
        "type" : "ClassView"
      },
      "target" : {
        "id" : "HDWrxT6GAqACNQ3p",
        "type" : "ClassView"
      }
    }, {
      "id" : "ExTrxT6GAqACNQ5G",
      "type" : "RelationView",
      "modelElement" : {
        "id" : "7RTrxT6GAqACNQ5B",
        "type" : "Relation"
      },
      "shape" : {
        "id" : "ExTrxT6GAqACNQ5G_path",
        "type" : "Path",
        "points" : [ {
          "x" : 884,
          "y" : 197
        }, {
          "x" : 826,
          "y" : 197
        }, {
          "x" : 826,
          "y" : 101
        }, {
          "x" : 932,
          "y" : 101
        }, {
          "x" : 932,
          "y" : 128
        } ]
      },
      "source" : {
        "id" : "uX6rxT6GAqACNQ3e",
        "type" : "ClassView"
      },
      "target" : {
        "id" : "uX6rxT6GAqACNQ3e",
        "type" : "ClassView"
      }
    }, {
      "id" : "8g.h6r6EifjQiRGB",
      "type" : "GeneralizationView",
      "modelElement" : {
        "id" : "Yg.h6r6EifjQiRGA",
        "type" : "Generalization"
      },
      "shape" : {
        "id" : "8g.h6r6EifjQiRGB_path",
        "type" : "Path",
        "points" : [ {
          "x" : 705,
          "y" : 198
        }, {
          "x" : 705,
          "y" : 299
        } ]
      },
      "source" : {
        "id" : "3cd.6r6EifjQiRAs",
        "type" : "ClassView"
      },
      "target" : {
        "id" : "RIgB6r6EifjQiRBf",
        "type" : "ClassView"
      }
    }, {
      "id" : "SZtB6r6EifjQiRDl",
      "type" : "RelationView",
      "modelElement" : {
        "id" : "EZtB6r6EifjQiRDg",
        "type" : "Relation"
      },
      "shape" : {
        "id" : "SZtB6r6EifjQiRDl_path",
        "type" : "Path",
        "points" : [ {
          "x" : 463,
          "y" : 340
        }, {
          "x" : 463,
          "y" : 361
        }, {
          "x" : 619,
          "y" : 361
        }, {
          "x" : 619,
          "y" : 340
        } ]
      },
      "source" : {
        "id" : "sUezxT6GAqACNQwS",
        "type" : "ClassView"
      },
      "target" : {
        "id" : "RIgB6r6EifjQiRBf",
        "type" : "ClassView"
      }
    }, {
      "id" : "dFNLxT6GAqACNQ0t",
      "type" : "GeneralizationView",
      "modelElement" : {
        "id" : ".FNLxT6GAqACNQ0s",
        "type" : "Generalization"
      },
      "shape" : {
        "id" : "dFNLxT6GAqACNQ0t_path",
        "type" : "Path",
        "points" : [ {
          "x" : 429,
          "y" : 340
        }, {
          "x" : 429,
          "y" : 382
        }, {
          "x" : 289,
          "y" : 382
        }, {
          "x" : 289,
          "y" : 398
        } ]
      },
      "source" : {
        "id" : "sUezxT6GAqACNQwS",
        "type" : "ClassView"
      },
      "target" : {
        "id" : "vnlLxT6GAqACNQ0c",
        "type" : "ClassView"
      }
    }, {
      "id" : "LVkxSr6EifjQiQpx",
      "type" : "RelationView",
      "modelElement" : {
        "id" : "NVkxSr6EifjQiQps",
        "type" : "Relation"
      },
      "shape" : {
        "id" : "LVkxSr6EifjQiQpx_path",
        "type" : "Path",
        "points" : [ {
          "x" : 983,
          "y" : 320
        }, {
          "x" : 1022,
          "y" : 320
        }, {
          "x" : 1022,
          "y" : 170
        }, {
          "x" : 988,
          "y" : 170
        } ]
      },
      "source" : {
        "id" : "HDWrxT6GAqACNQ3p",
        "type" : "ClassView"
      },
      "target" : {
        "id" : "uX6rxT6GAqACNQ3e",
        "type" : "ClassView"
      }
    }, {
      "id" : "V2kHxT6GAqACNQ9z",
      "type" : "ClassView",
      "modelElement" : {
        "id" : "V2kHxT6GAqACNQ90",
        "type" : "Class"
      },
      "shape" : {
        "id" : "V2kHxT6GAqACNQ9z_shape",
        "type" : "Rectangle",
        "x" : 665,
        "y" : 398,
        "width" : 128,
        "height" : 40
      }
    }, {
      "id" : "L539xT6GAqACNQkz",
      "type" : "ClassView",
      "modelElement" : {
        "id" : "L539xT6GAqACNQk0",
        "type" : "Class"
      },
      "shape" : {
        "id" : "L539xT6GAqACNQkz_shape",
        "type" : "Rectangle",
        "x" : 229,
        "y" : 270,
        "width" : 115,
        "height" : 90
      }
    }, {
      "id" : "HqYQFT6AUB2yDgpW",
      "type" : "GeneralizationView",
      "modelElement" : {
        "id" : "9qYQFT6AUB2yDgpV",
        "type" : "Generalization"
      },
      "shape" : {
        "id" : "HqYQFT6AUB2yDgpW_path",
        "type" : "Path",
        "points" : [ {
          "x" : 279,
          "y" : 361
        }, {
          "x" : 279,
          "y" : 392
        }, {
          "x" : 174,
          "y" : 392
        }, {
          "x" : 174,
          "y" : 455
        }, {
          "x" : 941,
          "y" : 455
        }, {
          "x" : 941,
          "y" : 439
        } ]
      },
      "source" : {
        "id" : "L539xT6GAqACNQkz",
        "type" : "ClassView"
      },
      "target" : {
        "id" : "dHAQFT6AUB2yDgpC",
        "type" : "ClassView"
      }
    }, {
      "id" : "lDLezIGAUBwIBgxa",
      "type" : "RelationView",
      "modelElement" : {
        "id" : "5caQFT6AUB2yDgpr",
        "type" : "Relation"
      },
      "shape" : {
        "id" : "lDLezIGAUBwIBgxa_path",
        "type" : "Path",
        "points" : [ {
          "x" : 794,
          "y" : 417
        }, {
          "x" : 818,
          "y" : 417
        }, {
          "x" : 818,
          "y" : 340
        } ]
      },
      "source" : {
        "id" : "V2kHxT6GAqACNQ9z",
        "type" : "ClassView"
      },
      "target" : {
        "id" : "4sQrxT6GAqACNQ2f",
        "type" : "ClassView"
      }
    }, {
      "id" : "3cd.6r6EifjQiRAs",
      "type" : "ClassView",
      "modelElement" : {
        "id" : "Pcd.6r6EifjQiRAt",
        "type" : "Class"
      },
      "shape" : {
        "id" : "3cd.6r6EifjQiRAs_shape",
        "type" : "Rectangle",
        "x" : 665,
        "y" : 129,
        "width" : 80,
        "height" : 67
      }
    }, {
      "id" : "uX6rxT6GAqACNQ3e",
      "type" : "ClassView",
      "modelElement" : {
        "id" : "eX6rxT6GAqACNQ3f",
        "type" : "Class"
      },
      "shape" : {
        "id" : "uX6rxT6GAqACNQ3e_shape",
        "type" : "Rectangle",
        "x" : 885,
        "y" : 129,
        "width" : 101,
        "height" : 105
      }
    }, {
      "id" : "dHAQFT6AUB2yDgpC",
      "type" : "ClassView",
      "modelElement" : {
        "id" : "dHAQFT6AUB2yDgpD",
        "type" : "Class"
      },
      "shape" : {
        "id" : "dHAQFT6AUB2yDgpC_shape",
        "type" : "Rectangle",
        "x" : 895,
        "y" : 398,
        "width" : 105,
        "height" : 40
      }
    }, {
      "id" : "RGerxT6GAqACNQ32",
      "type" : "GeneralizationView",
      "modelElement" : {
        "id" : "yGerxT6GAqACNQ31",
        "type" : "Generalization"
      },
      "shape" : {
        "id" : "RGerxT6GAqACNQ32_path",
        "type" : "Path",
        "points" : [ {
          "x" : 932,
          "y" : 234
        }, {
          "x" : 932,
          "y" : 269
        }, {
          "x" : 785,
          "y" : 269
        }, {
          "x" : 785,
          "y" : 299
        } ]
      },
      "source" : {
        "id" : "uX6rxT6GAqACNQ3e",
        "type" : "ClassView"
      },
      "target" : {
        "id" : "4sQrxT6GAqACNQ2f",
        "type" : "ClassView"
      }
    }, {
      "id" : "HDWrxT6GAqACNQ3p",
      "type" : "ClassView",
      "modelElement" : {
        "id" : "HDWrxT6GAqACNQ3q",
        "type" : "Class"
      },
      "shape" : {
        "id" : "HDWrxT6GAqACNQ3p_shape",
        "type" : "Rectangle",
        "x" : 901,
        "y" : 300,
        "width" : 80,
        "height" : 40
      }
    }, {
      "id" : ".1dLxT6GAqACNQ08",
      "type" : "ClassView",
      "modelElement" : {
        "id" : ".1dLxT6GAqACNQ09",
        "type" : "Class"
      },
      "shape" : {
        "id" : ".1dLxT6GAqACNQ08_shape",
        "type" : "Rectangle",
        "x" : 344,
        "y" : 398,
        "width" : 146,
        "height" : 40
      }
    }, {
      "id" : "4sQrxT6GAqACNQ2f",
      "type" : "ClassView",
      "modelElement" : {
        "id" : "4sQrxT6GAqACNQ2g",
        "type" : "Class"
      },
      "shape" : {
        "id" : "4sQrxT6GAqACNQ2f_shape",
        "type" : "Rectangle",
        "x" : 745,
        "y" : 300,
        "width" : 80,
        "height" : 40
      }
    }, {
      "id" : "xpFzxT6GAqACNQwm",
      "type" : "GeneralizationView",
      "modelElement" : {
        "id" : "GpFzxT6GAqACNQwl",
        "type" : "Generalization"
      },
      "shape" : {
        "id" : "xpFzxT6GAqACNQwm_path",
        "type" : "Path",
        "points" : [ {
          "x" : 345,
          "y" : 320
        }, {
          "x" : 364,
          "y" : 320
        } ]
      },
      "source" : {
        "id" : "L539xT6GAqACNQkz",
        "type" : "ClassView"
      },
      "target" : {
        "id" : "sUezxT6GAqACNQwS",
        "type" : "ClassView"
      }
    } ]
  } ]
}