{
  "id" : "0lLoF36GAqACBQBO",
  "name" : "ontology",
  "description" : null,
  "type" : "Project",
  "model" : {
    "id" : "0lLoF36GAqACBQBO_root",
    "name" : "ontology",
    "description" : null,
    "type" : "Package",
    "propertyAssignments" : null,
    "contents" : [ {
      "id" : "Xw_oF36GAqACBQWp",
      "name" : "NFRQ",
      "description" : null,
      "type" : "Package",
      "propertyAssignments" : null,
      "contents" : [ {
        "id" : "YsIYF36GAqACBQW.",
        "name" : "Hardgoal",
        "description" : null,
        "type" : "Class",
        "propertyAssignments" : null,
        "stereotype" : null,
        "isAbstract" : false,
        "isDerived" : false,
        "properties" : null,
        "isExtensional" : null,
        "isPowertype" : null,
        "order" : null,
        "literals" : null,
        "restrictedTo" : null
      }, {
        "id" : "29oYF36GAqACBQXH",
        "name" : "Softgoal",
        "description" : null,
        "type" : "Class",
        "propertyAssignments" : null,
        "stereotype" : null,
        "isAbstract" : false,
        "isDerived" : false,
        "properties" : null,
        "isExtensional" : null,
        "isPowertype" : null,
        "order" : null,
        "literals" : null,
        "restrictedTo" : null
      }, {
        "id" : "r1EYF36GAqACBQXZ",
        "name" : "Function",
        "description" : null,
        "type" : "Class",
        "propertyAssignments" : null,
        "stereotype" : null,
        "isAbstract" : false,
        "isDerived" : false,
        "properties" : null,
        "isExtensional" : null,
        "isPowertype" : null,
        "order" : null,
        "literals" : null,
        "restrictedTo" : null
      }, {
        "id" : "u3qYF36GAqACBQYP",
        "name" : "NFR (Quality Goal)",
        "description" : null,
        "type" : "Class",
        "propertyAssignments" : null,
        "stereotype" : null,
        "isAbstract" : false,
        "isDerived" : false,
        "properties" : null,
        "isExtensional" : null,
        "isPowertype" : null,
        "order" : null,
        "literals" : null,
        "restrictedTo" : null
      }, {
        "id" : "GPGYF36GAqACBQYY",
        "name" : "Functional Requirement",
        "description" : null,
        "type" : "Class",
        "propertyAssignments" : null,
        "stereotype" : null,
        "isAbstract" : false,
        "isDerived" : false,
        "properties" : null,
        "isExtensional" : null,
        "isPowertype" : null,
        "order" : null,
        "literals" : null,
        "restrictedTo" : null
      }, {
        "id" : "0m2YF36GAqACBQYh",
        "name" : "Quality Constraint",
        "description" : null,
        "type" : "Class",
        "propertyAssignments" : null,
        "stereotype" : null,
        "isAbstract" : false,
        "isDerived" : false,
        "properties" : null,
        "isExtensional" : null,
        "isPowertype" : null,
        "order" : null,
        "literals" : null,
        "restrictedTo" : null
      }, {
        "id" : "eruYF36GAqACBQYq",
        "name" : "Vague NFR",
        "description" : null,
        "type" : "Class",
        "propertyAssignments" : null,
        "stereotype" : null,
        "isAbstract" : false,
        "isDerived" : false,
        "properties" : null,
        "isExtensional" : null,
        "isPowertype" : null,
        "order" : null,
        "literals" : null,
        "restrictedTo" : null
      }, {
        "id" : "cGBYF36GAqACBQYz",
        "name" : "Gradable NFR",
        "description" : null,
        "type" : "Class",
        "propertyAssignments" : null,
        "stereotype" : null,
        "isAbstract" : false,
        "isDerived" : false,
        "properties" : null,
        "isExtensional" : null,
        "isPowertype" : null,
        "order" : null,
        "literals" : null,
        "restrictedTo" : null
      }, {
        "id" : "6XRYF36GAqACBQY8",
        "name" : "Crisp Quality Region",
        "description" : null,
        "type" : "Class",
        "propertyAssignments" : null,
        "stereotype" : null,
        "isAbstract" : false,
        "isDerived" : false,
        "properties" : null,
        "isExtensional" : null,
        "isPowertype" : null,
        "order" : null,
        "literals" : null,
        "restrictedTo" : null
      }, {
        "id" : "a.pYF36GAqACBQZF",
        "name" : "Gradable Quality Region",
        "description" : null,
        "type" : "Class",
        "propertyAssignments" : null,
        "stereotype" : null,
        "isAbstract" : false,
        "isDerived" : false,
        "properties" : null,
        "isExtensional" : null,
        "isPowertype" : null,
        "order" : null,
        "literals" : null,
        "restrictedTo" : null
      }, {
        "id" : "rDuUF36GAqACBQkf",
        "name" : null,
        "description" : null,
        "type" : "Generalization",
        "propertyAssignments" : null,
        "general" : {
          "id" : "u3qYF36GAqACBQYP",
          "type" : "Class"
        },
        "specific" : {
          "id" : "0m2YF36GAqACBQYh",
          "type" : "Class"
        }
      }, {
        "id" : "hwpUF36GAqACBQk3",
        "name" : null,
        "description" : null,
        "type" : "Generalization",
        "propertyAssignments" : null,
        "general" : {
          "id" : "u3qYF36GAqACBQYP",
          "type" : "Class"
        },
        "specific" : {
          "id" : "eruYF36GAqACBQYq",
          "type" : "Class"
        }
      }, {
        "id" : "dAFUF36GAqACBQk9",
        "name" : null,
        "description" : null,
        "type" : "Generalization",
        "propertyAssignments" : null,
        "general" : {
          "id" : "u3qYF36GAqACBQYP",
          "type" : "Class"
        },
        "specific" : {
          "id" : "cGBYF36GAqACBQYz",
          "type" : "Class"
        }
      }, {
        "id" : "A3L4F36GAqACBQcV",
        "name" : "",
        "description" : null,
        "type" : "GeneralizationSet",
        "propertyAssignments" : null,
        "isDisjoint" : true,
        "isComplete" : false,
        "categorizer" : null,
        "generalizations" : [ {
          "id" : "csV4F36GAqACBQbs",
          "type" : "Generalization"
        }, {
          "id" : "sc54F36GAqACBQbk",
          "type" : "Generalization"
        } ]
      }, {
        "id" : "6i1UF36GAqACBQlK",
        "name" : "",
        "description" : null,
        "type" : "GeneralizationSet",
        "propertyAssignments" : null,
        "isDisjoint" : true,
        "isComplete" : false,
        "categorizer" : null,
        "generalizations" : [ {
          "id" : "rDuUF36GAqACBQkf",
          "type" : "Generalization"
        }, {
          "id" : "hwpUF36GAqACBQk3",
          "type" : "Generalization"
        }, {
          "id" : "dAFUF36GAqACBQk9",
          "type" : "Generalization"
        } ]
      }, {
        "id" : ".vmEF36GAqACBQeO",
        "name" : "refers to",
        "description" : null,
        "type" : "Relation",
        "propertyAssignments" : null,
        "stereotype" : null,
        "isAbstract" : false,
        "isDerived" : false,
        "properties" : [ {
          "id" : "BvmEF36GAqACBQeP",
          "name" : "",
          "description" : null,
          "type" : "Property",
          "propertyAssignments" : null,
          "stereotype" : null,
          "isDerived" : false,
          "isReadOnly" : false,
          "isOrdered" : false,
          "cardinality" : "1",
          "propertyType" : {
            "id" : "r1EYF36GAqACBQXZ",
            "type" : "Class"
          },
          "subsettedProperties" : null,
          "redefinedProperties" : null,
          "aggregationKind" : "NONE"
        }, {
          "id" : "BvmEF36GAqACBQeR",
          "name" : "",
          "description" : null,
          "type" : "Property",
          "propertyAssignments" : null,
          "stereotype" : null,
          "isDerived" : false,
          "isReadOnly" : false,
          "isOrdered" : false,
          "cardinality" : "1",
          "propertyType" : {
            "id" : "GPGYF36GAqACBQYY",
            "type" : "Class"
          },
          "subsettedProperties" : null,
          "redefinedProperties" : null,
          "aggregationKind" : "NONE"
        } ]
      }, {
        "id" : "9jzEF36GAqACBQfP",
        "name" : "refers to",
        "description" : null,
        "type" : "Relation",
        "propertyAssignments" : null,
        "stereotype" : null,
        "isAbstract" : false,
        "isDerived" : false,
        "properties" : [ {
          "id" : "9jzEF36GAqACBQfQ",
          "name" : "",
          "description" : null,
          "type" : "Property",
          "propertyAssignments" : null,
          "stereotype" : null,
          "isDerived" : false,
          "isReadOnly" : false,
          "isOrdered" : false,
          "cardinality" : "*",
          "propertyType" : {
            "id" : "u3qYF36GAqACBQYP",
            "type" : "Class"
          },
          "subsettedProperties" : null,
          "redefinedProperties" : null,
          "aggregationKind" : "NONE"
        }, {
          "id" : "DjzEF36GAqACBQfS",
          "name" : "",
          "description" : null,
          "type" : "Property",
          "propertyAssignments" : null,
          "stereotype" : null,
          "isDerived" : false,
          "isReadOnly" : false,
          "isOrdered" : false,
          "cardinality" : "1",
          "propertyType" : {
            "id" : "3vUYF36GAqACBQXi",
            "type" : "Class"
          },
          "subsettedProperties" : null,
          "redefinedProperties" : null,
          "aggregationKind" : "NONE"
        } ]
      }, {
        "id" : "U00UF36GAqACBQjX",
        "name" : "requires value in",
        "description" : null,
        "type" : "Relation",
        "propertyAssignments" : null,
        "stereotype" : null,
        "isAbstract" : false,
        "isDerived" : false,
        "properties" : [ {
          "id" : "U00UF36GAqACBQjY",
          "name" : "",
          "description" : null,
          "type" : "Property",
          "propertyAssignments" : null,
          "stereotype" : null,
          "isDerived" : false,
          "isReadOnly" : false,
          "isOrdered" : false,
          "cardinality" : "*",
          "propertyType" : {
            "id" : "0m2YF36GAqACBQYh",
            "type" : "Class"
          },
          "subsettedProperties" : null,
          "redefinedProperties" : null,
          "aggregationKind" : "NONE"
        }, {
          "id" : "000UF36GAqACBQja",
          "name" : "",
          "description" : null,
          "type" : "Property",
          "propertyAssignments" : null,
          "stereotype" : null,
          "isDerived" : false,
          "isReadOnly" : false,
          "isOrdered" : false,
          "cardinality" : "1",
          "propertyType" : {
            "id" : "6XRYF36GAqACBQY8",
            "type" : "Class"
          },
          "subsettedProperties" : null,
          "redefinedProperties" : null,
          "aggregationKind" : "NONE"
        } ]
      }, {
        "id" : "P3LUF36GAqACBQl_",
        "name" : "requires value in",
        "description" : null,
        "type" : "Relation",
        "propertyAssignments" : null,
        "stereotype" : null,
        "isAbstract" : false,
        "isDerived" : false,
        "properties" : [ {
          "id" : "P3LUF36GAqACBQmA",
          "name" : "",
          "description" : null,
          "type" : "Property",
          "propertyAssignments" : null,
          "stereotype" : null,
          "isDerived" : false,
          "isReadOnly" : false,
          "isOrdered" : false,
          "cardinality" : "*",
          "propertyType" : {
            "id" : "cGBYF36GAqACBQYz",
            "type" : "Class"
          },
          "subsettedProperties" : null,
          "redefinedProperties" : null,
          "aggregationKind" : "NONE"
        }, {
          "id" : "v3LUF36GAqACBQmC",
          "name" : "",
          "description" : null,
          "type" : "Property",
          "propertyAssignments" : null,
          "stereotype" : null,
          "isDerived" : false,
          "isReadOnly" : false,
          "isOrdered" : false,
          "cardinality" : "1",
          "propertyType" : {
            "id" : "a.pYF36GAqACBQZF",
            "type" : "Class"
          },
          "subsettedProperties" : null,
          "redefinedProperties" : null,
          "aggregationKind" : "NONE"
        } ]
      } ]
    }, {
      "id" : "80KK6f6AUB1CSnZk",
      "name" : "UFO-A",
      "description" : null,
      "type" : "Package",
      "propertyAssignments" : null,
      "contents" : [ {
        "id" : "3vUYF36GAqACBQXi",
        "name" : "Quality Universal",
        "description" : null,
        "type" : "Class",
        "propertyAssignments" : null,
        "stereotype" : null,
        "isAbstract" : false,
        "isDerived" : false,
        "properties" : null,
        "isExtensional" : null,
        "isPowertype" : null,
        "order" : null,
        "literals" : null,
        "restrictedTo" : null
      }, {
        "id" : "aFsYF36GAqACBQXr",
        "name" : "Quality",
        "description" : null,
        "type" : "Class",
        "propertyAssignments" : null,
        "stereotype" : null,
        "isAbstract" : false,
        "isDerived" : false,
        "properties" : null,
        "isExtensional" : null,
        "isPowertype" : null,
        "order" : null,
        "literals" : null,
        "restrictedTo" : null
      }, {
        "id" : "ia8YF36GAqACBQX0",
        "name" : "Quality Value",
        "description" : null,
        "type" : "Class",
        "propertyAssignments" : null,
        "stereotype" : null,
        "isAbstract" : false,
        "isDerived" : false,
        "properties" : null,
        "isExtensional" : null,
        "isPowertype" : null,
        "order" : null,
        "literals" : null,
        "restrictedTo" : null
      }, {
        "id" : "XCiYF36GAqACBQX9",
        "name" : "Quality Structure",
        "description" : null,
        "type" : "Class",
        "propertyAssignments" : null,
        "stereotype" : null,
        "isAbstract" : false,
        "isDerived" : false,
        "properties" : null,
        "isExtensional" : null,
        "isPowertype" : null,
        "order" : null,
        "literals" : null,
        "restrictedTo" : null
      }, {
        "id" : "jVyYF36GAqACBQYG",
        "name" : "Quality Region",
        "description" : null,
        "type" : "Class",
        "propertyAssignments" : null,
        "stereotype" : null,
        "isAbstract" : false,
        "isDerived" : false,
        "properties" : null,
        "isExtensional" : null,
        "isPowertype" : null,
        "order" : null,
        "literals" : null,
        "restrictedTo" : null
      }, {
        "id" : "ZVgUF36GAqACBQiz",
        "name" : null,
        "description" : null,
        "type" : "Generalization",
        "propertyAssignments" : null,
        "general" : {
          "id" : "jVyYF36GAqACBQYG",
          "type" : "Class"
        },
        "specific" : {
          "id" : "6XRYF36GAqACBQY8",
          "type" : "Class"
        }
      }, {
        "id" : "JboUF36GAqACBQi_",
        "name" : null,
        "description" : null,
        "type" : "Generalization",
        "propertyAssignments" : null,
        "general" : {
          "id" : "jVyYF36GAqACBQYG",
          "type" : "Class"
        },
        "specific" : {
          "id" : "a.pYF36GAqACBQZF",
          "type" : "Class"
        }
      }, {
        "id" : "P4lEF36GAqACBQe4",
        "name" : "instantiates",
        "description" : null,
        "type" : "Relation",
        "propertyAssignments" : null,
        "stereotype" : null,
        "isAbstract" : false,
        "isDerived" : false,
        "properties" : [ {
          "id" : "P4lEF36GAqACBQe5",
          "name" : "",
          "description" : null,
          "type" : "Property",
          "propertyAssignments" : null,
          "stereotype" : null,
          "isDerived" : false,
          "isReadOnly" : false,
          "isOrdered" : false,
          "cardinality" : "1..*",
          "propertyType" : {
            "id" : "aFsYF36GAqACBQXr",
            "type" : "Class"
          },
          "subsettedProperties" : null,
          "redefinedProperties" : null,
          "aggregationKind" : "NONE"
        }, {
          "id" : "P4lEF36GAqACBQe7",
          "name" : "",
          "description" : null,
          "type" : "Property",
          "propertyAssignments" : null,
          "stereotype" : null,
          "isDerived" : false,
          "isReadOnly" : false,
          "isOrdered" : false,
          "cardinality" : "1",
          "propertyType" : {
            "id" : "3vUYF36GAqACBQXi",
            "type" : "Class"
          },
          "subsettedProperties" : null,
          "redefinedProperties" : null,
          "aggregationKind" : "NONE"
        } ]
      }, {
        "id" : "JpwkF36GAqACBQfw",
        "name" : "hasValue",
        "description" : null,
        "type" : "Relation",
        "propertyAssignments" : null,
        "stereotype" : null,
        "isAbstract" : false,
        "isDerived" : false,
        "properties" : [ {
          "id" : "JpwkF36GAqACBQfx",
          "name" : "",
          "description" : null,
          "type" : "Property",
          "propertyAssignments" : null,
          "stereotype" : null,
          "isDerived" : false,
          "isReadOnly" : false,
          "isOrdered" : false,
          "cardinality" : "*",
          "propertyType" : {
            "id" : "aFsYF36GAqACBQXr",
            "type" : "Class"
          },
          "subsettedProperties" : null,
          "redefinedProperties" : null,
          "aggregationKind" : "NONE"
        }, {
          "id" : "JpwkF36GAqACBQfz",
          "name" : "",
          "description" : null,
          "type" : "Property",
          "propertyAssignments" : null,
          "stereotype" : null,
          "isDerived" : false,
          "isReadOnly" : false,
          "isOrdered" : false,
          "cardinality" : "1",
          "propertyType" : {
            "id" : "ia8YF36GAqACBQX0",
            "type" : "Class"
          },
          "subsettedProperties" : null,
          "redefinedProperties" : null,
          "aggregationKind" : "NONE"
        } ]
      }, {
        "id" : "KcqkF36GAqACBQgr",
        "name" : "associated with",
        "description" : null,
        "type" : "Relation",
        "propertyAssignments" : null,
        "stereotype" : null,
        "isAbstract" : false,
        "isDerived" : false,
        "properties" : [ {
          "id" : "qcqkF36GAqACBQgs",
          "name" : "",
          "description" : null,
          "type" : "Property",
          "propertyAssignments" : null,
          "stereotype" : null,
          "isDerived" : false,
          "isReadOnly" : false,
          "isOrdered" : false,
          "cardinality" : "1",
          "propertyType" : {
            "id" : "3vUYF36GAqACBQXi",
            "type" : "Class"
          },
          "subsettedProperties" : null,
          "redefinedProperties" : null,
          "aggregationKind" : "NONE"
        }, {
          "id" : "qcqkF36GAqACBQgu",
          "name" : "",
          "description" : null,
          "type" : "Property",
          "propertyAssignments" : null,
          "stereotype" : null,
          "isDerived" : false,
          "isReadOnly" : false,
          "isOrdered" : false,
          "cardinality" : "1",
          "propertyType" : {
            "id" : "XCiYF36GAqACBQX9",
            "type" : "Class"
          },
          "subsettedProperties" : null,
          "redefinedProperties" : null,
          "aggregationKind" : "NONE"
        } ]
      }, {
        "id" : "YixkF36GAqACBQhk",
        "name" : "constituted by",
        "description" : null,
        "type" : "Relation",
        "propertyAssignments" : null,
        "stereotype" : null,
        "isAbstract" : false,
        "isDerived" : false,
        "properties" : [ {
          "id" : "YixkF36GAqACBQhl",
          "name" : "",
          "description" : null,
          "type" : "Property",
          "propertyAssignments" : null,
          "stereotype" : null,
          "isDerived" : false,
          "isReadOnly" : false,
          "isOrdered" : false,
          "cardinality" : "1",
          "propertyType" : {
            "id" : "XCiYF36GAqACBQX9",
            "type" : "Class"
          },
          "subsettedProperties" : null,
          "redefinedProperties" : null,
          "aggregationKind" : "NONE"
        }, {
          "id" : "4ixkF36GAqACBQhn",
          "name" : "",
          "description" : null,
          "type" : "Property",
          "propertyAssignments" : null,
          "stereotype" : null,
          "isDerived" : false,
          "isReadOnly" : false,
          "isOrdered" : false,
          "cardinality" : "1..*",
          "propertyType" : {
            "id" : "jVyYF36GAqACBQYG",
            "type" : "Class"
          },
          "subsettedProperties" : null,
          "redefinedProperties" : null,
          "aggregationKind" : "NONE"
        } ]
      }, {
        "id" : "pX1kF36GAqACBQiA",
        "name" : "member of",
        "description" : null,
        "type" : "Relation",
        "propertyAssignments" : null,
        "stereotype" : null,
        "isAbstract" : false,
        "isDerived" : false,
        "properties" : [ {
          "id" : "ZX1kF36GAqACBQiB",
          "name" : "",
          "description" : null,
          "type" : "Property",
          "propertyAssignments" : null,
          "stereotype" : null,
          "isDerived" : false,
          "isReadOnly" : false,
          "isOrdered" : false,
          "cardinality" : "1..*",
          "propertyType" : {
            "id" : "ia8YF36GAqACBQX0",
            "type" : "Class"
          },
          "subsettedProperties" : null,
          "redefinedProperties" : null,
          "aggregationKind" : "NONE"
        }, {
          "id" : "ZX1kF36GAqACBQiD",
          "name" : "",
          "description" : null,
          "type" : "Property",
          "propertyAssignments" : null,
          "stereotype" : null,
          "isDerived" : false,
          "isReadOnly" : false,
          "isOrdered" : false,
          "cardinality" : "1..*",
          "propertyType" : {
            "id" : "jVyYF36GAqACBQYG",
            "type" : "Class"
          },
          "subsettedProperties" : null,
          "redefinedProperties" : null,
          "aggregationKind" : "NONE"
        } ]
      } ]
    }, {
      "id" : "JjaK6f6AUB1CSnZp",
      "name" : "UFO-C",
      "description" : null,
      "type" : "Package",
      "propertyAssignments" : null,
      "contents" : [ {
        "id" : "s9QYF36GAqACBQWz",
        "name" : "Intention",
        "description" : null,
        "type" : "Class",
        "propertyAssignments" : null,
        "stereotype" : null,
        "isAbstract" : false,
        "isDerived" : false,
        "properties" : null,
        "isExtensional" : null,
        "isPowertype" : null,
        "order" : null,
        "literals" : null,
        "restrictedTo" : null
      }, {
        "id" : "6O4YF36GAqACBQXQ",
        "name" : "Goal",
        "description" : null,
        "type" : "Class",
        "propertyAssignments" : null,
        "stereotype" : null,
        "isAbstract" : false,
        "isDerived" : false,
        "properties" : null,
        "isExtensional" : null,
        "isPowertype" : null,
        "order" : null,
        "literals" : null,
        "restrictedTo" : null
      }, {
        "id" : "sc54F36GAqACBQbk",
        "name" : null,
        "description" : null,
        "type" : "Generalization",
        "propertyAssignments" : null,
        "general" : {
          "id" : "6O4YF36GAqACBQXQ",
          "type" : "Class"
        },
        "specific" : {
          "id" : "YsIYF36GAqACBQW.",
          "type" : "Class"
        }
      }, {
        "id" : "csV4F36GAqACBQbs",
        "name" : null,
        "description" : null,
        "type" : "Generalization",
        "propertyAssignments" : null,
        "general" : {
          "id" : "6O4YF36GAqACBQXQ",
          "type" : "Class"
        },
        "specific" : {
          "id" : "29oYF36GAqACBQXH",
          "type" : "Class"
        }
      }, {
        "id" : "xm8EF36GAqACBQdu",
        "name" : null,
        "description" : null,
        "type" : "Generalization",
        "propertyAssignments" : null,
        "general" : {
          "id" : "6O4YF36GAqACBQXQ",
          "type" : "Class"
        },
        "specific" : {
          "id" : "u3qYF36GAqACBQYP",
          "type" : "Class"
        }
      }, {
        "id" : "GmaEF36GAqACBQeC",
        "name" : null,
        "description" : null,
        "type" : "Generalization",
        "propertyAssignments" : null,
        "general" : {
          "id" : "6O4YF36GAqACBQXQ",
          "type" : "Class"
        },
        "specific" : {
          "id" : "GPGYF36GAqACBQYY",
          "type" : "Class"
        }
      }, {
        "id" : "hcAEF36GAqACBQdH",
        "name" : "propositional content of",
        "description" : null,
        "type" : "Relation",
        "propertyAssignments" : null,
        "stereotype" : null,
        "isAbstract" : false,
        "isDerived" : false,
        "properties" : [ {
          "id" : "hcAEF36GAqACBQdI",
          "name" : "",
          "description" : null,
          "type" : "Property",
          "propertyAssignments" : null,
          "stereotype" : null,
          "isDerived" : false,
          "isReadOnly" : false,
          "isOrdered" : false,
          "cardinality" : "1",
          "propertyType" : {
            "id" : "6O4YF36GAqACBQXQ",
            "type" : "Class"
          },
          "subsettedProperties" : null,
          "redefinedProperties" : null,
          "aggregationKind" : "NONE"
        }, {
          "id" : "hcAEF36GAqACBQdK",
          "name" : "",
          "description" : null,
          "type" : "Property",
          "propertyAssignments" : null,
          "stereotype" : null,
          "isDerived" : false,
          "isReadOnly" : false,
          "isOrdered" : false,
          "cardinality" : "1..*",
          "propertyType" : {
            "id" : "s9QYF36GAqACBQWz",
            "type" : "Class"
          },
          "subsettedProperties" : null,
          "redefinedProperties" : null,
          "aggregationKind" : "NONE"
        } ]
      } ]
    }, {
      "id" : "_GWK6f6AUB1CSnZy",
      "name" : "UFO-B",
      "description" : null,
      "type" : "Package",
      "propertyAssignments" : null,
      "contents" : [ {
        "id" : "KV_oF36GAqACBQWt",
        "name" : "Situation",
        "description" : null,
        "type" : "Class",
        "propertyAssignments" : null,
        "stereotype" : null,
        "isAbstract" : false,
        "isDerived" : false,
        "properties" : null,
        "isExtensional" : null,
        "isPowertype" : null,
        "order" : null,
        "literals" : null,
        "restrictedTo" : null
      }, {
        "id" : "xS.4F36GAqACBQbM",
        "name" : "satisfies",
        "description" : null,
        "type" : "Relation",
        "propertyAssignments" : null,
        "stereotype" : null,
        "isAbstract" : false,
        "isDerived" : false,
        "properties" : [ {
          "id" : "TS.4F36GAqACBQbO",
          "name" : "",
          "description" : null,
          "type" : "Property",
          "propertyAssignments" : null,
          "stereotype" : null,
          "isDerived" : false,
          "isReadOnly" : false,
          "isOrdered" : false,
          "cardinality" : "*",
          "propertyType" : {
            "id" : "KV_oF36GAqACBQWt",
            "type" : "Class"
          },
          "subsettedProperties" : null,
          "redefinedProperties" : null,
          "aggregationKind" : "NONE"
        }, {
          "id" : "7S.4F36GAqACBQbR",
          "name" : "",
          "description" : null,
          "type" : "Property",
          "propertyAssignments" : null,
          "stereotype" : null,
          "isDerived" : false,
          "isReadOnly" : false,
          "isOrdered" : false,
          "cardinality" : "*",
          "propertyType" : {
            "id" : "6O4YF36GAqACBQXQ",
            "type" : "Class"
          },
          "subsettedProperties" : null,
          "redefinedProperties" : null,
          "aggregationKind" : "NONE"
        } ]
      } ]
    } ]
  },
  "diagrams" : [ {
    "id" : "VXvoF36GAqACBQWf",
    "name" : "diagram1",
    "description" : null,
    "type" : "Diagram",
    "owner" : {
      "id" : "Xw_oF36GAqACBQWp",
      "type" : "Package"
    },
    "contents" : [ {
      "id" : "200UF36GAqACBQjc",
      "type" : "RelationView",
      "modelElement" : {
        "id" : "U00UF36GAqACBQjX",
        "type" : "Relation"
      },
      "shape" : {
        "id" : "200UF36GAqACBQjc_path",
        "type" : "Path",
        "points" : [ {
          "x" : 604,
          "y" : 390
        }, {
          "x" : 604,
          "y" : 426
        }, {
          "x" : 702,
          "y" : 426
        }, {
          "x" : 702,
          "y" : 457
        } ]
      },
      "source" : {
        "id" : "0m2YF36GAqACBQYg",
        "type" : "ClassView"
      },
      "target" : {
        "id" : "6XRYF36GAqACBQY7",
        "type" : "ClassView"
      }
    }, {
      "id" : "q.pYF36GAqACBQZE",
      "type" : "ClassView",
      "modelElement" : {
        "id" : "a.pYF36GAqACBQZF",
        "type" : "Class"
      },
      "shape" : {
        "id" : "q.pYF36GAqACBQZE_shape",
        "type" : "Rectangle",
        "x" : 628,
        "y" : 515,
        "width" : 148,
        "height" : 40
      }
    }, {
      "id" : "pwpUF36GAqACBQk4",
      "type" : "GeneralizationView",
      "modelElement" : {
        "id" : "hwpUF36GAqACBQk3",
        "type" : "Generalization"
      },
      "shape" : {
        "id" : "pwpUF36GAqACBQk4_path",
        "type" : "Path",
        "points" : [ {
          "x" : 658,
          "y" : 313
        }, {
          "x" : 658,
          "y" : 333
        }, {
          "x" : 737,
          "y" : 333
        }, {
          "x" : 737,
          "y" : 349
        } ]
      },
      "source" : {
        "id" : "O3qYF36GAqACBQYO",
        "type" : "ClassView"
      },
      "target" : {
        "id" : "eruYF36GAqACBQYp",
        "type" : "ClassView"
      }
    }, {
      "id" : "qFsYF36GAqACBQXq",
      "type" : "ClassView",
      "modelElement" : {
        "id" : "aFsYF36GAqACBQXr",
        "type" : "Class"
      },
      "shape" : {
        "id" : "qFsYF36GAqACBQXq_shape",
        "type" : "Rectangle",
        "x" : 371,
        "y" : 272,
        "width" : 80,
        "height" : 40
      }
    }, {
      "id" : "O3qYF36GAqACBQYO",
      "type" : "ClassView",
      "modelElement" : {
        "id" : "u3qYF36GAqACBQYP",
        "type" : "Class"
      },
      "shape" : {
        "id" : "O3qYF36GAqACBQYO_shape",
        "type" : "Rectangle",
        "x" : 601,
        "y" : 273,
        "width" : 114,
        "height" : 40
      }
    }, {
      "id" : "3vUYF36GAqACBQXh",
      "type" : "ClassView",
      "modelElement" : {
        "id" : "3vUYF36GAqACBQXi",
        "type" : "Class"
      },
      "shape" : {
        "id" : "3vUYF36GAqACBQXh_shape",
        "type" : "Rectangle",
        "x" : 149,
        "y" : 272,
        "width" : 108,
        "height" : 40
      }
    }, {
      "id" : "vDuUF36GAqACBQkg",
      "type" : "GeneralizationView",
      "modelElement" : {
        "id" : "rDuUF36GAqACBQkf",
        "type" : "Generalization"
      },
      "shape" : {
        "id" : "vDuUF36GAqACBQkg_path",
        "type" : "Path",
        "points" : [ {
          "x" : 658,
          "y" : 313
        }, {
          "x" : 658,
          "y" : 333
        }, {
          "x" : 604,
          "y" : 333
        }, {
          "x" : 604,
          "y" : 349
        } ]
      },
      "source" : {
        "id" : "O3qYF36GAqACBQYO",
        "type" : "ClassView"
      },
      "target" : {
        "id" : "0m2YF36GAqACBQYg",
        "type" : "ClassView"
      }
    }, {
      "id" : "cGBYF36GAqACBQYy",
      "type" : "ClassView",
      "modelElement" : {
        "id" : "cGBYF36GAqACBQYz",
        "type" : "Class"
      },
      "shape" : {
        "id" : "cGBYF36GAqACBQYy_shape",
        "type" : "Rectangle",
        "x" : 814,
        "y" : 351,
        "width" : 87,
        "height" : 40
      }
    }, {
      "id" : "M9QYF36GAqACBQWy",
      "type" : "ClassView",
      "modelElement" : {
        "id" : "s9QYF36GAqACBQWz",
        "type" : "Class"
      },
      "shape" : {
        "id" : "M9QYF36GAqACBQWy_shape",
        "type" : "Rectangle",
        "x" : 429,
        "y" : 180,
        "width" : 80,
        "height" : 40
      }
    }, {
      "id" : ".3L4F36GAqACBQcX",
      "type" : "GeneralizationSetView",
      "modelElement" : {
        "id" : "A3L4F36GAqACBQcV",
        "type" : "GeneralizationSet"
      },
      "shape" : {
        "id" : ".3L4F36GAqACBQcX_shape",
        "type" : "Text",
        "x" : 738,
        "y" : 129,
        "width" : 80,
        "height" : 42,
        "value" : ""
      }
    }, {
      "id" : "29oYF36GAqACBQXG",
      "type" : "ClassView",
      "modelElement" : {
        "id" : "29oYF36GAqACBQXH",
        "type" : "Class"
      },
      "shape" : {
        "id" : "29oYF36GAqACBQXG_shape",
        "type" : "Rectangle",
        "x" : 741,
        "y" : 76,
        "width" : 80,
        "height" : 40
      }
    }, {
      "id" : "tX1kF36GAqACBQiF",
      "type" : "RelationView",
      "modelElement" : {
        "id" : "pX1kF36GAqACBQiA",
        "type" : "Relation"
      },
      "shape" : {
        "id" : "tX1kF36GAqACBQiF_path",
        "type" : "Path",
        "points" : [ {
          "x" : 288,
          "y" : 390
        }, {
          "x" : 288,
          "y" : 447
        }, {
          "x" : 428,
          "y" : 447
        } ]
      },
      "source" : {
        "id" : "ia8YF36GAqACBQXz",
        "type" : "ClassView"
      },
      "target" : {
        "id" : "DVyYF36GAqACBQYF",
        "type" : "ClassView"
      }
    }, {
      "id" : "6O4YF36GAqACBQXP",
      "type" : "ClassView",
      "modelElement" : {
        "id" : "6O4YF36GAqACBQXQ",
        "type" : "Class"
      },
      "shape" : {
        "id" : "6O4YF36GAqACBQXP_shape",
        "type" : "Rectangle",
        "x" : 697,
        "y" : 180,
        "width" : 80,
        "height" : 40
      }
    }, {
      "id" : "ia8YF36GAqACBQXz",
      "type" : "ClassView",
      "modelElement" : {
        "id" : "ia8YF36GAqACBQX0",
        "type" : "Class"
      },
      "shape" : {
        "id" : "ia8YF36GAqACBQXz_shape",
        "type" : "Rectangle",
        "x" : 257,
        "y" : 350,
        "width" : 86,
        "height" : 40
      }
    }, {
      "id" : "asV4F36GAqACBQbt",
      "type" : "GeneralizationView",
      "modelElement" : {
        "id" : "csV4F36GAqACBQbs",
        "type" : "Generalization"
      },
      "shape" : {
        "id" : "asV4F36GAqACBQbt_path",
        "type" : "Path",
        "points" : [ {
          "x" : 737,
          "y" : 179
        }, {
          "x" : 737,
          "y" : 131
        }, {
          "x" : 781,
          "y" : 131
        }, {
          "x" : 781,
          "y" : 116
        } ]
      },
      "source" : {
        "id" : "6O4YF36GAqACBQXP",
        "type" : "ClassView"
      },
      "target" : {
        "id" : "29oYF36GAqACBQXG",
        "type" : "ClassView"
      }
    }, {
      "id" : "eruYF36GAqACBQYp",
      "type" : "ClassView",
      "modelElement" : {
        "id" : "eruYF36GAqACBQYq",
        "type" : "Class"
      },
      "shape" : {
        "id" : "eruYF36GAqACBQYp_shape",
        "type" : "Rectangle",
        "x" : 697,
        "y" : 350,
        "width" : 80,
        "height" : 40
      }
    }, {
      "id" : "XCiYF36GAqACBQX8",
      "type" : "ClassView",
      "modelElement" : {
        "id" : "XCiYF36GAqACBQX9",
        "type" : "Class"
      },
      "shape" : {
        "id" : "XCiYF36GAqACBQX8_shape",
        "type" : "Rectangle",
        "x" : 149,
        "y" : 440,
        "width" : 108,
        "height" : 40
      }
    }, {
      "id" : "njzEF36GAqACBQfU",
      "type" : "RelationView",
      "modelElement" : {
        "id" : "9jzEF36GAqACBQfP",
        "type" : "Relation"
      },
      "shape" : {
        "id" : "njzEF36GAqACBQfU_path",
        "type" : "Path",
        "points" : [ {
          "x" : 629,
          "y" : 272
        }, {
          "x" : 629,
          "y" : 254
        }, {
          "x" : 203,
          "y" : 254
        }, {
          "x" : 203,
          "y" : 271
        } ]
      },
      "source" : {
        "id" : "O3qYF36GAqACBQYO",
        "type" : "ClassView"
      },
      "target" : {
        "id" : "3vUYF36GAqACBQXh",
        "type" : "ClassView"
      }
    }, {
      "id" : ".cqkF36GAqACBQgw",
      "type" : "RelationView",
      "modelElement" : {
        "id" : "KcqkF36GAqACBQgr",
        "type" : "Relation"
      },
      "shape" : {
        "id" : ".cqkF36GAqACBQgw_path",
        "type" : "Path",
        "points" : [ {
          "x" : 199,
          "y" : 312
        }, {
          "x" : 199,
          "y" : 439
        } ]
      },
      "source" : {
        "id" : "3vUYF36GAqACBQXh",
        "type" : "ClassView"
      },
      "target" : {
        "id" : "XCiYF36GAqACBQX8",
        "type" : "ClassView"
      }
    }, {
      "id" : "JmaEF36GAqACBQeD",
      "type" : "GeneralizationView",
      "modelElement" : {
        "id" : "GmaEF36GAqACBQeC",
        "type" : "Generalization"
      },
      "shape" : {
        "id" : "JmaEF36GAqACBQeD_path",
        "type" : "Path",
        "points" : [ {
          "x" : 737,
          "y" : 220
        }, {
          "x" : 737,
          "y" : 254
        }, {
          "x" : 828,
          "y" : 254
        }, {
          "x" : 828,
          "y" : 271
        } ]
      },
      "source" : {
        "id" : "6O4YF36GAqACBQXP",
        "type" : "ClassView"
      },
      "target" : {
        "id" : "GPGYF36GAqACBQYX",
        "type" : "ClassView"
      }
    }, {
      "id" : "GPGYF36GAqACBQYX",
      "type" : "ClassView",
      "modelElement" : {
        "id" : "GPGYF36GAqACBQYY",
        "type" : "Class"
      },
      "shape" : {
        "id" : "GPGYF36GAqACBQYX_shape",
        "type" : "Rectangle",
        "x" : 756,
        "y" : 272,
        "width" : 145,
        "height" : 40
      }
    }, {
      "id" : "aixkF36GAqACBQhp",
      "type" : "RelationView",
      "modelElement" : {
        "id" : "YixkF36GAqACBQhk",
        "type" : "Relation"
      },
      "shape" : {
        "id" : "aixkF36GAqACBQhp_path",
        "type" : "Path",
        "points" : [ {
          "x" : 257,
          "y" : 468
        }, {
          "x" : 428,
          "y" : 468
        } ]
      },
      "source" : {
        "id" : "XCiYF36GAqACBQX8",
        "type" : "ClassView"
      },
      "target" : {
        "id" : "DVyYF36GAqACBQYF",
        "type" : "ClassView"
      }
    }, {
      "id" : "dVgUF36GAqACBQi0",
      "type" : "GeneralizationView",
      "modelElement" : {
        "id" : "ZVgUF36GAqACBQiz",
        "type" : "Generalization"
      },
      "shape" : {
        "id" : "dVgUF36GAqACBQi0_path",
        "type" : "Path",
        "points" : [ {
          "x" : 523,
          "y" : 458
        }, {
          "x" : 571,
          "y" : 458
        }, {
          "x" : 571,
          "y" : 480
        }, {
          "x" : 627,
          "y" : 480
        } ]
      },
      "source" : {
        "id" : "DVyYF36GAqACBQYF",
        "type" : "ClassView"
      },
      "target" : {
        "id" : "6XRYF36GAqACBQY7",
        "type" : "ClassView"
      }
    }, {
      "id" : "0m2YF36GAqACBQYg",
      "type" : "ClassView",
      "modelElement" : {
        "id" : "0m2YF36GAqACBQYh",
        "type" : "Class"
      },
      "shape" : {
        "id" : "0m2YF36GAqACBQYg_shape",
        "type" : "Rectangle",
        "x" : 547,
        "y" : 350,
        "width" : 114,
        "height" : 40
      }
    }, {
      "id" : "PAFUF36GAqACBQk.",
      "type" : "GeneralizationView",
      "modelElement" : {
        "id" : "dAFUF36GAqACBQk9",
        "type" : "Generalization"
      },
      "shape" : {
        "id" : "PAFUF36GAqACBQk._path",
        "type" : "Path",
        "points" : [ {
          "x" : 658,
          "y" : 313
        }, {
          "x" : 658,
          "y" : 333
        }, {
          "x" : 857,
          "y" : 333
        }, {
          "x" : 857,
          "y" : 350
        } ]
      },
      "source" : {
        "id" : "O3qYF36GAqACBQYO",
        "type" : "ClassView"
      },
      "target" : {
        "id" : "cGBYF36GAqACBQYy",
        "type" : "ClassView"
      }
    }, {
      "id" : "DVyYF36GAqACBQYF",
      "type" : "ClassView",
      "modelElement" : {
        "id" : "jVyYF36GAqACBQYG",
        "type" : "Class"
      },
      "shape" : {
        "id" : "DVyYF36GAqACBQYF_shape",
        "type" : "Rectangle",
        "x" : 429,
        "y" : 440,
        "width" : 94,
        "height" : 40
      }
    }, {
      "id" : "osIYF36GAqACBQW9",
      "type" : "ClassView",
      "modelElement" : {
        "id" : "YsIYF36GAqACBQW.",
        "type" : "Class"
      },
      "shape" : {
        "id" : "osIYF36GAqACBQW9_shape",
        "type" : "Rectangle",
        "x" : 647,
        "y" : 76,
        "width" : 80,
        "height" : 40
      }
    }, {
      "id" : "wElEF36GAqACBQe9",
      "type" : "RelationView",
      "modelElement" : {
        "id" : "P4lEF36GAqACBQe4",
        "type" : "Relation"
      },
      "shape" : {
        "id" : "wElEF36GAqACBQe9_path",
        "type" : "Path",
        "points" : [ {
          "x" : 370,
          "y" : 281
        }, {
          "x" : 257,
          "y" : 281
        } ]
      },
      "source" : {
        "id" : "qFsYF36GAqACBQXq",
        "type" : "ClassView"
      },
      "target" : {
        "id" : "3vUYF36GAqACBQXh",
        "type" : "ClassView"
      }
    }, {
      "id" : "1vmEF36GAqACBQeT",
      "type" : "RelationView",
      "modelElement" : {
        "id" : ".vmEF36GAqACBQeO",
        "type" : "Relation"
      },
      "shape" : {
        "id" : "1vmEF36GAqACBQeT_path",
        "type" : "Path",
        "points" : [ {
          "x" : 872,
          "y" : 218
        }, {
          "x" : 872,
          "y" : 271
        } ]
      },
      "source" : {
        "id" : "L1EYF36GAqACBQXY",
        "type" : "ClassView"
      },
      "target" : {
        "id" : "GPGYF36GAqACBQYX",
        "type" : "ClassView"
      }
    }, {
      "id" : "EPLUF36GAqACBQmE",
      "type" : "RelationView",
      "modelElement" : {
        "id" : "P3LUF36GAqACBQl_",
        "type" : "Relation"
      },
      "shape" : {
        "id" : "EPLUF36GAqACBQmE_path",
        "type" : "Path",
        "points" : [ {
          "x" : 857,
          "y" : 391
        }, {
          "x" : 857,
          "y" : 523
        }, {
          "x" : 776,
          "y" : 523
        } ]
      },
      "source" : {
        "id" : "cGBYF36GAqACBQYy",
        "type" : "ClassView"
      },
      "target" : {
        "id" : "q.pYF36GAqACBQZE",
        "type" : "ClassView"
      }
    }, {
      "id" : "8V_oF36GAqACBQWs",
      "type" : "ClassView",
      "modelElement" : {
        "id" : "KV_oF36GAqACBQWt",
        "type" : "Class"
      },
      "shape" : {
        "id" : "8V_oF36GAqACBQWs_shape",
        "type" : "Rectangle",
        "x" : 429,
        "y" : 100,
        "width" : 80,
        "height" : 40
      }
    }, {
      "id" : "tm8EF36GAqACBQdv",
      "type" : "GeneralizationView",
      "modelElement" : {
        "id" : "xm8EF36GAqACBQdu",
        "type" : "Generalization"
      },
      "shape" : {
        "id" : "tm8EF36GAqACBQdv_path",
        "type" : "Path",
        "points" : [ {
          "x" : 737,
          "y" : 220
        }, {
          "x" : 737,
          "y" : 254
        }, {
          "x" : 658,
          "y" : 254
        }, {
          "x" : 658,
          "y" : 272
        } ]
      },
      "source" : {
        "id" : "6O4YF36GAqACBQXP",
        "type" : "ClassView"
      },
      "target" : {
        "id" : "O3qYF36GAqACBQYO",
        "type" : "ClassView"
      }
    }, {
      "id" : "pc54F36GAqACBQbl",
      "type" : "GeneralizationView",
      "modelElement" : {
        "id" : "sc54F36GAqACBQbk",
        "type" : "Generalization"
      },
      "shape" : {
        "id" : "pc54F36GAqACBQbl_path",
        "type" : "Path",
        "points" : [ {
          "x" : 737,
          "y" : 179
        }, {
          "x" : 737,
          "y" : 131
        }, {
          "x" : 687,
          "y" : 131
        }, {
          "x" : 687,
          "y" : 116
        } ]
      },
      "source" : {
        "id" : "6O4YF36GAqACBQXP",
        "type" : "ClassView"
      },
      "target" : {
        "id" : "osIYF36GAqACBQW9",
        "type" : "ClassView"
      }
    }, {
      "id" : "FcAEF36GAqACBQdM",
      "type" : "RelationView",
      "modelElement" : {
        "id" : "hcAEF36GAqACBQdH",
        "type" : "Relation"
      },
      "shape" : {
        "id" : "FcAEF36GAqACBQdM_path",
        "type" : "Path",
        "points" : [ {
          "x" : 696,
          "y" : 209
        }, {
          "x" : 509,
          "y" : 209
        } ]
      },
      "source" : {
        "id" : "6O4YF36GAqACBQXP",
        "type" : "ClassView"
      },
      "target" : {
        "id" : "M9QYF36GAqACBQWy",
        "type" : "ClassView"
      }
    }, {
      "id" : "zpwkF36GAqACBQf1",
      "type" : "RelationView",
      "modelElement" : {
        "id" : "JpwkF36GAqACBQfw",
        "type" : "Relation"
      },
      "shape" : {
        "id" : "zpwkF36GAqACBQf1_path",
        "type" : "Path",
        "points" : [ {
          "x" : 370,
          "y" : 305
        }, {
          "x" : 288,
          "y" : 305
        }, {
          "x" : 288,
          "y" : 349
        } ]
      },
      "source" : {
        "id" : "qFsYF36GAqACBQXq",
        "type" : "ClassView"
      },
      "target" : {
        "id" : "ia8YF36GAqACBQXz",
        "type" : "ClassView"
      }
    }, {
      "id" : "NboUF36GAqACBQjA",
      "type" : "GeneralizationView",
      "modelElement" : {
        "id" : "JboUF36GAqACBQi_",
        "type" : "Generalization"
      },
      "shape" : {
        "id" : "NboUF36GAqACBQjA_path",
        "type" : "Path",
        "points" : [ {
          "x" : 523,
          "y" : 458
        }, {
          "x" : 571,
          "y" : 458
        }, {
          "x" : 571,
          "y" : 535
        }, {
          "x" : 627,
          "y" : 535
        } ]
      },
      "source" : {
        "id" : "DVyYF36GAqACBQYF",
        "type" : "ClassView"
      },
      "target" : {
        "id" : "q.pYF36GAqACBQZE",
        "type" : "ClassView"
      }
    }, {
      "id" : "L1EYF36GAqACBQXY",
      "type" : "ClassView",
      "modelElement" : {
        "id" : "r1EYF36GAqACBQXZ",
        "type" : "Class"
      },
      "shape" : {
        "id" : "L1EYF36GAqACBQXY_shape",
        "type" : "Rectangle",
        "x" : 821,
        "y" : 178,
        "width" : 80,
        "height" : 40
      }
    }, {
      "id" : "Vi1UF36GAqACBQlM",
      "type" : "GeneralizationSetView",
      "modelElement" : {
        "id" : "6i1UF36GAqACBQlK",
        "type" : "GeneralizationSet"
      },
      "shape" : {
        "id" : "Vi1UF36GAqACBQlM_shape",
        "type" : "Text",
        "x" : 750,
        "y" : 312,
        "width" : 80,
        "height" : 42,
        "value" : ""
      }
    }, {
      "id" : "6XRYF36GAqACBQY7",
      "type" : "ClassView",
      "modelElement" : {
        "id" : "6XRYF36GAqACBQY8",
        "type" : "Class"
      },
      "shape" : {
        "id" : "6XRYF36GAqACBQY7_shape",
        "type" : "Rectangle",
        "x" : 628,
        "y" : 458,
        "width" : 148,
        "height" : 40
      }
    }, {
      "id" : "my.4F36GAqACBQbT",
      "type" : "RelationView",
      "modelElement" : {
        "id" : "xS.4F36GAqACBQbM",
        "type" : "Relation"
      },
      "shape" : {
        "id" : "my.4F36GAqACBQbT_path",
        "type" : "Path",
        "points" : [ {
          "x" : 469,
          "y" : 140
        }, {
          "x" : 469,
          "y" : 157
        }, {
          "x" : 708,
          "y" : 157
        }, {
          "x" : 708,
          "y" : 179
        } ]
      },
      "source" : {
        "id" : "8V_oF36GAqACBQWs",
        "type" : "ClassView"
      },
      "target" : {
        "id" : "6O4YF36GAqACBQXP",
        "type" : "ClassView"
      }
    } ]
  } ]
}