{
  "id" : "KJeFif6GAqACBQBO",
  "name" : "ontology",
  "description" : null,
  "type" : "Project",
  "model" : {
    "id" : "KJeFif6GAqACBQBO_root",
    "name" : "ontology",
    "description" : null,
    "type" : "Package",
    "propertyAssignments" : null,
    "contents" : [ {
      "id" : "eIwlif6GAqACBQXF",
      "name" : "Traveler",
      "description" : null,
      "type" : "Class",
      "propertyAssignments" : null,
      "stereotype" : "role",
      "isAbstract" : false,
      "isDerived" : false,
      "properties" : null,
      "isExtensional" : false,
      "isPowertype" : null,
      "order" : null,
      "literals" : null,
      "restrictedTo" : null
    }, {
      "id" : "txElif6GAqACBQXL",
      "name" : "Reservation",
      "description" : null,
      "type" : "Class",
      "propertyAssignments" : null,
      "stereotype" : "relator",
      "isAbstract" : false,
      "isDerived" : false,
      "properties" : null,
      "isExtensional" : null,
      "isPowertype" : null,
      "order" : null,
      "literals" : null,
      "restrictedTo" : [ "relator" ]
    }, {
      "id" : "d_Ulif6GAqACBQXT",
      "name" : "Check",
      "description" : null,
      "type" : "Class",
      "propertyAssignments" : null,
      "stereotype" : "relator",
      "isAbstract" : false,
      "isDerived" : false,
      "properties" : null,
      "isExtensional" : null,
      "isPowertype" : null,
      "order" : null,
      "literals" : null,
      "restrictedTo" : [ "relator" ]
    }, {
      "id" : "PW0lif6GAqACBQXb",
      "name" : "Application",
      "description" : null,
      "type" : "Class",
      "propertyAssignments" : null,
      "stereotype" : "relator",
      "isAbstract" : false,
      "isDerived" : false,
      "properties" : null,
      "isExtensional" : null,
      "isPowertype" : null,
      "order" : null,
      "literals" : null,
      "restrictedTo" : [ "relator" ]
    }, {
      "id" : "Guclif6GAqACBQXr",
      "name" : "Revision",
      "description" : null,
      "type" : "Class",
      "propertyAssignments" : null,
      "stereotype" : "relator",
      "isAbstract" : false,
      "isDerived" : false,
      "properties" : null,
      "isExtensional" : null,
      "isPowertype" : null,
      "order" : null,
      "literals" : null,
      "restrictedTo" : [ "relator" ]
    }, {
      "id" : "H4ilif6GAqACBQXz",
      "name" : "Ticket",
      "description" : null,
      "type" : "Class",
      "propertyAssignments" : null,
      "stereotype" : "relator",
      "isAbstract" : false,
      "isDerived" : false,
      "properties" : null,
      "isExtensional" : null,
      "isPowertype" : null,
      "order" : null,
      "literals" : null,
      "restrictedTo" : [ "relator" ]
    }, {
      "id" : "Tnilif6GAqACBQX7",
      "name" : "Airlain",
      "description" : null,
      "type" : "Class",
      "propertyAssignments" : null,
      "stereotype" : "subkind",
      "isAbstract" : false,
      "isDerived" : false,
      "properties" : null,
      "isExtensional" : false,
      "isPowertype" : null,
      "order" : null,
      "literals" : null,
      "restrictedTo" : [ "relator" ]
    }, {
      "id" : "J7ylif6GAqACBQYH",
      "name" : "Train",
      "description" : null,
      "type" : "Class",
      "propertyAssignments" : null,
      "stereotype" : "subkind",
      "isAbstract" : false,
      "isDerived" : false,
      "properties" : null,
      "isExtensional" : false,
      "isPowertype" : null,
      "order" : null,
      "literals" : null,
      "restrictedTo" : [ "relator" ]
    }, {
      "id" : "1mBlif6GAqACBQYk",
      "name" : "Visa",
      "description" : null,
      "type" : "Class",
      "propertyAssignments" : null,
      "stereotype" : "kind",
      "isAbstract" : false,
      "isDerived" : false,
      "properties" : null,
      "isExtensional" : null,
      "isPowertype" : null,
      "order" : null,
      "literals" : null,
      "restrictedTo" : [ "functional-complex" ]
    }, {
      "id" : "kjVlif6GAqACBQY2",
      "name" : "Kind",
      "description" : null,
      "type" : "Class",
      "propertyAssignments" : null,
      "stereotype" : "kind",
      "isAbstract" : false,
      "isDerived" : false,
      "properties" : null,
      "isExtensional" : null,
      "isPowertype" : null,
      "order" : null,
      "literals" : null,
      "restrictedTo" : [ "functional-complex" ]
    }, {
      "id" : "IfZVif6GAqACBQcq",
      "name" : "Schedule",
      "description" : null,
      "type" : "Class",
      "propertyAssignments" : null,
      "stereotype" : "kind",
      "isAbstract" : false,
      "isDerived" : false,
      "properties" : null,
      "isExtensional" : null,
      "isPowertype" : null,
      "order" : null,
      "literals" : null,
      "restrictedTo" : [ "functional-complex" ]
    }, {
      "id" : "mDlVif6GAqACBQc2",
      "name" : "Flight",
      "description" : null,
      "type" : "Class",
      "propertyAssignments" : null,
      "stereotype" : "subkind",
      "isAbstract" : false,
      "isDerived" : false,
      "properties" : null,
      "isExtensional" : false,
      "isPowertype" : null,
      "order" : null,
      "literals" : null,
      "restrictedTo" : [ "functional-complex" ]
    }, {
      "id" : "_gNVif6GAqACBQdE",
      "name" : "Railway",
      "description" : null,
      "type" : "Class",
      "propertyAssignments" : null,
      "stereotype" : "subkind",
      "isAbstract" : false,
      "isDerived" : false,
      "properties" : null,
      "isExtensional" : false,
      "isPowertype" : null,
      "order" : null,
      "literals" : null,
      "restrictedTo" : [ "functional-complex" ]
    }, {
      "id" : "MyA1if6GAqACBQeI",
      "name" : "Status",
      "description" : null,
      "type" : "Class",
      "propertyAssignments" : null,
      "stereotype" : "quality",
      "isAbstract" : false,
      "isDerived" : false,
      "properties" : null,
      "isExtensional" : null,
      "isPowertype" : null,
      "order" : null,
      "literals" : null,
      "restrictedTo" : [ "quality" ]
    }, {
      "id" : "9q2tif6GAqACBQkN",
      "name" : "Student",
      "description" : null,
      "type" : "Class",
      "propertyAssignments" : null,
      "stereotype" : "role",
      "isAbstract" : false,
      "isDerived" : false,
      "properties" : null,
      "isExtensional" : false,
      "isPowertype" : null,
      "order" : null,
      "literals" : null,
      "restrictedTo" : null
    }, {
      "id" : "lautif6GAqACBQkX",
      "name" : "Enrollment",
      "description" : null,
      "type" : "Class",
      "propertyAssignments" : null,
      "stereotype" : "relator",
      "isAbstract" : false,
      "isDerived" : false,
      "properties" : null,
      "isExtensional" : null,
      "isPowertype" : null,
      "order" : null,
      "literals" : null,
      "restrictedTo" : [ "relator" ]
    }, {
      "id" : "bV.tif6GAqACBQkj",
      "name" : "Coordination",
      "description" : null,
      "type" : "Class",
      "propertyAssignments" : null,
      "stereotype" : "relator",
      "isAbstract" : false,
      "isDerived" : false,
      "properties" : null,
      "isExtensional" : null,
      "isPowertype" : null,
      "order" : null,
      "literals" : null,
      "restrictedTo" : [ "relator" ]
    }, {
      "id" : "nLRtif6GAqACBQk1",
      "name" : "Equivalence",
      "description" : null,
      "type" : "Class",
      "propertyAssignments" : null,
      "stereotype" : "relator",
      "isAbstract" : false,
      "isDerived" : false,
      "properties" : null,
      "isExtensional" : null,
      "isPowertype" : null,
      "order" : null,
      "literals" : null,
      "restrictedTo" : [ "relator" ]
    }, {
      "id" : "BzZtif6GAqACBQlB",
      "name" : "Secondary Certificate",
      "description" : null,
      "type" : "Class",
      "propertyAssignments" : null,
      "stereotype" : "kind",
      "isAbstract" : false,
      "isDerived" : false,
      "properties" : null,
      "isExtensional" : null,
      "isPowertype" : null,
      "order" : null,
      "literals" : null,
      "restrictedTo" : [ "functional-complex" ]
    }, {
      "id" : "6S1tif6GAqACBQlP",
      "name" : "Results",
      "description" : null,
      "type" : "Class",
      "propertyAssignments" : null,
      "stereotype" : "quality",
      "isAbstract" : false,
      "isDerived" : false,
      "properties" : null,
      "isExtensional" : null,
      "isPowertype" : null,
      "order" : null,
      "literals" : null,
      "restrictedTo" : [ "quality" ]
    }, {
      "id" : "Epdtif6GAqACBQlX",
      "name" : "Secondary Azhar",
      "description" : null,
      "type" : "Class",
      "propertyAssignments" : null,
      "stereotype" : "subkind",
      "isAbstract" : false,
      "isDerived" : false,
      "properties" : null,
      "isExtensional" : false,
      "isPowertype" : null,
      "order" : null,
      "literals" : null,
      "restrictedTo" : [ "functional-complex" ]
    }, {
      "id" : "hqTdif6GAqACBQll",
      "name" : "Secondary General",
      "description" : null,
      "type" : "Class",
      "propertyAssignments" : null,
      "stereotype" : "subkind",
      "isAbstract" : false,
      "isDerived" : false,
      "properties" : null,
      "isExtensional" : false,
      "isPowertype" : null,
      "order" : null,
      "literals" : null,
      "restrictedTo" : [ "functional-complex" ]
    }, {
      "id" : "MZ7dif6GAqACBQl3",
      "name" : "Technical",
      "description" : null,
      "type" : "Class",
      "propertyAssignments" : null,
      "stereotype" : "subkind",
      "isAbstract" : false,
      "isDerived" : false,
      "properties" : null,
      "isExtensional" : false,
      "isPowertype" : null,
      "order" : null,
      "literals" : null,
      "restrictedTo" : [ "functional-complex" ]
    }, {
      "id" : "ipfdif6GAqACBQmD",
      "name" : "Nile School",
      "description" : null,
      "type" : "Class",
      "propertyAssignments" : null,
      "stereotype" : "subkind",
      "isAbstract" : false,
      "isDerived" : false,
      "properties" : null,
      "isExtensional" : false,
      "isPowertype" : null,
      "order" : null,
      "literals" : null,
      "restrictedTo" : [ "functional-complex" ]
    }, {
      "id" : "4iw9if6GAqACBQmV",
      "name" : "STEM School",
      "description" : null,
      "type" : "Class",
      "propertyAssignments" : null,
      "stereotype" : "subkind",
      "isAbstract" : false,
      "isDerived" : false,
      "properties" : null,
      "isExtensional" : false,
      "isPowertype" : null,
      "order" : null,
      "literals" : null,
      "restrictedTo" : [ "functional-complex" ]
    }, {
      "id" : "c3Y9if6GAqACBQml",
      "name" : "Arab Country",
      "description" : null,
      "type" : "Class",
      "propertyAssignments" : null,
      "stereotype" : "subkind",
      "isAbstract" : false,
      "isDerived" : false,
      "properties" : null,
      "isExtensional" : false,
      "isPowertype" : null,
      "order" : null,
      "literals" : null,
      "restrictedTo" : [ "functional-complex" ]
    }, {
      "id" : "z4U9if6GAqACBQmr",
      "name" : "Foreing Country",
      "description" : null,
      "type" : "Class",
      "propertyAssignments" : null,
      "stereotype" : "subkind",
      "isAbstract" : false,
      "isDerived" : false,
      "properties" : null,
      "isExtensional" : false,
      "isPowertype" : null,
      "order" : null,
      "literals" : null,
      "restrictedTo" : [ "functional-complex" ]
    }, {
      "id" : "zB69if6GAqACBQnW",
      "name" : "Wish",
      "description" : null,
      "type" : "Class",
      "propertyAssignments" : null,
      "stereotype" : "kind",
      "isAbstract" : false,
      "isDerived" : false,
      "properties" : null,
      "isExtensional" : null,
      "isPowertype" : null,
      "order" : null,
      "literals" : null,
      "restrictedTo" : [ "functional-complex" ]
    }, {
      "id" : ".gW9if6GAqACBQne",
      "name" : "Scientific Degree",
      "description" : null,
      "type" : "Class",
      "propertyAssignments" : null,
      "stereotype" : "kind",
      "isAbstract" : false,
      "isDerived" : false,
      "properties" : null,
      "isExtensional" : null,
      "isPowertype" : null,
      "order" : null,
      "literals" : null,
      "restrictedTo" : [ "functional-complex" ]
    }, {
      "id" : "QPu9if6GAqACBQns",
      "name" : "Bachelor",
      "description" : null,
      "type" : "Class",
      "propertyAssignments" : null,
      "stereotype" : "subkind",
      "isAbstract" : false,
      "isDerived" : false,
      "properties" : null,
      "isExtensional" : false,
      "isPowertype" : null,
      "order" : null,
      "literals" : null,
      "restrictedTo" : [ "functional-complex" ]
    }, {
      "id" : "Tm.9if6GAqACBQn4",
      "name" : "Masters",
      "description" : null,
      "type" : "Class",
      "propertyAssignments" : null,
      "stereotype" : "subkind",
      "isAbstract" : false,
      "isDerived" : false,
      "properties" : null,
      "isExtensional" : false,
      "isPowertype" : null,
      "order" : null,
      "literals" : null,
      "restrictedTo" : [ "functional-complex" ]
    }, {
      "id" : "v5x9if6GAqACBQoK",
      "name" : "PhD",
      "description" : null,
      "type" : "Class",
      "propertyAssignments" : null,
      "stereotype" : "subkind",
      "isAbstract" : false,
      "isDerived" : false,
      "properties" : null,
      "isExtensional" : false,
      "isPowertype" : null,
      "order" : null,
      "literals" : null,
      "restrictedTo" : [ "functional-complex" ]
    }, {
      "id" : "mA3Vif6GAqACBQdx",
      "name" : null,
      "description" : null,
      "type" : "Generalization",
      "propertyAssignments" : null,
      "general" : {
        "id" : "IfZVif6GAqACBQcq",
        "type" : "Class"
      },
      "specific" : {
        "id" : "mDlVif6GAqACBQc2",
        "type" : "Class"
      }
    }, {
      "id" : "xNPVif6GAqACBQd1",
      "name" : null,
      "description" : null,
      "type" : "Generalization",
      "propertyAssignments" : null,
      "general" : {
        "id" : "IfZVif6GAqACBQcq",
        "type" : "Class"
      },
      "specific" : {
        "id" : "_gNVif6GAqACBQdE",
        "type" : "Class"
      }
    }, {
      "id" : "fKUNif6GAqACBQg6",
      "name" : null,
      "description" : null,
      "type" : "Generalization",
      "propertyAssignments" : null,
      "general" : {
        "id" : "H4ilif6GAqACBQXz",
        "type" : "Class"
      },
      "specific" : {
        "id" : "Tnilif6GAqACBQX7",
        "type" : "Class"
      }
    }, {
      "id" : "3pMNif6GAqACBQg.",
      "name" : null,
      "description" : null,
      "type" : "Generalization",
      "propertyAssignments" : null,
      "general" : {
        "id" : "H4ilif6GAqACBQXz",
        "type" : "Class"
      },
      "specific" : {
        "id" : "J7ylif6GAqACBQYH",
        "type" : "Class"
      }
    }, {
      "id" : "Iut9if6GAqACBQow",
      "name" : null,
      "description" : null,
      "type" : "Generalization",
      "propertyAssignments" : null,
      "general" : {
        "id" : "BzZtif6GAqACBQlB",
        "type" : "Class"
      },
      "specific" : {
        "id" : "Epdtif6GAqACBQlX",
        "type" : "Class"
      }
    }, {
      "id" : "Gzd9if6GAqACBQo0",
      "name" : null,
      "description" : null,
      "type" : "Generalization",
      "propertyAssignments" : null,
      "general" : {
        "id" : "BzZtif6GAqACBQlB",
        "type" : "Class"
      },
      "specific" : {
        "id" : "hqTdif6GAqACBQll",
        "type" : "Class"
      }
    }, {
      "id" : "fuD9if6GAqACBQo4",
      "name" : null,
      "description" : null,
      "type" : "Generalization",
      "propertyAssignments" : null,
      "general" : {
        "id" : "BzZtif6GAqACBQlB",
        "type" : "Class"
      },
      "specific" : {
        "id" : "MZ7dif6GAqACBQl3",
        "type" : "Class"
      }
    }, {
      "id" : "ieT9if6GAqACBQo8",
      "name" : null,
      "description" : null,
      "type" : "Generalization",
      "propertyAssignments" : null,
      "general" : {
        "id" : "BzZtif6GAqACBQlB",
        "type" : "Class"
      },
      "specific" : {
        "id" : "ipfdif6GAqACBQmD",
        "type" : "Class"
      }
    }, {
      "id" : "LSL9if6GAqACBQpA",
      "name" : null,
      "description" : null,
      "type" : "Generalization",
      "propertyAssignments" : null,
      "general" : {
        "id" : "BzZtif6GAqACBQlB",
        "type" : "Class"
      },
      "specific" : {
        "id" : "4iw9if6GAqACBQmV",
        "type" : "Class"
      }
    }, {
      "id" : "Zub9if6GAqACBQpE",
      "name" : null,
      "description" : null,
      "type" : "Generalization",
      "propertyAssignments" : null,
      "general" : {
        "id" : "BzZtif6GAqACBQlB",
        "type" : "Class"
      },
      "specific" : {
        "id" : "c3Y9if6GAqACBQml",
        "type" : "Class"
      }
    }, {
      "id" : "TfH9if6GAqACBQpI",
      "name" : null,
      "description" : null,
      "type" : "Generalization",
      "propertyAssignments" : null,
      "general" : {
        "id" : "BzZtif6GAqACBQlB",
        "type" : "Class"
      },
      "specific" : {
        "id" : "z4U9if6GAqACBQmr",
        "type" : "Class"
      }
    }, {
      "id" : ".2Qjif6GAqACBQtS",
      "name" : null,
      "description" : null,
      "type" : "Generalization",
      "propertyAssignments" : null,
      "general" : {
        "id" : ".gW9if6GAqACBQne",
        "type" : "Class"
      },
      "specific" : {
        "id" : "QPu9if6GAqACBQns",
        "type" : "Class"
      }
    }, {
      "id" : "arwjif6GAqACBQtW",
      "name" : null,
      "description" : null,
      "type" : "Generalization",
      "propertyAssignments" : null,
      "general" : {
        "id" : ".gW9if6GAqACBQne",
        "type" : "Class"
      },
      "specific" : {
        "id" : "Tm.9if6GAqACBQn4",
        "type" : "Class"
      }
    }, {
      "id" : "c3Ijif6GAqACBQta",
      "name" : null,
      "description" : null,
      "type" : "Generalization",
      "propertyAssignments" : null,
      "general" : {
        "id" : ".gW9if6GAqACBQne",
        "type" : "Class"
      },
      "specific" : {
        "id" : "v5x9if6GAqACBQoK",
        "type" : "Class"
      }
    }, {
      "id" : "3iEVif6GAqACBQbk",
      "name" : null,
      "description" : null,
      "type" : "Relation",
      "propertyAssignments" : null,
      "stereotype" : "mediation",
      "isAbstract" : false,
      "isDerived" : false,
      "properties" : [ {
        "id" : "wSEVif6GAqACBQbm",
        "name" : null,
        "description" : null,
        "type" : "Property",
        "propertyAssignments" : null,
        "stereotype" : null,
        "isDerived" : false,
        "isReadOnly" : false,
        "isOrdered" : false,
        "cardinality" : "1",
        "propertyType" : {
          "id" : "PW0lif6GAqACBQXb",
          "type" : "Class"
        },
        "subsettedProperties" : null,
        "redefinedProperties" : null,
        "aggregationKind" : "NONE"
      }, {
        "id" : "oSEVif6GAqACBQbp",
        "name" : null,
        "description" : null,
        "type" : "Property",
        "propertyAssignments" : null,
        "stereotype" : null,
        "isDerived" : false,
        "isReadOnly" : true,
        "isOrdered" : false,
        "cardinality" : "1",
        "propertyType" : {
          "id" : "1mBlif6GAqACBQYk",
          "type" : "Class"
        },
        "subsettedProperties" : null,
        "redefinedProperties" : null,
        "aggregationKind" : "NONE"
      } ]
    }, {
      "id" : "UCkVif6GAqACBQbu",
      "name" : null,
      "description" : null,
      "type" : "Relation",
      "propertyAssignments" : null,
      "stereotype" : "mediation",
      "isAbstract" : false,
      "isDerived" : false,
      "properties" : [ {
        "id" : "UCkVif6GAqACBQbv",
        "name" : null,
        "description" : null,
        "type" : "Property",
        "propertyAssignments" : null,
        "stereotype" : null,
        "isDerived" : false,
        "isReadOnly" : false,
        "isOrdered" : false,
        "cardinality" : "1",
        "propertyType" : {
          "id" : "Guclif6GAqACBQXr",
          "type" : "Class"
        },
        "subsettedProperties" : null,
        "redefinedProperties" : null,
        "aggregationKind" : "NONE"
      }, {
        "id" : "0CkVif6GAqACBQbx",
        "name" : null,
        "description" : null,
        "type" : "Property",
        "propertyAssignments" : null,
        "stereotype" : null,
        "isDerived" : false,
        "isReadOnly" : true,
        "isOrdered" : false,
        "cardinality" : "1",
        "propertyType" : {
          "id" : "kjVlif6GAqACBQY2",
          "type" : "Class"
        },
        "subsettedProperties" : null,
        "redefinedProperties" : null,
        "aggregationKind" : "NONE"
      } ]
    }, {
      "id" : "L9k1if6GAqACBQeS",
      "name" : null,
      "description" : null,
      "type" : "Relation",
      "propertyAssignments" : null,
      "stereotype" : "characterization",
      "isAbstract" : false,
      "isDerived" : false,
      "properties" : [ {
        "id" : "L9k1if6GAqACBQeT",
        "name" : null,
        "description" : null,
        "type" : "Property",
        "propertyAssignments" : null,
        "stereotype" : null,
        "isDerived" : false,
        "isReadOnly" : false,
        "isOrdered" : false,
        "cardinality" : "1",
        "propertyType" : {
          "id" : "MyA1if6GAqACBQeI",
          "type" : "Class"
        },
        "subsettedProperties" : null,
        "redefinedProperties" : null,
        "aggregationKind" : "NONE"
      }, {
        "id" : "L9k1if6GAqACBQeV",
        "name" : null,
        "description" : null,
        "type" : "Property",
        "propertyAssignments" : null,
        "stereotype" : null,
        "isDerived" : false,
        "isReadOnly" : true,
        "isOrdered" : false,
        "cardinality" : "1",
        "propertyType" : {
          "id" : "mDlVif6GAqACBQc2",
          "type" : "Class"
        },
        "subsettedProperties" : null,
        "redefinedProperties" : null,
        "aggregationKind" : "NONE"
      } ]
    }, {
      "id" : "gTG1if6GAqACBQe3",
      "name" : null,
      "description" : null,
      "type" : "Relation",
      "propertyAssignments" : null,
      "stereotype" : "mediation",
      "isAbstract" : false,
      "isDerived" : false,
      "properties" : [ {
        "id" : "gTG1if6GAqACBQe4",
        "name" : null,
        "description" : null,
        "type" : "Property",
        "propertyAssignments" : null,
        "stereotype" : null,
        "isDerived" : false,
        "isReadOnly" : false,
        "isOrdered" : false,
        "cardinality" : "1",
        "propertyType" : {
          "id" : "d_Ulif6GAqACBQXT",
          "type" : "Class"
        },
        "subsettedProperties" : null,
        "redefinedProperties" : null,
        "aggregationKind" : "NONE"
      }, {
        "id" : "gTG1if6GAqACBQe6",
        "name" : null,
        "description" : null,
        "type" : "Property",
        "propertyAssignments" : null,
        "stereotype" : null,
        "isDerived" : false,
        "isReadOnly" : true,
        "isOrdered" : false,
        "cardinality" : "1",
        "propertyType" : {
          "id" : "IfZVif6GAqACBQcq",
          "type" : "Class"
        },
        "subsettedProperties" : null,
        "redefinedProperties" : null,
        "aggregationKind" : "NONE"
      } ]
    }, {
      "id" : "eTH1if6GAqACBQfs",
      "name" : null,
      "description" : null,
      "type" : "Relation",
      "propertyAssignments" : null,
      "stereotype" : "mediation",
      "isAbstract" : false,
      "isDerived" : false,
      "properties" : [ {
        "id" : "eTH1if6GAqACBQft",
        "name" : null,
        "description" : null,
        "type" : "Property",
        "propertyAssignments" : null,
        "stereotype" : null,
        "isDerived" : false,
        "isReadOnly" : false,
        "isOrdered" : false,
        "cardinality" : "1",
        "propertyType" : {
          "id" : "eIwlif6GAqACBQXF",
          "type" : "Class"
        },
        "subsettedProperties" : null,
        "redefinedProperties" : null,
        "aggregationKind" : "NONE"
      }, {
        "id" : "eTH1if6GAqACBQfv",
        "name" : null,
        "description" : null,
        "type" : "Property",
        "propertyAssignments" : null,
        "stereotype" : null,
        "isDerived" : false,
        "isReadOnly" : true,
        "isOrdered" : false,
        "cardinality" : "*",
        "propertyType" : {
          "id" : "txElif6GAqACBQXL",
          "type" : "Class"
        },
        "subsettedProperties" : null,
        "redefinedProperties" : null,
        "aggregationKind" : "NONE"
      } ]
    }, {
      "id" : "Xr8Nif6GAqACBQhK",
      "name" : null,
      "description" : null,
      "type" : "Relation",
      "propertyAssignments" : null,
      "stereotype" : "mediation",
      "isAbstract" : false,
      "isDerived" : false,
      "properties" : [ {
        "id" : "Xr8Nif6GAqACBQhL",
        "name" : null,
        "description" : null,
        "type" : "Property",
        "propertyAssignments" : null,
        "stereotype" : null,
        "isDerived" : false,
        "isReadOnly" : false,
        "isOrdered" : false,
        "cardinality" : "1",
        "propertyType" : {
          "id" : "txElif6GAqACBQXL",
          "type" : "Class"
        },
        "subsettedProperties" : null,
        "redefinedProperties" : null,
        "aggregationKind" : "NONE"
      }, {
        "id" : "3r8Nif6GAqACBQhN",
        "name" : null,
        "description" : null,
        "type" : "Property",
        "propertyAssignments" : null,
        "stereotype" : null,
        "isDerived" : false,
        "isReadOnly" : true,
        "isOrdered" : false,
        "cardinality" : "1..*",
        "propertyType" : {
          "id" : "H4ilif6GAqACBQXz",
          "type" : "Class"
        },
        "subsettedProperties" : null,
        "redefinedProperties" : null,
        "aggregationKind" : "NONE"
      } ]
    }, {
      "id" : "RrWNif6GAqACBQhr",
      "name" : null,
      "description" : null,
      "type" : "Relation",
      "propertyAssignments" : null,
      "stereotype" : "mediation",
      "isAbstract" : false,
      "isDerived" : false,
      "properties" : [ {
        "id" : "RrWNif6GAqACBQhs",
        "name" : null,
        "description" : null,
        "type" : "Property",
        "propertyAssignments" : null,
        "stereotype" : null,
        "isDerived" : false,
        "isReadOnly" : false,
        "isOrdered" : false,
        "cardinality" : "1",
        "propertyType" : {
          "id" : "eIwlif6GAqACBQXF",
          "type" : "Class"
        },
        "subsettedProperties" : null,
        "redefinedProperties" : null,
        "aggregationKind" : "NONE"
      }, {
        "id" : "RrWNif6GAqACBQhu",
        "name" : null,
        "description" : null,
        "type" : "Property",
        "propertyAssignments" : null,
        "stereotype" : null,
        "isDerived" : false,
        "isReadOnly" : true,
        "isOrdered" : false,
        "cardinality" : "1",
        "propertyType" : {
          "id" : "d_Ulif6GAqACBQXT",
          "type" : "Class"
        },
        "subsettedProperties" : null,
        "redefinedProperties" : null,
        "aggregationKind" : "NONE"
      } ]
    }, {
      "id" : "YuuNif6GAqACBQhz",
      "name" : null,
      "description" : null,
      "type" : "Relation",
      "propertyAssignments" : null,
      "stereotype" : "mediation",
      "isAbstract" : false,
      "isDerived" : false,
      "properties" : [ {
        "id" : "YuuNif6GAqACBQh0",
        "name" : null,
        "description" : null,
        "type" : "Property",
        "propertyAssignments" : null,
        "stereotype" : null,
        "isDerived" : false,
        "isReadOnly" : false,
        "isOrdered" : false,
        "cardinality" : "1",
        "propertyType" : {
          "id" : "eIwlif6GAqACBQXF",
          "type" : "Class"
        },
        "subsettedProperties" : null,
        "redefinedProperties" : null,
        "aggregationKind" : "NONE"
      }, {
        "id" : "4uuNif6GAqACBQh2",
        "name" : null,
        "description" : null,
        "type" : "Property",
        "propertyAssignments" : null,
        "stereotype" : null,
        "isDerived" : false,
        "isReadOnly" : true,
        "isOrdered" : false,
        "cardinality" : "1",
        "propertyType" : {
          "id" : "PW0lif6GAqACBQXb",
          "type" : "Class"
        },
        "subsettedProperties" : null,
        "redefinedProperties" : null,
        "aggregationKind" : "NONE"
      } ]
    }, {
      "id" : "cGBNif6GAqACBQiB",
      "name" : null,
      "description" : null,
      "type" : "Relation",
      "propertyAssignments" : null,
      "stereotype" : "mediation",
      "isAbstract" : false,
      "isDerived" : false,
      "properties" : [ {
        "id" : "cGBNif6GAqACBQiC",
        "name" : null,
        "description" : null,
        "type" : "Property",
        "propertyAssignments" : null,
        "stereotype" : null,
        "isDerived" : false,
        "isReadOnly" : false,
        "isOrdered" : false,
        "cardinality" : "1",
        "propertyType" : {
          "id" : "eIwlif6GAqACBQXF",
          "type" : "Class"
        },
        "subsettedProperties" : null,
        "redefinedProperties" : null,
        "aggregationKind" : "NONE"
      }, {
        "id" : "cGBNif6GAqACBQiE",
        "name" : null,
        "description" : null,
        "type" : "Property",
        "propertyAssignments" : null,
        "stereotype" : null,
        "isDerived" : false,
        "isReadOnly" : true,
        "isOrdered" : false,
        "cardinality" : "1",
        "propertyType" : {
          "id" : "Guclif6GAqACBQXr",
          "type" : "Class"
        },
        "subsettedProperties" : null,
        "redefinedProperties" : null,
        "aggregationKind" : "NONE"
      } ]
    }, {
      "id" : "3VF9if6GAqACBQof",
      "name" : null,
      "description" : null,
      "type" : "Relation",
      "propertyAssignments" : null,
      "stereotype" : "characterization",
      "isAbstract" : false,
      "isDerived" : false,
      "properties" : [ {
        "id" : "3VF9if6GAqACBQog",
        "name" : "secondary Certificate",
        "description" : null,
        "type" : "Property",
        "propertyAssignments" : null,
        "stereotype" : null,
        "isDerived" : false,
        "isReadOnly" : true,
        "isOrdered" : false,
        "cardinality" : "1",
        "propertyType" : {
          "id" : "BzZtif6GAqACBQlB",
          "type" : "Class"
        },
        "subsettedProperties" : null,
        "redefinedProperties" : null,
        "aggregationKind" : "NONE"
      }, {
        "id" : "3VF9if6GAqACBQoi",
        "name" : null,
        "description" : null,
        "type" : "Property",
        "propertyAssignments" : null,
        "stereotype" : null,
        "isDerived" : false,
        "isReadOnly" : true,
        "isOrdered" : false,
        "cardinality" : "1",
        "propertyType" : {
          "id" : "6S1tif6GAqACBQlP",
          "type" : "Class"
        },
        "subsettedProperties" : null,
        "redefinedProperties" : null,
        "aggregationKind" : "NONE"
      } ]
    }, {
      "id" : "DD8Dif6GAqACBQp.",
      "name" : null,
      "description" : null,
      "type" : "Relation",
      "propertyAssignments" : null,
      "stereotype" : "mediation",
      "isAbstract" : false,
      "isDerived" : false,
      "properties" : [ {
        "id" : "DD8Dif6GAqACBQp_",
        "name" : null,
        "description" : null,
        "type" : "Property",
        "propertyAssignments" : null,
        "stereotype" : null,
        "isDerived" : false,
        "isReadOnly" : false,
        "isOrdered" : false,
        "cardinality" : "1",
        "propertyType" : {
          "id" : "lautif6GAqACBQkX",
          "type" : "Class"
        },
        "subsettedProperties" : null,
        "redefinedProperties" : null,
        "aggregationKind" : "NONE"
      }, {
        "id" : "DD8Dif6GAqACBQqB",
        "name" : null,
        "description" : null,
        "type" : "Property",
        "propertyAssignments" : null,
        "stereotype" : null,
        "isDerived" : false,
        "isReadOnly" : true,
        "isOrdered" : false,
        "cardinality" : "1",
        "propertyType" : {
          "id" : "BzZtif6GAqACBQlB",
          "type" : "Class"
        },
        "subsettedProperties" : null,
        "redefinedProperties" : null,
        "aggregationKind" : "NONE"
      } ]
    }, {
      "id" : "J3WDif6GAqACBQqp",
      "name" : null,
      "description" : null,
      "type" : "Relation",
      "propertyAssignments" : null,
      "stereotype" : "mediation",
      "isAbstract" : false,
      "isDerived" : false,
      "properties" : [ {
        "id" : "J3WDif6GAqACBQqq",
        "name" : null,
        "description" : null,
        "type" : "Property",
        "propertyAssignments" : null,
        "stereotype" : null,
        "isDerived" : false,
        "isReadOnly" : false,
        "isOrdered" : false,
        "cardinality" : "1",
        "propertyType" : {
          "id" : "lautif6GAqACBQkX",
          "type" : "Class"
        },
        "subsettedProperties" : null,
        "redefinedProperties" : null,
        "aggregationKind" : "NONE"
      }, {
        "id" : "J3WDif6GAqACBQqs",
        "name" : null,
        "description" : null,
        "type" : "Property",
        "propertyAssignments" : null,
        "stereotype" : null,
        "isDerived" : false,
        "isReadOnly" : true,
        "isOrdered" : false,
        "cardinality" : "1",
        "propertyType" : {
          "id" : "9q2tif6GAqACBQkN",
          "type" : "Class"
        },
        "subsettedProperties" : null,
        "redefinedProperties" : null,
        "aggregationKind" : "NONE"
      } ]
    }, {
      "id" : "5JtDif6GAqACBQrk",
      "name" : null,
      "description" : null,
      "type" : "Relation",
      "propertyAssignments" : null,
      "stereotype" : "mediation",
      "isAbstract" : false,
      "isDerived" : false,
      "properties" : [ {
        "id" : "5JtDif6GAqACBQrl",
        "name" : null,
        "description" : null,
        "type" : "Property",
        "propertyAssignments" : null,
        "stereotype" : null,
        "isDerived" : false,
        "isReadOnly" : false,
        "isOrdered" : false,
        "cardinality" : "1",
        "propertyType" : {
          "id" : "bV.tif6GAqACBQkj",
          "type" : "Class"
        },
        "subsettedProperties" : null,
        "redefinedProperties" : null,
        "aggregationKind" : "NONE"
      }, {
        "id" : "5JtDif6GAqACBQrn",
        "name" : null,
        "description" : null,
        "type" : "Property",
        "propertyAssignments" : null,
        "stereotype" : null,
        "isDerived" : false,
        "isReadOnly" : true,
        "isOrdered" : false,
        "cardinality" : "1",
        "propertyType" : {
          "id" : "9q2tif6GAqACBQkN",
          "type" : "Class"
        },
        "subsettedProperties" : null,
        "redefinedProperties" : null,
        "aggregationKind" : "NONE"
      } ]
    }, {
      "id" : "rFrDif6GAqACBQsK",
      "name" : null,
      "description" : null,
      "type" : "Relation",
      "propertyAssignments" : null,
      "stereotype" : "mediation",
      "isAbstract" : false,
      "isDerived" : false,
      "properties" : [ {
        "id" : "rFrDif6GAqACBQsL",
        "name" : null,
        "description" : null,
        "type" : "Property",
        "propertyAssignments" : null,
        "stereotype" : null,
        "isDerived" : false,
        "isReadOnly" : false,
        "isOrdered" : false,
        "cardinality" : "1",
        "propertyType" : {
          "id" : "bV.tif6GAqACBQkj",
          "type" : "Class"
        },
        "subsettedProperties" : null,
        "redefinedProperties" : null,
        "aggregationKind" : "NONE"
      }, {
        "id" : "rFrDif6GAqACBQsN",
        "name" : null,
        "description" : null,
        "type" : "Property",
        "propertyAssignments" : null,
        "stereotype" : null,
        "isDerived" : false,
        "isReadOnly" : true,
        "isOrdered" : false,
        "cardinality" : "*",
        "propertyType" : {
          "id" : "zB69if6GAqACBQnW",
          "type" : "Class"
        },
        "subsettedProperties" : null,
        "redefinedProperties" : null,
        "aggregationKind" : "NONE"
      } ]
    }, {
      "id" : "tkkjif6GAqACBQto",
      "name" : null,
      "description" : null,
      "type" : "Relation",
      "propertyAssignments" : null,
      "stereotype" : "mediation",
      "isAbstract" : false,
      "isDerived" : false,
      "properties" : [ {
        "id" : "tkkjif6GAqACBQtp",
        "name" : null,
        "description" : null,
        "type" : "Property",
        "propertyAssignments" : null,
        "stereotype" : null,
        "isDerived" : false,
        "isReadOnly" : false,
        "isOrdered" : false,
        "cardinality" : "1",
        "propertyType" : {
          "id" : "nLRtif6GAqACBQk1",
          "type" : "Class"
        },
        "subsettedProperties" : null,
        "redefinedProperties" : null,
        "aggregationKind" : "NONE"
      }, {
        "id" : "tkkjif6GAqACBQtr",
        "name" : null,
        "description" : null,
        "type" : "Property",
        "propertyAssignments" : null,
        "stereotype" : null,
        "isDerived" : false,
        "isReadOnly" : true,
        "isOrdered" : false,
        "cardinality" : "1",
        "propertyType" : {
          "id" : ".gW9if6GAqACBQne",
          "type" : "Class"
        },
        "subsettedProperties" : null,
        "redefinedProperties" : null,
        "aggregationKind" : "NONE"
      } ]
    }, {
      "id" : "pgcjif6GAqACBQuD",
      "name" : null,
      "description" : null,
      "type" : "Relation",
      "propertyAssignments" : null,
      "stereotype" : "mediation",
      "isAbstract" : false,
      "isDerived" : false,
      "properties" : [ {
        "id" : "pgcjif6GAqACBQuE",
        "name" : null,
        "description" : null,
        "type" : "Property",
        "propertyAssignments" : null,
        "stereotype" : null,
        "isDerived" : false,
        "isReadOnly" : false,
        "isOrdered" : false,
        "cardinality" : "1",
        "propertyType" : {
          "id" : "9q2tif6GAqACBQkN",
          "type" : "Class"
        },
        "subsettedProperties" : null,
        "redefinedProperties" : null,
        "aggregationKind" : "NONE"
      }, {
        "id" : "pgcjif6GAqACBQuG",
        "name" : null,
        "description" : null,
        "type" : "Property",
        "propertyAssignments" : null,
        "stereotype" : null,
        "isDerived" : false,
        "isReadOnly" : true,
        "isOrdered" : false,
        "cardinality" : "1",
        "propertyType" : {
          "id" : "nLRtif6GAqACBQk1",
          "type" : "Class"
        },
        "subsettedProperties" : null,
        "redefinedProperties" : null,
        "aggregationKind" : "NONE"
      } ]
    } ]
  },
  "diagrams" : [ {
    "id" : "zJFFif6GAqACBQWt",
    "name" : "diagram1",
    "description" : null,
    "type" : "Diagram",
    "owner" : {
      "id" : "KJeFif6GAqACBQBO_root",
      "type" : "Package"
    },
    "contents" : [ {
      "id" : "S3Ijif6GAqACBQtb",
      "type" : "GeneralizationView",
      "modelElement" : {
        "id" : "c3Ijif6GAqACBQta",
        "type" : "Generalization"
      },
      "shape" : {
        "id" : "S3Ijif6GAqACBQtb_path",
        "type" : "Path",
        "points" : [ {
          "x" : 706,
          "y" : 394
        }, {
          "x" : 708,
          "y" : 634
        }, {
          "x" : 762,
          "y" : 634
        } ]
      },
      "source" : {
        "id" : ".gW9if6GAqACBQnd",
        "type" : "ClassView"
      },
      "target" : {
        "id" : "P5x9if6GAqACBQoJ",
        "type" : "ClassView"
      }
    }, {
      "id" : "3FrDif6GAqACBQsP",
      "type" : "RelationView",
      "modelElement" : {
        "id" : "rFrDif6GAqACBQsK",
        "type" : "Relation"
      },
      "shape" : {
        "id" : "3FrDif6GAqACBQsP_path",
        "type" : "Path",
        "points" : [ {
          "x" : 498,
          "y" : 240
        }, {
          "x" : 672,
          "y" : 240
        } ]
      },
      "source" : {
        "id" : "bV.tif6GAqACBQki",
        "type" : "ClassView"
      },
      "target" : {
        "id" : "zB69if6GAqACBQnV",
        "type" : "ClassView"
      }
    }, {
      "id" : "Yiw9if6GAqACBQmU",
      "type" : "ClassView",
      "modelElement" : {
        "id" : "4iw9if6GAqACBQmV",
        "type" : "Class"
      },
      "shape" : {
        "id" : "Yiw9if6GAqACBQmU_shape",
        "type" : "Rectangle",
        "x" : 979,
        "y" : 416,
        "width" : 88,
        "height" : 40
      }
    }, {
      "id" : "bV.tif6GAqACBQki",
      "type" : "ClassView",
      "modelElement" : {
        "id" : "bV.tif6GAqACBQkj",
        "type" : "Class"
      },
      "shape" : {
        "id" : "bV.tif6GAqACBQki_shape",
        "type" : "Rectangle",
        "x" : 413,
        "y" : 212,
        "width" : 84,
        "height" : 40
      }
    }, {
      "id" : "NJtDif6GAqACBQrp",
      "type" : "RelationView",
      "modelElement" : {
        "id" : "5JtDif6GAqACBQrk",
        "type" : "Relation"
      },
      "shape" : {
        "id" : "NJtDif6GAqACBQrp_path",
        "type" : "Path",
        "points" : [ {
          "x" : 414,
          "y" : 240
        }, {
          "x" : 164,
          "y" : 240
        }, {
          "x" : 164,
          "y" : 112
        } ]
      },
      "source" : {
        "id" : "bV.tif6GAqACBQki",
        "type" : "ClassView"
      },
      "target" : {
        "id" : "9q2tif6GAqACBQkM",
        "type" : "ClassView"
      }
    }, {
      "id" : "uzd9if6GAqACBQo1",
      "type" : "GeneralizationView",
      "modelElement" : {
        "id" : "Gzd9if6GAqACBQo0",
        "type" : "Generalization"
      },
      "shape" : {
        "id" : "uzd9if6GAqACBQo1_path",
        "type" : "Path",
        "points" : [ {
          "x" : 938,
          "y" : 121
        }, {
          "x" : 938,
          "y" : 248
        }, {
          "x" : 979,
          "y" : 248
        } ]
      },
      "source" : {
        "id" : "BzZtif6GAqACBQlA",
        "type" : "ClassView"
      },
      "target" : {
        "id" : "hqTdif6GAqACBQlk",
        "type" : "ClassView"
      }
    }, {
      "id" : "2rwjif6GAqACBQtX",
      "type" : "GeneralizationView",
      "modelElement" : {
        "id" : "arwjif6GAqACBQtW",
        "type" : "Generalization"
      },
      "shape" : {
        "id" : "2rwjif6GAqACBQtX_path",
        "type" : "Path",
        "points" : [ {
          "x" : 706,
          "y" : 394
        }, {
          "x" : 706,
          "y" : 554
        }, {
          "x" : 762,
          "y" : 554
        } ]
      },
      "source" : {
        "id" : ".gW9if6GAqACBQnd",
        "type" : "ClassView"
      },
      "target" : {
        "id" : "jm.9if6GAqACBQn3",
        "type" : "ClassView"
      }
    }, {
      "id" : "7fH9if6GAqACBQpJ",
      "type" : "GeneralizationView",
      "modelElement" : {
        "id" : "TfH9if6GAqACBQpI",
        "type" : "Generalization"
      },
      "shape" : {
        "id" : "7fH9if6GAqACBQpJ_path",
        "type" : "Path",
        "points" : [ {
          "x" : 938,
          "y" : 121
        }, {
          "x" : 938,
          "y" : 554
        }, {
          "x" : 979,
          "y" : 554
        } ]
      },
      "source" : {
        "id" : "BzZtif6GAqACBQlA",
        "type" : "ClassView"
      },
      "target" : {
        "id" : "z4U9if6GAqACBQmq",
        "type" : "ClassView"
      }
    }, {
      "id" : "7D8Dif6GAqACBQqD",
      "type" : "RelationView",
      "modelElement" : {
        "id" : "DD8Dif6GAqACBQp.",
        "type" : "Relation"
      },
      "shape" : {
        "id" : "7D8Dif6GAqACBQqD_path",
        "type" : "Path",
        "points" : [ {
          "x" : 497,
          "y" : 93
        }, {
          "x" : 912,
          "y" : 93
        } ]
      },
      "source" : {
        "id" : "Fautif6GAqACBQkW",
        "type" : "ClassView"
      },
      "target" : {
        "id" : "BzZtif6GAqACBQlA",
        "type" : "ClassView"
      }
    }, {
      "id" : "x2Qjif6GAqACBQtT",
      "type" : "GeneralizationView",
      "modelElement" : {
        "id" : ".2Qjif6GAqACBQtS",
        "type" : "Generalization"
      },
      "shape" : {
        "id" : "x2Qjif6GAqACBQtT_path",
        "type" : "Path",
        "points" : [ {
          "x" : 706,
          "y" : 394
        }, {
          "x" : 706,
          "y" : 468
        }, {
          "x" : 762,
          "y" : 468
        } ]
      },
      "source" : {
        "id" : ".gW9if6GAqACBQnd",
        "type" : "ClassView"
      },
      "target" : {
        "id" : "QPu9if6GAqACBQnr",
        "type" : "ClassView"
      }
    }, {
      "id" : "6S1tif6GAqACBQlO",
      "type" : "ClassView",
      "modelElement" : {
        "id" : "6S1tif6GAqACBQlP",
        "type" : "Class"
      },
      "shape" : {
        "id" : "6S1tif6GAqACBQlO_shape",
        "type" : "Rectangle",
        "x" : 1276,
        "y" : 71,
        "width" : 81,
        "height" : 40
      }
    }, {
      "id" : "ipfdif6GAqACBQmC",
      "type" : "ClassView",
      "modelElement" : {
        "id" : "ipfdif6GAqACBQmD",
        "type" : "Class"
      },
      "shape" : {
        "id" : "ipfdif6GAqACBQmC_shape",
        "type" : "Rectangle",
        "x" : 979,
        "y" : 352,
        "width" : 88,
        "height" : 40
      }
    }, {
      "id" : "nSL9if6GAqACBQpB",
      "type" : "GeneralizationView",
      "modelElement" : {
        "id" : "LSL9if6GAqACBQpA",
        "type" : "Generalization"
      },
      "shape" : {
        "id" : "nSL9if6GAqACBQpB_path",
        "type" : "Path",
        "points" : [ {
          "x" : 938,
          "y" : 121
        }, {
          "x" : 938,
          "y" : 436
        }, {
          "x" : 979,
          "y" : 436
        } ]
      },
      "source" : {
        "id" : "BzZtif6GAqACBQlA",
        "type" : "ClassView"
      },
      "target" : {
        "id" : "Yiw9if6GAqACBQmU",
        "type" : "ClassView"
      }
    }, {
      "id" : "Epdtif6GAqACBQlW",
      "type" : "ClassView",
      "modelElement" : {
        "id" : "Epdtif6GAqACBQlX",
        "type" : "Class"
      },
      "shape" : {
        "id" : "Epdtif6GAqACBQlW_shape",
        "type" : "Rectangle",
        "x" : 979,
        "y" : 150,
        "width" : 104,
        "height" : 40
      }
    }, {
      "id" : "9q2tif6GAqACBQkM",
      "type" : "ClassView",
      "modelElement" : {
        "id" : "9q2tif6GAqACBQkN",
        "type" : "Class"
      },
      "shape" : {
        "id" : "9q2tif6GAqACBQkM_shape",
        "type" : "Rectangle",
        "x" : 123,
        "y" : 71,
        "width" : 80,
        "height" : 40
      }
    }, {
      "id" : "A1F9if6GAqACBQok",
      "type" : "RelationView",
      "modelElement" : {
        "id" : "3VF9if6GAqACBQof",
        "type" : "Relation"
      },
      "shape" : {
        "id" : "A1F9if6GAqACBQok_path",
        "type" : "Path",
        "points" : [ {
          "x" : 997,
          "y" : 91
        }, {
          "x" : 1275,
          "y" : 91
        } ]
      },
      "source" : {
        "id" : "BzZtif6GAqACBQlA",
        "type" : "ClassView"
      },
      "target" : {
        "id" : "6S1tif6GAqACBQlO",
        "type" : "ClassView"
      }
    }, {
      "id" : "P5x9if6GAqACBQoJ",
      "type" : "ClassView",
      "modelElement" : {
        "id" : "v5x9if6GAqACBQoK",
        "type" : "Class"
      },
      "shape" : {
        "id" : "P5x9if6GAqACBQoJ_shape",
        "type" : "Rectangle",
        "x" : 761,
        "y" : 600,
        "width" : 88,
        "height" : 40
      }
    }, {
      "id" : "1gcjif6GAqACBQuI",
      "type" : "RelationView",
      "modelElement" : {
        "id" : "pgcjif6GAqACBQuD",
        "type" : "Relation"
      },
      "shape" : {
        "id" : "1gcjif6GAqACBQuI_path",
        "type" : "Path",
        "points" : [ {
          "x" : 164,
          "y" : 112
        }, {
          "x" : 164,
          "y" : 376
        }, {
          "x" : 414,
          "y" : 376
        } ]
      },
      "source" : {
        "id" : "9q2tif6GAqACBQkM",
        "type" : "ClassView"
      },
      "target" : {
        "id" : "nLRtif6GAqACBQk0",
        "type" : "ClassView"
      }
    }, {
      "id" : "Fautif6GAqACBQkW",
      "type" : "ClassView",
      "modelElement" : {
        "id" : "lautif6GAqACBQkX",
        "type" : "Class"
      },
      "shape" : {
        "id" : "Fautif6GAqACBQkW_shape",
        "type" : "Rectangle",
        "x" : 416,
        "y" : 71,
        "width" : 80,
        "height" : 40
      }
    }, {
      "id" : "zB69if6GAqACBQnV",
      "type" : "ClassView",
      "modelElement" : {
        "id" : "zB69if6GAqACBQnW",
        "type" : "Class"
      },
      "shape" : {
        "id" : "zB69if6GAqACBQnV_shape",
        "type" : "Rectangle",
        "x" : 671,
        "y" : 213,
        "width" : 80,
        "height" : 40
      }
    }, {
      "id" : "hqTdif6GAqACBQlk",
      "type" : "ClassView",
      "modelElement" : {
        "id" : "hqTdif6GAqACBQll",
        "type" : "Class"
      },
      "shape" : {
        "id" : "hqTdif6GAqACBQlk_shape",
        "type" : "Rectangle",
        "x" : 979,
        "y" : 228,
        "width" : 114,
        "height" : 40
      }
    }, {
      "id" : "0Z7dif6GAqACBQl2",
      "type" : "ClassView",
      "modelElement" : {
        "id" : "MZ7dif6GAqACBQl3",
        "type" : "Class"
      },
      "shape" : {
        "id" : "0Z7dif6GAqACBQl2_shape",
        "type" : "Rectangle",
        "x" : 979,
        "y" : 290,
        "width" : 88,
        "height" : 40
      }
    }, {
      "id" : "kut9if6GAqACBQox",
      "type" : "GeneralizationView",
      "modelElement" : {
        "id" : "Iut9if6GAqACBQow",
        "type" : "Generalization"
      },
      "shape" : {
        "id" : "kut9if6GAqACBQox_path",
        "type" : "Path",
        "points" : [ {
          "x" : 938,
          "y" : 121
        }, {
          "x" : 938,
          "y" : 180
        }, {
          "x" : 979,
          "y" : 180
        } ]
      },
      "source" : {
        "id" : "BzZtif6GAqACBQlA",
        "type" : "ClassView"
      },
      "target" : {
        "id" : "Epdtif6GAqACBQlW",
        "type" : "ClassView"
      }
    }, {
      "id" : "QPu9if6GAqACBQnr",
      "type" : "ClassView",
      "modelElement" : {
        "id" : "QPu9if6GAqACBQns",
        "type" : "Class"
      },
      "shape" : {
        "id" : "QPu9if6GAqACBQnr_shape",
        "type" : "Rectangle",
        "x" : 761,
        "y" : 448,
        "width" : 88,
        "height" : 40
      }
    }, {
      "id" : "nLRtif6GAqACBQk0",
      "type" : "ClassView",
      "modelElement" : {
        "id" : "nLRtif6GAqACBQk1",
        "type" : "Class"
      },
      "shape" : {
        "id" : "nLRtif6GAqACBQk0_shape",
        "type" : "Rectangle",
        "x" : 413,
        "y" : 353,
        "width" : 82,
        "height" : 40
      }
    }, {
      "id" : "weD9if6GAqACBQo5",
      "type" : "GeneralizationView",
      "modelElement" : {
        "id" : "fuD9if6GAqACBQo4",
        "type" : "Generalization"
      },
      "shape" : {
        "id" : "weD9if6GAqACBQo5_path",
        "type" : "Path",
        "points" : [ {
          "x" : 938,
          "y" : 121
        }, {
          "x" : 938,
          "y" : 310
        }, {
          "x" : 979,
          "y" : 310
        } ]
      },
      "source" : {
        "id" : "BzZtif6GAqACBQlA",
        "type" : "ClassView"
      },
      "target" : {
        "id" : "0Z7dif6GAqACBQl2",
        "type" : "ClassView"
      }
    }, {
      "id" : "Vub9if6GAqACBQpF",
      "type" : "GeneralizationView",
      "modelElement" : {
        "id" : "Zub9if6GAqACBQpE",
        "type" : "Generalization"
      },
      "shape" : {
        "id" : "Vub9if6GAqACBQpF_path",
        "type" : "Path",
        "points" : [ {
          "x" : 938,
          "y" : 121
        }, {
          "x" : 938,
          "y" : 492
        }, {
          "x" : 979,
          "y" : 492
        } ]
      },
      "source" : {
        "id" : "BzZtif6GAqACBQlA",
        "type" : "ClassView"
      },
      "target" : {
        "id" : "c3Y9if6GAqACBQmk",
        "type" : "ClassView"
      }
    }, {
      "id" : "c3Y9if6GAqACBQmk",
      "type" : "ClassView",
      "modelElement" : {
        "id" : "c3Y9if6GAqACBQml",
        "type" : "Class"
      },
      "shape" : {
        "id" : "c3Y9if6GAqACBQmk_shape",
        "type" : "Rectangle",
        "x" : 979,
        "y" : 471,
        "width" : 88,
        "height" : 40
      }
    }, {
      "id" : "zkkjif6GAqACBQtt",
      "type" : "RelationView",
      "modelElement" : {
        "id" : "tkkjif6GAqACBQto",
        "type" : "Relation"
      },
      "shape" : {
        "id" : "zkkjif6GAqACBQtt_path",
        "type" : "Path",
        "points" : [ {
          "x" : 496,
          "y" : 376
        }, {
          "x" : 660,
          "y" : 376
        } ]
      },
      "source" : {
        "id" : "nLRtif6GAqACBQk0",
        "type" : "ClassView"
      },
      "target" : {
        "id" : ".gW9if6GAqACBQnd",
        "type" : "ClassView"
      }
    }, {
      "id" : "BzZtif6GAqACBQlA",
      "type" : "ClassView",
      "modelElement" : {
        "id" : "BzZtif6GAqACBQlB",
        "type" : "Class"
      },
      "shape" : {
        "id" : "BzZtif6GAqACBQlA_shape",
        "type" : "Rectangle",
        "x" : 913,
        "y" : 71,
        "width" : 82,
        "height" : 49
      }
    }, {
      "id" : "13WDif6GAqACBQqu",
      "type" : "RelationView",
      "modelElement" : {
        "id" : "J3WDif6GAqACBQqp",
        "type" : "Relation"
      },
      "shape" : {
        "id" : "13WDif6GAqACBQqu_path",
        "type" : "Path",
        "points" : [ {
          "x" : 416,
          "y" : 100
        }, {
          "x" : 204,
          "y" : 100
        } ]
      },
      "source" : {
        "id" : "Fautif6GAqACBQkW",
        "type" : "ClassView"
      },
      "target" : {
        "id" : "9q2tif6GAqACBQkM",
        "type" : "ClassView"
      }
    }, {
      "id" : "jm.9if6GAqACBQn3",
      "type" : "ClassView",
      "modelElement" : {
        "id" : "Tm.9if6GAqACBQn4",
        "type" : "Class"
      },
      "shape" : {
        "id" : "jm.9if6GAqACBQn3_shape",
        "type" : "Rectangle",
        "x" : 761,
        "y" : 521,
        "width" : 88,
        "height" : 40
      }
    }, {
      "id" : "z4U9if6GAqACBQmq",
      "type" : "ClassView",
      "modelElement" : {
        "id" : "z4U9if6GAqACBQmr",
        "type" : "Class"
      },
      "shape" : {
        "id" : "z4U9if6GAqACBQmq_shape",
        "type" : "Rectangle",
        "x" : 979,
        "y" : 535,
        "width" : 101,
        "height" : 40
      }
    }, {
      "id" : "qeT9if6GAqACBQo9",
      "type" : "GeneralizationView",
      "modelElement" : {
        "id" : "ieT9if6GAqACBQo8",
        "type" : "Generalization"
      },
      "shape" : {
        "id" : "qeT9if6GAqACBQo9_path",
        "type" : "Path",
        "points" : [ {
          "x" : 938,
          "y" : 121
        }, {
          "x" : 938,
          "y" : 277
        }, {
          "x" : 938,
          "y" : 271
        }, {
          "x" : 938,
          "y" : 387
        }, {
          "x" : 979,
          "y" : 387
        } ]
      },
      "source" : {
        "id" : "BzZtif6GAqACBQlA",
        "type" : "ClassView"
      },
      "target" : {
        "id" : "ipfdif6GAqACBQmC",
        "type" : "ClassView"
      }
    }, {
      "id" : ".gW9if6GAqACBQnd",
      "type" : "ClassView",
      "modelElement" : {
        "id" : ".gW9if6GAqACBQne",
        "type" : "Class"
      },
      "shape" : {
        "id" : ".gW9if6GAqACBQnd_shape",
        "type" : "Rectangle",
        "x" : 660,
        "y" : 353,
        "width" : 106,
        "height" : 40
      }
    } ]
  }, {
    "id" : "VZjFif6GAqACBQW2",
    "name" : "diagram2",
    "description" : null,
    "type" : "Diagram",
    "owner" : {
      "id" : "KJeFif6GAqACBQBO_root",
      "type" : "Package"
    },
    "contents" : [ {
      "id" : "_gNVif6GAqACBQdD",
      "type" : "ClassView",
      "modelElement" : {
        "id" : "_gNVif6GAqACBQdE",
        "type" : "Class"
      },
      "shape" : {
        "id" : "_gNVif6GAqACBQdD_shape",
        "type" : "Rectangle",
        "x" : 800,
        "y" : 482,
        "width" : 88,
        "height" : 40
      }
    }, {
      "id" : "_r8Nif6GAqACBQhP",
      "type" : "RelationView",
      "modelElement" : {
        "id" : "Xr8Nif6GAqACBQhK",
        "type" : "Relation"
      },
      "shape" : {
        "id" : "_r8Nif6GAqACBQhP_path",
        "type" : "Path",
        "points" : [ {
          "x" : 452,
          "y" : 65
        }, {
          "x" : 605,
          "y" : 65
        } ]
      },
      "source" : {
        "id" : "txElif6GAqACBQXK",
        "type" : "ClassView"
      },
      "target" : {
        "id" : "H4ilif6GAqACBQXy",
        "type" : "ClassView"
      }
    }, {
      "id" : "SGBNif6GAqACBQiG",
      "type" : "RelationView",
      "modelElement" : {
        "id" : "cGBNif6GAqACBQiB",
        "type" : "Relation"
      },
      "shape" : {
        "id" : "SGBNif6GAqACBQiG_path",
        "type" : "Path",
        "points" : [ {
          "x" : 178,
          "y" : 83
        }, {
          "x" : 178,
          "y" : 720
        }, {
          "x" : 318,
          "y" : 720
        } ]
      },
      "source" : {
        "id" : "mIwlif6GAqACBQXE",
        "type" : "ClassView"
      },
      "target" : {
        "id" : "Guclif6GAqACBQXq",
        "type" : "ClassView"
      }
    }, {
      "id" : "xTH1if6GAqACBQfx",
      "type" : "RelationView",
      "modelElement" : {
        "id" : "eTH1if6GAqACBQfs",
        "type" : "Relation"
      },
      "shape" : {
        "id" : "xTH1if6GAqACBQfx_path",
        "type" : "Path",
        "points" : [ {
          "x" : 203,
          "y" : 61
        }, {
          "x" : 369,
          "y" : 61
        } ]
      },
      "source" : {
        "id" : "mIwlif6GAqACBQXE",
        "type" : "ClassView"
      },
      "target" : {
        "id" : "txElif6GAqACBQXK",
        "type" : "ClassView"
      }
    }, {
      "id" : "J7ylif6GAqACBQYG",
      "type" : "ClassView",
      "modelElement" : {
        "id" : "J7ylif6GAqACBQYH",
        "type" : "Class"
      },
      "shape" : {
        "id" : "J7ylif6GAqACBQYG_shape",
        "type" : "Rectangle",
        "x" : 694,
        "y" : 186,
        "width" : 88,
        "height" : 40
      }
    }, {
      "id" : "H4ilif6GAqACBQXy",
      "type" : "ClassView",
      "modelElement" : {
        "id" : "H4ilif6GAqACBQXz",
        "type" : "Class"
      },
      "shape" : {
        "id" : "H4ilif6GAqACBQXy_shape",
        "type" : "Rectangle",
        "x" : 606,
        "y" : 44,
        "width" : 81,
        "height" : 40
      }
    }, {
      "id" : "d_Ulif6GAqACBQXS",
      "type" : "ClassView",
      "modelElement" : {
        "id" : "d_Ulif6GAqACBQXT",
        "type" : "Class"
      },
      "shape" : {
        "id" : "d_Ulif6GAqACBQXS_shape",
        "type" : "Rectangle",
        "x" : 319,
        "y" : 378,
        "width" : 81,
        "height" : 40
      }
    }, {
      "id" : "mDlVif6GAqACBQc1",
      "type" : "ClassView",
      "modelElement" : {
        "id" : "mDlVif6GAqACBQc2",
        "type" : "Class"
      },
      "shape" : {
        "id" : "mDlVif6GAqACBQc1_shape",
        "type" : "Rectangle",
        "x" : 800,
        "y" : 418,
        "width" : 88,
        "height" : 40
      }
    }, {
      "id" : "Guclif6GAqACBQXq",
      "type" : "ClassView",
      "modelElement" : {
        "id" : "Guclif6GAqACBQXr",
        "type" : "Class"
      },
      "shape" : {
        "id" : "Guclif6GAqACBQXq_shape",
        "type" : "Rectangle",
        "x" : 319,
        "y" : 697,
        "width" : 81,
        "height" : 40
      }
    }, {
      "id" : "YTG1if6GAqACBQe8",
      "type" : "RelationView",
      "modelElement" : {
        "id" : "gTG1if6GAqACBQe3",
        "type" : "Relation"
      },
      "shape" : {
        "id" : "YTG1if6GAqACBQe8_path",
        "type" : "Path",
        "points" : [ {
          "x" : 401,
          "y" : 399
        }, {
          "x" : 671,
          "y" : 399
        } ]
      },
      "source" : {
        "id" : "d_Ulif6GAqACBQXS",
        "type" : "ClassView"
      },
      "target" : {
        "id" : "wfZVif6GAqACBQcp",
        "type" : "ClassView"
      }
    }, {
      "id" : "kjVlif6GAqACBQY1",
      "type" : "ClassView",
      "modelElement" : {
        "id" : "kjVlif6GAqACBQY2",
        "type" : "Class"
      },
      "shape" : {
        "id" : "kjVlif6GAqACBQY1_shape",
        "type" : "Rectangle",
        "x" : 672,
        "y" : 697,
        "width" : 80,
        "height" : 40
      }
    }, {
      "id" : "fpMNif6GAqACBQg_",
      "type" : "GeneralizationView",
      "modelElement" : {
        "id" : "3pMNif6GAqACBQg.",
        "type" : "Generalization"
      },
      "shape" : {
        "id" : "fpMNif6GAqACBQg__path",
        "type" : "Path",
        "points" : [ {
          "x" : 644,
          "y" : 85
        }, {
          "x" : 644,
          "y" : 213
        }, {
          "x" : 693,
          "y" : 213
        } ]
      },
      "source" : {
        "id" : "H4ilif6GAqACBQXy",
        "type" : "ClassView"
      },
      "target" : {
        "id" : "J7ylif6GAqACBQYG",
        "type" : "ClassView"
      }
    }, {
      "id" : "VmBlif6GAqACBQYj",
      "type" : "ClassView",
      "modelElement" : {
        "id" : "1mBlif6GAqACBQYk",
        "type" : "Class"
      },
      "shape" : {
        "id" : "VmBlif6GAqACBQYj_shape",
        "type" : "Rectangle",
        "x" : 672,
        "y" : 596,
        "width" : 80,
        "height" : 40
      }
    }, {
      "id" : "5NPVif6GAqACBQd2",
      "type" : "GeneralizationView",
      "modelElement" : {
        "id" : "xNPVif6GAqACBQd1",
        "type" : "Generalization"
      },
      "shape" : {
        "id" : "5NPVif6GAqACBQd2_path",
        "type" : "Path",
        "points" : [ {
          "x" : 712,
          "y" : 419
        }, {
          "x" : 712,
          "y" : 502
        }, {
          "x" : 799,
          "y" : 502
        } ]
      },
      "source" : {
        "id" : "wfZVif6GAqACBQcp",
        "type" : "ClassView"
      },
      "target" : {
        "id" : "_gNVif6GAqACBQdD",
        "type" : "ClassView"
      }
    }, {
      "id" : "mIwlif6GAqACBQXE",
      "type" : "ClassView",
      "modelElement" : {
        "id" : "eIwlif6GAqACBQXF",
        "type" : "Class"
      },
      "shape" : {
        "id" : "mIwlif6GAqACBQXE_shape",
        "type" : "Rectangle",
        "x" : 122,
        "y" : 44,
        "width" : 80,
        "height" : 40
      }
    }, {
      "id" : "Tnilif6GAqACBQX6",
      "type" : "ClassView",
      "modelElement" : {
        "id" : "Tnilif6GAqACBQX7",
        "type" : "Class"
      },
      "shape" : {
        "id" : "Tnilif6GAqACBQX6_shape",
        "type" : "Rectangle",
        "x" : 694,
        "y" : 117,
        "width" : 88,
        "height" : 40
      }
    }, {
      "id" : "5rWNif6GAqACBQhw",
      "type" : "RelationView",
      "modelElement" : {
        "id" : "RrWNif6GAqACBQhr",
        "type" : "Relation"
      },
      "shape" : {
        "id" : "5rWNif6GAqACBQhw_path",
        "type" : "Path",
        "points" : [ {
          "x" : 177,
          "y" : 83
        }, {
          "x" : 177,
          "y" : 401
        }, {
          "x" : 318,
          "y" : 401
        } ]
      },
      "source" : {
        "id" : "mIwlif6GAqACBQXE",
        "type" : "ClassView"
      },
      "target" : {
        "id" : "d_Ulif6GAqACBQXS",
        "type" : "ClassView"
      }
    }, {
      "id" : "txElif6GAqACBQXK",
      "type" : "ClassView",
      "modelElement" : {
        "id" : "txElif6GAqACBQXL",
        "type" : "Class"
      },
      "shape" : {
        "id" : "txElif6GAqACBQXK_shape",
        "type" : "Rectangle",
        "x" : 370,
        "y" : 44,
        "width" : 81,
        "height" : 40
      }
    }, {
      "id" : "0uuNif6GAqACBQh4",
      "type" : "RelationView",
      "modelElement" : {
        "id" : "YuuNif6GAqACBQhz",
        "type" : "Relation"
      },
      "shape" : {
        "id" : "0uuNif6GAqACBQh4_path",
        "type" : "Path",
        "points" : [ {
          "x" : 176,
          "y" : 85
        }, {
          "x" : 178,
          "y" : 613
        }, {
          "x" : 318,
          "y" : 613
        } ]
      },
      "source" : {
        "id" : "mIwlif6GAqACBQXE",
        "type" : "ClassView"
      },
      "target" : {
        "id" : "3W0lif6GAqACBQXa",
        "type" : "ClassView"
      }
    }, {
      "id" : "gqUNif6GAqACBQg7",
      "type" : "GeneralizationView",
      "modelElement" : {
        "id" : "fKUNif6GAqACBQg6",
        "type" : "Generalization"
      },
      "shape" : {
        "id" : "gqUNif6GAqACBQg7_path",
        "type" : "Path",
        "points" : [ {
          "x" : 644,
          "y" : 85
        }, {
          "x" : 644,
          "y" : 138
        }, {
          "x" : 693,
          "y" : 138
        } ]
      },
      "source" : {
        "id" : "H4ilif6GAqACBQXy",
        "type" : "ClassView"
      },
      "target" : {
        "id" : "Tnilif6GAqACBQX6",
        "type" : "ClassView"
      }
    }, {
      "id" : "8CkVif6GAqACBQbz",
      "type" : "RelationView",
      "modelElement" : {
        "id" : "UCkVif6GAqACBQbu",
        "type" : "Relation"
      },
      "shape" : {
        "id" : "8CkVif6GAqACBQbz_path",
        "type" : "Path",
        "points" : [ {
          "x" : 401,
          "y" : 718
        }, {
          "x" : 671,
          "y" : 718
        } ]
      },
      "source" : {
        "id" : "Guclif6GAqACBQXq",
        "type" : "ClassView"
      },
      "target" : {
        "id" : "kjVlif6GAqACBQY1",
        "type" : "ClassView"
      }
    }, {
      "id" : "RA3Vif6GAqACBQdy",
      "type" : "GeneralizationView",
      "modelElement" : {
        "id" : "mA3Vif6GAqACBQdx",
        "type" : "Generalization"
      },
      "shape" : {
        "id" : "RA3Vif6GAqACBQdy_path",
        "type" : "Path",
        "points" : [ {
          "x" : 712,
          "y" : 419
        }, {
          "x" : 712,
          "y" : 447
        }, {
          "x" : 799,
          "y" : 447
        } ]
      },
      "source" : {
        "id" : "wfZVif6GAqACBQcp",
        "type" : "ClassView"
      },
      "target" : {
        "id" : "mDlVif6GAqACBQc1",
        "type" : "ClassView"
      }
    }, {
      "id" : "MyA1if6GAqACBQeH",
      "type" : "ClassView",
      "modelElement" : {
        "id" : "MyA1if6GAqACBQeI",
        "type" : "Class"
      },
      "shape" : {
        "id" : "MyA1if6GAqACBQeH_shape",
        "type" : "Rectangle",
        "x" : 1107,
        "y" : 418,
        "width" : 136,
        "height" : 40
      }
    }, {
      "id" : "n9k1if6GAqACBQeX",
      "type" : "RelationView",
      "modelElement" : {
        "id" : "L9k1if6GAqACBQeS",
        "type" : "Relation"
      },
      "shape" : {
        "id" : "n9k1if6GAqACBQeX_path",
        "type" : "Path",
        "points" : [ {
          "x" : 1106,
          "y" : 440
        }, {
          "x" : 889,
          "y" : 440
        } ]
      },
      "source" : {
        "id" : "MyA1if6GAqACBQeH",
        "type" : "ClassView"
      },
      "target" : {
        "id" : "mDlVif6GAqACBQc1",
        "type" : "ClassView"
      }
    }, {
      "id" : "wfZVif6GAqACBQcp",
      "type" : "ClassView",
      "modelElement" : {
        "id" : "IfZVif6GAqACBQcq",
        "type" : "Class"
      },
      "shape" : {
        "id" : "wfZVif6GAqACBQcp_shape",
        "type" : "Rectangle",
        "x" : 672,
        "y" : 378,
        "width" : 80,
        "height" : 40
      }
    }, {
      "id" : "ySEVif6GAqACBQbr",
      "type" : "RelationView",
      "modelElement" : {
        "id" : "3iEVif6GAqACBQbk",
        "type" : "Relation"
      },
      "shape" : {
        "id" : "ySEVif6GAqACBQbr_path",
        "type" : "Path",
        "points" : [ {
          "x" : 401,
          "y" : 624
        }, {
          "x" : 671,
          "y" : 624
        } ]
      },
      "source" : {
        "id" : "3W0lif6GAqACBQXa",
        "type" : "ClassView"
      },
      "target" : {
        "id" : "VmBlif6GAqACBQYj",
        "type" : "ClassView"
      }
    }, {
      "id" : "3W0lif6GAqACBQXa",
      "type" : "ClassView",
      "modelElement" : {
        "id" : "PW0lif6GAqACBQXb",
        "type" : "Class"
      },
      "shape" : {
        "id" : "3W0lif6GAqACBQXa_shape",
        "type" : "Rectangle",
        "x" : 319,
        "y" : 596,
        "width" : 81,
        "height" : 40
      }
    } ]
  } ]
}