{
  "id" : "R4Byfy6GAqACHQWJ",
  "name" : "OntoUML_Model_Repository",
  "description" : null,
  "type" : "Project",
  "model" : {
    "id" : "R4Byfy6GAqACHQWJ_root",
    "name" : "OntoUML_Model_Repository",
    "description" : null,
    "type" : "Package",
    "propertyAssignments" : null,
    "contents" : [ {
      "id" : "zthyfy6GAqACHQkM",
      "name" : "BrazilianHealthOrganization_English",
      "description" : null,
      "type" : "Package",
      "propertyAssignments" : null,
      "contents" : [ {
        "id" : "b9hyfy6GAqACHQkQ",
        "name" : "DocumentType",
        "description" : null,
        "type" : "Class",
        "propertyAssignments" : null,
        "stereotype" : "collective",
        "isAbstract" : false,
        "isDerived" : false,
        "properties" : null,
        "isExtensional" : false,
        "isPowertype" : null,
        "order" : null,
        "literals" : null,
        "restrictedTo" : [ "collective" ]
      }, {
        "id" : "dDhyfy6GAqACHQkS",
        "name" : "MedicalSpecialization",
        "description" : null,
        "type" : "Class",
        "propertyAssignments" : null,
        "stereotype" : "collective",
        "isAbstract" : false,
        "isDerived" : false,
        "properties" : null,
        "isExtensional" : false,
        "isPowertype" : null,
        "order" : null,
        "literals" : null,
        "restrictedTo" : [ "collective" ]
      }, {
        "id" : "dDhyfy6GAqACHQkT",
        "name" : "Diagnosis",
        "description" : null,
        "type" : "Class",
        "propertyAssignments" : null,
        "stereotype" : "kind",
        "isAbstract" : false,
        "isDerived" : false,
        "properties" : null,
        "isExtensional" : null,
        "isPowertype" : null,
        "order" : null,
        "literals" : null,
        "restrictedTo" : [ "functional-complex" ]
      }, {
        "id" : "9Dhyfy6GAqACHQkU",
        "name" : "ICD",
        "description" : null,
        "type" : "Class",
        "propertyAssignments" : null,
        "stereotype" : "category",
        "isAbstract" : false,
        "isDerived" : false,
        "properties" : null,
        "isExtensional" : false,
        "isPowertype" : null,
        "order" : null,
        "literals" : null,
        "restrictedTo" : [ "functional-complex" ]
      }, {
        "id" : "Kzhyfy6GAqACHQkY",
        "name" : "CirculatorySystem",
        "description" : null,
        "type" : "Class",
        "propertyAssignments" : null,
        "stereotype" : "collective",
        "isAbstract" : false,
        "isDerived" : false,
        "properties" : null,
        "isExtensional" : false,
        "isPowertype" : null,
        "order" : null,
        "literals" : null,
        "restrictedTo" : [ "collective" ]
      }, {
        "id" : "qzhyfy6GAqACHQkZ",
        "name" : "NervousSystem",
        "description" : null,
        "type" : "Class",
        "propertyAssignments" : null,
        "stereotype" : "collective",
        "isAbstract" : false,
        "isDerived" : false,
        "properties" : null,
        "isExtensional" : false,
        "isPowertype" : null,
        "order" : null,
        "literals" : null,
        "restrictedTo" : [ "collective" ]
      }, {
        "id" : "mzhyfy6GAqACHQka",
        "name" : "MetabolicDisease",
        "description" : null,
        "type" : "Class",
        "propertyAssignments" : null,
        "stereotype" : "collective",
        "isAbstract" : false,
        "isDerived" : false,
        "properties" : null,
        "isExtensional" : false,
        "isPowertype" : null,
        "order" : null,
        "literals" : null,
        "restrictedTo" : [ "collective" ]
      }, {
        "id" : "hzhyfy6GAqACHQkb",
        "name" : "RespiratorySystem",
        "description" : null,
        "type" : "Class",
        "propertyAssignments" : null,
        "stereotype" : "collective",
        "isAbstract" : false,
        "isDerived" : false,
        "properties" : null,
        "isExtensional" : false,
        "isPowertype" : null,
        "order" : null,
        "literals" : null,
        "restrictedTo" : [ "collective" ]
      }, {
        "id" : "Jzhyfy6GAqACHQkc",
        "name" : "DigestiveSystem",
        "description" : null,
        "type" : "Class",
        "propertyAssignments" : null,
        "stereotype" : "collective",
        "isAbstract" : false,
        "isDerived" : false,
        "properties" : null,
        "isExtensional" : false,
        "isPowertype" : null,
        "order" : null,
        "literals" : null,
        "restrictedTo" : [ "collective" ]
      }, {
        "id" : "LUJyfy6GAqACHQs0",
        "name" : "Person",
        "description" : null,
        "type" : "Class",
        "propertyAssignments" : null,
        "stereotype" : "kind",
        "isAbstract" : false,
        "isDerived" : false,
        "properties" : null,
        "isExtensional" : null,
        "isPowertype" : null,
        "order" : null,
        "literals" : null,
        "restrictedTo" : [ "functional-complex" ]
      }, {
        "id" : "nUJyfy6GAqACHQs1",
        "name" : "Man",
        "description" : null,
        "type" : "Class",
        "propertyAssignments" : null,
        "stereotype" : "subkind",
        "isAbstract" : false,
        "isDerived" : false,
        "properties" : null,
        "isExtensional" : false,
        "isPowertype" : null,
        "order" : null,
        "literals" : null,
        "restrictedTo" : [ "functional-complex" ]
      }, {
        "id" : "XUJyfy6GAqACHQs2",
        "name" : "Woman",
        "description" : null,
        "type" : "Class",
        "propertyAssignments" : null,
        "stereotype" : "subkind",
        "isAbstract" : false,
        "isDerived" : false,
        "properties" : null,
        "isExtensional" : false,
        "isPowertype" : null,
        "order" : null,
        "literals" : null,
        "restrictedTo" : [ "functional-complex" ]
      }, {
        "id" : "XUJyfy6GAqACHQs3",
        "name" : "Child",
        "description" : null,
        "type" : "Class",
        "propertyAssignments" : null,
        "stereotype" : "phase",
        "isAbstract" : false,
        "isDerived" : false,
        "properties" : null,
        "isExtensional" : false,
        "isPowertype" : null,
        "order" : null,
        "literals" : null,
        "restrictedTo" : [ "functional-complex" ]
      }, {
        "id" : "3UJyfy6GAqACHQs4",
        "name" : "Teenager",
        "description" : null,
        "type" : "Class",
        "propertyAssignments" : null,
        "stereotype" : "phase",
        "isAbstract" : false,
        "isDerived" : false,
        "properties" : null,
        "isExtensional" : false,
        "isPowertype" : null,
        "order" : null,
        "literals" : null,
        "restrictedTo" : [ "functional-complex" ]
      }, {
        "id" : "w0Jyfy6GAqACHQs5",
        "name" : "Adult",
        "description" : null,
        "type" : "Class",
        "propertyAssignments" : null,
        "stereotype" : "phase",
        "isAbstract" : false,
        "isDerived" : false,
        "properties" : null,
        "isExtensional" : false,
        "isPowertype" : null,
        "order" : null,
        "literals" : null,
        "restrictedTo" : [ "functional-complex" ]
      }, {
        "id" : "Y0Jyfy6GAqACHQs6",
        "name" : "Elder",
        "description" : null,
        "type" : "Class",
        "propertyAssignments" : null,
        "stereotype" : "phase",
        "isAbstract" : false,
        "isDerived" : false,
        "properties" : null,
        "isExtensional" : false,
        "isPowertype" : null,
        "order" : null,
        "literals" : null,
        "restrictedTo" : [ "functional-complex" ]
      }, {
        "id" : "40Jyfy6GAqACHQs7",
        "name" : "PregnantWoman",
        "description" : null,
        "type" : "Class",
        "propertyAssignments" : null,
        "stereotype" : "phase",
        "isAbstract" : false,
        "isDerived" : false,
        "properties" : null,
        "isExtensional" : false,
        "isPowertype" : null,
        "order" : null,
        "literals" : null,
        "restrictedTo" : [ "functional-complex" ]
      }, {
        "id" : "E0Jyfy6GAqACHQs8",
        "name" : "Patient",
        "description" : null,
        "type" : "Class",
        "propertyAssignments" : null,
        "stereotype" : "role",
        "isAbstract" : false,
        "isDerived" : false,
        "properties" : null,
        "isExtensional" : false,
        "isPowertype" : null,
        "order" : null,
        "literals" : null,
        "restrictedTo" : [ "functional-complex" ]
      }, {
        "id" : "t0Jyfy6GAqACHQs9",
        "name" : "HealthProfessional",
        "description" : null,
        "type" : "Class",
        "propertyAssignments" : null,
        "stereotype" : "role",
        "isAbstract" : false,
        "isDerived" : false,
        "properties" : null,
        "isExtensional" : false,
        "isPowertype" : null,
        "order" : null,
        "literals" : null,
        "restrictedTo" : [ "functional-complex" ]
      }, {
        "id" : "z0Jyfy6GAqACHQs.",
        "name" : "HealthAppointment",
        "description" : null,
        "type" : "Class",
        "propertyAssignments" : null,
        "stereotype" : "relator",
        "isAbstract" : false,
        "isDerived" : false,
        "properties" : null,
        "isExtensional" : null,
        "isPowertype" : null,
        "order" : null,
        "literals" : null,
        "restrictedTo" : [ "relator" ]
      }, {
        "id" : "4MJyfy6GAqACHQs_",
        "name" : "Neighborhood",
        "description" : null,
        "type" : "Class",
        "propertyAssignments" : null,
        "stereotype" : "kind",
        "isAbstract" : false,
        "isDerived" : false,
        "properties" : null,
        "isExtensional" : null,
        "isPowertype" : null,
        "order" : null,
        "literals" : null,
        "restrictedTo" : [ "functional-complex" ]
      }, {
        "id" : "kMJyfy6GAqACHQtA",
        "name" : "Region",
        "description" : null,
        "type" : "Class",
        "propertyAssignments" : null,
        "stereotype" : "kind",
        "isAbstract" : false,
        "isDerived" : false,
        "properties" : null,
        "isExtensional" : null,
        "isPowertype" : null,
        "order" : null,
        "literals" : null,
        "restrictedTo" : [ "functional-complex" ]
      }, {
        "id" : "sMJyfy6GAqACHQtB",
        "name" : "HealthUnit",
        "description" : null,
        "type" : "Class",
        "propertyAssignments" : null,
        "stereotype" : "kind",
        "isAbstract" : false,
        "isDerived" : false,
        "properties" : null,
        "isExtensional" : null,
        "isPowertype" : null,
        "order" : null,
        "literals" : null,
        "restrictedTo" : [ "functional-complex" ]
      }, {
        "id" : "Rdhyfy6GAqACHQkO",
        "name" : "Document",
        "description" : null,
        "type" : "Class",
        "propertyAssignments" : null,
        "stereotype" : "kind",
        "isAbstract" : false,
        "isDerived" : false,
        "properties" : null,
        "isExtensional" : null,
        "isPowertype" : null,
        "order" : null,
        "literals" : null,
        "restrictedTo" : [ "functional-complex" ]
      }, {
        "id" : ".UVyfy6GAqACHRPI",
        "name" : null,
        "description" : null,
        "type" : "Generalization",
        "propertyAssignments" : null,
        "general" : {
          "id" : "XUJyfy6GAqACHQs2",
          "type" : "Class"
        },
        "specific" : {
          "id" : "40Jyfy6GAqACHQs7",
          "type" : "Class"
        }
      }, {
        "id" : "RUVyfy6GAqACHRPK",
        "name" : null,
        "description" : null,
        "type" : "Generalization",
        "propertyAssignments" : null,
        "general" : {
          "id" : "LUJyfy6GAqACHQs0",
          "type" : "Class"
        },
        "specific" : {
          "id" : "XUJyfy6GAqACHQs3",
          "type" : "Class"
        }
      }, {
        "id" : "5UVyfy6GAqACHRPM",
        "name" : null,
        "description" : null,
        "type" : "Generalization",
        "propertyAssignments" : null,
        "general" : {
          "id" : "LUJyfy6GAqACHQs0",
          "type" : "Class"
        },
        "specific" : {
          "id" : "3UJyfy6GAqACHQs4",
          "type" : "Class"
        }
      }, {
        "id" : "gcVyfy6GAqACHRPW",
        "name" : "",
        "description" : null,
        "type" : "Generalization",
        "propertyAssignments" : null,
        "general" : {
          "id" : "LUJyfy6GAqACHQs0",
          "type" : "Class"
        },
        "specific" : {
          "id" : "w0Jyfy6GAqACHQs5",
          "type" : "Class"
        }
      }, {
        "id" : "KcVyfy6GAqACHRPd",
        "name" : null,
        "description" : null,
        "type" : "Generalization",
        "propertyAssignments" : null,
        "general" : {
          "id" : "LUJyfy6GAqACHQs0",
          "type" : "Class"
        },
        "specific" : {
          "id" : "Y0Jyfy6GAqACHQs6",
          "type" : "Class"
        }
      }, {
        "id" : "hcVyfy6GAqACHRPj",
        "name" : null,
        "description" : null,
        "type" : "Generalization",
        "propertyAssignments" : null,
        "general" : {
          "id" : "LUJyfy6GAqACHQs0",
          "type" : "Class"
        },
        "specific" : {
          "id" : "XUJyfy6GAqACHQs2",
          "type" : "Class"
        }
      }, {
        "id" : "i8Vyfy6GAqACHRPp",
        "name" : "",
        "description" : null,
        "type" : "Generalization",
        "propertyAssignments" : null,
        "general" : {
          "id" : "LUJyfy6GAqACHQs0",
          "type" : "Class"
        },
        "specific" : {
          "id" : "nUJyfy6GAqACHQs1",
          "type" : "Class"
        }
      }, {
        "id" : "q8Vyfy6GAqACHRPv",
        "name" : null,
        "description" : null,
        "type" : "Generalization",
        "propertyAssignments" : null,
        "general" : {
          "id" : "LUJyfy6GAqACHQs0",
          "type" : "Class"
        },
        "specific" : {
          "id" : "E0Jyfy6GAqACHQs8",
          "type" : "Class"
        }
      }, {
        "id" : "m8Vyfy6GAqACHRP1",
        "name" : null,
        "description" : null,
        "type" : "Generalization",
        "propertyAssignments" : null,
        "general" : {
          "id" : "LUJyfy6GAqACHQs0",
          "type" : "Class"
        },
        "specific" : {
          "id" : "t0Jyfy6GAqACHQs9",
          "type" : "Class"
        }
      }, {
        "id" : "nSVyfy6GAqACHRRi",
        "name" : "",
        "description" : null,
        "type" : "Generalization",
        "propertyAssignments" : null,
        "general" : {
          "id" : "9Dhyfy6GAqACHQkU",
          "type" : "Class"
        },
        "specific" : {
          "id" : "Jzhyfy6GAqACHQkc",
          "type" : "Class"
        }
      }, {
        "id" : "XSVyfy6GAqACHRRk",
        "name" : null,
        "description" : null,
        "type" : "Generalization",
        "propertyAssignments" : null,
        "general" : {
          "id" : "9Dhyfy6GAqACHQkU",
          "type" : "Class"
        },
        "specific" : {
          "id" : "Kzhyfy6GAqACHQkY",
          "type" : "Class"
        }
      }, {
        "id" : "AyVyfy6GAqACHRRq",
        "name" : null,
        "description" : null,
        "type" : "Generalization",
        "propertyAssignments" : null,
        "general" : {
          "id" : "9Dhyfy6GAqACHQkU",
          "type" : "Class"
        },
        "specific" : {
          "id" : "mzhyfy6GAqACHQka",
          "type" : "Class"
        }
      }, {
        "id" : "QyVyfy6GAqACHRRs",
        "name" : null,
        "description" : null,
        "type" : "Generalization",
        "propertyAssignments" : null,
        "general" : {
          "id" : "9Dhyfy6GAqACHQkU",
          "type" : "Class"
        },
        "specific" : {
          "id" : "hzhyfy6GAqACHQkb",
          "type" : "Class"
        }
      }, {
        "id" : "kyVyfy6GAqACHRRu",
        "name" : null,
        "description" : null,
        "type" : "Generalization",
        "propertyAssignments" : null,
        "general" : {
          "id" : "9Dhyfy6GAqACHQkU",
          "type" : "Class"
        },
        "specific" : {
          "id" : "qzhyfy6GAqACHQkZ",
          "type" : "Class"
        }
      }, {
        "id" : "wKkso6GGAqFkCwrr",
        "name" : "Set",
        "description" : null,
        "type" : "GeneralizationSet",
        "propertyAssignments" : null,
        "isDisjoint" : true,
        "isComplete" : false,
        "categorizer" : null,
        "generalizations" : [ {
          "id" : "KcVyfy6GAqACHRPd",
          "type" : "Generalization"
        }, {
          "id" : "5UVyfy6GAqACHRPM",
          "type" : "Generalization"
        }, {
          "id" : "gcVyfy6GAqACHRPW",
          "type" : "Generalization"
        }, {
          "id" : "RUVyfy6GAqACHRPK",
          "type" : "Generalization"
        } ]
      }, {
        "id" : "Lcsso6GGAqFkCwrz",
        "name" : "Set2",
        "description" : null,
        "type" : "GeneralizationSet",
        "propertyAssignments" : null,
        "isDisjoint" : true,
        "isComplete" : false,
        "categorizer" : null,
        "generalizations" : [ {
          "id" : "hcVyfy6GAqACHRPj",
          "type" : "Generalization"
        }, {
          "id" : "i8Vyfy6GAqACHRPp",
          "type" : "Generalization"
        } ]
      }, {
        "id" : "q6iso6GGAqFkCwr7",
        "name" : "Set3",
        "description" : null,
        "type" : "GeneralizationSet",
        "propertyAssignments" : null,
        "isDisjoint" : true,
        "isComplete" : false,
        "categorizer" : null,
        "generalizations" : [ {
          "id" : "kyVyfy6GAqACHRRu",
          "type" : "Generalization"
        }, {
          "id" : "nSVyfy6GAqACHRRi",
          "type" : "Generalization"
        }, {
          "id" : "AyVyfy6GAqACHRRq",
          "type" : "Generalization"
        }, {
          "id" : "QyVyfy6GAqACHRRs",
          "type" : "Generalization"
        }, {
          "id" : "XSVyfy6GAqACHRRk",
          "type" : "Generalization"
        } ]
      }, {
        "id" : ".8Vyfy6GAqACHRP7",
        "name" : null,
        "description" : null,
        "type" : "Relation",
        "propertyAssignments" : null,
        "stereotype" : "mediation",
        "isAbstract" : false,
        "isDerived" : false,
        "properties" : [ {
          "id" : ".8Vyfy6GAqACHRP8",
          "name" : null,
          "description" : null,
          "type" : "Property",
          "propertyAssignments" : null,
          "stereotype" : null,
          "isDerived" : false,
          "isReadOnly" : false,
          "isOrdered" : false,
          "cardinality" : "1..*",
          "propertyType" : {
            "id" : "z0Jyfy6GAqACHQs.",
            "type" : "Class"
          },
          "subsettedProperties" : null,
          "redefinedProperties" : null,
          "aggregationKind" : "NONE"
        }, {
          "id" : "B8Vyfy6GAqACHRP.",
          "name" : null,
          "description" : null,
          "type" : "Property",
          "propertyAssignments" : null,
          "stereotype" : null,
          "isDerived" : false,
          "isReadOnly" : true,
          "isOrdered" : false,
          "cardinality" : "1",
          "propertyType" : {
            "id" : "E0Jyfy6GAqACHQs8",
            "type" : "Class"
          },
          "subsettedProperties" : null,
          "redefinedProperties" : null,
          "aggregationKind" : "NONE"
        } ]
      }, {
        "id" : "J8Vyfy6GAqACHRQB",
        "name" : null,
        "description" : null,
        "type" : "Relation",
        "propertyAssignments" : null,
        "stereotype" : "mediation",
        "isAbstract" : false,
        "isDerived" : false,
        "properties" : [ {
          "id" : "J8Vyfy6GAqACHRQC",
          "name" : null,
          "description" : null,
          "type" : "Property",
          "propertyAssignments" : null,
          "stereotype" : null,
          "isDerived" : false,
          "isReadOnly" : false,
          "isOrdered" : false,
          "cardinality" : "1..*",
          "propertyType" : {
            "id" : "z0Jyfy6GAqACHQs.",
            "type" : "Class"
          },
          "subsettedProperties" : null,
          "redefinedProperties" : null,
          "aggregationKind" : "NONE"
        }, {
          "id" : "J8Vyfy6GAqACHRQE",
          "name" : null,
          "description" : null,
          "type" : "Property",
          "propertyAssignments" : null,
          "stereotype" : null,
          "isDerived" : false,
          "isReadOnly" : true,
          "isOrdered" : false,
          "cardinality" : "1",
          "propertyType" : {
            "id" : "t0Jyfy6GAqACHQs9",
            "type" : "Class"
          },
          "subsettedProperties" : null,
          "redefinedProperties" : null,
          "aggregationKind" : "NONE"
        } ]
      }, {
        "id" : "l8Vyfy6GAqACHRQL",
        "name" : "treats",
        "description" : null,
        "type" : "Relation",
        "propertyAssignments" : null,
        "stereotype" : "material",
        "isAbstract" : false,
        "isDerived" : false,
        "properties" : [ {
          "id" : "18Vyfy6GAqACHRQM",
          "name" : null,
          "description" : null,
          "type" : "Property",
          "propertyAssignments" : null,
          "stereotype" : null,
          "isDerived" : false,
          "isReadOnly" : false,
          "isOrdered" : false,
          "cardinality" : "1",
          "propertyType" : {
            "id" : "E0Jyfy6GAqACHQs8",
            "type" : "Class"
          },
          "subsettedProperties" : null,
          "redefinedProperties" : null,
          "aggregationKind" : "NONE"
        }, {
          "id" : "18Vyfy6GAqACHRQO",
          "name" : null,
          "description" : null,
          "type" : "Property",
          "propertyAssignments" : null,
          "stereotype" : null,
          "isDerived" : false,
          "isReadOnly" : false,
          "isOrdered" : false,
          "cardinality" : "1",
          "propertyType" : {
            "id" : "t0Jyfy6GAqACHQs9",
            "type" : "Class"
          },
          "subsettedProperties" : null,
          "redefinedProperties" : null,
          "aggregationKind" : "NONE"
        } ]
      }, {
        "id" : "ICVyfy6GAqACHRQW",
        "name" : "lives in",
        "description" : null,
        "type" : "Relation",
        "propertyAssignments" : null,
        "stereotype" : "material",
        "isAbstract" : false,
        "isDerived" : false,
        "properties" : [ {
          "id" : "ICVyfy6GAqACHRQX",
          "name" : null,
          "description" : null,
          "type" : "Property",
          "propertyAssignments" : null,
          "stereotype" : null,
          "isDerived" : false,
          "isReadOnly" : false,
          "isOrdered" : false,
          "cardinality" : "1..*",
          "propertyType" : {
            "id" : "E0Jyfy6GAqACHQs8",
            "type" : "Class"
          },
          "subsettedProperties" : null,
          "redefinedProperties" : null,
          "aggregationKind" : "NONE"
        }, {
          "id" : "ICVyfy6GAqACHRQZ",
          "name" : null,
          "description" : null,
          "type" : "Property",
          "propertyAssignments" : null,
          "stereotype" : null,
          "isDerived" : false,
          "isReadOnly" : false,
          "isOrdered" : false,
          "cardinality" : "1",
          "propertyType" : {
            "id" : "4MJyfy6GAqACHQs_",
            "type" : "Class"
          },
          "subsettedProperties" : null,
          "redefinedProperties" : null,
          "aggregationKind" : "NONE"
        } ]
      }, {
        "id" : "SCVyfy6GAqACHRQc",
        "name" : "located in",
        "description" : null,
        "type" : "Relation",
        "propertyAssignments" : null,
        "stereotype" : "material",
        "isAbstract" : false,
        "isDerived" : false,
        "properties" : [ {
          "id" : "SCVyfy6GAqACHRQd",
          "name" : null,
          "description" : null,
          "type" : "Property",
          "propertyAssignments" : null,
          "stereotype" : null,
          "isDerived" : false,
          "isReadOnly" : false,
          "isOrdered" : false,
          "cardinality" : "1",
          "propertyType" : {
            "id" : "4MJyfy6GAqACHQs_",
            "type" : "Class"
          },
          "subsettedProperties" : null,
          "redefinedProperties" : null,
          "aggregationKind" : "NONE"
        }, {
          "id" : "SCVyfy6GAqACHRQf",
          "name" : null,
          "description" : null,
          "type" : "Property",
          "propertyAssignments" : null,
          "stereotype" : null,
          "isDerived" : false,
          "isReadOnly" : false,
          "isOrdered" : false,
          "cardinality" : "1..*",
          "propertyType" : {
            "id" : "kMJyfy6GAqACHQtA",
            "type" : "Class"
          },
          "subsettedProperties" : null,
          "redefinedProperties" : null,
          "aggregationKind" : "NONE"
        } ]
      }, {
        "id" : "6CVyfy6GAqACHRQm",
        "name" : "works in",
        "description" : null,
        "type" : "Relation",
        "propertyAssignments" : null,
        "stereotype" : "material",
        "isAbstract" : false,
        "isDerived" : false,
        "properties" : [ {
          "id" : "6CVyfy6GAqACHRQn",
          "name" : null,
          "description" : null,
          "type" : "Property",
          "propertyAssignments" : null,
          "stereotype" : null,
          "isDerived" : false,
          "isReadOnly" : false,
          "isOrdered" : false,
          "cardinality" : "1..*",
          "propertyType" : {
            "id" : "t0Jyfy6GAqACHQs9",
            "type" : "Class"
          },
          "subsettedProperties" : null,
          "redefinedProperties" : null,
          "aggregationKind" : "NONE"
        }, {
          "id" : "6CVyfy6GAqACHRQp",
          "name" : null,
          "description" : null,
          "type" : "Property",
          "propertyAssignments" : null,
          "stereotype" : null,
          "isDerived" : false,
          "isReadOnly" : true,
          "isOrdered" : false,
          "cardinality" : "1..*",
          "propertyType" : {
            "id" : "sMJyfy6GAqACHQtB",
            "type" : "Class"
          },
          "subsettedProperties" : null,
          "redefinedProperties" : null,
          "aggregationKind" : "NONE"
        } ]
      }, {
        "id" : "WiVyfy6GAqACHRQw",
        "name" : "located in",
        "description" : null,
        "type" : "Relation",
        "propertyAssignments" : null,
        "stereotype" : "material",
        "isAbstract" : false,
        "isDerived" : false,
        "properties" : [ {
          "id" : "WiVyfy6GAqACHRQx",
          "name" : null,
          "description" : null,
          "type" : "Property",
          "propertyAssignments" : null,
          "stereotype" : null,
          "isDerived" : false,
          "isReadOnly" : false,
          "isOrdered" : false,
          "cardinality" : "1..*",
          "propertyType" : {
            "id" : "sMJyfy6GAqACHQtB",
            "type" : "Class"
          },
          "subsettedProperties" : null,
          "redefinedProperties" : null,
          "aggregationKind" : "NONE"
        }, {
          "id" : "WiVyfy6GAqACHRQz",
          "name" : null,
          "description" : null,
          "type" : "Property",
          "propertyAssignments" : null,
          "stereotype" : null,
          "isDerived" : false,
          "isReadOnly" : false,
          "isOrdered" : false,
          "cardinality" : "1",
          "propertyType" : {
            "id" : "kMJyfy6GAqACHQtA",
            "type" : "Class"
          },
          "subsettedProperties" : null,
          "redefinedProperties" : null,
          "aggregationKind" : "NONE"
        } ]
      }, {
        "id" : "uiVyfy6GAqACHRQ6",
        "name" : "hasType",
        "description" : null,
        "type" : "Relation",
        "propertyAssignments" : null,
        "stereotype" : "Formal",
        "isAbstract" : false,
        "isDerived" : false,
        "properties" : [ {
          "id" : "uiVyfy6GAqACHRQ7",
          "name" : null,
          "description" : null,
          "type" : "Property",
          "propertyAssignments" : null,
          "stereotype" : null,
          "isDerived" : false,
          "isReadOnly" : false,
          "isOrdered" : false,
          "cardinality" : "*",
          "propertyType" : {
            "id" : "Rdhyfy6GAqACHQkO",
            "type" : "Class"
          },
          "subsettedProperties" : null,
          "redefinedProperties" : null,
          "aggregationKind" : "NONE"
        }, {
          "id" : "uiVyfy6GAqACHRQ9",
          "name" : null,
          "description" : null,
          "type" : "Property",
          "propertyAssignments" : null,
          "stereotype" : null,
          "isDerived" : false,
          "isReadOnly" : false,
          "isOrdered" : false,
          "cardinality" : "1",
          "propertyType" : {
            "id" : "b9hyfy6GAqACHQkQ",
            "type" : "Class"
          },
          "subsettedProperties" : null,
          "redefinedProperties" : null,
          "aggregationKind" : "NONE"
        } ]
      }, {
        "id" : "5iVyfy6GAqACHRQ_",
        "name" : "generates",
        "description" : null,
        "type" : "Relation",
        "propertyAssignments" : null,
        "stereotype" : "Formal",
        "isAbstract" : false,
        "isDerived" : false,
        "properties" : [ {
          "id" : "5iVyfy6GAqACHRRA",
          "name" : null,
          "description" : null,
          "type" : "Property",
          "propertyAssignments" : null,
          "stereotype" : null,
          "isDerived" : false,
          "isReadOnly" : false,
          "isOrdered" : false,
          "cardinality" : "*",
          "propertyType" : {
            "id" : "z0Jyfy6GAqACHQs.",
            "type" : "Class"
          },
          "subsettedProperties" : null,
          "redefinedProperties" : null,
          "aggregationKind" : "NONE"
        }, {
          "id" : "5iVyfy6GAqACHRRC",
          "name" : null,
          "description" : null,
          "type" : "Property",
          "propertyAssignments" : null,
          "stereotype" : null,
          "isDerived" : false,
          "isReadOnly" : false,
          "isOrdered" : false,
          "cardinality" : "*",
          "propertyType" : {
            "id" : "Rdhyfy6GAqACHQkO",
            "type" : "Class"
          },
          "subsettedProperties" : null,
          "redefinedProperties" : null,
          "aggregationKind" : "NONE"
        } ]
      }, {
        "id" : "jiVyfy6GAqACHRRF",
        "name" : "has",
        "description" : null,
        "type" : "Relation",
        "propertyAssignments" : null,
        "stereotype" : "Formal",
        "isAbstract" : false,
        "isDerived" : false,
        "properties" : [ {
          "id" : "jiVyfy6GAqACHRRG",
          "name" : null,
          "description" : null,
          "type" : "Property",
          "propertyAssignments" : null,
          "stereotype" : null,
          "isDerived" : false,
          "isReadOnly" : false,
          "isOrdered" : false,
          "cardinality" : "*",
          "propertyType" : {
            "id" : "t0Jyfy6GAqACHQs9",
            "type" : "Class"
          },
          "subsettedProperties" : null,
          "redefinedProperties" : null,
          "aggregationKind" : "NONE"
        }, {
          "id" : "jiVyfy6GAqACHRRI",
          "name" : null,
          "description" : null,
          "type" : "Property",
          "propertyAssignments" : null,
          "stereotype" : null,
          "isDerived" : false,
          "isReadOnly" : false,
          "isOrdered" : false,
          "cardinality" : "*",
          "propertyType" : {
            "id" : "dDhyfy6GAqACHQkS",
            "type" : "Class"
          },
          "subsettedProperties" : null,
          "redefinedProperties" : null,
          "aggregationKind" : "NONE"
        } ]
      }, {
        "id" : "viVyfy6GAqACHRRL",
        "name" : "performs",
        "description" : null,
        "type" : "Relation",
        "propertyAssignments" : null,
        "stereotype" : "material",
        "isAbstract" : false,
        "isDerived" : false,
        "properties" : [ {
          "id" : "viVyfy6GAqACHRRM",
          "name" : null,
          "description" : null,
          "type" : "Property",
          "propertyAssignments" : null,
          "stereotype" : null,
          "isDerived" : false,
          "isReadOnly" : false,
          "isOrdered" : false,
          "cardinality" : "1",
          "propertyType" : {
            "id" : "t0Jyfy6GAqACHQs9",
            "type" : "Class"
          },
          "subsettedProperties" : null,
          "redefinedProperties" : null,
          "aggregationKind" : "NONE"
        }, {
          "id" : "fiVyfy6GAqACHRRO",
          "name" : null,
          "description" : null,
          "type" : "Property",
          "propertyAssignments" : null,
          "stereotype" : null,
          "isDerived" : false,
          "isReadOnly" : false,
          "isOrdered" : false,
          "cardinality" : "1..*",
          "propertyType" : {
            "id" : "dDhyfy6GAqACHQkT",
            "type" : "Class"
          },
          "subsettedProperties" : null,
          "redefinedProperties" : null,
          "aggregationKind" : "NONE"
        } ]
      }, {
        "id" : "oSVyfy6GAqACHRRV",
        "name" : "has",
        "description" : null,
        "type" : "Relation",
        "propertyAssignments" : null,
        "stereotype" : "Formal",
        "isAbstract" : false,
        "isDerived" : false,
        "properties" : [ {
          "id" : "oSVyfy6GAqACHRRW",
          "name" : null,
          "description" : null,
          "type" : "Property",
          "propertyAssignments" : null,
          "stereotype" : null,
          "isDerived" : false,
          "isReadOnly" : false,
          "isOrdered" : false,
          "cardinality" : "1",
          "propertyType" : {
            "id" : "dDhyfy6GAqACHQkT",
            "type" : "Class"
          },
          "subsettedProperties" : null,
          "redefinedProperties" : null,
          "aggregationKind" : "NONE"
        }, {
          "id" : "oSVyfy6GAqACHRRY",
          "name" : null,
          "description" : null,
          "type" : "Property",
          "propertyAssignments" : null,
          "stereotype" : null,
          "isDerived" : false,
          "isReadOnly" : false,
          "isOrdered" : false,
          "cardinality" : "1",
          "propertyType" : {
            "id" : "9Dhyfy6GAqACHQkU",
            "type" : "Class"
          },
          "subsettedProperties" : null,
          "redefinedProperties" : null,
          "aggregationKind" : "NONE"
        } ]
      } ]
    }, {
      "id" : "sxLyfy6GAqACHWSe",
      "name" : "AssociationClass1",
      "description" : null,
      "type" : "Relation",
      "propertyAssignments" : null,
      "stereotype" : "derivation",
      "isAbstract" : false,
      "isDerived" : true,
      "properties" : [ {
        "id" : "aa7c86dd-4f57-44a0-8448-18422399137d",
        "name" : null,
        "description" : null,
        "type" : "Property",
        "propertyAssignments" : null,
        "stereotype" : null,
        "isDerived" : false,
        "isReadOnly" : false,
        "isOrdered" : false,
        "cardinality" : "1",
        "propertyType" : {
          "id" : "l8Vyfy6GAqACHRQL",
          "type" : "Relation"
        },
        "subsettedProperties" : null,
        "redefinedProperties" : null,
        "aggregationKind" : null
      }, {
        "id" : "f71bd91c-dadc-4091-98e0-0a791a73e085",
        "name" : null,
        "description" : null,
        "type" : "Property",
        "propertyAssignments" : null,
        "stereotype" : null,
        "isDerived" : false,
        "isReadOnly" : false,
        "isOrdered" : false,
        "cardinality" : "1",
        "propertyType" : {
          "id" : "z0Jyfy6GAqACHQs.",
          "type" : "Class"
        },
        "subsettedProperties" : null,
        "redefinedProperties" : null,
        "aggregationKind" : null
      } ]
    } ]
  },
  "diagrams" : [ {
    "id" : "usDyfy6GAqACHTXQ",
    "name" : "Brazilian Health Organization",
    "description" : null,
    "type" : "Diagram",
    "owner" : {
      "id" : "zthyfy6GAqACHQkM",
      "type" : "Package"
    },
    "contents" : [ {
      "id" : "nZDyfy6GAqACHTb6",
      "type" : "ClassView",
      "modelElement" : {
        "id" : "t0Jyfy6GAqACHQs9",
        "type" : "Class"
      },
      "shape" : {
        "id" : "nZDyfy6GAqACHTb6_shape",
        "type" : "Rectangle",
        "x" : 614,
        "y" : 293,
        "width" : 101,
        "height" : 70
      }
    }, {
      "id" : "bZDyfy6GAqACHTb0",
      "type" : "ClassView",
      "modelElement" : {
        "id" : "Y0Jyfy6GAqACHQs6",
        "type" : "Class"
      },
      "shape" : {
        "id" : "bZDyfy6GAqACHTb0_shape",
        "type" : "Rectangle",
        "x" : 687,
        "y" : 645,
        "width" : 89,
        "height" : 70
      }
    }, {
      "id" : "nMTyfy6GAqACHUuQ",
      "type" : "GeneralizationView",
      "modelElement" : {
        "id" : "hcVyfy6GAqACHRPj",
        "type" : "Generalization"
      },
      "shape" : {
        "id" : "nMTyfy6GAqACHUuQ_path",
        "type" : "Path",
        "points" : [ {
          "x" : 575,
          "y" : 503
        }, {
          "x" : 624,
          "y" : 503
        }, {
          "x" : 624,
          "y" : 432
        }, {
          "x" : 735,
          "y" : 432
        } ]
      },
      "source" : {
        "id" : "qZDyfy6GAqACHTbo",
        "type" : "ClassView"
      },
      "target" : {
        "id" : "zZDyfy6GAqACHTbs",
        "type" : "ClassView"
      }
    }, {
      "id" : "8Kkso6GGAqFkCwrt",
      "type" : "GeneralizationSetView",
      "modelElement" : {
        "id" : "wKkso6GGAqFkCwrr",
        "type" : "GeneralizationSet"
      },
      "shape" : {
        "id" : "8Kkso6GGAqFkCwrt_shape",
        "type" : "Text",
        "x" : 429,
        "y" : 580,
        "width" : 27,
        "height" : 15,
        "value" : ""
      }
    }, {
      "id" : "LZDyfy6GAqACHTbw",
      "type" : "ClassView",
      "modelElement" : {
        "id" : "3UJyfy6GAqACHQs4",
        "type" : "Class"
      },
      "shape" : {
        "id" : "LZDyfy6GAqACHTbw_shape",
        "type" : "Rectangle",
        "x" : 438,
        "y" : 645,
        "width" : 89,
        "height" : 70
      }
    }, {
      "id" : "tsTyfy6GAqACHUuu",
      "type" : "RelationView",
      "modelElement" : {
        "id" : "oSVyfy6GAqACHRRV",
        "type" : "Relation"
      },
      "shape" : {
        "id" : "tsTyfy6GAqACHUuu_path",
        "type" : "Path",
        "points" : [ {
          "x" : 1034,
          "y" : 324
        }, {
          "x" : 1243,
          "y" : 324
        }, {
          "x" : 1243,
          "y" : 375
        } ]
      },
      "source" : {
        "id" : "0FDyfy6GAqACHTcK",
        "type" : "ClassView"
      },
      "target" : {
        "id" : "cFDyfy6GAqACHTcM",
        "type" : "ClassView"
      }
    }, {
      "id" : "MlDyfy6GAqACHTcY",
      "type" : "ClassView",
      "modelElement" : {
        "id" : "Jzhyfy6GAqACHQkc",
        "type" : "Class"
      },
      "shape" : {
        "id" : "MlDyfy6GAqACHTcY_shape",
        "type" : "Rectangle",
        "x" : 943,
        "y" : 538,
        "width" : 104,
        "height" : 38
      }
    }, {
      "id" : "Xcsso6GGAqFkCwr1",
      "type" : "GeneralizationSetView",
      "modelElement" : {
        "id" : "Lcsso6GGAqFkCwrz",
        "type" : "GeneralizationSet"
      },
      "shape" : {
        "id" : "Xcsso6GGAqFkCwr1_shape",
        "type" : "Text",
        "x" : 607,
        "y" : 460,
        "width" : 34,
        "height" : 15,
        "value" : ""
      }
    }, {
      "id" : "Q5Dyfy6GAqACHTcC",
      "type" : "ClassView",
      "modelElement" : {
        "id" : "sMJyfy6GAqACHQtB",
        "type" : "Class"
      },
      "shape" : {
        "id" : "Q5Dyfy6GAqACHTcC_shape",
        "type" : "Rectangle",
        "x" : 654,
        "y" : 12,
        "width" : 89,
        "height" : 70
      }
    }, {
      "id" : "0FDyfy6GAqACHTcK",
      "type" : "ClassView",
      "modelElement" : {
        "id" : "dDhyfy6GAqACHQkT",
        "type" : "Class"
      },
      "shape" : {
        "id" : "0FDyfy6GAqACHTcK_shape",
        "type" : "Rectangle",
        "x" : 942,
        "y" : 289,
        "width" : 90,
        "height" : 69
      }
    }, {
      "id" : "HMTyfy6GAqACHUuO",
      "type" : "GeneralizationView",
      "modelElement" : {
        "id" : "KcVyfy6GAqACHRPd",
        "type" : "Generalization"
      },
      "shape" : {
        "id" : "HMTyfy6GAqACHUuO_path",
        "type" : "Path",
        "points" : [ {
          "x" : 529,
          "y" : 539
        }, {
          "x" : 529,
          "y" : 588
        }, {
          "x" : 731,
          "y" : 588
        }, {
          "x" : 731,
          "y" : 645
        } ]
      },
      "source" : {
        "id" : "qZDyfy6GAqACHTbo",
        "type" : "ClassView"
      },
      "target" : {
        "id" : "bZDyfy6GAqACHTb0",
        "type" : "ClassView"
      }
    }, {
      "id" : "vFDyfy6GAqACHTcW",
      "type" : "ClassView",
      "modelElement" : {
        "id" : "hzhyfy6GAqACHQkb",
        "type" : "Class"
      },
      "shape" : {
        "id" : "vFDyfy6GAqACHTcW_shape",
        "type" : "Rectangle",
        "x" : 1319,
        "y" : 538,
        "width" : 117,
        "height" : 38
      }
    }, {
      "id" : "v5Dyfy6GAqACHTcG",
      "type" : "ClassView",
      "modelElement" : {
        "id" : "b9hyfy6GAqACHQkQ",
        "type" : "Class"
      },
      "shape" : {
        "id" : "v5Dyfy6GAqACHTcG_shape",
        "type" : "Rectangle",
        "x" : 160,
        "y" : 88,
        "width" : 88,
        "height" : 70
      }
    }, {
      "id" : "1sTyfy6GAqACHUuq",
      "type" : "RelationView",
      "modelElement" : {
        "id" : "jiVyfy6GAqACHRRF",
        "type" : "Relation"
      },
      "shape" : {
        "id" : "1sTyfy6GAqACHUuq_path",
        "type" : "Path",
        "points" : [ {
          "x" : 717,
          "y" : 307
        }, {
          "x" : 816,
          "y" : 307
        }, {
          "x" : 816,
          "y" : 180
        } ]
      },
      "source" : {
        "id" : "nZDyfy6GAqACHTb6",
        "type" : "ClassView"
      },
      "target" : {
        "id" : "4FDyfy6GAqACHTcI",
        "type" : "ClassView"
      }
    }, {
      "id" : "N5Dyfy6GAqACHTcE",
      "type" : "ClassView",
      "modelElement" : {
        "id" : "Rdhyfy6GAqACHQkO",
        "type" : "Class"
      },
      "shape" : {
        "id" : "N5Dyfy6GAqACHTcE_shape",
        "type" : "Rectangle",
        "x" : 352,
        "y" : 88,
        "width" : 89,
        "height" : 70
      }
    }, {
      "id" : "VsTyfy6GAqACHUum",
      "type" : "RelationView",
      "modelElement" : {
        "id" : "uiVyfy6GAqACHRQ6",
        "type" : "Relation"
      },
      "shape" : {
        "id" : "VsTyfy6GAqACHUum_path",
        "type" : "Path",
        "points" : [ {
          "x" : 352,
          "y" : 158
        }, {
          "x" : 248,
          "y" : 158
        } ]
      },
      "source" : {
        "id" : "N5Dyfy6GAqACHTcE",
        "type" : "ClassView"
      },
      "target" : {
        "id" : "v5Dyfy6GAqACHTcG",
        "type" : "ClassView"
      }
    }, {
      "id" : "zZDyfy6GAqACHTbu",
      "type" : "ClassView",
      "modelElement" : {
        "id" : "XUJyfy6GAqACHQs3",
        "type" : "Class"
      },
      "shape" : {
        "id" : "zZDyfy6GAqACHTbu_shape",
        "type" : "Rectangle",
        "x" : 311,
        "y" : 645,
        "width" : 90,
        "height" : 70
      }
    }, {
      "id" : "3ZDyfy6GAqACHTb.",
      "type" : "ClassView",
      "modelElement" : {
        "id" : "4MJyfy6GAqACHQs_",
        "type" : "Class"
      },
      "shape" : {
        "id" : "3ZDyfy6GAqACHTb._shape",
        "type" : "Rectangle",
        "x" : 18,
        "y" : 307,
        "width" : 90,
        "height" : 69
      }
    }, {
      "id" : "tFDyfy6GAqACHTcU",
      "type" : "ClassView",
      "modelElement" : {
        "id" : "mzhyfy6GAqACHQka",
        "type" : "Class"
      },
      "shape" : {
        "id" : "tFDyfy6GAqACHTcU_shape",
        "type" : "Rectangle",
        "x" : 1191,
        "y" : 538,
        "width" : 108,
        "height" : 38
      }
    }, {
      "id" : "cFDyfy6GAqACHTcM",
      "type" : "ClassView",
      "modelElement" : {
        "id" : "9Dhyfy6GAqACHQkU",
        "type" : "Class"
      },
      "shape" : {
        "id" : "cFDyfy6GAqACHTcM_shape",
        "type" : "Rectangle",
        "x" : 1194,
        "y" : 375,
        "width" : 88,
        "height" : 70
      }
    }, {
      "id" : "hsTyfy6GAqACHUuY",
      "type" : "RelationView",
      "modelElement" : {
        "id" : ".8Vyfy6GAqACHRP7",
        "type" : "Relation"
      },
      "shape" : {
        "id" : "hsTyfy6GAqACHUuY_path",
        "type" : "Path",
        "points" : [ {
          "x" : 465,
          "y" : 212
        }, {
          "x" : 355,
          "y" : 212
        }, {
          "x" : 355,
          "y" : 301
        } ]
      },
      "source" : {
        "id" : "XZDyfy6GAqACHTb8",
        "type" : "ClassView"
      },
      "target" : {
        "id" : "HZDyfy6GAqACHTb4",
        "type" : "ClassView"
      }
    }, {
      "id" : "JsTyfy6GAqACHUuc",
      "type" : "RelationView",
      "modelElement" : {
        "id" : "l8Vyfy6GAqACHRQL",
        "type" : "Relation"
      },
      "shape" : {
        "id" : "JsTyfy6GAqACHUuc_path",
        "type" : "Path",
        "points" : [ {
          "x" : 426,
          "y" : 364
        }, {
          "x" : 614,
          "y" : 364
        } ]
      },
      "source" : {
        "id" : "HZDyfy6GAqACHTb4",
        "type" : "ClassView"
      },
      "target" : {
        "id" : "nZDyfy6GAqACHTb6",
        "type" : "ClassView"
      }
    }, {
      "id" : "FsTyfy6GAqACHUui",
      "type" : "RelationView",
      "modelElement" : {
        "id" : "6CVyfy6GAqACHRQm",
        "type" : "Relation"
      },
      "shape" : {
        "id" : "FsTyfy6GAqACHUui_path",
        "type" : "Path",
        "points" : [ {
          "x" : 716,
          "y" : 293
        }, {
          "x" : 716,
          "y" : 84
        } ]
      },
      "source" : {
        "id" : "nZDyfy6GAqACHTb6",
        "type" : "ClassView"
      },
      "target" : {
        "id" : "Q5Dyfy6GAqACHTcC",
        "type" : "ClassView"
      }
    }, {
      "id" : "rZDyfy6GAqACHTby",
      "type" : "ClassView",
      "modelElement" : {
        "id" : "w0Jyfy6GAqACHQs5",
        "type" : "Class"
      },
      "shape" : {
        "id" : "rZDyfy6GAqACHTby_shape",
        "type" : "Rectangle",
        "x" : 559,
        "y" : 645,
        "width" : 90,
        "height" : 70
      }
    }, {
      "id" : "DsTyfy6GAqACHUuy",
      "type" : "GeneralizationView",
      "modelElement" : {
        "id" : "nSVyfy6GAqACHRRi",
        "type" : "Generalization"
      },
      "shape" : {
        "id" : "DsTyfy6GAqACHUuy_path",
        "type" : "Path",
        "points" : [ {
          "x" : 1239,
          "y" : 445
        }, {
          "x" : 1239,
          "y" : 494
        }, {
          "x" : 988,
          "y" : 494
        }, {
          "x" : 988,
          "y" : 537
        } ]
      },
      "source" : {
        "id" : "cFDyfy6GAqACHTcM",
        "type" : "ClassView"
      },
      "target" : {
        "id" : "MlDyfy6GAqACHTcY",
        "type" : "ClassView"
      }
    }, {
      "id" : "RsTyfy6GAqACHUua",
      "type" : "RelationView",
      "modelElement" : {
        "id" : "J8Vyfy6GAqACHRQB",
        "type" : "Relation"
      },
      "shape" : {
        "id" : "RsTyfy6GAqACHUua_path",
        "type" : "Path",
        "points" : [ {
          "x" : 566,
          "y" : 212
        }, {
          "x" : 638,
          "y" : 212
        }, {
          "x" : 638,
          "y" : 293
        } ]
      },
      "source" : {
        "id" : "XZDyfy6GAqACHTb8",
        "type" : "ClassView"
      },
      "target" : {
        "id" : "nZDyfy6GAqACHTb6",
        "type" : "ClassView"
      }
    }, {
      "id" : "DsTyfy6GAqACHUu0",
      "type" : "GeneralizationView",
      "modelElement" : {
        "id" : "XSVyfy6GAqACHRRk",
        "type" : "Generalization"
      },
      "shape" : {
        "id" : "DsTyfy6GAqACHUu0_path",
        "type" : "Path",
        "points" : [ {
          "x" : 1239,
          "y" : 446
        }, {
          "x" : 1239,
          "y" : 495
        }, {
          "x" : 1111,
          "y" : 495
        }, {
          "x" : 1111,
          "y" : 538
        } ]
      },
      "source" : {
        "id" : "cFDyfy6GAqACHTcM",
        "type" : "ClassView"
      },
      "target" : {
        "id" : "5FDyfy6GAqACHTcQ",
        "type" : "ClassView"
      }
    }, {
      "id" : "_ZDyfy6GAqACHTcA",
      "type" : "ClassView",
      "modelElement" : {
        "id" : "kMJyfy6GAqACHQtA",
        "type" : "Class"
      },
      "shape" : {
        "id" : "_ZDyfy6GAqACHTcA_shape",
        "type" : "Rectangle",
        "x" : 13,
        "y" : 14,
        "width" : 90,
        "height" : 70
      }
    }, {
      "id" : "VsTyfy6GAqACHUuo",
      "type" : "RelationView",
      "modelElement" : {
        "id" : "5iVyfy6GAqACHRQ_",
        "type" : "Relation"
      },
      "shape" : {
        "id" : "VsTyfy6GAqACHUuo_path",
        "type" : "Path",
        "points" : [ {
          "x" : 522,
          "y" : 177
        }, {
          "x" : 522,
          "y" : 122
        }, {
          "x" : 443,
          "y" : 122
        } ]
      },
      "source" : {
        "id" : "XZDyfy6GAqACHTb8",
        "type" : "ClassView"
      },
      "target" : {
        "id" : "N5Dyfy6GAqACHTcE",
        "type" : "ClassView"
      }
    }, {
      "id" : "XZDyfy6GAqACHTb8",
      "type" : "ClassView",
      "modelElement" : {
        "id" : "z0Jyfy6GAqACHQs.",
        "type" : "Class"
      },
      "shape" : {
        "id" : "XZDyfy6GAqACHTb8_shape",
        "type" : "Rectangle",
        "x" : 465,
        "y" : 177,
        "width" : 98,
        "height" : 70
      }
    }, {
      "id" : "HZDyfy6GAqACHTb4",
      "type" : "ClassView",
      "modelElement" : {
        "id" : "E0Jyfy6GAqACHQs8",
        "type" : "Class"
      },
      "shape" : {
        "id" : "HZDyfy6GAqACHTb4_shape",
        "type" : "Rectangle",
        "x" : 335,
        "y" : 302,
        "width" : 90,
        "height" : 70
      }
    }, {
      "id" : "qZDyfy6GAqACHTbo",
      "type" : "ClassView",
      "modelElement" : {
        "id" : "LUJyfy6GAqACHQs0",
        "type" : "Class"
      },
      "shape" : {
        "id" : "qZDyfy6GAqACHTbo_shape",
        "type" : "Rectangle",
        "x" : 484,
        "y" : 468,
        "width" : 90,
        "height" : 70
      }
    }, {
      "id" : "JJbyfy6GAqACHWUH",
      "type" : "RelationView",
      "modelElement" : {
        "id" : "sxLyfy6GAqACHWSe",
        "type" : "Relation"
      },
      "shape" : {
        "id" : "JJbyfy6GAqACHWUH_path",
        "type" : "Path",
        "points" : [ {
          "x" : 426,
          "y" : 364
        }, {
          "x" : 426,
          "y" : 249
        }, {
          "x" : 426,
          "y" : 248
        }, {
          "x" : 465,
          "y" : 248
        } ]
      },
      "source" : {
        "id" : "JsTyfy6GAqACHUuc",
        "type" : "RelationView"
      },
      "target" : {
        "id" : "XZDyfy6GAqACHTb8",
        "type" : "ClassView"
      }
    }, {
      "id" : "5FDyfy6GAqACHTcQ",
      "type" : "ClassView",
      "modelElement" : {
        "id" : "Kzhyfy6GAqACHQkY",
        "type" : "Class"
      },
      "shape" : {
        "id" : "5FDyfy6GAqACHTcQ_shape",
        "type" : "Rectangle",
        "x" : 1068,
        "y" : 538,
        "width" : 112,
        "height" : 38
      }
    }, {
      "id" : "HMTyfy6GAqACHUuM",
      "type" : "GeneralizationView",
      "modelElement" : {
        "id" : "gcVyfy6GAqACHRPW",
        "type" : "Generalization"
      },
      "shape" : {
        "id" : "HMTyfy6GAqACHUuM_path",
        "type" : "Path",
        "points" : [ {
          "x" : 529,
          "y" : 539
        }, {
          "x" : 529,
          "y" : 588
        }, {
          "x" : 604,
          "y" : 588
        }, {
          "x" : 604,
          "y" : 645
        } ]
      },
      "source" : {
        "id" : "qZDyfy6GAqACHTbo",
        "type" : "ClassView"
      },
      "target" : {
        "id" : "rZDyfy6GAqACHTby",
        "type" : "ClassView"
      }
    }, {
      "id" : "5sTyfy6GAqACHUug",
      "type" : "RelationView",
      "modelElement" : {
        "id" : "SCVyfy6GAqACHRQc",
        "type" : "Relation"
      },
      "shape" : {
        "id" : "5sTyfy6GAqACHUug_path",
        "type" : "Path",
        "points" : [ {
          "x" : 57,
          "y" : 306
        }, {
          "x" : 57,
          "y" : 86
        } ]
      },
      "source" : {
        "id" : "3ZDyfy6GAqACHTb.",
        "type" : "ClassView"
      },
      "target" : {
        "id" : "_ZDyfy6GAqACHTcA",
        "type" : "ClassView"
      }
    }, {
      "id" : "jsTyfy6GAqACHUu2",
      "type" : "GeneralizationView",
      "modelElement" : {
        "id" : "AyVyfy6GAqACHRRq",
        "type" : "Generalization"
      },
      "shape" : {
        "id" : "jsTyfy6GAqACHUu2_path",
        "type" : "Path",
        "points" : [ {
          "x" : 1239,
          "y" : 445
        }, {
          "x" : 1239,
          "y" : 494
        }, {
          "x" : 1235,
          "y" : 494
        }, {
          "x" : 1235,
          "y" : 537
        } ]
      },
      "source" : {
        "id" : "cFDyfy6GAqACHTcM",
        "type" : "ClassView"
      },
      "target" : {
        "id" : "tFDyfy6GAqACHTcU",
        "type" : "ClassView"
      }
    }, {
      "id" : "4FDyfy6GAqACHTcI",
      "type" : "ClassView",
      "modelElement" : {
        "id" : "dDhyfy6GAqACHQkS",
        "type" : "Class"
      },
      "shape" : {
        "id" : "4FDyfy6GAqACHTcI_shape",
        "type" : "Rectangle",
        "x" : 770,
        "y" : 108,
        "width" : 115,
        "height" : 70
      }
    }, {
      "id" : "PMTyfy6GAqACHUuW",
      "type" : "GeneralizationView",
      "modelElement" : {
        "id" : "m8Vyfy6GAqACHRP1",
        "type" : "Generalization"
      },
      "shape" : {
        "id" : "PMTyfy6GAqACHUuW_path",
        "type" : "Path",
        "points" : [ {
          "x" : 529,
          "y" : 467
        }, {
          "x" : 529,
          "y" : 418
        }, {
          "x" : 665,
          "y" : 418
        }, {
          "x" : 665,
          "y" : 365
        } ]
      },
      "source" : {
        "id" : "qZDyfy6GAqACHTbo",
        "type" : "ClassView"
      },
      "target" : {
        "id" : "nZDyfy6GAqACHTb6",
        "type" : "ClassView"
      }
    }, {
      "id" : "DMTyfy6GAqACHUuG",
      "type" : "GeneralizationView",
      "modelElement" : {
        "id" : ".UVyfy6GAqACHRPI",
        "type" : "Generalization"
      },
      "shape" : {
        "id" : "DMTyfy6GAqACHUuG_path",
        "type" : "Path",
        "points" : [ {
          "x" : 827,
          "y" : 468
        }, {
          "x" : 872,
          "y" : 468
        } ]
      },
      "source" : {
        "id" : "zZDyfy6GAqACHTbs",
        "type" : "ClassView"
      },
      "target" : {
        "id" : "7ZDyfy6GAqACHTb2",
        "type" : "ClassView"
      }
    }, {
      "id" : "26iso6GGAqFkCwr9",
      "type" : "GeneralizationSetView",
      "modelElement" : {
        "id" : "q6iso6GGAqFkCwr7",
        "type" : "GeneralizationSet"
      },
      "shape" : {
        "id" : "26iso6GGAqFkCwr9_shape",
        "type" : "Text",
        "x" : 1158,
        "y" : 487,
        "width" : 34,
        "height" : 15,
        "value" : ""
      }
    }, {
      "id" : "PMTyfy6GAqACHUuU",
      "type" : "GeneralizationView",
      "modelElement" : {
        "id" : "q8Vyfy6GAqACHRPv",
        "type" : "Generalization"
      },
      "shape" : {
        "id" : "PMTyfy6GAqACHUuU_path",
        "type" : "Path",
        "points" : [ {
          "x" : 529,
          "y" : 467
        }, {
          "x" : 529,
          "y" : 418
        }, {
          "x" : 380,
          "y" : 418
        }, {
          "x" : 380,
          "y" : 373
        } ]
      },
      "source" : {
        "id" : "qZDyfy6GAqACHTbo",
        "type" : "ClassView"
      },
      "target" : {
        "id" : "HZDyfy6GAqACHTb4",
        "type" : "ClassView"
      }
    }, {
      "id" : "lsTyfy6GAqACHUuk",
      "type" : "RelationView",
      "modelElement" : {
        "id" : "WiVyfy6GAqACHRQw",
        "type" : "Relation"
      },
      "shape" : {
        "id" : "lsTyfy6GAqACHUuk_path",
        "type" : "Path",
        "points" : [ {
          "x" : 653,
          "y" : 51
        }, {
          "x" : 105,
          "y" : 51
        } ]
      },
      "source" : {
        "id" : "Q5Dyfy6GAqACHTcC",
        "type" : "ClassView"
      },
      "target" : {
        "id" : "_ZDyfy6GAqACHTcA",
        "type" : "ClassView"
      }
    }, {
      "id" : "3MTyfy6GAqACHUuS",
      "type" : "GeneralizationView",
      "modelElement" : {
        "id" : "i8Vyfy6GAqACHRPp",
        "type" : "Generalization"
      },
      "shape" : {
        "id" : "3MTyfy6GAqACHUuS_path",
        "type" : "Path",
        "points" : [ {
          "x" : 575,
          "y" : 503
        }, {
          "x" : 624,
          "y" : 503
        }, {
          "x" : 624,
          "y" : 528
        }, {
          "x" : 737,
          "y" : 528
        } ]
      },
      "source" : {
        "id" : "qZDyfy6GAqACHTbo",
        "type" : "ClassView"
      },
      "target" : {
        "id" : "TZDyfy6GAqACHTbq",
        "type" : "ClassView"
      }
    }, {
      "id" : "zZDyfy6GAqACHTbs",
      "type" : "ClassView",
      "modelElement" : {
        "id" : "XUJyfy6GAqACHQs2",
        "type" : "Class"
      },
      "shape" : {
        "id" : "zZDyfy6GAqACHTbs_shape",
        "type" : "Rectangle",
        "x" : 736,
        "y" : 397,
        "width" : 89,
        "height" : 70
      }
    }, {
      "id" : "7ZDyfy6GAqACHTb2",
      "type" : "ClassView",
      "modelElement" : {
        "id" : "40Jyfy6GAqACHQs7",
        "type" : "Class"
      },
      "shape" : {
        "id" : "7ZDyfy6GAqACHTb2_shape",
        "type" : "Rectangle",
        "x" : 873,
        "y" : 397,
        "width" : 89,
        "height" : 70
      }
    }, {
      "id" : "NsTyfy6GAqACHUus",
      "type" : "RelationView",
      "modelElement" : {
        "id" : "viVyfy6GAqACHRRL",
        "type" : "Relation"
      },
      "shape" : {
        "id" : "NsTyfy6GAqACHUus_path",
        "type" : "Path",
        "points" : [ {
          "x" : 715,
          "y" : 358
        }, {
          "x" : 942,
          "y" : 358
        } ]
      },
      "source" : {
        "id" : "nZDyfy6GAqACHTb6",
        "type" : "ClassView"
      },
      "target" : {
        "id" : "0FDyfy6GAqACHTcK",
        "type" : "ClassView"
      }
    }, {
      "id" : "psTyfy6GAqACHUue",
      "type" : "RelationView",
      "modelElement" : {
        "id" : "ICVyfy6GAqACHRQW",
        "type" : "Relation"
      },
      "shape" : {
        "id" : "psTyfy6GAqACHUue_path",
        "type" : "Path",
        "points" : [ {
          "x" : 334,
          "y" : 372
        }, {
          "x" : 109,
          "y" : 372
        } ]
      },
      "source" : {
        "id" : "HZDyfy6GAqACHTb4",
        "type" : "ClassView"
      },
      "target" : {
        "id" : "3ZDyfy6GAqACHTb.",
        "type" : "ClassView"
      }
    }, {
      "id" : "TZDyfy6GAqACHTbq",
      "type" : "ClassView",
      "modelElement" : {
        "id" : "nUJyfy6GAqACHQs1",
        "type" : "Class"
      },
      "shape" : {
        "id" : "TZDyfy6GAqACHTbq_shape",
        "type" : "Rectangle",
        "x" : 738,
        "y" : 493,
        "width" : 89,
        "height" : 70
      }
    }, {
      "id" : "7MTyfy6GAqACHUuI",
      "type" : "GeneralizationView",
      "modelElement" : {
        "id" : "RUVyfy6GAqACHRPK",
        "type" : "Generalization"
      },
      "shape" : {
        "id" : "7MTyfy6GAqACHUuI_path",
        "type" : "Path",
        "points" : [ {
          "x" : 529,
          "y" : 539
        }, {
          "x" : 529,
          "y" : 588
        }, {
          "x" : 357,
          "y" : 588
        }, {
          "x" : 357,
          "y" : 645
        } ]
      },
      "source" : {
        "id" : "qZDyfy6GAqACHTbo",
        "type" : "ClassView"
      },
      "target" : {
        "id" : "zZDyfy6GAqACHTbu",
        "type" : "ClassView"
      }
    }, {
      "id" : "7MTyfy6GAqACHUuK",
      "type" : "GeneralizationView",
      "modelElement" : {
        "id" : "5UVyfy6GAqACHRPM",
        "type" : "Generalization"
      },
      "shape" : {
        "id" : "7MTyfy6GAqACHUuK_path",
        "type" : "Path",
        "points" : [ {
          "x" : 529,
          "y" : 539
        }, {
          "x" : 529,
          "y" : 588
        }, {
          "x" : 482,
          "y" : 590
        }, {
          "x" : 482,
          "y" : 645
        } ]
      },
      "source" : {
        "id" : "qZDyfy6GAqACHTbo",
        "type" : "ClassView"
      },
      "target" : {
        "id" : "LZDyfy6GAqACHTbw",
        "type" : "ClassView"
      }
    }, {
      "id" : "VFDyfy6GAqACHTcS",
      "type" : "ClassView",
      "modelElement" : {
        "id" : "qzhyfy6GAqACHQkZ",
        "type" : "Class"
      },
      "shape" : {
        "id" : "VFDyfy6GAqACHTcS_shape",
        "type" : "Rectangle",
        "x" : 1452,
        "y" : 538,
        "width" : 97,
        "height" : 38
      }
    }, {
      "id" : "jsTyfy6GAqACHUu4",
      "type" : "GeneralizationView",
      "modelElement" : {
        "id" : "QyVyfy6GAqACHRRs",
        "type" : "Generalization"
      },
      "shape" : {
        "id" : "jsTyfy6GAqACHUu4_path",
        "type" : "Path",
        "points" : [ {
          "x" : 1239,
          "y" : 445
        }, {
          "x" : 1239,
          "y" : 494
        }, {
          "x" : 1368,
          "y" : 494
        }, {
          "x" : 1368,
          "y" : 536
        } ]
      },
      "source" : {
        "id" : "cFDyfy6GAqACHTcM",
        "type" : "ClassView"
      },
      "target" : {
        "id" : "vFDyfy6GAqACHTcW",
        "type" : "ClassView"
      }
    }, {
      "id" : "TsTyfy6GAqACHUu6",
      "type" : "GeneralizationView",
      "modelElement" : {
        "id" : "kyVyfy6GAqACHRRu",
        "type" : "Generalization"
      },
      "shape" : {
        "id" : "TsTyfy6GAqACHUu6_path",
        "type" : "Path",
        "points" : [ {
          "x" : 1239,
          "y" : 445
        }, {
          "x" : 1239,
          "y" : 494
        }, {
          "x" : 1495,
          "y" : 494
        }, {
          "x" : 1495,
          "y" : 537
        } ]
      },
      "source" : {
        "id" : "cFDyfy6GAqACHTcM",
        "type" : "ClassView"
      },
      "target" : {
        "id" : "VFDyfy6GAqACHTcS",
        "type" : "ClassView"
      }
    } ]
  } ]
}