{
  "id" : "y_DCe36D.AAAATeu",
  "name" : "ontology",
  "description" : null,
  "type" : "Project",
  "model" : {
    "id" : "y_DCe36D.AAAATeu_root",
    "name" : "ontology",
    "description" : null,
    "type" : "Package",
    "propertyAssignments" : null,
    "contents" : [ {
      "id" : "JVLCe36D.AAAATuT",
      "name" : "diagram1",
      "description" : null,
      "type" : "Package",
      "propertyAssignments" : null,
      "contents" : [ {
        "id" : "4drCe36D.AAAATuW",
        "name" : "High School Student",
        "description" : null,
        "type" : "Class",
        "propertyAssignments" : null,
        "stereotype" : "role",
        "isAbstract" : false,
        "isDerived" : false,
        "properties" : null,
        "isExtensional" : false,
        "isPowertype" : null,
        "order" : null,
        "literals" : null,
        "restrictedTo" : [ "functional-complex" ]
      }, {
        "id" : "kLSGe36D.AAAATux",
        "name" : "College Student",
        "description" : null,
        "type" : "Class",
        "propertyAssignments" : null,
        "stereotype" : "role",
        "isAbstract" : false,
        "isDerived" : false,
        "properties" : null,
        "isExtensional" : false,
        "isPowertype" : null,
        "order" : null,
        "literals" : null,
        "restrictedTo" : [ "functional-complex" ]
      }, {
        "id" : "xiWGe36D.AAAATu.",
        "name" : "Post Graduate Student",
        "description" : null,
        "type" : "Class",
        "propertyAssignments" : null,
        "stereotype" : "role",
        "isAbstract" : false,
        "isDerived" : false,
        "properties" : null,
        "isExtensional" : false,
        "isPowertype" : null,
        "order" : null,
        "literals" : null,
        "restrictedTo" : [ "functional-complex" ]
      }, {
        "id" : "jUJGe36D.AAAATvd",
        "name" : "Student",
        "description" : null,
        "type" : "Class",
        "propertyAssignments" : null,
        "stereotype" : "role",
        "isAbstract" : false,
        "isDerived" : false,
        "properties" : null,
        "isExtensional" : false,
        "isPowertype" : null,
        "order" : null,
        "literals" : null,
        "restrictedTo" : [ "functional-complex" ]
      }, {
        "id" : "M3Ime36D.AAAATxJ",
        "name" : "Educational Institution",
        "description" : null,
        "type" : "Class",
        "propertyAssignments" : null,
        "stereotype" : "role",
        "isAbstract" : false,
        "isDerived" : false,
        "properties" : null,
        "isExtensional" : false,
        "isPowertype" : null,
        "order" : null,
        "literals" : null,
        "restrictedTo" : [ "functional-complex" ]
      }, {
        "id" : "M_lme36D.AAAATzH",
        "name" : "Enrolment",
        "description" : null,
        "type" : "Class",
        "propertyAssignments" : null,
        "stereotype" : "relator",
        "isAbstract" : false,
        "isDerived" : false,
        "properties" : null,
        "isExtensional" : null,
        "isPowertype" : null,
        "order" : null,
        "literals" : null,
        "restrictedTo" : [ "relator" ]
      }, {
        "id" : "LnIWe36D.AAAAT0v",
        "name" : "Intern",
        "description" : null,
        "type" : "Class",
        "propertyAssignments" : null,
        "stereotype" : "role",
        "isAbstract" : false,
        "isDerived" : false,
        "properties" : null,
        "isExtensional" : false,
        "isPowertype" : null,
        "order" : null,
        "literals" : null,
        "restrictedTo" : [ "functional-complex" ]
      }, {
        "id" : "KasWe36D.AAAAT1U",
        "name" : "Legal Person",
        "description" : null,
        "type" : "Class",
        "propertyAssignments" : null,
        "stereotype" : "kind",
        "isAbstract" : false,
        "isDerived" : false,
        "properties" : null,
        "isExtensional" : null,
        "isPowertype" : null,
        "order" : null,
        "literals" : null,
        "restrictedTo" : [ "functional-complex" ]
      }, {
        "id" : "SOyWe36D.AAAAT1l",
        "name" : "Natural Person",
        "description" : null,
        "type" : "Class",
        "propertyAssignments" : null,
        "stereotype" : "subkind",
        "isAbstract" : false,
        "isDerived" : false,
        "properties" : null,
        "isExtensional" : false,
        "isPowertype" : null,
        "order" : null,
        "literals" : null,
        "restrictedTo" : [ "functional-complex" ]
      }, {
        "id" : "O6eWe36D.AAAAT19",
        "name" : "Juridical Person",
        "description" : null,
        "type" : "Class",
        "propertyAssignments" : null,
        "stereotype" : "subkind",
        "isAbstract" : false,
        "isDerived" : false,
        "properties" : null,
        "isExtensional" : false,
        "isPowertype" : null,
        "order" : null,
        "literals" : null,
        "restrictedTo" : [ "functional-complex" ]
      }, {
        "id" : "h.fWe36D.AAAAT3v",
        "name" : "Employment",
        "description" : null,
        "type" : "Class",
        "propertyAssignments" : null,
        "stereotype" : "relator",
        "isAbstract" : false,
        "isDerived" : false,
        "properties" : null,
        "isExtensional" : null,
        "isPowertype" : null,
        "order" : null,
        "literals" : null,
        "restrictedTo" : [ "relator" ]
      }, {
        "id" : "Xc42e36D.AAAAT4D",
        "name" : "Employee",
        "description" : null,
        "type" : "Class",
        "propertyAssignments" : null,
        "stereotype" : "role",
        "isAbstract" : false,
        "isDerived" : false,
        "properties" : null,
        "isExtensional" : false,
        "isPowertype" : null,
        "order" : null,
        "literals" : null,
        "restrictedTo" : [ "functional-complex" ]
      }, {
        "id" : "Axc2e36D.AAAAT4W",
        "name" : "Employer",
        "description" : null,
        "type" : "Class",
        "propertyAssignments" : null,
        "stereotype" : "role",
        "isAbstract" : false,
        "isDerived" : false,
        "properties" : null,
        "isExtensional" : false,
        "isPowertype" : null,
        "order" : null,
        "literals" : null,
        "restrictedTo" : [ "functional-complex" ]
      }, {
        "id" : "QQf2e36D.AAAAT7u",
        "name" : "Educational Supervisor",
        "description" : null,
        "type" : "Class",
        "propertyAssignments" : null,
        "stereotype" : "role",
        "isAbstract" : false,
        "isDerived" : false,
        "properties" : null,
        "isExtensional" : false,
        "isPowertype" : null,
        "order" : null,
        "literals" : null,
        "restrictedTo" : [ "functional-complex" ]
      }, {
        "id" : "fvoOe36D.AAAAT8B",
        "name" : "Supervisor",
        "description" : null,
        "type" : "Class",
        "propertyAssignments" : null,
        "stereotype" : "role",
        "isAbstract" : false,
        "isDerived" : false,
        "properties" : null,
        "isExtensional" : false,
        "isPowertype" : null,
        "order" : null,
        "literals" : null,
        "restrictedTo" : [ "functional-complex" ]
      }, {
        "id" : "zQSOe36D.AAAAT8s",
        "name" : "Internship Provider Organization",
        "description" : null,
        "type" : "Class",
        "propertyAssignments" : null,
        "stereotype" : "role",
        "isAbstract" : false,
        "isDerived" : false,
        "properties" : null,
        "isExtensional" : false,
        "isPowertype" : null,
        "order" : null,
        "literals" : null,
        "restrictedTo" : [ "functional-complex" ]
      }, {
        "id" : "9VBOe36D.AAAAT9R",
        "name" : "Internship",
        "description" : null,
        "type" : "Class",
        "propertyAssignments" : null,
        "stereotype" : "relator",
        "isAbstract" : false,
        "isDerived" : false,
        "properties" : [ {
          "id" : "4uZOe36D.AAAAT9k",
          "name" : "hours per day",
          "description" : null,
          "type" : "Property",
          "propertyAssignments" : null,
          "stereotype" : null,
          "isDerived" : false,
          "isReadOnly" : false,
          "isOrdered" : false,
          "cardinality" : null,
          "propertyType" : null,
          "subsettedProperties" : null,
          "redefinedProperties" : null,
          "aggregationKind" : "NONE"
        }, {
          "id" : "PclOe36D.AAAAT9n",
          "name" : "income",
          "description" : null,
          "type" : "Property",
          "propertyAssignments" : null,
          "stereotype" : null,
          "isDerived" : false,
          "isReadOnly" : false,
          "isOrdered" : false,
          "cardinality" : null,
          "propertyType" : null,
          "subsettedProperties" : null,
          "redefinedProperties" : null,
          "aggregationKind" : "NONE"
        } ],
        "isExtensional" : null,
        "isPowertype" : null,
        "order" : null,
        "literals" : null,
        "restrictedTo" : [ "relator" ]
      }, {
        "id" : "k6mue36D.AAAAUAW",
        "name" : "Obligatory Internship",
        "description" : null,
        "type" : "Class",
        "propertyAssignments" : null,
        "stereotype" : "relator",
        "isAbstract" : false,
        "isDerived" : false,
        "properties" : null,
        "isExtensional" : null,
        "isPowertype" : null,
        "order" : null,
        "literals" : null,
        "restrictedTo" : [ "relator" ]
      }, {
        "id" : "2cuue36D.AAAAUAg",
        "name" : "Voluntary Internship",
        "description" : null,
        "type" : "Class",
        "propertyAssignments" : null,
        "stereotype" : "relator",
        "isAbstract" : false,
        "isDerived" : false,
        "properties" : null,
        "isExtensional" : null,
        "isPowertype" : null,
        "order" : null,
        "literals" : null,
        "restrictedTo" : [ "relator" ]
      }, {
        "id" : "BrHue36D.AAAAUCS",
        "name" : "Term of commitment",
        "description" : null,
        "type" : "Class",
        "propertyAssignments" : null,
        "stereotype" : "kind",
        "isAbstract" : false,
        "isDerived" : false,
        "properties" : null,
        "isExtensional" : null,
        "isPowertype" : null,
        "order" : null,
        "literals" : null,
        "restrictedTo" : [ "functional-complex" ]
      }, {
        "id" : "ohLee36D.AAAAUFj",
        "name" : "Full Time Internship",
        "description" : null,
        "type" : "Class",
        "propertyAssignments" : null,
        "stereotype" : "relator",
        "isAbstract" : false,
        "isDerived" : false,
        "properties" : null,
        "isExtensional" : null,
        "isPowertype" : null,
        "order" : null,
        "literals" : null,
        "restrictedTo" : [ "relator" ]
      }, {
        "id" : "Td7ee36D.AAAAUFt",
        "name" : "Part Time Internship",
        "description" : null,
        "type" : "Class",
        "propertyAssignments" : null,
        "stereotype" : "relator",
        "isAbstract" : false,
        "isDerived" : false,
        "properties" : null,
        "isExtensional" : null,
        "isPowertype" : null,
        "order" : null,
        "literals" : null,
        "restrictedTo" : [ "relator" ]
      }, {
        "id" : "jL..e36D.AAAAUH6",
        "name" : "Insurance Carrier",
        "description" : null,
        "type" : "Class",
        "propertyAssignments" : null,
        "stereotype" : "role",
        "isAbstract" : false,
        "isDerived" : false,
        "properties" : null,
        "isExtensional" : false,
        "isPowertype" : null,
        "order" : null,
        "literals" : null,
        "restrictedTo" : [ "functional-complex" ]
      }, {
        "id" : "TB1.e36D.AAAAUIZ",
        "name" : "Organization Insured",
        "description" : null,
        "type" : "Class",
        "propertyAssignments" : null,
        "stereotype" : "role",
        "isAbstract" : false,
        "isDerived" : false,
        "properties" : null,
        "isExtensional" : false,
        "isPowertype" : null,
        "order" : null,
        "literals" : null,
        "restrictedTo" : null
      }, {
        "id" : "Mh6Be36D.AAAAUIy",
        "name" : "Personal Injury Insurance",
        "description" : null,
        "type" : "Class",
        "propertyAssignments" : null,
        "stereotype" : "relator",
        "isAbstract" : false,
        "isDerived" : false,
        "properties" : null,
        "isExtensional" : null,
        "isPowertype" : null,
        "order" : null,
        "literals" : null,
        "restrictedTo" : [ "relator" ]
      }, {
        "id" : "i_Che36D.AAAAULJ",
        "name" : "Insurance Policy",
        "description" : null,
        "type" : "Class",
        "propertyAssignments" : null,
        "stereotype" : "kind",
        "isAbstract" : false,
        "isDerived" : false,
        "properties" : null,
        "isExtensional" : null,
        "isPowertype" : null,
        "order" : null,
        "literals" : null,
        "restrictedTo" : [ "functional-complex" ]
      }, {
        "id" : "WHTGe36D.AAAATv3",
        "name" : null,
        "description" : null,
        "type" : "Generalization",
        "propertyAssignments" : null,
        "general" : {
          "id" : "jUJGe36D.AAAATvd",
          "type" : "Class"
        },
        "specific" : {
          "id" : "kLSGe36D.AAAATux",
          "type" : "Class"
        }
      }, {
        "id" : "mrzGe36D.AAAATv7",
        "name" : null,
        "description" : null,
        "type" : "Generalization",
        "propertyAssignments" : null,
        "general" : {
          "id" : "jUJGe36D.AAAATvd",
          "type" : "Class"
        },
        "specific" : {
          "id" : "4drCe36D.AAAATuW",
          "type" : "Class"
        }
      }, {
        "id" : "74bGe36D.AAAATwB",
        "name" : null,
        "description" : null,
        "type" : "Generalization",
        "propertyAssignments" : null,
        "general" : {
          "id" : "jUJGe36D.AAAATvd",
          "type" : "Class"
        },
        "specific" : {
          "id" : "xiWGe36D.AAAATu.",
          "type" : "Class"
        }
      }, {
        "id" : "QEMWe36D.AAAAT1P",
        "name" : null,
        "description" : null,
        "type" : "Generalization",
        "propertyAssignments" : null,
        "general" : {
          "id" : "jUJGe36D.AAAATvd",
          "type" : "Class"
        },
        "specific" : {
          "id" : "LnIWe36D.AAAAT0v",
          "type" : "Class"
        }
      }, {
        "id" : "slFWe36D.AAAAT2K",
        "name" : null,
        "description" : null,
        "type" : "Generalization",
        "propertyAssignments" : null,
        "general" : {
          "id" : "KasWe36D.AAAAT1U",
          "type" : "Class"
        },
        "specific" : {
          "id" : "O6eWe36D.AAAAT19",
          "type" : "Class"
        }
      }, {
        "id" : "xqlWe36D.AAAAT2O",
        "name" : null,
        "description" : null,
        "type" : "Generalization",
        "propertyAssignments" : null,
        "general" : {
          "id" : "KasWe36D.AAAAT1U",
          "type" : "Class"
        },
        "specific" : {
          "id" : "SOyWe36D.AAAAT1l",
          "type" : "Class"
        }
      }, {
        "id" : "3hHWe36D.AAAAT3c",
        "name" : null,
        "description" : null,
        "type" : "Generalization",
        "propertyAssignments" : null,
        "general" : {
          "id" : "SOyWe36D.AAAAT1l",
          "type" : "Class"
        },
        "specific" : {
          "id" : "jUJGe36D.AAAATvd",
          "type" : "Class"
        }
      }, {
        "id" : "qY12e36D.AAAAT6X",
        "name" : null,
        "description" : null,
        "type" : "Generalization",
        "propertyAssignments" : null,
        "general" : {
          "id" : "SOyWe36D.AAAAT1l",
          "type" : "Class"
        },
        "specific" : {
          "id" : "Xc42e36D.AAAAT4D",
          "type" : "Class"
        }
      }, {
        "id" : "7nd2e36D.AAAAT6h",
        "name" : null,
        "description" : null,
        "type" : "Generalization",
        "propertyAssignments" : null,
        "general" : {
          "id" : "O6eWe36D.AAAAT19",
          "type" : "Class"
        },
        "specific" : {
          "id" : "Axc2e36D.AAAAT4W",
          "type" : "Class"
        }
      }, {
        "id" : "J2UOe36D.AAAAT8R",
        "name" : null,
        "description" : null,
        "type" : "Generalization",
        "propertyAssignments" : null,
        "general" : {
          "id" : "Xc42e36D.AAAAT4D",
          "type" : "Class"
        },
        "specific" : {
          "id" : "fvoOe36D.AAAAT8B",
          "type" : "Class"
        }
      }, {
        "id" : "CScOe36D.AAAAT8f",
        "name" : null,
        "description" : null,
        "type" : "Generalization",
        "propertyAssignments" : null,
        "general" : {
          "id" : "Xc42e36D.AAAAT4D",
          "type" : "Class"
        },
        "specific" : {
          "id" : "QQf2e36D.AAAAT7u",
          "type" : "Class"
        }
      }, {
        "id" : "3tuOe36D.AAAAT9C",
        "name" : null,
        "description" : null,
        "type" : "Generalization",
        "propertyAssignments" : null,
        "general" : {
          "id" : "Axc2e36D.AAAAT4W",
          "type" : "Class"
        },
        "specific" : {
          "id" : "zQSOe36D.AAAAT8s",
          "type" : "Class"
        }
      }, {
        "id" : "_jtue36D.AAAAUBo",
        "name" : null,
        "description" : null,
        "type" : "Generalization",
        "propertyAssignments" : null,
        "general" : {
          "id" : "9VBOe36D.AAAAT9R",
          "type" : "Class"
        },
        "specific" : {
          "id" : "2cuue36D.AAAAUAg",
          "type" : "Class"
        }
      }, {
        "id" : "Mz9ue36D.AAAAUBu",
        "name" : null,
        "description" : null,
        "type" : "Generalization",
        "propertyAssignments" : null,
        "general" : {
          "id" : "9VBOe36D.AAAAT9R",
          "type" : "Class"
        },
        "specific" : {
          "id" : "k6mue36D.AAAAUAW",
          "type" : "Class"
        }
      }, {
        "id" : "Dio.e36D.AAAAUGW",
        "name" : null,
        "description" : null,
        "type" : "Generalization",
        "propertyAssignments" : null,
        "general" : {
          "id" : "9VBOe36D.AAAAT9R",
          "type" : "Class"
        },
        "specific" : {
          "id" : "ohLee36D.AAAAUFj",
          "type" : "Class"
        }
      }, {
        "id" : "aB4.e36D.AAAAUGe",
        "name" : null,
        "description" : null,
        "type" : "Generalization",
        "propertyAssignments" : null,
        "general" : {
          "id" : "9VBOe36D.AAAAT9R",
          "type" : "Class"
        },
        "specific" : {
          "id" : "Td7ee36D.AAAAUFt",
          "type" : "Class"
        }
      }, {
        "id" : ".v2.e36D.AAAAUHp",
        "name" : null,
        "description" : null,
        "type" : "Generalization",
        "propertyAssignments" : null,
        "general" : {
          "id" : "Axc2e36D.AAAAT4W",
          "type" : "Class"
        },
        "specific" : {
          "id" : "M3Ime36D.AAAATxJ",
          "type" : "Class"
        }
      }, {
        "id" : "ill.e36D.AAAAUIQ",
        "name" : null,
        "description" : null,
        "type" : "Generalization",
        "propertyAssignments" : null,
        "general" : {
          "id" : "O6eWe36D.AAAAT19",
          "type" : "Class"
        },
        "specific" : {
          "id" : "jL..e36D.AAAAUH6",
          "type" : "Class"
        }
      }, {
        "id" : "f_P.e36D.AAAAUIp",
        "name" : null,
        "description" : null,
        "type" : "Generalization",
        "propertyAssignments" : null,
        "general" : {
          "id" : "TB1.e36D.AAAAUIZ",
          "type" : "Class"
        },
        "specific" : {
          "id" : "zQSOe36D.AAAAT8s",
          "type" : "Class"
        }
      }, {
        "id" : "QrXGe36D.AAAATwW",
        "name" : "",
        "description" : null,
        "type" : "GeneralizationSet",
        "propertyAssignments" : null,
        "isDisjoint" : true,
        "isComplete" : true,
        "categorizer" : null,
        "generalizations" : [ {
          "id" : "WHTGe36D.AAAATv3",
          "type" : "Generalization"
        }, {
          "id" : "mrzGe36D.AAAATv7",
          "type" : "Generalization"
        }, {
          "id" : "74bGe36D.AAAATwB",
          "type" : "Generalization"
        } ]
      }, {
        "id" : "eVdWe36D.AAAAT2o",
        "name" : "",
        "description" : null,
        "type" : "GeneralizationSet",
        "propertyAssignments" : null,
        "isDisjoint" : true,
        "isComplete" : true,
        "categorizer" : null,
        "generalizations" : [ {
          "id" : "slFWe36D.AAAAT2K",
          "type" : "Generalization"
        }, {
          "id" : "xqlWe36D.AAAAT2O",
          "type" : "Generalization"
        } ]
      }, {
        "id" : "qVTue36D.AAAAUB9",
        "name" : "",
        "description" : null,
        "type" : "GeneralizationSet",
        "propertyAssignments" : null,
        "isDisjoint" : true,
        "isComplete" : true,
        "categorizer" : null,
        "generalizations" : [ {
          "id" : "_jtue36D.AAAAUBo",
          "type" : "Generalization"
        }, {
          "id" : "Mz9ue36D.AAAAUBu",
          "type" : "Generalization"
        } ]
      }, {
        "id" : "bBs.e36D.AAAAUGv",
        "name" : "",
        "description" : null,
        "type" : "GeneralizationSet",
        "propertyAssignments" : null,
        "isDisjoint" : true,
        "isComplete" : true,
        "categorizer" : null,
        "generalizations" : [ {
          "id" : "aB4.e36D.AAAAUGe",
          "type" : "Generalization"
        }, {
          "id" : "Dio.e36D.AAAAUGW",
          "type" : "Generalization"
        } ]
      }, {
        "id" : "NQume36D.AAAATyX",
        "name" : "studies at",
        "description" : null,
        "type" : "Relation",
        "propertyAssignments" : null,
        "stereotype" : "material",
        "isAbstract" : false,
        "isDerived" : false,
        "properties" : [ {
          "id" : "NQume36D.AAAATyY",
          "name" : null,
          "description" : null,
          "type" : "Property",
          "propertyAssignments" : null,
          "stereotype" : null,
          "isDerived" : false,
          "isReadOnly" : false,
          "isOrdered" : false,
          "cardinality" : "1..*",
          "propertyType" : {
            "id" : "jUJGe36D.AAAATvd",
            "type" : "Class"
          },
          "subsettedProperties" : null,
          "redefinedProperties" : null,
          "aggregationKind" : "NONE"
        }, {
          "id" : "NQume36D.AAAATya",
          "name" : null,
          "description" : null,
          "type" : "Property",
          "propertyAssignments" : null,
          "stereotype" : null,
          "isDerived" : false,
          "isReadOnly" : false,
          "isOrdered" : false,
          "cardinality" : "1..*",
          "propertyType" : {
            "id" : "M3Ime36D.AAAATxJ",
            "type" : "Class"
          },
          "subsettedProperties" : null,
          "redefinedProperties" : null,
          "aggregationKind" : "NONE"
        } ]
      }, {
        "id" : "wWjme36D.AAAATzW",
        "name" : null,
        "description" : null,
        "type" : "Relation",
        "propertyAssignments" : null,
        "stereotype" : "mediation",
        "isAbstract" : false,
        "isDerived" : false,
        "properties" : [ {
          "id" : "wWjme36D.AAAATzX",
          "name" : "",
          "description" : null,
          "type" : "Property",
          "propertyAssignments" : null,
          "stereotype" : null,
          "isDerived" : false,
          "isReadOnly" : false,
          "isOrdered" : false,
          "cardinality" : "1..*",
          "propertyType" : {
            "id" : "M_lme36D.AAAATzH",
            "type" : "Class"
          },
          "subsettedProperties" : null,
          "redefinedProperties" : null,
          "aggregationKind" : "NONE"
        }, {
          "id" : "IWjme36D.AAAATzZ",
          "name" : null,
          "description" : null,
          "type" : "Property",
          "propertyAssignments" : null,
          "stereotype" : null,
          "isDerived" : false,
          "isReadOnly" : true,
          "isOrdered" : false,
          "cardinality" : "1",
          "propertyType" : {
            "id" : "jUJGe36D.AAAATvd",
            "type" : "Class"
          },
          "subsettedProperties" : null,
          "redefinedProperties" : null,
          "aggregationKind" : "NONE"
        } ]
      }, {
        "id" : "cyHme36D.AAAATz4",
        "name" : null,
        "description" : null,
        "type" : "Relation",
        "propertyAssignments" : null,
        "stereotype" : "mediation",
        "isAbstract" : false,
        "isDerived" : false,
        "properties" : [ {
          "id" : "cyHme36D.AAAATz5",
          "name" : "",
          "description" : null,
          "type" : "Property",
          "propertyAssignments" : null,
          "stereotype" : null,
          "isDerived" : false,
          "isReadOnly" : false,
          "isOrdered" : false,
          "cardinality" : "1..*",
          "propertyType" : {
            "id" : "M_lme36D.AAAATzH",
            "type" : "Class"
          },
          "subsettedProperties" : null,
          "redefinedProperties" : null,
          "aggregationKind" : "NONE"
        }, {
          "id" : "cyHme36D.AAAATz7",
          "name" : null,
          "description" : null,
          "type" : "Property",
          "propertyAssignments" : null,
          "stereotype" : null,
          "isDerived" : false,
          "isReadOnly" : true,
          "isOrdered" : false,
          "cardinality" : "1",
          "propertyType" : {
            "id" : "M3Ime36D.AAAATxJ",
            "type" : "Class"
          },
          "subsettedProperties" : null,
          "redefinedProperties" : null,
          "aggregationKind" : "NONE"
        } ]
      }, {
        "id" : "lfK2e36D.AAAAT4m",
        "name" : "works at",
        "description" : null,
        "type" : "Relation",
        "propertyAssignments" : null,
        "stereotype" : "material",
        "isAbstract" : false,
        "isDerived" : false,
        "properties" : [ {
          "id" : "lfK2e36D.AAAAT4n",
          "name" : null,
          "description" : null,
          "type" : "Property",
          "propertyAssignments" : null,
          "stereotype" : null,
          "isDerived" : false,
          "isReadOnly" : false,
          "isOrdered" : false,
          "cardinality" : "1..*",
          "propertyType" : {
            "id" : "Xc42e36D.AAAAT4D",
            "type" : "Class"
          },
          "subsettedProperties" : null,
          "redefinedProperties" : null,
          "aggregationKind" : "NONE"
        }, {
          "id" : "VfK2e36D.AAAAT4p",
          "name" : null,
          "description" : null,
          "type" : "Property",
          "propertyAssignments" : null,
          "stereotype" : null,
          "isDerived" : false,
          "isReadOnly" : false,
          "isOrdered" : false,
          "cardinality" : "1..*",
          "propertyType" : {
            "id" : "Axc2e36D.AAAAT4W",
            "type" : "Class"
          },
          "subsettedProperties" : null,
          "redefinedProperties" : null,
          "aggregationKind" : "NONE"
        } ]
      }, {
        "id" : "2Lu2e36D.AAAAT5L",
        "name" : null,
        "description" : null,
        "type" : "Relation",
        "propertyAssignments" : null,
        "stereotype" : "mediation",
        "isAbstract" : false,
        "isDerived" : false,
        "properties" : [ {
          "id" : "2Lu2e36D.AAAAT5M",
          "name" : "",
          "description" : null,
          "type" : "Property",
          "propertyAssignments" : null,
          "stereotype" : null,
          "isDerived" : false,
          "isReadOnly" : false,
          "isOrdered" : false,
          "cardinality" : "1..*",
          "propertyType" : {
            "id" : "h.fWe36D.AAAAT3v",
            "type" : "Class"
          },
          "subsettedProperties" : null,
          "redefinedProperties" : null,
          "aggregationKind" : "NONE"
        }, {
          "id" : "2Lu2e36D.AAAAT5O",
          "name" : null,
          "description" : null,
          "type" : "Property",
          "propertyAssignments" : null,
          "stereotype" : null,
          "isDerived" : false,
          "isReadOnly" : true,
          "isOrdered" : false,
          "cardinality" : "1",
          "propertyType" : {
            "id" : "Xc42e36D.AAAAT4D",
            "type" : "Class"
          },
          "subsettedProperties" : null,
          "redefinedProperties" : null,
          "aggregationKind" : "NONE"
        } ]
      }, {
        "id" : "Zrx2e36D.AAAAT5t",
        "name" : null,
        "description" : null,
        "type" : "Relation",
        "propertyAssignments" : null,
        "stereotype" : "mediation",
        "isAbstract" : false,
        "isDerived" : false,
        "properties" : [ {
          "id" : "Zrx2e36D.AAAAT5u",
          "name" : "",
          "description" : null,
          "type" : "Property",
          "propertyAssignments" : null,
          "stereotype" : null,
          "isDerived" : false,
          "isReadOnly" : false,
          "isOrdered" : false,
          "cardinality" : "1..*",
          "propertyType" : {
            "id" : "h.fWe36D.AAAAT3v",
            "type" : "Class"
          },
          "subsettedProperties" : null,
          "redefinedProperties" : null,
          "aggregationKind" : "NONE"
        }, {
          "id" : "5rx2e36D.AAAAT5w",
          "name" : null,
          "description" : null,
          "type" : "Property",
          "propertyAssignments" : null,
          "stereotype" : null,
          "isDerived" : false,
          "isReadOnly" : true,
          "isOrdered" : false,
          "cardinality" : "1",
          "propertyType" : {
            "id" : "Axc2e36D.AAAAT4W",
            "type" : "Class"
          },
          "subsettedProperties" : null,
          "redefinedProperties" : null,
          "aggregationKind" : "NONE"
        } ]
      }, {
        "id" : "PEQue36D.AAAAT.Z",
        "name" : null,
        "description" : null,
        "type" : "Relation",
        "propertyAssignments" : null,
        "stereotype" : "mediation",
        "isAbstract" : false,
        "isDerived" : false,
        "properties" : [ {
          "id" : "vEQue36D.AAAAT.a",
          "name" : null,
          "description" : null,
          "type" : "Property",
          "propertyAssignments" : null,
          "stereotype" : null,
          "isDerived" : false,
          "isReadOnly" : false,
          "isOrdered" : false,
          "cardinality" : "1..*",
          "propertyType" : {
            "id" : "9VBOe36D.AAAAT9R",
            "type" : "Class"
          },
          "subsettedProperties" : null,
          "redefinedProperties" : null,
          "aggregationKind" : "NONE"
        }, {
          "id" : "fEQue36D.AAAAT.c",
          "name" : "supervisor",
          "description" : null,
          "type" : "Property",
          "propertyAssignments" : null,
          "stereotype" : null,
          "isDerived" : false,
          "isReadOnly" : true,
          "isOrdered" : false,
          "cardinality" : "1",
          "propertyType" : {
            "id" : "fvoOe36D.AAAAT8B",
            "type" : "Class"
          },
          "subsettedProperties" : null,
          "redefinedProperties" : null,
          "aggregationKind" : "NONE"
        } ]
      }, {
        "id" : "sLEue36D.AAAAT._",
        "name" : null,
        "description" : null,
        "type" : "Relation",
        "propertyAssignments" : null,
        "stereotype" : "mediation",
        "isAbstract" : false,
        "isDerived" : false,
        "properties" : [ {
          "id" : "cLEue36D.AAAAT_A",
          "name" : "",
          "description" : null,
          "type" : "Property",
          "propertyAssignments" : null,
          "stereotype" : null,
          "isDerived" : false,
          "isReadOnly" : false,
          "isOrdered" : false,
          "cardinality" : "1..*",
          "propertyType" : {
            "id" : "9VBOe36D.AAAAT9R",
            "type" : "Class"
          },
          "subsettedProperties" : null,
          "redefinedProperties" : null,
          "aggregationKind" : "NONE"
        }, {
          "id" : "cLEue36D.AAAAT_C",
          "name" : null,
          "description" : null,
          "type" : "Property",
          "propertyAssignments" : null,
          "stereotype" : null,
          "isDerived" : false,
          "isReadOnly" : true,
          "isOrdered" : false,
          "cardinality" : "1",
          "propertyType" : {
            "id" : "zQSOe36D.AAAAT8s",
            "type" : "Class"
          },
          "subsettedProperties" : null,
          "redefinedProperties" : null,
          "aggregationKind" : "NONE"
        } ]
      }, {
        "id" : "rJSue36D.AAAAT_5",
        "name" : null,
        "description" : null,
        "type" : "Relation",
        "propertyAssignments" : null,
        "stereotype" : "mediation",
        "isAbstract" : false,
        "isDerived" : false,
        "properties" : [ {
          "id" : "rJSue36D.AAAAT_6",
          "name" : "",
          "description" : null,
          "type" : "Property",
          "propertyAssignments" : null,
          "stereotype" : null,
          "isDerived" : false,
          "isReadOnly" : false,
          "isOrdered" : false,
          "cardinality" : "1..*",
          "propertyType" : {
            "id" : "9VBOe36D.AAAAT9R",
            "type" : "Class"
          },
          "subsettedProperties" : null,
          "redefinedProperties" : null,
          "aggregationKind" : "NONE"
        }, {
          "id" : "rJSue36D.AAAAT_8",
          "name" : null,
          "description" : null,
          "type" : "Property",
          "propertyAssignments" : null,
          "stereotype" : null,
          "isDerived" : false,
          "isReadOnly" : true,
          "isOrdered" : false,
          "cardinality" : "1",
          "propertyType" : {
            "id" : "QQf2e36D.AAAAT7u",
            "type" : "Class"
          },
          "subsettedProperties" : null,
          "redefinedProperties" : null,
          "aggregationKind" : "NONE"
        } ]
      }, {
        "id" : "BEgee36D.AAAAUCp",
        "name" : null,
        "description" : null,
        "type" : "Relation",
        "propertyAssignments" : null,
        "stereotype" : "mediation",
        "isAbstract" : false,
        "isDerived" : false,
        "properties" : [ {
          "id" : "hEgee36D.AAAAUCq",
          "name" : "",
          "description" : null,
          "type" : "Property",
          "propertyAssignments" : null,
          "stereotype" : null,
          "isDerived" : false,
          "isReadOnly" : false,
          "isOrdered" : false,
          "cardinality" : "1",
          "propertyType" : {
            "id" : "9VBOe36D.AAAAT9R",
            "type" : "Class"
          },
          "subsettedProperties" : null,
          "redefinedProperties" : null,
          "aggregationKind" : "NONE"
        }, {
          "id" : "hEgee36D.AAAAUCs",
          "name" : null,
          "description" : null,
          "type" : "Property",
          "propertyAssignments" : null,
          "stereotype" : null,
          "isDerived" : false,
          "isReadOnly" : true,
          "isOrdered" : false,
          "cardinality" : "1",
          "propertyType" : {
            "id" : "BrHue36D.AAAAUCS",
            "type" : "Class"
          },
          "subsettedProperties" : null,
          "redefinedProperties" : null,
          "aggregationKind" : "NONE"
        } ]
      }, {
        "id" : "v9Mee36D.AAAAUDZ",
        "name" : null,
        "description" : null,
        "type" : "Relation",
        "propertyAssignments" : null,
        "stereotype" : "mediation",
        "isAbstract" : false,
        "isDerived" : false,
        "properties" : [ {
          "id" : "v9Mee36D.AAAAUDa",
          "name" : "",
          "description" : null,
          "type" : "Property",
          "propertyAssignments" : null,
          "stereotype" : null,
          "isDerived" : false,
          "isReadOnly" : false,
          "isOrdered" : false,
          "cardinality" : "1",
          "propertyType" : {
            "id" : "9VBOe36D.AAAAT9R",
            "type" : "Class"
          },
          "subsettedProperties" : null,
          "redefinedProperties" : null,
          "aggregationKind" : "NONE"
        }, {
          "id" : "f9Mee36D.AAAAUDc",
          "name" : null,
          "description" : null,
          "type" : "Property",
          "propertyAssignments" : null,
          "stereotype" : null,
          "isDerived" : false,
          "isReadOnly" : true,
          "isOrdered" : false,
          "cardinality" : "1",
          "propertyType" : {
            "id" : "LnIWe36D.AAAAT0v",
            "type" : "Class"
          },
          "subsettedProperties" : null,
          "redefinedProperties" : null,
          "aggregationKind" : "NONE"
        } ]
      }, {
        "id" : "nIuee36D.AAAAUET",
        "name" : null,
        "description" : null,
        "type" : "Relation",
        "propertyAssignments" : null,
        "stereotype" : "mediation",
        "isAbstract" : false,
        "isDerived" : false,
        "properties" : [ {
          "id" : "nIuee36D.AAAAUEU",
          "name" : "",
          "description" : null,
          "type" : "Property",
          "propertyAssignments" : null,
          "stereotype" : null,
          "isDerived" : false,
          "isReadOnly" : true,
          "isOrdered" : false,
          "cardinality" : "1",
          "propertyType" : {
            "id" : "M3Ime36D.AAAATxJ",
            "type" : "Class"
          },
          "subsettedProperties" : null,
          "redefinedProperties" : null,
          "aggregationKind" : "NONE"
        }, {
          "id" : "nIuee36D.AAAAUEW",
          "name" : "",
          "description" : null,
          "type" : "Property",
          "propertyAssignments" : null,
          "stereotype" : null,
          "isDerived" : false,
          "isReadOnly" : true,
          "isOrdered" : false,
          "cardinality" : "1..*",
          "propertyType" : {
            "id" : "9VBOe36D.AAAAT9R",
            "type" : "Class"
          },
          "subsettedProperties" : null,
          "redefinedProperties" : null,
          "aggregationKind" : "NONE"
        } ]
      }, {
        "id" : "uZZBe36D.AAAAUJX",
        "name" : null,
        "description" : null,
        "type" : "Relation",
        "propertyAssignments" : null,
        "stereotype" : "mediation",
        "isAbstract" : false,
        "isDerived" : false,
        "properties" : [ {
          "id" : "uZZBe36D.AAAAUJY",
          "name" : null,
          "description" : null,
          "type" : "Property",
          "propertyAssignments" : null,
          "stereotype" : null,
          "isDerived" : false,
          "isReadOnly" : false,
          "isOrdered" : false,
          "cardinality" : "1..*",
          "propertyType" : {
            "id" : "Mh6Be36D.AAAAUIy",
            "type" : "Class"
          },
          "subsettedProperties" : null,
          "redefinedProperties" : null,
          "aggregationKind" : "NONE"
        }, {
          "id" : "uZZBe36D.AAAAUJa",
          "name" : null,
          "description" : null,
          "type" : "Property",
          "propertyAssignments" : null,
          "stereotype" : null,
          "isDerived" : false,
          "isReadOnly" : true,
          "isOrdered" : false,
          "cardinality" : "1",
          "propertyType" : {
            "id" : "jL..e36D.AAAAUH6",
            "type" : "Class"
          },
          "subsettedProperties" : null,
          "redefinedProperties" : null,
          "aggregationKind" : "NONE"
        } ]
      }, {
        "id" : "JeNBe36D.AAAAUJy",
        "name" : null,
        "description" : null,
        "type" : "Relation",
        "propertyAssignments" : null,
        "stereotype" : "mediation",
        "isAbstract" : false,
        "isDerived" : false,
        "properties" : [ {
          "id" : "JeNBe36D.AAAAUJz",
          "name" : null,
          "description" : null,
          "type" : "Property",
          "propertyAssignments" : null,
          "stereotype" : null,
          "isDerived" : false,
          "isReadOnly" : false,
          "isOrdered" : false,
          "cardinality" : "1..*",
          "propertyType" : {
            "id" : "Mh6Be36D.AAAAUIy",
            "type" : "Class"
          },
          "subsettedProperties" : null,
          "redefinedProperties" : null,
          "aggregationKind" : "NONE"
        }, {
          "id" : "peNBe36D.AAAAUJ1",
          "name" : null,
          "description" : null,
          "type" : "Property",
          "propertyAssignments" : null,
          "stereotype" : null,
          "isDerived" : false,
          "isReadOnly" : true,
          "isOrdered" : false,
          "cardinality" : "1",
          "propertyType" : {
            "id" : "TB1.e36D.AAAAUIZ",
            "type" : "Class"
          },
          "subsettedProperties" : null,
          "redefinedProperties" : null,
          "aggregationKind" : "NONE"
        } ]
      }, {
        "id" : "FNLBe36D.AAAAUKd",
        "name" : "provides insurance to",
        "description" : null,
        "type" : "Relation",
        "propertyAssignments" : null,
        "stereotype" : "material",
        "isAbstract" : false,
        "isDerived" : false,
        "properties" : [ {
          "id" : "FNLBe36D.AAAAUKe",
          "name" : null,
          "description" : null,
          "type" : "Property",
          "propertyAssignments" : null,
          "stereotype" : null,
          "isDerived" : false,
          "isReadOnly" : false,
          "isOrdered" : false,
          "cardinality" : "1..*",
          "propertyType" : {
            "id" : "jL..e36D.AAAAUH6",
            "type" : "Class"
          },
          "subsettedProperties" : null,
          "redefinedProperties" : null,
          "aggregationKind" : "NONE"
        }, {
          "id" : "lNLBe36D.AAAAUKg",
          "name" : null,
          "description" : null,
          "type" : "Property",
          "propertyAssignments" : null,
          "stereotype" : null,
          "isDerived" : false,
          "isReadOnly" : false,
          "isOrdered" : false,
          "cardinality" : "1..*",
          "propertyType" : {
            "id" : "TB1.e36D.AAAAUIZ",
            "type" : "Class"
          },
          "subsettedProperties" : null,
          "redefinedProperties" : null,
          "aggregationKind" : "NONE"
        } ]
      }, {
        "id" : "F26he36D.AAAAULY",
        "name" : null,
        "description" : null,
        "type" : "Relation",
        "propertyAssignments" : null,
        "stereotype" : "mediation",
        "isAbstract" : false,
        "isDerived" : false,
        "properties" : [ {
          "id" : "l26he36D.AAAAULZ",
          "name" : "",
          "description" : null,
          "type" : "Property",
          "propertyAssignments" : null,
          "stereotype" : null,
          "isDerived" : false,
          "isReadOnly" : false,
          "isOrdered" : false,
          "cardinality" : "1",
          "propertyType" : {
            "id" : "Mh6Be36D.AAAAUIy",
            "type" : "Class"
          },
          "subsettedProperties" : null,
          "redefinedProperties" : null,
          "aggregationKind" : "NONE"
        }, {
          "id" : "l26he36D.AAAAULb",
          "name" : null,
          "description" : null,
          "type" : "Property",
          "propertyAssignments" : null,
          "stereotype" : null,
          "isDerived" : false,
          "isReadOnly" : true,
          "isOrdered" : false,
          "cardinality" : "1",
          "propertyType" : {
            "id" : "i_Che36D.AAAAULJ",
            "type" : "Class"
          },
          "subsettedProperties" : null,
          "redefinedProperties" : null,
          "aggregationKind" : "NONE"
        } ]
      } ]
    }, {
      "id" : "yigWe36D.AAAAT0i",
      "name" : null,
      "description" : null,
      "type" : "Relation",
      "propertyAssignments" : null,
      "stereotype" : "derivation",
      "isAbstract" : false,
      "isDerived" : true,
      "properties" : [ {
        "id" : "f3c4cf80-4f49-4cb0-8f11-102b78a14ff2",
        "name" : null,
        "description" : null,
        "type" : "Property",
        "propertyAssignments" : null,
        "stereotype" : null,
        "isDerived" : false,
        "isReadOnly" : false,
        "isOrdered" : false,
        "cardinality" : "1",
        "propertyType" : {
          "id" : "NQume36D.AAAATyX",
          "type" : "Relation"
        },
        "subsettedProperties" : null,
        "redefinedProperties" : null,
        "aggregationKind" : null
      }, {
        "id" : "7c7ff7ff-c052-4048-ac6b-63bdd2510d62",
        "name" : null,
        "description" : null,
        "type" : "Property",
        "propertyAssignments" : null,
        "stereotype" : null,
        "isDerived" : false,
        "isReadOnly" : false,
        "isOrdered" : false,
        "cardinality" : "1",
        "propertyType" : {
          "id" : "M_lme36D.AAAATzH",
          "type" : "Class"
        },
        "subsettedProperties" : null,
        "redefinedProperties" : null,
        "aggregationKind" : null
      } ]
    } ]
  },
  "diagrams" : [ {
    "id" : "n.zCe36D.AAAATuJ",
    "name" : "diagram1",
    "description" : null,
    "type" : "Diagram",
    "owner" : {
      "id" : "JVLCe36D.AAAATuT",
      "type" : "Package"
    },
    "contents" : [ {
      "id" : "10Iue36D.AAAAT.n",
      "type" : "RelationView",
      "modelElement" : {
        "id" : "PEQue36D.AAAAT.Z",
        "type" : "Relation"
      },
      "shape" : {
        "id" : "10Iue36D.AAAAT.n_path",
        "type" : "Path",
        "points" : [ {
          "x" : 437,
          "y" : 589
        }, {
          "x" : 437,
          "y" : 521
        }, {
          "x" : 385,
          "y" : 521
        } ]
      },
      "source" : {
        "id" : "9VBOe36D.AAAAT9Q",
        "type" : "ClassView"
      },
      "target" : {
        "id" : "fvoOe36D.AAAAT8A",
        "type" : "ClassView"
      }
    }, {
      "id" : "M3Ime36D.AAAATxI",
      "type" : "ClassView",
      "modelElement" : {
        "id" : "M3Ime36D.AAAATxJ",
        "type" : "Class"
      },
      "shape" : {
        "id" : "M3Ime36D.AAAATxI_shape",
        "type" : "Rectangle",
        "x" : 602,
        "y" : 126,
        "width" : 109,
        "height" : 46
      }
    }, {
      "id" : "xVTue36D.AAAAUB_",
      "type" : "GeneralizationSetView",
      "modelElement" : {
        "id" : "qVTue36D.AAAAUB9",
        "type" : "GeneralizationSet"
      },
      "shape" : {
        "id" : "xVTue36D.AAAAUB__shape",
        "type" : "Text",
        "x" : 368,
        "y" : 659,
        "width" : 80,
        "height" : 42,
        "value" : ""
      }
    }, {
      "id" : "pLu2e36D.AAAAT5Q",
      "type" : "RelationView",
      "modelElement" : {
        "id" : "2Lu2e36D.AAAAT5L",
        "type" : "Relation"
      },
      "shape" : {
        "id" : "pLu2e36D.AAAAT5Q_path",
        "type" : "Path",
        "points" : [ {
          "x" : 419,
          "y" : 374
        }, {
          "x" : 345,
          "y" : 374
        }, {
          "x" : 345,
          "y" : 418
        } ]
      },
      "source" : {
        "id" : "h.fWe36D.AAAAT3u",
        "type" : "ClassView"
      },
      "target" : {
        "id" : "Xc42e36D.AAAAT4C",
        "type" : "ClassView"
      }
    }, {
      "id" : "3fK2e36D.AAAAT4r",
      "type" : "RelationView",
      "modelElement" : {
        "id" : "lfK2e36D.AAAAT4m",
        "type" : "Relation"
      },
      "shape" : {
        "id" : "3fK2e36D.AAAAT4r_path",
        "type" : "Path",
        "points" : [ {
          "x" : 385,
          "y" : 442
        }, {
          "x" : 553,
          "y" : 442
        } ]
      },
      "source" : {
        "id" : "Xc42e36D.AAAAT4C",
        "type" : "ClassView"
      },
      "target" : {
        "id" : "vRc2e36D.AAAAT4V",
        "type" : "ClassView"
      }
    }, {
      "id" : "OyHme36D.AAAATz9",
      "type" : "RelationView",
      "modelElement" : {
        "id" : "cyHme36D.AAAATz4",
        "type" : "Relation"
      },
      "shape" : {
        "id" : "OyHme36D.AAAATz9_path",
        "type" : "Path",
        "points" : [ {
          "x" : 544,
          "y" : 71
        }, {
          "x" : 656,
          "y" : 71
        }, {
          "x" : 656,
          "y" : 125
        } ]
      },
      "source" : {
        "id" : "M_lme36D.AAAATzG",
        "type" : "ClassView"
      },
      "target" : {
        "id" : "M3Ime36D.AAAATxI",
        "type" : "ClassView"
      }
    }, {
      "id" : "cduOe36D.AAAAT9D",
      "type" : "GeneralizationView",
      "modelElement" : {
        "id" : "3tuOe36D.AAAAT9C",
        "type" : "Generalization"
      },
      "shape" : {
        "id" : "cduOe36D.AAAAT9D_path",
        "type" : "Path",
        "points" : [ {
          "x" : 594,
          "y" : 459
        }, {
          "x" : 594,
          "y" : 497
        } ]
      },
      "source" : {
        "id" : "vRc2e36D.AAAAT4V",
        "type" : "ClassView"
      },
      "target" : {
        "id" : "TQSOe36D.AAAAT8r",
        "type" : "ClassView"
      }
    }, {
      "id" : "xiWGe36D.AAAATu9",
      "type" : "ClassView",
      "modelElement" : {
        "id" : "xiWGe36D.AAAATu.",
        "type" : "Class"
      },
      "shape" : {
        "id" : "xiWGe36D.AAAATu9_shape",
        "type" : "Rectangle",
        "x" : 140,
        "y" : 191,
        "width" : 105,
        "height" : 45
      }
    }, {
      "id" : "ell.e36D.AAAAUIR",
      "type" : "GeneralizationView",
      "modelElement" : {
        "id" : "ill.e36D.AAAAUIQ",
        "type" : "Generalization"
      },
      "shape" : {
        "id" : "ell.e36D.AAAAUIR_path",
        "type" : "Path",
        "points" : [ {
          "x" : 563,
          "y" : 292
        }, {
          "x" : 710,
          "y" : 292
        } ]
      },
      "source" : {
        "id" : "O6eWe36D.AAAAT18",
        "type" : "ClassView"
      },
      "target" : {
        "id" : "DL..e36D.AAAAUH5",
        "type" : "ClassView"
      }
    }, {
      "id" : "BrHue36D.AAAAUCR",
      "type" : "ClassView",
      "modelElement" : {
        "id" : "BrHue36D.AAAAUCS",
        "type" : "Class"
      },
      "shape" : {
        "id" : "BrHue36D.AAAAUCR_shape",
        "type" : "Rectangle",
        "x" : 140,
        "y" : 630,
        "width" : 97,
        "height" : 47
      }
    }, {
      "id" : "Hv2.e36D.AAAAUHq",
      "type" : "GeneralizationView",
      "modelElement" : {
        "id" : ".v2.e36D.AAAAUHp",
        "type" : "Generalization"
      },
      "shape" : {
        "id" : "Hv2.e36D.AAAAUHq_path",
        "type" : "Path",
        "points" : [ {
          "x" : 634,
          "y" : 439
        }, {
          "x" : 656,
          "y" : 439
        }, {
          "x" : 656,
          "y" : 172
        } ]
      },
      "source" : {
        "id" : "vRc2e36D.AAAAT4V",
        "type" : "ClassView"
      },
      "target" : {
        "id" : "M3Ime36D.AAAATxI",
        "type" : "ClassView"
      }
    }, {
      "id" : "xHTGe36D.AAAATv4",
      "type" : "GeneralizationView",
      "modelElement" : {
        "id" : "WHTGe36D.AAAATv3",
        "type" : "Generalization"
      },
      "shape" : {
        "id" : "xHTGe36D.AAAATv4_path",
        "type" : "Path",
        "points" : [ {
          "x" : 332,
          "y" : 149
        }, {
          "x" : 265,
          "y" : 149
        }, {
          "x" : 245,
          "y" : 149
        } ]
      },
      "source" : {
        "id" : "jUJGe36D.AAAATvc",
        "type" : "ClassView"
      },
      "target" : {
        "id" : "ELSGe36D.AAAATuw",
        "type" : "ClassView"
      }
    }, {
      "id" : "ghLee36D.AAAAUFi",
      "type" : "ClassView",
      "modelElement" : {
        "id" : "ohLee36D.AAAAUFj",
        "type" : "Class"
      },
      "shape" : {
        "id" : "ghLee36D.AAAAUFi_shape",
        "type" : "Rectangle",
        "x" : 595,
        "y" : 558,
        "width" : 80,
        "height" : 45
      }
    }, {
      "id" : "9VBOe36D.AAAAT9Q",
      "type" : "ClassView",
      "modelElement" : {
        "id" : "9VBOe36D.AAAAT9R",
        "type" : "Class"
      },
      "shape" : {
        "id" : "9VBOe36D.AAAAT9Q_shape",
        "type" : "Rectangle",
        "x" : 396,
        "y" : 590,
        "width" : 129,
        "height" : 64
      }
    }, {
      "id" : "fvoOe36D.AAAAT8A",
      "type" : "ClassView",
      "modelElement" : {
        "id" : "fvoOe36D.AAAAT8B",
        "type" : "Class"
      },
      "shape" : {
        "id" : "fvoOe36D.AAAAT8A_shape",
        "type" : "Rectangle",
        "x" : 305,
        "y" : 501,
        "width" : 80,
        "height" : 40
      }
    }, {
      "id" : "v4bGe36D.AAAATwC",
      "type" : "GeneralizationView",
      "modelElement" : {
        "id" : "74bGe36D.AAAATwB",
        "type" : "Generalization"
      },
      "shape" : {
        "id" : "v4bGe36D.AAAATwC_path",
        "type" : "Path",
        "points" : [ {
          "x" : 332,
          "y" : 149
        }, {
          "x" : 265,
          "y" : 149
        }, {
          "x" : 265,
          "y" : 213
        }, {
          "x" : 245,
          "y" : 213
        } ]
      },
      "source" : {
        "id" : "jUJGe36D.AAAATvc",
        "type" : "ClassView"
      },
      "target" : {
        "id" : "xiWGe36D.AAAATu9",
        "type" : "ClassView"
      }
    }, {
      "id" : "TQSOe36D.AAAAT8r",
      "type" : "ClassView",
      "modelElement" : {
        "id" : "zQSOe36D.AAAAT8s",
        "type" : "Class"
      },
      "shape" : {
        "id" : "TQSOe36D.AAAAT8r_shape",
        "type" : "Rectangle",
        "x" : 554,
        "y" : 498,
        "width" : 131,
        "height" : 47
      }
    }, {
      "id" : "phs.e36D.AAAAUGx",
      "type" : "GeneralizationSetView",
      "modelElement" : {
        "id" : "bBs.e36D.AAAAUGv",
        "type" : "GeneralizationSet"
      },
      "shape" : {
        "id" : "phs.e36D.AAAAUGx_shape",
        "type" : "Text",
        "x" : 556,
        "y" : 603,
        "width" : 80,
        "height" : 42,
        "value" : ""
      }
    }, {
      "id" : "DeNBe36D.AAAAUJ3",
      "type" : "RelationView",
      "modelElement" : {
        "id" : "JeNBe36D.AAAAUJy",
        "type" : "Relation"
      },
      "shape" : {
        "id" : "DeNBe36D.AAAAUJ3_path",
        "type" : "Path",
        "points" : [ {
          "x" : 861,
          "y" : 433
        }, {
          "x" : 861,
          "y" : 524
        }, {
          "x" : 820,
          "y" : 524
        } ]
      },
      "source" : {
        "id" : "0h6Be36D.AAAAUIx",
        "type" : "ClassView"
      },
      "target" : {
        "id" : "TB1.e36D.AAAAUIY",
        "type" : "ClassView"
      }
    }, {
      "id" : "ksKue36D.AAAAUAF",
      "type" : "RelationView",
      "modelElement" : {
        "id" : "rJSue36D.AAAAT_5",
        "type" : "Relation"
      },
      "shape" : {
        "id" : "ksKue36D.AAAAUAF_path",
        "type" : "Path",
        "points" : [ {
          "x" : 395,
          "y" : 605
        }, {
          "x" : 215,
          "y" : 605
        }, {
          "x" : 215,
          "y" : 544
        } ]
      },
      "source" : {
        "id" : "9VBOe36D.AAAAT9Q",
        "type" : "ClassView"
      },
      "target" : {
        "id" : "gQf2e36D.AAAAT7t",
        "type" : "ClassView"
      }
    }, {
      "id" : "gXd2e36D.AAAAT6i",
      "type" : "GeneralizationView",
      "modelElement" : {
        "id" : "7nd2e36D.AAAAT6h",
        "type" : "Generalization"
      },
      "shape" : {
        "id" : "gXd2e36D.AAAAT6i_path",
        "type" : "Path",
        "points" : [ {
          "x" : 563,
          "y" : 310
        }, {
          "x" : 617,
          "y" : 310
        }, {
          "x" : 617,
          "y" : 418
        } ]
      },
      "source" : {
        "id" : "O6eWe36D.AAAAT18",
        "type" : "ClassView"
      },
      "target" : {
        "id" : "vRc2e36D.AAAAT4V",
        "type" : "ClassView"
      }
    }, {
      "id" : "uY12e36D.AAAAT6Y",
      "type" : "GeneralizationView",
      "modelElement" : {
        "id" : "qY12e36D.AAAAT6X",
        "type" : "Generalization"
      },
      "shape" : {
        "id" : "uY12e36D.AAAAT6Y_path",
        "type" : "Path",
        "points" : [ {
          "x" : 351,
          "y" : 303
        }, {
          "x" : 315,
          "y" : 303
        }, {
          "x" : 315,
          "y" : 418
        } ]
      },
      "source" : {
        "id" : "SOyWe36D.AAAAT1k",
        "type" : "ClassView"
      },
      "target" : {
        "id" : "Xc42e36D.AAAAT4C",
        "type" : "ClassView"
      }
    }, {
      "id" : "DL..e36D.AAAAUH5",
      "type" : "ClassView",
      "modelElement" : {
        "id" : "jL..e36D.AAAAUH6",
        "type" : "Class"
      },
      "shape" : {
        "id" : "DL..e36D.AAAAUH5_shape",
        "type" : "Rectangle",
        "x" : 711,
        "y" : 283,
        "width" : 109,
        "height" : 40
      }
    }, {
      "id" : "VVdWe36D.AAAAT2q",
      "type" : "GeneralizationSetView",
      "modelElement" : {
        "id" : "eVdWe36D.AAAAT2o",
        "type" : "GeneralizationSet"
      },
      "shape" : {
        "id" : "VVdWe36D.AAAAT2q_shape",
        "type" : "Text",
        "x" : 431,
        "y" : 229,
        "width" : 80,
        "height" : 42,
        "value" : ""
      }
    }, {
      "id" : "jUJGe36D.AAAATvc",
      "type" : "ClassView",
      "modelElement" : {
        "id" : "jUJGe36D.AAAATvd",
        "type" : "Class"
      },
      "shape" : {
        "id" : "jUJGe36D.AAAATvc_shape",
        "type" : "Rectangle",
        "x" : 333,
        "y" : 129,
        "width" : 80,
        "height" : 40
      }
    }, {
      "id" : "gQf2e36D.AAAAT7t",
      "type" : "ClassView",
      "modelElement" : {
        "id" : "QQf2e36D.AAAAT7u",
        "type" : "Class"
      },
      "shape" : {
        "id" : "gQf2e36D.AAAAT7t_shape",
        "type" : "Rectangle",
        "x" : 173,
        "y" : 499,
        "width" : 98,
        "height" : 45
      }
    }, {
      "id" : "M_lme36D.AAAATzG",
      "type" : "ClassView",
      "modelElement" : {
        "id" : "M_lme36D.AAAATzH",
        "type" : "Class"
      },
      "shape" : {
        "id" : "M_lme36D.AAAATzG_shape",
        "type" : "Rectangle",
        "x" : 463,
        "y" : 51,
        "width" : 81,
        "height" : 40
      }
    }, {
      "id" : "0h6Be36D.AAAAUIx",
      "type" : "ClassView",
      "modelElement" : {
        "id" : "Mh6Be36D.AAAAUIy",
        "type" : "Class"
      },
      "shape" : {
        "id" : "0h6Be36D.AAAAUIx_shape",
        "type" : "Rectangle",
        "x" : 783,
        "y" : 387,
        "width" : 105,
        "height" : 46
      }
    }, {
      "id" : ".igWe36D.AAAAT0j",
      "type" : "RelationView",
      "modelElement" : {
        "id" : "yigWe36D.AAAAT0i",
        "type" : "Relation"
      },
      "shape" : {
        "id" : ".igWe36D.AAAAT0j_path",
        "type" : "Path",
        "points" : [ {
          "x" : 552,
          "y" : 147
        }, {
          "x" : 503,
          "y" : 91
        } ]
      },
      "source" : {
        "id" : "Qwume36D.AAAATyc",
        "type" : "RelationView"
      },
      "target" : {
        "id" : "M_lme36D.AAAATzG",
        "type" : "ClassView"
      }
    }, {
      "id" : "Hio.e36D.AAAAUGX",
      "type" : "GeneralizationView",
      "modelElement" : {
        "id" : "Dio.e36D.AAAAUGW",
        "type" : "Generalization"
      },
      "shape" : {
        "id" : "Hio.e36D.AAAAUGX_path",
        "type" : "Path",
        "points" : [ {
          "x" : 526,
          "y" : 622
        }, {
          "x" : 563,
          "y" : 622
        }, {
          "x" : 563,
          "y" : 587
        }, {
          "x" : 594,
          "y" : 587
        } ]
      },
      "source" : {
        "id" : "9VBOe36D.AAAAT9Q",
        "type" : "ClassView"
      },
      "target" : {
        "id" : "ghLee36D.AAAAUFi",
        "type" : "ClassView"
      }
    }, {
      "id" : "CAv.e36D.AAAAUIq",
      "type" : "GeneralizationView",
      "modelElement" : {
        "id" : "f_P.e36D.AAAAUIp",
        "type" : "Generalization"
      },
      "shape" : {
        "id" : "CAv.e36D.AAAAUIq_path",
        "type" : "Path",
        "points" : [ {
          "x" : 731,
          "y" : 524
        }, {
          "x" : 685,
          "y" : 524
        } ]
      },
      "source" : {
        "id" : "TB1.e36D.AAAAUIY",
        "type" : "ClassView"
      },
      "target" : {
        "id" : "TQSOe36D.AAAAT8r",
        "type" : "ClassView"
      }
    }, {
      "id" : "vRc2e36D.AAAAT4V",
      "type" : "ClassView",
      "modelElement" : {
        "id" : "Axc2e36D.AAAAT4W",
        "type" : "Class"
      },
      "shape" : {
        "id" : "vRc2e36D.AAAAT4V_shape",
        "type" : "Rectangle",
        "x" : 554,
        "y" : 419,
        "width" : 80,
        "height" : 40
      }
    }, {
      "id" : "RrzGe36D.AAAATv8",
      "type" : "GeneralizationView",
      "modelElement" : {
        "id" : "mrzGe36D.AAAATv7",
        "type" : "Generalization"
      },
      "shape" : {
        "id" : "RrzGe36D.AAAATv8_path",
        "type" : "Path",
        "points" : [ {
          "x" : 332,
          "y" : 149
        }, {
          "x" : 265,
          "y" : 149
        }, {
          "x" : 265,
          "y" : 85
        }, {
          "x" : 245,
          "y" : 85
        } ]
      },
      "source" : {
        "id" : "jUJGe36D.AAAATvc",
        "type" : "ClassView"
      },
      "target" : {
        "id" : "YdrCe36D.AAAATuV",
        "type" : "ClassView"
      }
    }, {
      "id" : "TB1.e36D.AAAAUIY",
      "type" : "ClassView",
      "modelElement" : {
        "id" : "TB1.e36D.AAAAUIZ",
        "type" : "Class"
      },
      "shape" : {
        "id" : "TB1.e36D.AAAAUIY_shape",
        "type" : "Rectangle",
        "x" : 732,
        "y" : 498,
        "width" : 88,
        "height" : 47
      }
    }, {
      "id" : "8_Che36D.AAAAULI",
      "type" : "ClassView",
      "modelElement" : {
        "id" : "i_Che36D.AAAAULJ",
        "type" : "Class"
      },
      "shape" : {
        "id" : "8_Che36D.AAAAULI_shape",
        "type" : "Rectangle",
        "x" : 992,
        "y" : 390,
        "width" : 103,
        "height" : 40
      }
    }, {
      "id" : "qWjme36D.AAAATzb",
      "type" : "RelationView",
      "modelElement" : {
        "id" : "wWjme36D.AAAATzW",
        "type" : "Relation"
      },
      "shape" : {
        "id" : "qWjme36D.AAAATzb_path",
        "type" : "Path",
        "points" : [ {
          "x" : 462,
          "y" : 71
        }, {
          "x" : 373,
          "y" : 71
        }, {
          "x" : 373,
          "y" : 128
        } ]
      },
      "source" : {
        "id" : "M_lme36D.AAAATzG",
        "type" : "ClassView"
      },
      "target" : {
        "id" : "jUJGe36D.AAAATvc",
        "type" : "ClassView"
      }
    }, {
      "id" : "h.fWe36D.AAAAT3u",
      "type" : "ClassView",
      "modelElement" : {
        "id" : "h.fWe36D.AAAAT3v",
        "type" : "Class"
      },
      "shape" : {
        "id" : "h.fWe36D.AAAAT3u_shape",
        "type" : "Rectangle",
        "x" : 420,
        "y" : 354,
        "width" : 81,
        "height" : 40
      }
    }, {
      "id" : "d2UOe36D.AAAAT8S",
      "type" : "GeneralizationView",
      "modelElement" : {
        "id" : "J2UOe36D.AAAAT8R",
        "type" : "Generalization"
      },
      "shape" : {
        "id" : "d2UOe36D.AAAAT8S_path",
        "type" : "Path",
        "points" : [ {
          "x" : 345,
          "y" : 459
        }, {
          "x" : 345,
          "y" : 500
        } ]
      },
      "source" : {
        "id" : "Xc42e36D.AAAAT4C",
        "type" : "ClassView"
      },
      "target" : {
        "id" : "fvoOe36D.AAAAT8A",
        "type" : "ClassView"
      }
    }, {
      "id" : "lqlWe36D.AAAAT2P",
      "type" : "GeneralizationView",
      "modelElement" : {
        "id" : "xqlWe36D.AAAAT2O",
        "type" : "Generalization"
      },
      "shape" : {
        "id" : "lqlWe36D.AAAAT2P_path",
        "type" : "Path",
        "points" : [ {
          "x" : 506,
          "y" : 232
        }, {
          "x" : 506,
          "y" : 265
        }, {
          "x" : 399,
          "y" : 265
        }, {
          "x" : 399,
          "y" : 282
        } ]
      },
      "source" : {
        "id" : "KasWe36D.AAAAT1T",
        "type" : "ClassView"
      },
      "target" : {
        "id" : "SOyWe36D.AAAAT1k",
        "type" : "ClassView"
      }
    }, {
      "id" : "Qwume36D.AAAATyc",
      "type" : "RelationView",
      "modelElement" : {
        "id" : "NQume36D.AAAATyX",
        "type" : "Relation"
      },
      "shape" : {
        "id" : "Qwume36D.AAAATyc_path",
        "type" : "Path",
        "points" : [ {
          "x" : 413,
          "y" : 147
        }, {
          "x" : 601,
          "y" : 147
        } ]
      },
      "source" : {
        "id" : "jUJGe36D.AAAATvc",
        "type" : "ClassView"
      },
      "target" : {
        "id" : "M3Ime36D.AAAATxI",
        "type" : "ClassView"
      }
    }, {
      "id" : "2cuue36D.AAAAUAf",
      "type" : "ClassView",
      "modelElement" : {
        "id" : "2cuue36D.AAAAUAg",
        "type" : "Class"
      },
      "shape" : {
        "id" : "2cuue36D.AAAAUAf_shape",
        "type" : "Rectangle",
        "x" : 385,
        "y" : 699,
        "width" : 128,
        "height" : 40
      }
    }, {
      "id" : "O6eWe36D.AAAAT18",
      "type" : "ClassView",
      "modelElement" : {
        "id" : "O6eWe36D.AAAAT19",
        "type" : "Class"
      },
      "shape" : {
        "id" : "O6eWe36D.AAAAT18_shape",
        "type" : "Rectangle",
        "x" : 463,
        "y" : 283,
        "width" : 100,
        "height" : 40
      }
    }, {
      "id" : "yEMWe36D.AAAAT1Q",
      "type" : "GeneralizationView",
      "modelElement" : {
        "id" : "QEMWe36D.AAAAT1P",
        "type" : "Generalization"
      },
      "shape" : {
        "id" : "yEMWe36D.AAAAT1Q_path",
        "type" : "Path",
        "points" : [ {
          "x" : 333,
          "y" : 169
        }, {
          "x" : 245,
          "y" : 283
        } ]
      },
      "source" : {
        "id" : "jUJGe36D.AAAATvc",
        "type" : "ClassView"
      },
      "target" : {
        "id" : "jnIWe36D.AAAAT0u",
        "type" : "ClassView"
      }
    }, {
      "id" : "_rx2e36D.AAAAT5y",
      "type" : "RelationView",
      "modelElement" : {
        "id" : "Zrx2e36D.AAAAT5t",
        "type" : "Relation"
      },
      "shape" : {
        "id" : "_rx2e36D.AAAAT5y_path",
        "type" : "Path",
        "points" : [ {
          "x" : 501,
          "y" : 374
        }, {
          "x" : 584,
          "y" : 374
        }, {
          "x" : 584,
          "y" : 418
        } ]
      },
      "source" : {
        "id" : "h.fWe36D.AAAAT3u",
        "type" : "ClassView"
      },
      "target" : {
        "id" : "vRc2e36D.AAAAT4V",
        "type" : "ClassView"
      }
    }, {
      "id" : "ELSGe36D.AAAATuw",
      "type" : "ClassView",
      "modelElement" : {
        "id" : "kLSGe36D.AAAATux",
        "type" : "Class"
      },
      "shape" : {
        "id" : "ELSGe36D.AAAATuw_shape",
        "type" : "Rectangle",
        "x" : 140,
        "y" : 129,
        "width" : 105,
        "height" : 40
      }
    }, {
      "id" : "XNLBe36D.AAAAUKi",
      "type" : "RelationView",
      "modelElement" : {
        "id" : "FNLBe36D.AAAAUKd",
        "type" : "Relation"
      },
      "shape" : {
        "id" : "XNLBe36D.AAAAUKi_path",
        "type" : "Path",
        "points" : [ {
          "x" : 748,
          "y" : 323
        }, {
          "x" : 748,
          "y" : 497
        } ]
      },
      "source" : {
        "id" : "DL..e36D.AAAAUH5",
        "type" : "ClassView"
      },
      "target" : {
        "id" : "TB1.e36D.AAAAUIY",
        "type" : "ClassView"
      }
    }, {
      "id" : "ZZZBe36D.AAAAUJc",
      "type" : "RelationView",
      "modelElement" : {
        "id" : "uZZBe36D.AAAAUJX",
        "type" : "Relation"
      },
      "shape" : {
        "id" : "ZZZBe36D.AAAAUJc_path",
        "type" : "Path",
        "points" : [ {
          "x" : 861,
          "y" : 386
        }, {
          "x" : 861,
          "y" : 303
        }, {
          "x" : 820,
          "y" : 303
        } ]
      },
      "source" : {
        "id" : "0h6Be36D.AAAAUIx",
        "type" : "ClassView"
      },
      "target" : {
        "id" : "DL..e36D.AAAAUH5",
        "type" : "ClassView"
      }
    }, {
      "id" : "Y6Uue36D.AAAAT_L",
      "type" : "RelationView",
      "modelElement" : {
        "id" : "sLEue36D.AAAAT._",
        "type" : "Relation"
      },
      "shape" : {
        "id" : "Y6Uue36D.AAAAT_L_path",
        "type" : "Path",
        "points" : [ {
          "x" : 487,
          "y" : 589
        }, {
          "x" : 487,
          "y" : 538
        }, {
          "x" : 553,
          "y" : 538
        } ]
      },
      "source" : {
        "id" : "9VBOe36D.AAAAT9Q",
        "type" : "ClassView"
      },
      "target" : {
        "id" : "TQSOe36D.AAAAT8r",
        "type" : "ClassView"
      }
    }, {
      "id" : "L26he36D.AAAAULd",
      "type" : "RelationView",
      "modelElement" : {
        "id" : "F26he36D.AAAAULY",
        "type" : "Relation"
      },
      "shape" : {
        "id" : "L26he36D.AAAAULd_path",
        "type" : "Path",
        "points" : [ {
          "x" : 888,
          "y" : 407
        }, {
          "x" : 991,
          "y" : 407
        } ]
      },
      "source" : {
        "id" : "0h6Be36D.AAAAUIx",
        "type" : "ClassView"
      },
      "target" : {
        "id" : "8_Che36D.AAAAULI",
        "type" : "ClassView"
      }
    }, {
      "id" : "KasWe36D.AAAAT1T",
      "type" : "ClassView",
      "modelElement" : {
        "id" : "KasWe36D.AAAAT1U",
        "type" : "Class"
      },
      "shape" : {
        "id" : "KasWe36D.AAAAT1T_shape",
        "type" : "Rectangle",
        "x" : 462,
        "y" : 191,
        "width" : 83,
        "height" : 40
      }
    }, {
      "id" : "YTtue36D.AAAAUBp",
      "type" : "GeneralizationView",
      "modelElement" : {
        "id" : "_jtue36D.AAAAUBo",
        "type" : "Generalization"
      },
      "shape" : {
        "id" : "YTtue36D.AAAAUBp_path",
        "type" : "Path",
        "points" : [ {
          "x" : 460,
          "y" : 655
        }, {
          "x" : 460,
          "y" : 681
        }, {
          "x" : 460,
          "y" : 699
        } ]
      },
      "source" : {
        "id" : "9VBOe36D.AAAAT9Q",
        "type" : "ClassView"
      },
      "target" : {
        "id" : "2cuue36D.AAAAUAf",
        "type" : "ClassView"
      }
    }, {
      "id" : "kRHWe36D.AAAAT3d",
      "type" : "GeneralizationView",
      "modelElement" : {
        "id" : "3hHWe36D.AAAAT3c",
        "type" : "Generalization"
      },
      "shape" : {
        "id" : "kRHWe36D.AAAAT3d_path",
        "type" : "Path",
        "points" : [ {
          "x" : 368,
          "y" : 282
        }, {
          "x" : 368,
          "y" : 169
        } ]
      },
      "source" : {
        "id" : "SOyWe36D.AAAAT1k",
        "type" : "ClassView"
      },
      "target" : {
        "id" : "jUJGe36D.AAAATvc",
        "type" : "ClassView"
      }
    }, {
      "id" : "g7cee36D.AAAAUDn",
      "type" : "RelationView",
      "modelElement" : {
        "id" : "v9Mee36D.AAAAUDZ",
        "type" : "Relation"
      },
      "shape" : {
        "id" : "g7cee36D.AAAAUDn_path",
        "type" : "Path",
        "points" : [ {
          "x" : 395,
          "y" : 622
        }, {
          "x" : 164,
          "y" : 622
        }, {
          "x" : 164,
          "y" : 323
        } ]
      },
      "source" : {
        "id" : "9VBOe36D.AAAAT9Q",
        "type" : "ClassView"
      },
      "target" : {
        "id" : "jnIWe36D.AAAAT0u",
        "type" : "ClassView"
      }
    }, {
      "id" : "KrXGe36D.AAAATwY",
      "type" : "GeneralizationSetView",
      "modelElement" : {
        "id" : "QrXGe36D.AAAATwW",
        "type" : "GeneralizationSet"
      },
      "shape" : {
        "id" : "KrXGe36D.AAAATwY_shape",
        "type" : "Text",
        "x" : 261,
        "y" : 108,
        "width" : 80,
        "height" : 42,
        "value" : ""
      }
    }, {
      "id" : "yScOe36D.AAAAT8g",
      "type" : "GeneralizationView",
      "modelElement" : {
        "id" : "CScOe36D.AAAAT8f",
        "type" : "Generalization"
      },
      "shape" : {
        "id" : "yScOe36D.AAAAT8g_path",
        "type" : "Path",
        "points" : [ {
          "x" : 304,
          "y" : 439
        }, {
          "x" : 222,
          "y" : 439
        }, {
          "x" : 222,
          "y" : 498
        } ]
      },
      "source" : {
        "id" : "Xc42e36D.AAAAT4C",
        "type" : "ClassView"
      },
      "target" : {
        "id" : "gQf2e36D.AAAAT7t",
        "type" : "ClassView"
      }
    }, {
      "id" : "SOyWe36D.AAAAT1k",
      "type" : "ClassView",
      "modelElement" : {
        "id" : "SOyWe36D.AAAAT1l",
        "type" : "Class"
      },
      "shape" : {
        "id" : "SOyWe36D.AAAAT1k_shape",
        "type" : "Rectangle",
        "x" : 352,
        "y" : 283,
        "width" : 94,
        "height" : 40
      }
    }, {
      "id" : "YdrCe36D.AAAATuV",
      "type" : "ClassView",
      "modelElement" : {
        "id" : "4drCe36D.AAAATuW",
        "type" : "Class"
      },
      "shape" : {
        "id" : "YdrCe36D.AAAATuV_shape",
        "type" : "Rectangle",
        "x" : 140,
        "y" : 63,
        "width" : 105,
        "height" : 44
      }
    }, {
      "id" : "eB4.e36D.AAAAUGf",
      "type" : "GeneralizationView",
      "modelElement" : {
        "id" : "aB4.e36D.AAAAUGe",
        "type" : "Generalization"
      },
      "shape" : {
        "id" : "eB4.e36D.AAAAUGf_path",
        "type" : "Path",
        "points" : [ {
          "x" : 526,
          "y" : 622
        }, {
          "x" : 563,
          "y" : 622
        }, {
          "x" : 563,
          "y" : 655
        }, {
          "x" : 594,
          "y" : 655
        } ]
      },
      "source" : {
        "id" : "9VBOe36D.AAAAT9Q",
        "type" : "ClassView"
      },
      "target" : {
        "id" : "Td7ee36D.AAAAUFs",
        "type" : "ClassView"
      }
    }, {
      "id" : "Xc42e36D.AAAAT4C",
      "type" : "ClassView",
      "modelElement" : {
        "id" : "Xc42e36D.AAAAT4D",
        "type" : "Class"
      },
      "shape" : {
        "id" : "Xc42e36D.AAAAT4C_shape",
        "type" : "Rectangle",
        "x" : 305,
        "y" : 419,
        "width" : 80,
        "height" : 40
      }
    }, {
      "id" : "Qouee36D.AAAAUEY",
      "type" : "RelationView",
      "modelElement" : {
        "id" : "nIuee36D.AAAAUET",
        "type" : "Relation"
      },
      "shape" : {
        "id" : "Qouee36D.AAAAUEY_path",
        "type" : "Path",
        "points" : [ {
          "x" : 694,
          "y" : 172
        }, {
          "x" : 694,
          "y" : 698
        }, {
          "x" : 517,
          "y" : 699
        }, {
          "x" : 517,
          "y" : 655
        } ]
      },
      "source" : {
        "id" : "M3Ime36D.AAAATxI",
        "type" : "ClassView"
      },
      "target" : {
        "id" : "9VBOe36D.AAAAT9Q",
        "type" : "ClassView"
      }
    }, {
      "id" : "Td7ee36D.AAAAUFs",
      "type" : "ClassView",
      "modelElement" : {
        "id" : "Td7ee36D.AAAAUFt",
        "type" : "Class"
      },
      "shape" : {
        "id" : "Td7ee36D.AAAAUFs_shape",
        "type" : "Rectangle",
        "x" : 595,
        "y" : 645,
        "width" : 80,
        "height" : 46
      }
    }, {
      "id" : "jnIWe36D.AAAAT0u",
      "type" : "ClassView",
      "modelElement" : {
        "id" : "LnIWe36D.AAAAT0v",
        "type" : "Class"
      },
      "shape" : {
        "id" : "jnIWe36D.AAAAT0u_shape",
        "type" : "Rectangle",
        "x" : 140,
        "y" : 283,
        "width" : 105,
        "height" : 40
      }
    }, {
      "id" : "k6mue36D.AAAAUAV",
      "type" : "ClassView",
      "modelElement" : {
        "id" : "k6mue36D.AAAAUAW",
        "type" : "Class"
      },
      "shape" : {
        "id" : "k6mue36D.AAAAUAV_shape",
        "type" : "Rectangle",
        "x" : 220,
        "y" : 699,
        "width" : 133,
        "height" : 40
      }
    }, {
      "id" : "Gz9ue36D.AAAAUBv",
      "type" : "GeneralizationView",
      "modelElement" : {
        "id" : "Mz9ue36D.AAAAUBu",
        "type" : "Generalization"
      },
      "shape" : {
        "id" : "Gz9ue36D.AAAAUBv_path",
        "type" : "Path",
        "points" : [ {
          "x" : 460,
          "y" : 655
        }, {
          "x" : 460,
          "y" : 681
        }, {
          "x" : 345,
          "y" : 681
        }, {
          "x" : 345,
          "y" : 698
        } ]
      },
      "source" : {
        "id" : "9VBOe36D.AAAAT9Q",
        "type" : "ClassView"
      },
      "target" : {
        "id" : "k6mue36D.AAAAUAV",
        "type" : "ClassView"
      }
    }, {
      "id" : "ulFWe36D.AAAAT2L",
      "type" : "GeneralizationView",
      "modelElement" : {
        "id" : "slFWe36D.AAAAT2K",
        "type" : "Generalization"
      },
      "shape" : {
        "id" : "ulFWe36D.AAAAT2L_path",
        "type" : "Path",
        "points" : [ {
          "x" : 506,
          "y" : 232
        }, {
          "x" : 506,
          "y" : 265
        }, {
          "x" : 506,
          "y" : 282
        } ]
      },
      "source" : {
        "id" : "KasWe36D.AAAAT1T",
        "type" : "ClassView"
      },
      "target" : {
        "id" : "O6eWe36D.AAAAT18",
        "type" : "ClassView"
      }
    }, {
      "id" : "PEgee36D.AAAAUCu",
      "type" : "RelationView",
      "modelElement" : {
        "id" : "BEgee36D.AAAAUCp",
        "type" : "Relation"
      },
      "shape" : {
        "id" : "PEgee36D.AAAAUCu_path",
        "type" : "Path",
        "points" : [ {
          "x" : 395,
          "y" : 647
        }, {
          "x" : 237,
          "y" : 647
        } ]
      },
      "source" : {
        "id" : "9VBOe36D.AAAAT9Q",
        "type" : "ClassView"
      },
      "target" : {
        "id" : "BrHue36D.AAAAUCR",
        "type" : "ClassView"
      }
    } ]
  } ]
}