{
  "id" : "p5NA3X6GAqACYgWe",
  "name" : "Ontology",
  "description" : null,
  "type" : "Project",
  "model" : {
    "id" : "p5NA3X6GAqACYgWe_root",
    "name" : "Ontology",
    "description" : null,
    "type" : "Package",
    "propertyAssignments" : null,
    "contents" : [ {
      "id" : "ZLuGYgGGAqACYg6N",
      "name" : "Attributes",
      "description" : null,
      "type" : "Class",
      "propertyAssignments" : null,
      "stereotype" : "enumeration",
      "isAbstract" : false,
      "isDerived" : false,
      "properties" : null,
      "isExtensional" : null,
      "isPowertype" : null,
      "order" : null,
      "literals" : [ {
        "id" : "0MBGYgGGAqACYg6R",
        "name" : "Security",
        "description" : null,
        "type" : "Literal",
        "propertyAssignments" : null
      }, {
        "id" : "KchGYgGGAqACYg6U",
        "name" : "Complexity",
        "description" : null,
        "type" : "Literal",
        "propertyAssignments" : null
      }, {
        "id" : "uKRGYgGGAqACYg6X",
        "name" : "Ease of Use",
        "description" : null,
        "type" : "Literal",
        "propertyAssignments" : null
      }, {
        "id" : "d.xGYgGGAqACYg6a",
        "name" : "Maintainability",
        "description" : null,
        "type" : "Literal",
        "propertyAssignments" : null
      }, {
        "id" : "YnpGYgGGAqACYg6d",
        "name" : "Testability",
        "description" : null,
        "type" : "Literal",
        "propertyAssignments" : null
      }, {
        "id" : "eoFGYgGGAqACYg6g",
        "name" : "Reliability",
        "description" : null,
        "type" : "Literal",
        "propertyAssignments" : null
      } ],
      "restrictedTo" : [ "abstract" ]
    }, {
      "id" : "e4zGYgGGAqACYg7o",
      "name" : "Quality Levels",
      "description" : null,
      "type" : "Class",
      "propertyAssignments" : null,
      "stereotype" : "enumeration",
      "isAbstract" : false,
      "isDerived" : false,
      "properties" : null,
      "isExtensional" : null,
      "isPowertype" : null,
      "order" : null,
      "literals" : [ {
        "id" : "zBrGYgGGAqACYg7y",
        "name" : "Low",
        "description" : null,
        "type" : "Literal",
        "propertyAssignments" : null
      }, {
        "id" : "PUbGYgGGAqACYg71",
        "name" : "Medium",
        "description" : null,
        "type" : "Literal",
        "propertyAssignments" : null
      }, {
        "id" : "KY7GYgGGAqACYg74",
        "name" : "High",
        "description" : null,
        "type" : "Literal",
        "propertyAssignments" : null
      } ],
      "restrictedTo" : [ "abstract" ]
    }, {
      "id" : "feUWYgGGAqACYhDi",
      "name" : "Platforms",
      "description" : null,
      "type" : "Class",
      "propertyAssignments" : null,
      "stereotype" : "enumeration",
      "isAbstract" : false,
      "isDerived" : false,
      "properties" : null,
      "isExtensional" : null,
      "isPowertype" : null,
      "order" : null,
      "literals" : [ {
        "id" : "JmMWYgGGAqACYhDm",
        "name" : "Mobile",
        "description" : null,
        "type" : "Literal",
        "propertyAssignments" : null
      }, {
        "id" : "KGsWYgGGAqACYhDp",
        "name" : "Web",
        "description" : null,
        "type" : "Literal",
        "propertyAssignments" : null
      }, {
        "id" : "u7sWYgGGAqACYhDs",
        "name" : "Desktop",
        "description" : null,
        "type" : "Literal",
        "propertyAssignments" : null
      }, {
        "id" : "sRcWYgGGAqACYhDv",
        "name" : "Non-interface",
        "description" : null,
        "type" : "Literal",
        "propertyAssignments" : null
      } ],
      "restrictedTo" : [ "abstract" ]
    }, {
      "id" : "LNKWYgGGAqACYhEo",
      "name" : "Types",
      "description" : null,
      "type" : "Class",
      "propertyAssignments" : null,
      "stereotype" : "enumeration",
      "isAbstract" : false,
      "isDerived" : false,
      "properties" : null,
      "isExtensional" : null,
      "isPowertype" : null,
      "order" : null,
      "literals" : [ {
        "id" : "oDqWYgGGAqACYhEs",
        "name" : "Full-stack",
        "description" : null,
        "type" : "Literal",
        "propertyAssignments" : null
      }, {
        "id" : "ZI6WYgGGAqACYhEv",
        "name" : "Back-end",
        "description" : null,
        "type" : "Literal",
        "propertyAssignments" : null
      }, {
        "id" : "f2GWYgGGAqACYhEy",
        "name" : "Front-end",
        "description" : null,
        "type" : "Literal",
        "propertyAssignments" : null
      } ],
      "restrictedTo" : [ "abstract" ]
    }, {
      "id" : "hgFWYgGGAqACYhGF",
      "name" : "Methods",
      "description" : null,
      "type" : "Class",
      "propertyAssignments" : null,
      "stereotype" : "enumeration",
      "isAbstract" : false,
      "isDerived" : false,
      "properties" : null,
      "isExtensional" : null,
      "isPowertype" : null,
      "order" : null,
      "literals" : [ {
        "id" : "zKlWYgGGAqACYhGJ",
        "name" : "Waterfall",
        "description" : null,
        "type" : "Literal",
        "propertyAssignments" : null
      }, {
        "id" : "oKVWYgGGAqACYhGM",
        "name" : "Agile",
        "description" : null,
        "type" : "Literal",
        "propertyAssignments" : null
      } ],
      "restrictedTo" : [ "abstract" ]
    }, {
      "id" : "eGAeYgGGAqACYhI.",
      "name" : "Requirements",
      "description" : null,
      "type" : "Class",
      "propertyAssignments" : null,
      "stereotype" : "enumeration",
      "isAbstract" : false,
      "isDerived" : false,
      "properties" : null,
      "isExtensional" : null,
      "isPowertype" : null,
      "order" : null,
      "literals" : [ {
        "id" : "Z8IeYgGGAqACYhJC",
        "name" : "Security level",
        "description" : null,
        "type" : "Literal",
        "propertyAssignments" : null
      }, {
        "id" : "8ToeYgGGAqACYhJF",
        "name" : "Time to finish",
        "description" : null,
        "type" : "Literal",
        "propertyAssignments" : null
      }, {
        "id" : "GG4eYgGGAqACYhJI",
        "name" : "Usability",
        "description" : null,
        "type" : "Literal",
        "propertyAssignments" : null
      } ],
      "restrictedTo" : [ "abstract" ]
    }, {
      "id" : "0lU5YgGGAqACYhPg",
      "name" : "Resources",
      "description" : null,
      "type" : "Class",
      "propertyAssignments" : null,
      "stereotype" : "enumeration",
      "isAbstract" : false,
      "isDerived" : false,
      "properties" : null,
      "isExtensional" : null,
      "isPowertype" : null,
      "order" : null,
      "literals" : [ {
        "id" : "DmM5YgGGAqACYhPk",
        "name" : "Software",
        "description" : null,
        "type" : "Literal",
        "propertyAssignments" : null
      }, {
        "id" : "5ys5YgGGAqACYhPn",
        "name" : "Hardware",
        "description" : null,
        "type" : "Literal",
        "propertyAssignments" : null
      }, {
        "id" : "Grs5YgGGAqACYhPq",
        "name" : "Human",
        "description" : null,
        "type" : "Literal",
        "propertyAssignments" : null
      } ],
      "restrictedTo" : [ "abstract" ]
    }, {
      "id" : "YsEJoIGGAqACYgvb",
      "name" : "Architectural styles",
      "description" : null,
      "type" : "Class",
      "propertyAssignments" : null,
      "stereotype" : "enumeration",
      "isAbstract" : false,
      "isDerived" : false,
      "properties" : null,
      "isExtensional" : null,
      "isPowertype" : null,
      "order" : null,
      "literals" : [ {
        "id" : "S3MJoIGGAqACYgvj",
        "name" : "SOA",
        "description" : null,
        "type" : "Literal",
        "propertyAssignments" : null
      }, {
        "id" : "E2sJoIGGAqACYgvm",
        "name" : "Monolith",
        "description" : null,
        "type" : "Literal",
        "propertyAssignments" : null
      } ],
      "restrictedTo" : [ "abstract" ]
    }, {
      "id" : "PDrldv6GAqAEEwiK",
      "name" : "Resource",
      "description" : null,
      "type" : "Class",
      "propertyAssignments" : null,
      "stereotype" : "category",
      "isAbstract" : false,
      "isDerived" : false,
      "properties" : [ {
        "id" : "S3xO5oGGAqACYh3S",
        "name" : "resource",
        "description" : null,
        "type" : "Property",
        "propertyAssignments" : null,
        "stereotype" : null,
        "isDerived" : false,
        "isReadOnly" : false,
        "isOrdered" : false,
        "cardinality" : null,
        "propertyType" : {
          "id" : "0lU5YgGGAqACYhPg",
          "type" : "Class"
        },
        "subsettedProperties" : null,
        "redefinedProperties" : null,
        "aggregationKind" : "NONE"
      } ],
      "isExtensional" : false,
      "isPowertype" : null,
      "order" : null,
      "literals" : null,
      "restrictedTo" : [ "functional-complex" ]
    }, {
      "id" : "11dSNf6GAqACYg7_",
      "name" : "Story",
      "description" : null,
      "type" : "Class",
      "propertyAssignments" : null,
      "stereotype" : "kind",
      "isAbstract" : false,
      "isDerived" : false,
      "properties" : null,
      "isExtensional" : null,
      "isPowertype" : null,
      "order" : null,
      "literals" : null,
      "restrictedTo" : [ "functional-complex" ]
    }, {
      "id" : "IKpCNf6GAqACYg2V",
      "name" : "Program increment",
      "description" : null,
      "type" : "Class",
      "propertyAssignments" : null,
      "stereotype" : "subkind",
      "isAbstract" : true,
      "isDerived" : false,
      "properties" : null,
      "isExtensional" : false,
      "isPowertype" : null,
      "order" : null,
      "literals" : null,
      "restrictedTo" : [ "functional-complex" ]
    }, {
      "id" : "9jXrx36GAqACYgmG",
      "name" : "Platform",
      "description" : null,
      "type" : "Class",
      "propertyAssignments" : null,
      "stereotype" : "kind",
      "isAbstract" : false,
      "isDerived" : false,
      "properties" : [ {
        "id" : "EgwO5oGGAqACYh2d",
        "name" : "platform",
        "description" : null,
        "type" : "Property",
        "propertyAssignments" : null,
        "stereotype" : null,
        "isDerived" : false,
        "isReadOnly" : false,
        "isOrdered" : false,
        "cardinality" : null,
        "propertyType" : {
          "id" : "feUWYgGGAqACYhDi",
          "type" : "Class"
        },
        "subsettedProperties" : null,
        "redefinedProperties" : null,
        "aggregationKind" : "NONE"
      } ],
      "isExtensional" : null,
      "isPowertype" : null,
      "order" : null,
      "literals" : null,
      "restrictedTo" : [ "functional-complex" ]
    }, {
      "id" : "nRRSNf6GAqACYg6v",
      "name" : "Epic",
      "description" : null,
      "type" : "Class",
      "propertyAssignments" : null,
      "stereotype" : "kind",
      "isAbstract" : false,
      "isDerived" : false,
      "properties" : null,
      "isExtensional" : null,
      "isPowertype" : null,
      "order" : null,
      "literals" : null,
      "restrictedTo" : [ "functional-complex" ]
    }, {
      "id" : "snQK4P6GAqACYgqy",
      "name" : "Program",
      "description" : null,
      "type" : "Class",
      "propertyAssignments" : null,
      "stereotype" : "kind",
      "isAbstract" : false,
      "isDerived" : false,
      "properties" : null,
      "isExtensional" : null,
      "isPowertype" : null,
      "order" : null,
      "literals" : null,
      "restrictedTo" : [ "functional-complex" ]
    }, {
      "id" : "dStf1f6GAqACYgvR",
      "name" : "Sprint",
      "description" : null,
      "type" : "Class",
      "propertyAssignments" : null,
      "stereotype" : "kind",
      "isAbstract" : false,
      "isDerived" : false,
      "properties" : null,
      "isExtensional" : null,
      "isPowertype" : null,
      "order" : null,
      "literals" : null,
      "restrictedTo" : [ "functional-complex" ]
    }, {
      "id" : "1xL4e36GAqACYggc",
      "name" : "Compiler",
      "description" : null,
      "type" : "Class",
      "propertyAssignments" : null,
      "stereotype" : "kind",
      "isAbstract" : false,
      "isDerived" : false,
      "properties" : null,
      "isExtensional" : null,
      "isPowertype" : null,
      "order" : null,
      "literals" : null,
      "restrictedTo" : [ "functional-complex" ]
    }, {
      "id" : "IHQo3X6GAqACYgrl",
      "name" : "Programming framework",
      "description" : null,
      "type" : "Class",
      "propertyAssignments" : null,
      "stereotype" : "kind",
      "isAbstract" : false,
      "isDerived" : false,
      "properties" : null,
      "isExtensional" : null,
      "isPowertype" : null,
      "order" : null,
      "literals" : null,
      "restrictedTo" : [ "functional-complex" ]
    }, {
      "id" : "cmDnFIGD.AAAAQ2N",
      "name" : "Quality attribute",
      "description" : null,
      "type" : "Class",
      "propertyAssignments" : null,
      "stereotype" : "quality",
      "isAbstract" : false,
      "isDerived" : false,
      "properties" : [ {
        "id" : "mvo35oGGAqACYjZC",
        "name" : "type",
        "description" : null,
        "type" : "Property",
        "propertyAssignments" : null,
        "stereotype" : null,
        "isDerived" : false,
        "isReadOnly" : false,
        "isOrdered" : false,
        "cardinality" : null,
        "propertyType" : {
          "id" : "ZLuGYgGGAqACYg6N",
          "type" : "Class"
        },
        "subsettedProperties" : null,
        "redefinedProperties" : null,
        "aggregationKind" : "NONE"
      }, {
        "id" : "oxc35oGGAqACYjZE",
        "name" : "Qlevel",
        "description" : null,
        "type" : "Property",
        "propertyAssignments" : null,
        "stereotype" : null,
        "isDerived" : false,
        "isReadOnly" : false,
        "isOrdered" : false,
        "cardinality" : null,
        "propertyType" : {
          "id" : "e4zGYgGGAqACYg7o",
          "type" : "Class"
        },
        "subsettedProperties" : null,
        "redefinedProperties" : null,
        "aggregationKind" : "NONE"
      } ],
      "isExtensional" : null,
      "isPowertype" : null,
      "order" : null,
      "literals" : null,
      "restrictedTo" : [ "quality" ]
    }, {
      "id" : "kIgMYgGGAqACYgg2",
      "name" : "Experience Levels",
      "description" : null,
      "type" : "Class",
      "propertyAssignments" : null,
      "stereotype" : "enumeration",
      "isAbstract" : false,
      "isDerived" : false,
      "properties" : null,
      "isExtensional" : null,
      "isPowertype" : null,
      "order" : null,
      "literals" : [ {
        "id" : "iogGYgGGAqACYg4M",
        "name" : "Junior",
        "description" : null,
        "type" : "Literal",
        "propertyAssignments" : null
      }, {
        "id" : "IdgGYgGGAqACYg4P",
        "name" : "Intermediate",
        "description" : null,
        "type" : "Literal",
        "propertyAssignments" : null
      }, {
        "id" : "K3QGYgGGAqACYg4S",
        "name" : "Senior",
        "description" : null,
        "type" : "Literal",
        "propertyAssignments" : null
      } ],
      "restrictedTo" : [ "abstract" ]
    }, {
      "id" : "BWhsYgGGAqACYgjy",
      "name" : "Roles",
      "description" : null,
      "type" : "Class",
      "propertyAssignments" : null,
      "stereotype" : "enumeration",
      "isAbstract" : false,
      "isDerived" : false,
      "properties" : null,
      "isExtensional" : null,
      "isPowertype" : null,
      "order" : null,
      "literals" : [ {
        "id" : "0ZYGYgGGAqACYg4r",
        "name" : "Scrum Master",
        "description" : null,
        "type" : "Literal",
        "propertyAssignments" : null
      }, {
        "id" : "zFkGYgGGAqACYg4x",
        "name" : "Software engineer",
        "description" : null,
        "type" : "Literal",
        "propertyAssignments" : null
      }, {
        "id" : "sY0GYgGGAqACYg40",
        "name" : "Tester",
        "description" : null,
        "type" : "Literal",
        "propertyAssignments" : null
      }, {
        "id" : "_P0n5oGGAqACYinq",
        "name" : "Product owner",
        "description" : null,
        "type" : "Literal",
        "propertyAssignments" : null
      }, {
        "id" : "xD8n5oGGAqACYin5",
        "name" : "Technical administrator",
        "description" : null,
        "type" : "Literal",
        "propertyAssignments" : null
      }, {
        "id" : "r8Cn5oGGAqACYin8",
        "name" : "Functional administrator",
        "description" : null,
        "type" : "Literal",
        "propertyAssignments" : null
      } ],
      "restrictedTo" : [ "abstract" ]
    }, {
      "id" : "La9MYgGGAqACYgiR",
      "name" : "Proficiency Levels",
      "description" : null,
      "type" : "Class",
      "propertyAssignments" : null,
      "stereotype" : "enumeration",
      "isAbstract" : false,
      "isDerived" : false,
      "properties" : null,
      "isExtensional" : null,
      "isPowertype" : null,
      "order" : null,
      "literals" : [ {
        "id" : "9O76YgGGAqACYg3a",
        "name" : "Aware",
        "description" : null,
        "type" : "Literal",
        "propertyAssignments" : null
      }, {
        "id" : "YUH6YgGGAqACYg3d",
        "name" : "Beginner",
        "description" : null,
        "type" : "Literal",
        "propertyAssignments" : null
      }, {
        "id" : "d2n6YgGGAqACYg3g",
        "name" : "Professional",
        "description" : null,
        "type" : "Literal",
        "propertyAssignments" : null
      }, {
        "id" : "4xX6YgGGAqACYg3j",
        "name" : "Expert",
        "description" : null,
        "type" : "Literal",
        "propertyAssignments" : null
      }, {
        "id" : "7XX6YgGGAqACYg3m",
        "name" : "Leading Expert",
        "description" : null,
        "type" : "Literal",
        "propertyAssignments" : null
      } ],
      "restrictedTo" : [ "abstract" ]
    }, {
      "id" : "yOppPAGGAqAEDAqA",
      "name" : "Employee",
      "description" : null,
      "type" : "Class",
      "propertyAssignments" : null,
      "stereotype" : "role",
      "isAbstract" : false,
      "isDerived" : false,
      "properties" : [ {
        "id" : "s4MibwGGAqAEDAsl",
        "name" : "availability",
        "description" : null,
        "type" : "Property",
        "propertyAssignments" : null,
        "stereotype" : null,
        "isDerived" : false,
        "isReadOnly" : false,
        "isOrdered" : false,
        "cardinality" : null,
        "propertyType" : {
          "id" : "F5NA3X6GAqACYgWk",
          "type" : "Class"
        },
        "subsettedProperties" : null,
        "redefinedProperties" : null,
        "aggregationKind" : "NONE"
      }, {
        "id" : "AwQT1oGGAqACYg7m",
        "name" : "General experience level",
        "description" : null,
        "type" : "Property",
        "propertyAssignments" : null,
        "stereotype" : null,
        "isDerived" : false,
        "isReadOnly" : false,
        "isOrdered" : false,
        "cardinality" : null,
        "propertyType" : {
          "id" : "kIgMYgGGAqACYgg2",
          "type" : "Class"
        },
        "subsettedProperties" : null,
        "redefinedProperties" : null,
        "aggregationKind" : "NONE"
      } ],
      "isExtensional" : false,
      "isPowertype" : null,
      "order" : null,
      "literals" : null,
      "restrictedTo" : [ "functional-complex" ]
    }, {
      "id" : "dFdw3X6GAqACYgpo",
      "name" : "Programming langauge",
      "description" : null,
      "type" : "Class",
      "propertyAssignments" : null,
      "stereotype" : "kind",
      "isAbstract" : false,
      "isDerived" : false,
      "properties" : null,
      "isExtensional" : null,
      "isPowertype" : null,
      "order" : null,
      "literals" : null,
      "restrictedTo" : [ "functional-complex" ]
    }, {
      "id" : "EOqq_X6GAqACYg1r",
      "name" : "Software development project",
      "description" : null,
      "type" : "Class",
      "propertyAssignments" : null,
      "stereotype" : "kind",
      "isAbstract" : false,
      "isDerived" : false,
      "properties" : [ {
        "id" : "U5vDPQGGAqAEAwtq",
        "name" : "effort",
        "description" : null,
        "type" : "Property",
        "propertyAssignments" : null,
        "stereotype" : null,
        "isDerived" : false,
        "isReadOnly" : false,
        "isOrdered" : false,
        "cardinality" : null,
        "propertyType" : null,
        "subsettedProperties" : null,
        "redefinedProperties" : null,
        "aggregationKind" : "NONE"
      }, {
        "id" : "R5ij1oGGAqACYg5I",
        "name" : "type of project",
        "description" : null,
        "type" : "Property",
        "propertyAssignments" : null,
        "stereotype" : null,
        "isDerived" : false,
        "isReadOnly" : false,
        "isOrdered" : false,
        "cardinality" : null,
        "propertyType" : {
          "id" : "LNKWYgGGAqACYhEo",
          "type" : "Class"
        },
        "subsettedProperties" : null,
        "redefinedProperties" : null,
        "aggregationKind" : "NONE"
      }, {
        "id" : "9T5j1oGGAqACYg6G",
        "name" : "Architectural style",
        "description" : null,
        "type" : "Property",
        "propertyAssignments" : null,
        "stereotype" : null,
        "isDerived" : false,
        "isReadOnly" : false,
        "isOrdered" : false,
        "cardinality" : null,
        "propertyType" : {
          "id" : "YsEJoIGGAqACYgvb",
          "type" : "Class"
        },
        "subsettedProperties" : null,
        "redefinedProperties" : null,
        "aggregationKind" : "NONE"
      }, {
        "id" : "3xNj1oGGAqACYg6I",
        "name" : "development method",
        "description" : null,
        "type" : "Property",
        "propertyAssignments" : null,
        "stereotype" : null,
        "isDerived" : false,
        "isReadOnly" : false,
        "isOrdered" : false,
        "cardinality" : null,
        "propertyType" : {
          "id" : "hgFWYgGGAqACYhGF",
          "type" : "Class"
        },
        "subsettedProperties" : null,
        "redefinedProperties" : null,
        "aggregationKind" : "NONE"
      } ],
      "isExtensional" : null,
      "isPowertype" : null,
      "order" : null,
      "literals" : null,
      "restrictedTo" : [ "functional-complex" ]
    }, {
      "id" : "PoLK_X6GAqACYgy6",
      "name" : "Programming environment",
      "description" : null,
      "type" : "Class",
      "propertyAssignments" : null,
      "stereotype" : "kind",
      "isAbstract" : false,
      "isDerived" : false,
      "properties" : [ {
        "id" : "Ctmj1oGGAqACYg5g",
        "name" : "type of project",
        "description" : null,
        "type" : "Property",
        "propertyAssignments" : null,
        "stereotype" : null,
        "isDerived" : false,
        "isReadOnly" : false,
        "isOrdered" : false,
        "cardinality" : null,
        "propertyType" : {
          "id" : "LNKWYgGGAqACYhEo",
          "type" : "Class"
        },
        "subsettedProperties" : null,
        "redefinedProperties" : null,
        "aggregationKind" : "NONE"
      } ],
      "isExtensional" : null,
      "isPowertype" : null,
      "order" : null,
      "literals" : null,
      "restrictedTo" : [ "functional-complex" ]
    }, {
      "id" : "ojeS_X6GAqACYggz",
      "name" : "Membership",
      "description" : null,
      "type" : "Class",
      "propertyAssignments" : null,
      "stereotype" : "relator",
      "isAbstract" : false,
      "isDerived" : false,
      "properties" : null,
      "isExtensional" : null,
      "isPowertype" : null,
      "order" : null,
      "literals" : null,
      "restrictedTo" : [ "relator" ]
    }, {
      "id" : "bAuS_X6GAqACYggk",
      "name" : "Team",
      "description" : null,
      "type" : "Class",
      "propertyAssignments" : null,
      "stereotype" : "kind",
      "isAbstract" : false,
      "isDerived" : false,
      "properties" : null,
      "isExtensional" : null,
      "isPowertype" : null,
      "order" : null,
      "literals" : null,
      "restrictedTo" : [ "functional-complex" ]
    }, {
      "id" : "ZnhS_X6GAqACYgg8",
      "name" : "Business Role",
      "description" : null,
      "type" : "Class",
      "propertyAssignments" : null,
      "stereotype" : "role",
      "isAbstract" : false,
      "isDerived" : false,
      "properties" : [ {
        "id" : "uwkn5oGGAqACYini",
        "name" : "role",
        "description" : null,
        "type" : "Property",
        "propertyAssignments" : null,
        "stereotype" : null,
        "isDerived" : false,
        "isReadOnly" : false,
        "isOrdered" : false,
        "cardinality" : null,
        "propertyType" : {
          "id" : "BWhsYgGGAqACYgjy",
          "type" : "Class"
        },
        "subsettedProperties" : null,
        "redefinedProperties" : null,
        "aggregationKind" : "NONE"
      } ],
      "isExtensional" : false,
      "isPowertype" : null,
      "order" : null,
      "literals" : null,
      "restrictedTo" : [ "functional-complex" ]
    }, {
      "id" : "ag_R_X6GAqACYg_M",
      "name" : "Proficiency level",
      "description" : null,
      "type" : "Class",
      "propertyAssignments" : null,
      "stereotype" : "kind",
      "isAbstract" : false,
      "isDerived" : false,
      "properties" : [ {
        "id" : "wiZH5oGGAqACYil.",
        "name" : "Plevel",
        "description" : null,
        "type" : "Property",
        "propertyAssignments" : null,
        "stereotype" : null,
        "isDerived" : false,
        "isReadOnly" : false,
        "isOrdered" : false,
        "cardinality" : null,
        "propertyType" : {
          "id" : "La9MYgGGAqACYgiR",
          "type" : "Class"
        },
        "subsettedProperties" : null,
        "redefinedProperties" : null,
        "aggregationKind" : "NONE"
      }, {
        "id" : "hFlH5oGGAqACYimA",
        "name" : "language",
        "description" : null,
        "type" : "Property",
        "propertyAssignments" : null,
        "stereotype" : null,
        "isDerived" : false,
        "isReadOnly" : false,
        "isOrdered" : false,
        "cardinality" : null,
        "propertyType" : {
          "id" : "dFdw3X6GAqACYgpo",
          "type" : "Class"
        },
        "subsettedProperties" : null,
        "redefinedProperties" : null,
        "aggregationKind" : "NONE"
      } ],
      "isExtensional" : null,
      "isPowertype" : null,
      "order" : null,
      "literals" : null,
      "restrictedTo" : [ "functional-complex" ]
    }, {
      "id" : "gfBn5oGGAqACYipN",
      "name" : "Person",
      "description" : null,
      "type" : "Class",
      "propertyAssignments" : null,
      "stereotype" : "kind",
      "isAbstract" : false,
      "isDerived" : false,
      "properties" : null,
      "isExtensional" : null,
      "isPowertype" : null,
      "order" : null,
      "literals" : null,
      "restrictedTo" : [ "functional-complex" ]
    }, {
      "id" : "iFln5oGGAqACYiqc",
      "name" : "Role",
      "description" : null,
      "type" : "Class",
      "propertyAssignments" : null,
      "stereotype" : "kind",
      "isAbstract" : false,
      "isDerived" : false,
      "properties" : null,
      "isExtensional" : null,
      "isPowertype" : null,
      "order" : null,
      "literals" : null,
      "restrictedTo" : [ "functional-complex" ]
    }, {
      "id" : "QGbh_X6GAqACYg81",
      "name" : "Non-functional Requirement",
      "description" : null,
      "type" : "Class",
      "propertyAssignments" : null,
      "stereotype" : "quality",
      "isAbstract" : false,
      "isDerived" : false,
      "properties" : [ {
        "id" : "_L9O5oGGAqACYh4j",
        "name" : "requirement",
        "description" : null,
        "type" : "Property",
        "propertyAssignments" : null,
        "stereotype" : null,
        "isDerived" : false,
        "isReadOnly" : false,
        "isOrdered" : false,
        "cardinality" : null,
        "propertyType" : {
          "id" : "eGAeYgGGAqACYhI.",
          "type" : "Class"
        },
        "subsettedProperties" : null,
        "redefinedProperties" : null,
        "aggregationKind" : "NONE"
      }, {
        "id" : "71zO5oGGAqACYh4l",
        "name" : "importance",
        "description" : null,
        "type" : "Property",
        "propertyAssignments" : null,
        "stereotype" : null,
        "isDerived" : false,
        "isReadOnly" : false,
        "isOrdered" : false,
        "cardinality" : null,
        "propertyType" : {
          "id" : "wZTuYgGGAqACYhH9",
          "type" : "Class"
        },
        "subsettedProperties" : null,
        "redefinedProperties" : null,
        "aggregationKind" : "NONE"
      } ],
      "isExtensional" : null,
      "isPowertype" : null,
      "order" : null,
      "literals" : null,
      "restrictedTo" : [ "quality" ]
    }, {
      "id" : "wZTuYgGGAqACYhH9",
      "name" : "Importance levels",
      "description" : null,
      "type" : "Class",
      "propertyAssignments" : null,
      "stereotype" : "enumeration",
      "isAbstract" : false,
      "isDerived" : false,
      "properties" : null,
      "isExtensional" : null,
      "isPowertype" : null,
      "order" : null,
      "literals" : [ {
        "id" : "oGruYgGGAqACYhIB",
        "name" : "Low Importance",
        "description" : null,
        "type" : "Literal",
        "propertyAssignments" : null
      }, {
        "id" : "mvruYgGGAqACYhIE",
        "name" : "Medium Importance",
        "description" : null,
        "type" : "Literal",
        "propertyAssignments" : null
      }, {
        "id" : "gVbuYgGGAqACYhIH",
        "name" : "High Importance",
        "description" : null,
        "type" : "Literal",
        "propertyAssignments" : null
      } ],
      "restrictedTo" : [ "abstract" ]
    }, {
      "id" : "LA1Ndv6GAqAEEwtB",
      "name" : "",
      "description" : null,
      "type" : "Generalization",
      "propertyAssignments" : null,
      "general" : {
        "id" : "PDrldv6GAqAEEwiK",
        "type" : "Class"
      },
      "specific" : {
        "id" : "PoLK_X6GAqACYgy6",
        "type" : "Class"
      }
    }, {
      "id" : "y0VCNf6GAqACYg2q",
      "name" : "",
      "description" : null,
      "type" : "Generalization",
      "propertyAssignments" : null,
      "general" : {
        "id" : "EOqq_X6GAqACYg1r",
        "type" : "Class"
      },
      "specific" : {
        "id" : "IKpCNf6GAqACYg2V",
        "type" : "Class"
      }
    }, {
      "id" : "8SWNdv6GAqAEEwp3",
      "name" : "",
      "description" : null,
      "type" : "Generalization",
      "propertyAssignments" : null,
      "general" : {
        "id" : "PDrldv6GAqAEEwiK",
        "type" : "Class"
      },
      "specific" : {
        "id" : "bAuS_X6GAqACYggk",
        "type" : "Class"
      }
    }, {
      "id" : "f1Zn5oGGAqACYiqF",
      "name" : null,
      "description" : null,
      "type" : "Generalization",
      "propertyAssignments" : null,
      "general" : {
        "id" : "gfBn5oGGAqACYipN",
        "type" : "Class"
      },
      "specific" : {
        "id" : "yOppPAGGAqAEDAqA",
        "type" : "Class"
      }
    }, {
      "id" : "4u1n5oGGAqACYiq1",
      "name" : null,
      "description" : null,
      "type" : "Generalization",
      "propertyAssignments" : null,
      "general" : {
        "id" : "iFln5oGGAqACYiqc",
        "type" : "Class"
      },
      "specific" : {
        "id" : "ZnhS_X6GAqACYgg8",
        "type" : "Class"
      }
    }, {
      "id" : "zhvh_X6GAqACYg9Q",
      "name" : "",
      "description" : null,
      "type" : "Relation",
      "propertyAssignments" : null,
      "stereotype" : null,
      "isAbstract" : false,
      "isDerived" : false,
      "properties" : [ {
        "id" : "zhvh_X6GAqACYg9R",
        "name" : null,
        "description" : null,
        "type" : "Property",
        "propertyAssignments" : null,
        "stereotype" : null,
        "isDerived" : false,
        "isReadOnly" : false,
        "isOrdered" : false,
        "cardinality" : null,
        "propertyType" : {
          "id" : "EOqq_X6GAqACYg1r",
          "type" : "Class"
        },
        "subsettedProperties" : null,
        "redefinedProperties" : null,
        "aggregationKind" : "SHARED"
      }, {
        "id" : "zhvh_X6GAqACYg9T",
        "name" : null,
        "description" : null,
        "type" : "Property",
        "propertyAssignments" : null,
        "stereotype" : null,
        "isDerived" : false,
        "isReadOnly" : false,
        "isOrdered" : false,
        "cardinality" : "0..*",
        "propertyType" : {
          "id" : "QGbh_X6GAqACYg81",
          "type" : "Class"
        },
        "subsettedProperties" : null,
        "redefinedProperties" : null,
        "aggregationKind" : "NONE"
      } ]
    }, {
      "id" : "Iu_rx36GAqACYgmq",
      "name" : null,
      "description" : null,
      "type" : "Relation",
      "propertyAssignments" : null,
      "stereotype" : null,
      "isAbstract" : false,
      "isDerived" : false,
      "properties" : [ {
        "id" : "Iu_rx36GAqACYgmr",
        "name" : null,
        "description" : null,
        "type" : "Property",
        "propertyAssignments" : null,
        "stereotype" : null,
        "isDerived" : false,
        "isReadOnly" : false,
        "isOrdered" : false,
        "cardinality" : null,
        "propertyType" : {
          "id" : "EOqq_X6GAqACYg1r",
          "type" : "Class"
        },
        "subsettedProperties" : null,
        "redefinedProperties" : null,
        "aggregationKind" : "SHARED"
      }, {
        "id" : "Iu_rx36GAqACYgmt",
        "name" : "",
        "description" : null,
        "type" : "Property",
        "propertyAssignments" : null,
        "stereotype" : null,
        "isDerived" : false,
        "isReadOnly" : false,
        "isOrdered" : false,
        "cardinality" : "1..*",
        "propertyType" : {
          "id" : "9jXrx36GAqACYgmG",
          "type" : "Class"
        },
        "subsettedProperties" : null,
        "redefinedProperties" : null,
        "aggregationKind" : "NONE"
      } ]
    }, {
      "id" : "Lbsq4P6GAqACYgsf",
      "name" : "",
      "description" : null,
      "type" : "Relation",
      "propertyAssignments" : null,
      "stereotype" : null,
      "isAbstract" : false,
      "isDerived" : false,
      "properties" : [ {
        "id" : "Lbsq4P6GAqACYgsg",
        "name" : "",
        "description" : null,
        "type" : "Property",
        "propertyAssignments" : null,
        "stereotype" : null,
        "isDerived" : false,
        "isReadOnly" : false,
        "isOrdered" : false,
        "cardinality" : null,
        "propertyType" : {
          "id" : "snQK4P6GAqACYgqy",
          "type" : "Class"
        },
        "subsettedProperties" : null,
        "redefinedProperties" : null,
        "aggregationKind" : "SHARED"
      }, {
        "id" : "Lbsq4P6GAqACYgsi",
        "name" : null,
        "description" : null,
        "type" : "Property",
        "propertyAssignments" : null,
        "stereotype" : null,
        "isDerived" : false,
        "isReadOnly" : false,
        "isOrdered" : false,
        "cardinality" : "0..1",
        "propertyType" : {
          "id" : "EOqq_X6GAqACYg1r",
          "type" : "Class"
        },
        "subsettedProperties" : null,
        "redefinedProperties" : null,
        "aggregationKind" : "NONE"
      } ]
    }, {
      "id" : "4KPldv6GAqAEEwi2",
      "name" : "",
      "description" : null,
      "type" : "Relation",
      "propertyAssignments" : null,
      "stereotype" : null,
      "isAbstract" : false,
      "isDerived" : false,
      "properties" : [ {
        "id" : "4KPldv6GAqAEEwi3",
        "name" : null,
        "description" : null,
        "type" : "Property",
        "propertyAssignments" : null,
        "stereotype" : null,
        "isDerived" : false,
        "isReadOnly" : false,
        "isOrdered" : false,
        "cardinality" : "1..*",
        "propertyType" : {
          "id" : "EOqq_X6GAqACYg1r",
          "type" : "Class"
        },
        "subsettedProperties" : null,
        "redefinedProperties" : null,
        "aggregationKind" : "SHARED"
      }, {
        "id" : "4KPldv6GAqAEEwi5",
        "name" : null,
        "description" : null,
        "type" : "Property",
        "propertyAssignments" : null,
        "stereotype" : null,
        "isDerived" : false,
        "isReadOnly" : false,
        "isOrdered" : false,
        "cardinality" : null,
        "propertyType" : {
          "id" : "PDrldv6GAqAEEwiK",
          "type" : "Class"
        },
        "subsettedProperties" : null,
        "redefinedProperties" : null,
        "aggregationKind" : "NONE"
      } ]
    }, {
      "id" : "R9ZSNf6GAqACYg7G",
      "name" : null,
      "description" : null,
      "type" : "Relation",
      "propertyAssignments" : null,
      "stereotype" : null,
      "isAbstract" : false,
      "isDerived" : false,
      "properties" : [ {
        "id" : "R9ZSNf6GAqACYg7H",
        "name" : null,
        "description" : null,
        "type" : "Property",
        "propertyAssignments" : null,
        "stereotype" : null,
        "isDerived" : false,
        "isReadOnly" : false,
        "isOrdered" : false,
        "cardinality" : null,
        "propertyType" : {
          "id" : "IKpCNf6GAqACYg2V",
          "type" : "Class"
        },
        "subsettedProperties" : null,
        "redefinedProperties" : null,
        "aggregationKind" : "COMPOSITE"
      }, {
        "id" : "R9ZSNf6GAqACYg7J",
        "name" : null,
        "description" : null,
        "type" : "Property",
        "propertyAssignments" : null,
        "stereotype" : null,
        "isDerived" : false,
        "isReadOnly" : false,
        "isOrdered" : false,
        "cardinality" : null,
        "propertyType" : {
          "id" : "nRRSNf6GAqACYg6v",
          "type" : "Class"
        },
        "subsettedProperties" : null,
        "redefinedProperties" : null,
        "aggregationKind" : "NONE"
      } ]
    }, {
      "id" : "jyv.GAGGAqAEDArk",
      "name" : null,
      "description" : null,
      "type" : "Relation",
      "propertyAssignments" : null,
      "stereotype" : null,
      "isAbstract" : false,
      "isDerived" : false,
      "properties" : [ {
        "id" : "jyv.GAGGAqAEDArl",
        "name" : null,
        "description" : null,
        "type" : "Property",
        "propertyAssignments" : null,
        "stereotype" : null,
        "isDerived" : false,
        "isReadOnly" : false,
        "isOrdered" : false,
        "cardinality" : null,
        "propertyType" : {
          "id" : "snQK4P6GAqACYgqy",
          "type" : "Class"
        },
        "subsettedProperties" : null,
        "redefinedProperties" : null,
        "aggregationKind" : "COMPOSITE"
      }, {
        "id" : "jyv.GAGGAqAEDArn",
        "name" : null,
        "description" : null,
        "type" : "Property",
        "propertyAssignments" : null,
        "stereotype" : null,
        "isDerived" : false,
        "isReadOnly" : false,
        "isOrdered" : false,
        "cardinality" : null,
        "propertyType" : {
          "id" : "IKpCNf6GAqACYg2V",
          "type" : "Class"
        },
        "subsettedProperties" : null,
        "redefinedProperties" : null,
        "aggregationKind" : "NONE"
      } ]
    }, {
      "id" : "UCHxPAGGAqAEDAjw",
      "name" : null,
      "description" : null,
      "type" : "Relation",
      "propertyAssignments" : null,
      "stereotype" : null,
      "isAbstract" : false,
      "isDerived" : false,
      "properties" : [ {
        "id" : "UCHxPAGGAqAEDAjx",
        "name" : null,
        "description" : null,
        "type" : "Property",
        "propertyAssignments" : null,
        "stereotype" : null,
        "isDerived" : false,
        "isReadOnly" : false,
        "isOrdered" : false,
        "cardinality" : null,
        "propertyType" : {
          "id" : "nRRSNf6GAqACYg6v",
          "type" : "Class"
        },
        "subsettedProperties" : null,
        "redefinedProperties" : null,
        "aggregationKind" : "COMPOSITE"
      }, {
        "id" : "UCHxPAGGAqAEDAjz",
        "name" : null,
        "description" : null,
        "type" : "Property",
        "propertyAssignments" : null,
        "stereotype" : null,
        "isDerived" : false,
        "isReadOnly" : false,
        "isOrdered" : false,
        "cardinality" : null,
        "propertyType" : {
          "id" : "11dSNf6GAqACYg7_",
          "type" : "Class"
        },
        "subsettedProperties" : null,
        "redefinedProperties" : null,
        "aggregationKind" : "NONE"
      } ]
    }, {
      "id" : "5fYSNf6GAqACYg5z",
      "name" : "",
      "description" : null,
      "type" : "Relation",
      "propertyAssignments" : null,
      "stereotype" : null,
      "isAbstract" : false,
      "isDerived" : false,
      "properties" : [ {
        "id" : "5fYSNf6GAqACYg50",
        "name" : null,
        "description" : null,
        "type" : "Property",
        "propertyAssignments" : null,
        "stereotype" : null,
        "isDerived" : false,
        "isReadOnly" : false,
        "isOrdered" : false,
        "cardinality" : "3",
        "propertyType" : {
          "id" : "IKpCNf6GAqACYg2V",
          "type" : "Class"
        },
        "subsettedProperties" : null,
        "redefinedProperties" : null,
        "aggregationKind" : "SHARED"
      }, {
        "id" : "5fYSNf6GAqACYg52",
        "name" : null,
        "description" : null,
        "type" : "Property",
        "propertyAssignments" : null,
        "stereotype" : null,
        "isDerived" : false,
        "isReadOnly" : false,
        "isOrdered" : false,
        "cardinality" : null,
        "propertyType" : {
          "id" : "dStf1f6GAqACYgvR",
          "type" : "Class"
        },
        "subsettedProperties" : null,
        "redefinedProperties" : null,
        "aggregationKind" : "NONE"
      } ]
    }, {
      "id" : "CFPSNf6GAqACYg9E",
      "name" : "",
      "description" : null,
      "type" : "Relation",
      "propertyAssignments" : null,
      "stereotype" : null,
      "isAbstract" : false,
      "isDerived" : false,
      "properties" : [ {
        "id" : "CFPSNf6GAqACYg9F",
        "name" : null,
        "description" : null,
        "type" : "Property",
        "propertyAssignments" : null,
        "stereotype" : null,
        "isDerived" : false,
        "isReadOnly" : false,
        "isOrdered" : false,
        "cardinality" : null,
        "propertyType" : {
          "id" : "dStf1f6GAqACYgvR",
          "type" : "Class"
        },
        "subsettedProperties" : null,
        "redefinedProperties" : null,
        "aggregationKind" : "SHARED"
      }, {
        "id" : "CFPSNf6GAqACYg9H",
        "name" : null,
        "description" : null,
        "type" : "Property",
        "propertyAssignments" : null,
        "stereotype" : null,
        "isDerived" : false,
        "isReadOnly" : false,
        "isOrdered" : false,
        "cardinality" : null,
        "propertyType" : {
          "id" : "11dSNf6GAqACYg7_",
          "type" : "Class"
        },
        "subsettedProperties" : null,
        "redefinedProperties" : null,
        "aggregationKind" : "NONE"
      } ]
    }, {
      "id" : "JWachgGGAqACYgqx",
      "name" : null,
      "description" : null,
      "type" : "Relation",
      "propertyAssignments" : null,
      "stereotype" : null,
      "isAbstract" : false,
      "isDerived" : false,
      "properties" : [ {
        "id" : "JWachgGGAqACYgqy",
        "name" : null,
        "description" : null,
        "type" : "Property",
        "propertyAssignments" : null,
        "stereotype" : null,
        "isDerived" : false,
        "isReadOnly" : false,
        "isOrdered" : false,
        "cardinality" : null,
        "propertyType" : {
          "id" : "1xL4e36GAqACYggc",
          "type" : "Class"
        },
        "subsettedProperties" : null,
        "redefinedProperties" : null,
        "aggregationKind" : "NONE"
      }, {
        "id" : "JWachgGGAqACYgq0",
        "name" : null,
        "description" : null,
        "type" : "Property",
        "propertyAssignments" : null,
        "stereotype" : null,
        "isDerived" : false,
        "isReadOnly" : false,
        "isOrdered" : false,
        "cardinality" : null,
        "propertyType" : {
          "id" : "PoLK_X6GAqACYgy6",
          "type" : "Class"
        },
        "subsettedProperties" : null,
        "redefinedProperties" : null,
        "aggregationKind" : "NONE"
      } ]
    }, {
      "id" : "yfsDPQGGAqAEAwq6",
      "name" : null,
      "description" : null,
      "type" : "Relation",
      "propertyAssignments" : null,
      "stereotype" : null,
      "isAbstract" : false,
      "isDerived" : false,
      "properties" : [ {
        "id" : "yfsDPQGGAqAEAwq7",
        "name" : null,
        "description" : null,
        "type" : "Property",
        "propertyAssignments" : null,
        "stereotype" : null,
        "isDerived" : false,
        "isReadOnly" : false,
        "isOrdered" : false,
        "cardinality" : "0..1",
        "propertyType" : {
          "id" : "IHQo3X6GAqACYgrl",
          "type" : "Class"
        },
        "subsettedProperties" : null,
        "redefinedProperties" : null,
        "aggregationKind" : "NONE"
      }, {
        "id" : "yfsDPQGGAqAEAwq9",
        "name" : null,
        "description" : null,
        "type" : "Property",
        "propertyAssignments" : null,
        "stereotype" : null,
        "isDerived" : false,
        "isReadOnly" : false,
        "isOrdered" : false,
        "cardinality" : null,
        "propertyType" : {
          "id" : "PoLK_X6GAqACYgy6",
          "type" : "Class"
        },
        "subsettedProperties" : null,
        "redefinedProperties" : null,
        "aggregationKind" : "NONE"
      } ]
    }, {
      "id" : "GUfnFIGD.AAAAQ4J",
      "name" : null,
      "description" : null,
      "type" : "Relation",
      "propertyAssignments" : null,
      "stereotype" : null,
      "isAbstract" : false,
      "isDerived" : false,
      "properties" : [ {
        "id" : "GUfnFIGD.AAAAQ4K",
        "name" : null,
        "description" : null,
        "type" : "Property",
        "propertyAssignments" : null,
        "stereotype" : null,
        "isDerived" : false,
        "isReadOnly" : false,
        "isOrdered" : false,
        "cardinality" : null,
        "propertyType" : {
          "id" : "dFdw3X6GAqACYgpo",
          "type" : "Class"
        },
        "subsettedProperties" : null,
        "redefinedProperties" : null,
        "aggregationKind" : "SHARED"
      }, {
        "id" : "GUfnFIGD.AAAAQ4M",
        "name" : null,
        "description" : null,
        "type" : "Property",
        "propertyAssignments" : null,
        "stereotype" : null,
        "isDerived" : false,
        "isReadOnly" : false,
        "isOrdered" : false,
        "cardinality" : null,
        "propertyType" : {
          "id" : "cmDnFIGD.AAAAQ2N",
          "type" : "Class"
        },
        "subsettedProperties" : null,
        "redefinedProperties" : null,
        "aggregationKind" : "NONE"
      } ]
    }, {
      "id" : "gWBchgGGAqACYgtU",
      "name" : null,
      "description" : null,
      "type" : "Relation",
      "propertyAssignments" : null,
      "stereotype" : null,
      "isAbstract" : false,
      "isDerived" : false,
      "properties" : [ {
        "id" : "gWBchgGGAqACYgtV",
        "name" : null,
        "description" : null,
        "type" : "Property",
        "propertyAssignments" : null,
        "stereotype" : null,
        "isDerived" : false,
        "isReadOnly" : false,
        "isOrdered" : false,
        "cardinality" : null,
        "propertyType" : {
          "id" : "yOppPAGGAqAEDAqA",
          "type" : "Class"
        },
        "subsettedProperties" : null,
        "redefinedProperties" : null,
        "aggregationKind" : "NONE"
      }, {
        "id" : "gWBchgGGAqACYgtX",
        "name" : null,
        "description" : null,
        "type" : "Property",
        "propertyAssignments" : null,
        "stereotype" : null,
        "isDerived" : false,
        "isReadOnly" : false,
        "isOrdered" : false,
        "cardinality" : "1..*",
        "propertyType" : {
          "id" : "ag_R_X6GAqACYg_M",
          "type" : "Class"
        },
        "subsettedProperties" : null,
        "redefinedProperties" : null,
        "aggregationKind" : "NONE"
      } ]
    }, {
      "id" : "fynNPQGGAqAEAwm_",
      "name" : "developed_by",
      "description" : null,
      "type" : "Relation",
      "propertyAssignments" : null,
      "stereotype" : null,
      "isAbstract" : false,
      "isDerived" : false,
      "properties" : [ {
        "id" : "fynNPQGGAqAEAwnA",
        "name" : null,
        "description" : null,
        "type" : "Property",
        "propertyAssignments" : null,
        "stereotype" : null,
        "isDerived" : false,
        "isReadOnly" : false,
        "isOrdered" : false,
        "cardinality" : "1",
        "propertyType" : {
          "id" : "bAuS_X6GAqACYggk",
          "type" : "Class"
        },
        "subsettedProperties" : null,
        "redefinedProperties" : null,
        "aggregationKind" : "NONE"
      }, {
        "id" : "fynNPQGGAqAEAwnC",
        "name" : null,
        "description" : null,
        "type" : "Property",
        "propertyAssignments" : null,
        "stereotype" : null,
        "isDerived" : false,
        "isReadOnly" : false,
        "isOrdered" : false,
        "cardinality" : null,
        "propertyType" : {
          "id" : "EOqq_X6GAqACYg1r",
          "type" : "Class"
        },
        "subsettedProperties" : null,
        "redefinedProperties" : null,
        "aggregationKind" : "NONE"
      } ]
    }, {
      "id" : "IuLchgGGAqACYguY",
      "name" : null,
      "description" : null,
      "type" : "Relation",
      "propertyAssignments" : null,
      "stereotype" : null,
      "isAbstract" : false,
      "isDerived" : false,
      "properties" : [ {
        "id" : "IuLchgGGAqACYguZ",
        "name" : null,
        "description" : null,
        "type" : "Property",
        "propertyAssignments" : null,
        "stereotype" : null,
        "isDerived" : false,
        "isReadOnly" : false,
        "isOrdered" : false,
        "cardinality" : "1",
        "propertyType" : {
          "id" : "dFdw3X6GAqACYgpo",
          "type" : "Class"
        },
        "subsettedProperties" : null,
        "redefinedProperties" : null,
        "aggregationKind" : "NONE"
      }, {
        "id" : "IuLchgGGAqACYgub",
        "name" : null,
        "description" : null,
        "type" : "Property",
        "propertyAssignments" : null,
        "stereotype" : null,
        "isDerived" : false,
        "isReadOnly" : false,
        "isOrdered" : false,
        "cardinality" : null,
        "propertyType" : {
          "id" : "PoLK_X6GAqACYgy6",
          "type" : "Class"
        },
        "subsettedProperties" : null,
        "redefinedProperties" : null,
        "aggregationKind" : "NONE"
      } ]
    }, {
      "id" : "_0sh_X6GAqACYg6U",
      "name" : "developed_using",
      "description" : null,
      "type" : "Relation",
      "propertyAssignments" : null,
      "stereotype" : null,
      "isAbstract" : false,
      "isDerived" : false,
      "properties" : [ {
        "id" : "AMsh_X6GAqACYg6V",
        "name" : null,
        "description" : null,
        "type" : "Property",
        "propertyAssignments" : null,
        "stereotype" : null,
        "isDerived" : false,
        "isReadOnly" : false,
        "isOrdered" : false,
        "cardinality" : "1",
        "propertyType" : {
          "id" : "EOqq_X6GAqACYg1r",
          "type" : "Class"
        },
        "subsettedProperties" : null,
        "redefinedProperties" : null,
        "aggregationKind" : "NONE"
      }, {
        "id" : "AMsh_X6GAqACYg6X",
        "name" : null,
        "description" : null,
        "type" : "Property",
        "propertyAssignments" : null,
        "stereotype" : null,
        "isDerived" : false,
        "isReadOnly" : false,
        "isOrdered" : false,
        "cardinality" : null,
        "propertyType" : {
          "id" : "PoLK_X6GAqACYgy6",
          "type" : "Class"
        },
        "subsettedProperties" : null,
        "redefinedProperties" : null,
        "aggregationKind" : "NONE"
      } ]
    }, {
      "id" : "m1GtPQGGAqAEAwpw",
      "name" : null,
      "description" : null,
      "type" : "Relation",
      "propertyAssignments" : null,
      "stereotype" : null,
      "isAbstract" : false,
      "isDerived" : false,
      "properties" : [ {
        "id" : "m1GtPQGGAqAEAwpx",
        "name" : null,
        "description" : null,
        "type" : "Property",
        "propertyAssignments" : null,
        "stereotype" : null,
        "isDerived" : false,
        "isReadOnly" : false,
        "isOrdered" : false,
        "cardinality" : null,
        "propertyType" : {
          "id" : "ZnhS_X6GAqACYgg8",
          "type" : "Class"
        },
        "subsettedProperties" : null,
        "redefinedProperties" : null,
        "aggregationKind" : "NONE"
      }, {
        "id" : "m1GtPQGGAqAEAwpz",
        "name" : null,
        "description" : null,
        "type" : "Property",
        "propertyAssignments" : null,
        "stereotype" : null,
        "isDerived" : false,
        "isReadOnly" : false,
        "isOrdered" : false,
        "cardinality" : null,
        "propertyType" : {
          "id" : "ojeS_X6GAqACYggz",
          "type" : "Class"
        },
        "subsettedProperties" : null,
        "redefinedProperties" : null,
        "aggregationKind" : "NONE"
      } ]
    }, {
      "id" : "S5zn5oGGAqACYirw",
      "name" : null,
      "description" : null,
      "type" : "Relation",
      "propertyAssignments" : null,
      "stereotype" : null,
      "isAbstract" : false,
      "isDerived" : false,
      "properties" : [ {
        "id" : "S5zn5oGGAqACYirx",
        "name" : null,
        "description" : null,
        "type" : "Property",
        "propertyAssignments" : null,
        "stereotype" : null,
        "isDerived" : false,
        "isReadOnly" : false,
        "isOrdered" : false,
        "cardinality" : null,
        "propertyType" : {
          "id" : "ojeS_X6GAqACYggz",
          "type" : "Class"
        },
        "subsettedProperties" : null,
        "redefinedProperties" : null,
        "aggregationKind" : "NONE"
      }, {
        "id" : "S5zn5oGGAqACYirz",
        "name" : null,
        "description" : null,
        "type" : "Property",
        "propertyAssignments" : null,
        "stereotype" : null,
        "isDerived" : false,
        "isReadOnly" : false,
        "isOrdered" : false,
        "cardinality" : null,
        "propertyType" : {
          "id" : "yOppPAGGAqAEDAqA",
          "type" : "Class"
        },
        "subsettedProperties" : null,
        "redefinedProperties" : null,
        "aggregationKind" : "NONE"
      } ]
    }, {
      "id" : "55Ln5oGGAqACYisw",
      "name" : null,
      "description" : null,
      "type" : "Relation",
      "propertyAssignments" : null,
      "stereotype" : null,
      "isAbstract" : false,
      "isDerived" : false,
      "properties" : [ {
        "id" : "55Ln5oGGAqACYisx",
        "name" : null,
        "description" : null,
        "type" : "Property",
        "propertyAssignments" : null,
        "stereotype" : null,
        "isDerived" : false,
        "isReadOnly" : false,
        "isOrdered" : false,
        "cardinality" : null,
        "propertyType" : {
          "id" : "bAuS_X6GAqACYggk",
          "type" : "Class"
        },
        "subsettedProperties" : null,
        "redefinedProperties" : null,
        "aggregationKind" : "NONE"
      }, {
        "id" : "55Ln5oGGAqACYisz",
        "name" : null,
        "description" : null,
        "type" : "Property",
        "propertyAssignments" : null,
        "stereotype" : null,
        "isDerived" : false,
        "isReadOnly" : false,
        "isOrdered" : false,
        "cardinality" : null,
        "propertyType" : {
          "id" : "yOppPAGGAqAEDAqA",
          "type" : "Class"
        },
        "subsettedProperties" : null,
        "redefinedProperties" : null,
        "aggregationKind" : "NONE"
      } ]
    }, {
      "id" : "Dsrn5oGGAqACYitD",
      "name" : null,
      "description" : null,
      "type" : "Relation",
      "propertyAssignments" : null,
      "stereotype" : null,
      "isAbstract" : false,
      "isDerived" : false,
      "properties" : [ {
        "id" : "Dsrn5oGGAqACYitE",
        "name" : null,
        "description" : null,
        "type" : "Property",
        "propertyAssignments" : null,
        "stereotype" : null,
        "isDerived" : false,
        "isReadOnly" : false,
        "isOrdered" : false,
        "cardinality" : null,
        "propertyType" : {
          "id" : "ZnhS_X6GAqACYgg8",
          "type" : "Class"
        },
        "subsettedProperties" : null,
        "redefinedProperties" : null,
        "aggregationKind" : "NONE"
      }, {
        "id" : "Dsrn5oGGAqACYitG",
        "name" : null,
        "description" : null,
        "type" : "Property",
        "propertyAssignments" : null,
        "stereotype" : null,
        "isDerived" : false,
        "isReadOnly" : false,
        "isOrdered" : false,
        "cardinality" : null,
        "propertyType" : {
          "id" : "bAuS_X6GAqACYggk",
          "type" : "Class"
        },
        "subsettedProperties" : null,
        "redefinedProperties" : null,
        "aggregationKind" : "NONE"
      } ]
    }, {
      "id" : "9vrn5oGGAqACYitW",
      "name" : null,
      "description" : null,
      "type" : "Relation",
      "propertyAssignments" : null,
      "stereotype" : null,
      "isAbstract" : false,
      "isDerived" : false,
      "properties" : [ {
        "id" : "9vrn5oGGAqACYitX",
        "name" : null,
        "description" : null,
        "type" : "Property",
        "propertyAssignments" : null,
        "stereotype" : null,
        "isDerived" : false,
        "isReadOnly" : false,
        "isOrdered" : false,
        "cardinality" : null,
        "propertyType" : {
          "id" : "ojeS_X6GAqACYggz",
          "type" : "Class"
        },
        "subsettedProperties" : null,
        "redefinedProperties" : null,
        "aggregationKind" : "NONE"
      }, {
        "id" : "9vrn5oGGAqACYitZ",
        "name" : null,
        "description" : null,
        "type" : "Property",
        "propertyAssignments" : null,
        "stereotype" : null,
        "isDerived" : false,
        "isReadOnly" : false,
        "isOrdered" : false,
        "cardinality" : null,
        "propertyType" : {
          "id" : "bAuS_X6GAqACYggk",
          "type" : "Class"
        },
        "subsettedProperties" : null,
        "redefinedProperties" : null,
        "aggregationKind" : "NONE"
      } ]
    }, {
      "id" : "zpG91oGGAqACYg1n",
      "name" : "can_be_used_for",
      "description" : null,
      "type" : "Relation",
      "propertyAssignments" : null,
      "stereotype" : null,
      "isAbstract" : false,
      "isDerived" : false,
      "properties" : [ {
        "id" : "zpG91oGGAqACYg1o",
        "name" : "",
        "description" : null,
        "type" : "Property",
        "propertyAssignments" : null,
        "stereotype" : null,
        "isDerived" : false,
        "isReadOnly" : false,
        "isOrdered" : false,
        "cardinality" : "1..*",
        "propertyType" : {
          "id" : "9jXrx36GAqACYgmG",
          "type" : "Class"
        },
        "subsettedProperties" : null,
        "redefinedProperties" : null,
        "aggregationKind" : "NONE"
      }, {
        "id" : "zpG91oGGAqACYg1q",
        "name" : null,
        "description" : null,
        "type" : "Property",
        "propertyAssignments" : null,
        "stereotype" : null,
        "isDerived" : false,
        "isReadOnly" : false,
        "isOrdered" : false,
        "cardinality" : null,
        "propertyType" : {
          "id" : "PoLK_X6GAqACYgy6",
          "type" : "Class"
        },
        "subsettedProperties" : null,
        "redefinedProperties" : null,
        "aggregationKind" : "NONE"
      } ]
    }, {
      "id" : "F5NA3X6GAqACYgWk",
      "name" : "int",
      "description" : null,
      "type" : "Class",
      "propertyAssignments" : null,
      "stereotype" : "datatype",
      "isAbstract" : false,
      "isDerived" : false,
      "properties" : null,
      "isExtensional" : null,
      "isPowertype" : null,
      "order" : null,
      "literals" : null,
      "restrictedTo" : [ "abstract" ]
    } ]
  },
  "diagrams" : [ {
    "id" : "NSvA3X6GAqACYgka",
    "name" : "Software Project",
    "description" : null,
    "type" : "Diagram",
    "owner" : {
      "id" : "p5NA3X6GAqACYgWe_root",
      "type" : "Package"
    },
    "contents" : [ {
      "id" : "qMsh_X6GAqACYg6Z",
      "type" : "RelationView",
      "modelElement" : {
        "id" : "_0sh_X6GAqACYg6U",
        "type" : "Relation"
      },
      "shape" : {
        "id" : "qMsh_X6GAqACYg6Z_path",
        "type" : "Path",
        "points" : [ {
          "x" : 748,
          "y" : 400
        }, {
          "x" : 748,
          "y" : 270
        }, {
          "x" : 955,
          "y" : 270
        }, {
          "x" : 955,
          "y" : 244
        } ]
      },
      "source" : {
        "id" : "EOqq_X6GAqACYg1q",
        "type" : "ClassView"
      },
      "target" : {
        "id" : "Crwh_X6GAqACYg5w",
        "type" : "ClassView"
      }
    }, {
      "id" : "eGAeYgGGAqACYhI9",
      "type" : "ClassView",
      "modelElement" : {
        "id" : "eGAeYgGGAqACYhI.",
        "type" : "Class"
      },
      "shape" : {
        "id" : "eGAeYgGGAqACYhI9_shape",
        "type" : "Rectangle",
        "x" : 464,
        "y" : 153,
        "width" : 96,
        "height" : 84
      }
    }, {
      "id" : "wZTuYgGGAqACYhH8",
      "type" : "ClassView",
      "modelElement" : {
        "id" : "wZTuYgGGAqACYhH9",
        "type" : "Class"
      },
      "shape" : {
        "id" : "wZTuYgGGAqACYhH8_shape",
        "type" : "Rectangle",
        "x" : 310,
        "y" : 273,
        "width" : 104,
        "height" : 84
      }
    }, {
      "id" : "IKpCNf6GAqACYg2U",
      "type" : "ClassView",
      "modelElement" : {
        "id" : "IKpCNf6GAqACYg2V",
        "type" : "Class"
      },
      "shape" : {
        "id" : "IKpCNf6GAqACYg2U_shape",
        "type" : "Rectangle",
        "x" : 884,
        "y" : 380,
        "width" : 146,
        "height" : 40
      }
    }, {
      "id" : "o7sq4P6GAqACYgsk",
      "type" : "RelationView",
      "modelElement" : {
        "id" : "Lbsq4P6GAqACYgsf",
        "type" : "Relation"
      },
      "shape" : {
        "id" : "o7sq4P6GAqACYgsk_path",
        "type" : "Path",
        "points" : [ {
          "x" : 877,
          "y" : 320
        }, {
          "x" : 772,
          "y" : 320
        }, {
          "x" : 772,
          "y" : 400
        } ]
      },
      "source" : {
        "id" : "snQK4P6GAqACYgqx",
        "type" : "ClassView"
      },
      "target" : {
        "id" : "EOqq_X6GAqACYg1q",
        "type" : "ClassView"
      }
    }, {
      "id" : "xFPSNf6GAqACYg9J",
      "type" : "RelationView",
      "modelElement" : {
        "id" : "CFPSNf6GAqACYg9E",
        "type" : "Relation"
      },
      "shape" : {
        "id" : "xFPSNf6GAqACYg9J_path",
        "type" : "Path",
        "points" : [ {
          "x" : 1160,
          "y" : 336
        }, {
          "x" : 1250,
          "y" : 336
        }, {
          "x" : 1250,
          "y" : 379
        } ]
      },
      "source" : {
        "id" : "dStf1f6GAqACYgvQ",
        "type" : "ClassView"
      },
      "target" : {
        "id" : "11dSNf6GAqACYg7.",
        "type" : "ClassView"
      }
    }, {
      "id" : "J0VCNf6GAqACYg2r",
      "type" : "GeneralizationView",
      "modelElement" : {
        "id" : "y0VCNf6GAqACYg2q",
        "type" : "Generalization"
      },
      "shape" : {
        "id" : "J0VCNf6GAqACYg2r_path",
        "type" : "Path",
        "points" : [ {
          "x" : 835,
          "y" : 406
        }, {
          "x" : 884,
          "y" : 406
        } ]
      },
      "source" : {
        "id" : "EOqq_X6GAqACYg1q",
        "type" : "ClassView"
      },
      "target" : {
        "id" : "IKpCNf6GAqACYg2U",
        "type" : "ClassView"
      }
    }, {
      "id" : "PDrldv6GAqAEEwiJ",
      "type" : "ClassView",
      "modelElement" : {
        "id" : "PDrldv6GAqAEEwiK",
        "type" : "Class"
      },
      "shape" : {
        "id" : "PDrldv6GAqAEEwiJ_shape",
        "type" : "Rectangle",
        "x" : 590,
        "y" : 153,
        "width" : 115,
        "height" : 51
      }
    }, {
      "id" : "9jXrx36GAqACYgmF",
      "type" : "ClassView",
      "modelElement" : {
        "id" : "9jXrx36GAqACYgmG",
        "type" : "Class"
      },
      "shape" : {
        "id" : "9jXrx36GAqACYgmF_shape",
        "type" : "Rectangle",
        "x" : 624,
        "y" : 552,
        "width" : 105,
        "height" : 51
      }
    }, {
      "id" : "gRvh_X6GAqACYg9V",
      "type" : "RelationView",
      "modelElement" : {
        "id" : "zhvh_X6GAqACYg9Q",
        "type" : "Relation"
      },
      "shape" : {
        "id" : "gRvh_X6GAqACYg9V_path",
        "type" : "Path",
        "points" : [ {
          "x" : 634,
          "y" : 415
        }, {
          "x" : 520,
          "y" : 415
        }, {
          "x" : 520,
          "y" : 357
        } ]
      },
      "source" : {
        "id" : "EOqq_X6GAqACYg1q",
        "type" : "ClassView"
      },
      "target" : {
        "id" : "QGbh_X6GAqACYg80",
        "type" : "ClassView"
      }
    }, {
      "id" : "99ZSNf6GAqACYg7L",
      "type" : "RelationView",
      "modelElement" : {
        "id" : "R9ZSNf6GAqACYg7G",
        "type" : "Relation"
      },
      "shape" : {
        "id" : "99ZSNf6GAqACYg7L_path",
        "type" : "Path",
        "points" : [ {
          "x" : 1032,
          "y" : 400
        }, {
          "x" : 1072,
          "y" : 400
        } ]
      },
      "source" : {
        "id" : "IKpCNf6GAqACYg2U",
        "type" : "ClassView"
      },
      "target" : {
        "id" : "HRRSNf6GAqACYg6u",
        "type" : "ClassView"
      }
    }, {
      "id" : "snQK4P6GAqACYgqx",
      "type" : "ClassView",
      "modelElement" : {
        "id" : "snQK4P6GAqACYgqy",
        "type" : "Class"
      },
      "shape" : {
        "id" : "snQK4P6GAqACYgqx_shape",
        "type" : "Rectangle",
        "x" : 877,
        "y" : 300,
        "width" : 124,
        "height" : 40
      }
    }, {
      "id" : "mCHxPAGGAqAEDAj8",
      "type" : "RelationView",
      "modelElement" : {
        "id" : "UCHxPAGGAqAEDAjw",
        "type" : "Relation"
      },
      "shape" : {
        "id" : "mCHxPAGGAqAEDAj8_path",
        "type" : "Path",
        "points" : [ {
          "x" : 1164,
          "y" : 400
        }, {
          "x" : 1209,
          "y" : 400
        } ]
      },
      "source" : {
        "id" : "HRRSNf6GAqACYg6u",
        "type" : "ClassView"
      },
      "target" : {
        "id" : "11dSNf6GAqACYg7.",
        "type" : "ClassView"
      }
    }, {
      "id" : "feUWYgGGAqACYhDh",
      "type" : "ClassView",
      "modelElement" : {
        "id" : "feUWYgGGAqACYhDi",
        "type" : "Class"
      },
      "shape" : {
        "id" : "feUWYgGGAqACYhDh_shape",
        "type" : "Rectangle",
        "x" : 630,
        "y" : 622,
        "width" : 96,
        "height" : 100
      }
    }, {
      "id" : "HRRSNf6GAqACYg6u",
      "type" : "ClassView",
      "modelElement" : {
        "id" : "nRRSNf6GAqACYg6v",
        "type" : "Class"
      },
      "shape" : {
        "id" : "HRRSNf6GAqACYg6u_shape",
        "type" : "Rectangle",
        "x" : 1073,
        "y" : 380,
        "width" : 90,
        "height" : 40
      }
    }, {
      "id" : "Cu_rx36GAqACYgmv",
      "type" : "RelationView",
      "modelElement" : {
        "id" : "Iu_rx36GAqACYgmq",
        "type" : "Relation"
      },
      "shape" : {
        "id" : "Cu_rx36GAqACYgmv_path",
        "type" : "Path",
        "points" : [ {
          "x" : 670,
          "y" : 498
        }, {
          "x" : 670,
          "y" : 552
        } ]
      },
      "source" : {
        "id" : "EOqq_X6GAqACYg1q",
        "type" : "ClassView"
      },
      "target" : {
        "id" : "9jXrx36GAqACYgmF",
        "type" : "ClassView"
      }
    }, {
      "id" : "BSWNdv6GAqAEEwp4",
      "type" : "GeneralizationView",
      "modelElement" : {
        "id" : "8SWNdv6GAqAEEwp3",
        "type" : "Generalization"
      },
      "shape" : {
        "id" : "BSWNdv6GAqAEEwp4_path",
        "type" : "Path",
        "points" : [ {
          "x" : 705,
          "y" : 188
        }, {
          "x" : 770,
          "y" : 188
        }, {
          "x" : 770,
          "y" : 209
        } ]
      },
      "source" : {
        "id" : "PDrldv6GAqAEEwiJ",
        "type" : "ClassView"
      },
      "target" : {
        "id" : "i6uh_X6GAqACYg7C",
        "type" : "ClassView"
      }
    }, {
      "id" : "EOqq_X6GAqACYg1q",
      "type" : "ClassView",
      "modelElement" : {
        "id" : "EOqq_X6GAqACYg1r",
        "type" : "Class"
      },
      "shape" : {
        "id" : "EOqq_X6GAqACYg1q_shape",
        "type" : "Rectangle",
        "x" : 635,
        "y" : 400,
        "width" : 200,
        "height" : 97
      }
    }, {
      "id" : "dStf1f6GAqACYgvQ",
      "type" : "ClassView",
      "modelElement" : {
        "id" : "dStf1f6GAqACYgvR",
        "type" : "Class"
      },
      "shape" : {
        "id" : "dStf1f6GAqACYgvQ_shape",
        "type" : "Rectangle",
        "x" : 1080,
        "y" : 320,
        "width" : 80,
        "height" : 40
      }
    }, {
      "id" : "i6uh_X6GAqACYg7C",
      "type" : "ClassView",
      "modelElement" : {
        "id" : "bAuS_X6GAqACYggk",
        "type" : "Class"
      },
      "shape" : {
        "id" : "i6uh_X6GAqACYg7C_shape",
        "type" : "Rectangle",
        "x" : 697,
        "y" : 210,
        "width" : 100,
        "height" : 40
      }
    }, {
      "id" : "og1Ndv6GAqAEEwtC",
      "type" : "GeneralizationView",
      "modelElement" : {
        "id" : "LA1Ndv6GAqAEEwtB",
        "type" : "Generalization"
      },
      "shape" : {
        "id" : "og1Ndv6GAqAEEwtC_path",
        "type" : "Path",
        "points" : [ {
          "x" : 705,
          "y" : 171
        }, {
          "x" : 955,
          "y" : 171
        }, {
          "x" : 955,
          "y" : 203
        } ]
      },
      "source" : {
        "id" : "PDrldv6GAqAEEwiJ",
        "type" : "ClassView"
      },
      "target" : {
        "id" : "Crwh_X6GAqACYg5w",
        "type" : "ClassView"
      }
    }, {
      "id" : "uKPldv6GAqAEEwi7",
      "type" : "RelationView",
      "modelElement" : {
        "id" : "4KPldv6GAqAEEwi2",
        "type" : "Relation"
      },
      "shape" : {
        "id" : "uKPldv6GAqAEEwi7_path",
        "type" : "Path",
        "points" : [ {
          "x" : 647,
          "y" : 400
        }, {
          "x" : 647,
          "y" : 204
        } ]
      },
      "source" : {
        "id" : "EOqq_X6GAqACYg1q",
        "type" : "ClassView"
      },
      "target" : {
        "id" : "PDrldv6GAqAEEwiJ",
        "type" : "ClassView"
      }
    }, {
      "id" : "PpdU6wGGAqACYgmy",
      "type" : "RelationView",
      "modelElement" : {
        "id" : "fynNPQGGAqAEAwm_",
        "type" : "Relation"
      },
      "shape" : {
        "id" : "PpdU6wGGAqACYgmy_path",
        "type" : "Path",
        "points" : [ {
          "x" : 737,
          "y" : 250
        }, {
          "x" : 737,
          "y" : 400
        } ]
      },
      "source" : {
        "id" : "i6uh_X6GAqACYg7C",
        "type" : "ClassView"
      },
      "target" : {
        "id" : "EOqq_X6GAqACYg1q",
        "type" : "ClassView"
      }
    }, {
      "id" : "EKv.GAGGAqAEDArp",
      "type" : "RelationView",
      "modelElement" : {
        "id" : "jyv.GAGGAqAEDArk",
        "type" : "Relation"
      },
      "shape" : {
        "id" : "EKv.GAGGAqAEDArp_path",
        "type" : "Path",
        "points" : [ {
          "x" : 935,
          "y" : 340
        }, {
          "x" : 935,
          "y" : 380
        } ]
      },
      "source" : {
        "id" : "snQK4P6GAqACYgqx",
        "type" : "ClassView"
      },
      "target" : {
        "id" : "IKpCNf6GAqACYg2U",
        "type" : "ClassView"
      }
    }, {
      "id" : "osEJoIGGAqACYgva",
      "type" : "ClassView",
      "modelElement" : {
        "id" : "YsEJoIGGAqACYgvb",
        "type" : "Class"
      },
      "shape" : {
        "id" : "osEJoIGGAqACYgva_shape",
        "type" : "Rectangle",
        "x" : 495,
        "y" : 454,
        "width" : 113,
        "height" : 65
      }
    }, {
      "id" : "hgFWYgGGAqACYhGE",
      "type" : "ClassView",
      "modelElement" : {
        "id" : "hgFWYgGGAqACYhGF",
        "type" : "Class"
      },
      "shape" : {
        "id" : "hgFWYgGGAqACYhGE_shape",
        "type" : "Rectangle",
        "x" : 892,
        "y" : 443,
        "width" : 96,
        "height" : 70
      }
    }, {
      "id" : "zfYSNf6GAqACYg54",
      "type" : "RelationView",
      "modelElement" : {
        "id" : "5fYSNf6GAqACYg5z",
        "type" : "Relation"
      },
      "shape" : {
        "id" : "zfYSNf6GAqACYg54_path",
        "type" : "Path",
        "points" : [ {
          "x" : 1020,
          "y" : 380
        }, {
          "x" : 1020,
          "y" : 336
        }, {
          "x" : 1080,
          "y" : 336
        } ]
      },
      "source" : {
        "id" : "IKpCNf6GAqACYg2U",
        "type" : "ClassView"
      },
      "target" : {
        "id" : "dStf1f6GAqACYgvQ",
        "type" : "ClassView"
      }
    }, {
      "id" : "LNKWYgGGAqACYhEn",
      "type" : "ClassView",
      "modelElement" : {
        "id" : "LNKWYgGGAqACYhEo",
        "type" : "Class"
      },
      "shape" : {
        "id" : "LNKWYgGGAqACYhEn_shape",
        "type" : "Rectangle",
        "x" : 780,
        "y" : 552,
        "width" : 96,
        "height" : 84
      }
    }, {
      "id" : "11dSNf6GAqACYg7.",
      "type" : "ClassView",
      "modelElement" : {
        "id" : "11dSNf6GAqACYg7_",
        "type" : "Class"
      },
      "shape" : {
        "id" : "11dSNf6GAqACYg7._shape",
        "type" : "Rectangle",
        "x" : 1208,
        "y" : 380,
        "width" : 95,
        "height" : 40
      }
    }, {
      "id" : "Crwh_X6GAqACYg5w",
      "type" : "ClassView",
      "modelElement" : {
        "id" : "PoLK_X6GAqACYgy6",
        "type" : "Class"
      },
      "shape" : {
        "id" : "Crwh_X6GAqACYg5w_shape",
        "type" : "Rectangle",
        "x" : 880,
        "y" : 204,
        "width" : 190,
        "height" : 40
      }
    }, {
      "id" : "0lU5YgGGAqACYhPf",
      "type" : "ClassView",
      "modelElement" : {
        "id" : "0lU5YgGGAqACYhPg",
        "type" : "Class"
      },
      "shape" : {
        "id" : "0lU5YgGGAqACYhPf_shape",
        "type" : "Rectangle",
        "x" : 597,
        "y" : 42,
        "width" : 96,
        "height" : 84
      }
    }, {
      "id" : "QGbh_X6GAqACYg80",
      "type" : "ClassView",
      "modelElement" : {
        "id" : "QGbh_X6GAqACYg81",
        "type" : "Class"
      },
      "shape" : {
        "id" : "QGbh_X6GAqACYg80_shape",
        "type" : "Rectangle",
        "x" : 441,
        "y" : 274,
        "width" : 146,
        "height" : 83
      }
    } ]
  }, {
    "id" : "eP4g3X6GAqACYgkm",
    "name" : "Development Team",
    "description" : "The ontology representing the Development team",
    "type" : "Diagram",
    "owner" : {
      "id" : "p5NA3X6GAqACYgWe_root",
      "type" : "Package"
    },
    "contents" : [ {
      "id" : "ojeS_X6GAqACYggy",
      "type" : "ClassView",
      "modelElement" : {
        "id" : "ojeS_X6GAqACYggz",
        "type" : "Class"
      },
      "shape" : {
        "id" : "ojeS_X6GAqACYggy_shape",
        "type" : "Rectangle",
        "x" : 683,
        "y" : 333,
        "width" : 80,
        "height" : 40
      }
    }, {
      "id" : "CWBchgGGAqACYgtZ",
      "type" : "RelationView",
      "modelElement" : {
        "id" : "gWBchgGGAqACYgtU",
        "type" : "Relation"
      },
      "shape" : {
        "id" : "CWBchgGGAqACYgtZ_path",
        "type" : "Path",
        "points" : [ {
          "x" : 433,
          "y" : 352
        }, {
          "x" : 396,
          "y" : 352
        } ]
      },
      "source" : {
        "id" : "yOppPAGGAqAEDAp_",
        "type" : "ClassView"
      },
      "target" : {
        "id" : "ag_R_X6GAqACYg_L",
        "type" : "ClassView"
      }
    }, {
      "id" : "RKnNPQGGAqAEAwnL",
      "type" : "RelationView",
      "modelElement" : {
        "id" : "fynNPQGGAqAEAwm_",
        "type" : "Relation"
      },
      "shape" : {
        "id" : "RKnNPQGGAqAEAwnL_path",
        "type" : "Path",
        "points" : [ {
          "x" : 771,
          "y" : 211
        }, {
          "x" : 920,
          "y" : 211
        }, {
          "x" : 920,
          "y" : 115
        } ]
      },
      "source" : {
        "id" : "bAuS_X6GAqACYggj",
        "type" : "ClassView"
      },
      "target" : {
        "id" : "jcVq_X6GAqACYg3N",
        "type" : "ClassView"
      }
    }, {
      "id" : "su1n5oGGAqACYiq2",
      "type" : "GeneralizationView",
      "modelElement" : {
        "id" : "4u1n5oGGAqACYiq1",
        "type" : "Generalization"
      },
      "shape" : {
        "id" : "su1n5oGGAqACYiq2_path",
        "type" : "Path",
        "points" : [ {
          "x" : 1036,
          "y" : 353
        }, {
          "x" : 987,
          "y" : 353
        } ]
      },
      "source" : {
        "id" : "iFln5oGGAqACYiqb",
        "type" : "ClassView"
      },
      "target" : {
        "id" : "ZnhS_X6GAqACYgg7",
        "type" : "ClassView"
      }
    }, {
      "id" : "bAuS_X6GAqACYggj",
      "type" : "ClassView",
      "modelElement" : {
        "id" : "bAuS_X6GAqACYggk",
        "type" : "Class"
      },
      "shape" : {
        "id" : "bAuS_X6GAqACYggj_shape",
        "type" : "Rectangle",
        "x" : 665,
        "y" : 189,
        "width" : 105,
        "height" : 40
      }
    }, {
      "id" : "R5zn5oGGAqACYir1",
      "type" : "RelationView",
      "modelElement" : {
        "id" : "S5zn5oGGAqACYirw",
        "type" : "Relation"
      },
      "shape" : {
        "id" : "R5zn5oGGAqACYir1_path",
        "type" : "Path",
        "points" : [ {
          "x" : 682,
          "y" : 353
        }, {
          "x" : 666,
          "y" : 353
        } ]
      },
      "source" : {
        "id" : "ojeS_X6GAqACYggy",
        "type" : "ClassView"
      },
      "target" : {
        "id" : "yOppPAGGAqAEDAp_",
        "type" : "ClassView"
      }
    }, {
      "id" : "n5Ln5oGGAqACYis1",
      "type" : "RelationView",
      "modelElement" : {
        "id" : "55Ln5oGGAqACYisw",
        "type" : "Relation"
      },
      "shape" : {
        "id" : "n5Ln5oGGAqACYis1_path",
        "type" : "Path",
        "points" : [ {
          "x" : 664,
          "y" : 221
        }, {
          "x" : 600,
          "y" : 221
        }, {
          "x" : 600,
          "y" : 326
        } ]
      },
      "source" : {
        "id" : "bAuS_X6GAqACYggj",
        "type" : "ClassView"
      },
      "target" : {
        "id" : "yOppPAGGAqAEDAp_",
        "type" : "ClassView"
      }
    }, {
      "id" : "ag_R_X6GAqACYg_L",
      "type" : "ClassView",
      "modelElement" : {
        "id" : "ag_R_X6GAqACYg_M",
        "type" : "Class"
      },
      "shape" : {
        "id" : "ag_R_X6GAqACYg_L_shape",
        "type" : "Rectangle",
        "x" : 216,
        "y" : 318,
        "width" : 179,
        "height" : 68
      }
    }, {
      "id" : "jcVq_X6GAqACYg3N",
      "type" : "ClassView",
      "modelElement" : {
        "id" : "EOqq_X6GAqACYg1r",
        "type" : "Class"
      },
      "shape" : {
        "id" : "jcVq_X6GAqACYg3N_shape",
        "type" : "Rectangle",
        "x" : 815,
        "y" : 74,
        "width" : 212,
        "height" : 40
      }
    }, {
      "id" : "dmfU6wGGAqACYgo6",
      "type" : "RelationView",
      "modelElement" : {
        "id" : "_0sh_X6GAqACYg6U",
        "type" : "Relation"
      },
      "shape" : {
        "id" : "dmfU6wGGAqACYgo6_path",
        "type" : "Path",
        "points" : [ {
          "x" : 814,
          "y" : 94
        }, {
          "x" : 628,
          "y" : 94
        } ]
      },
      "source" : {
        "id" : "jcVq_X6GAqACYg3N",
        "type" : "ClassView"
      },
      "target" : {
        "id" : "QWEq_X6GAqACYg0O",
        "type" : "ClassView"
      }
    }, {
      "id" : "QWEq_X6GAqACYg0O",
      "type" : "ClassView",
      "modelElement" : {
        "id" : "PoLK_X6GAqACYgy6",
        "type" : "Class"
      },
      "shape" : {
        "id" : "QWEq_X6GAqACYg0O_shape",
        "type" : "Rectangle",
        "x" : 437,
        "y" : 74,
        "width" : 190,
        "height" : 40
      }
    }, {
      "id" : "kfrn5oGGAqACYitb",
      "type" : "RelationView",
      "modelElement" : {
        "id" : "9vrn5oGGAqACYitW",
        "type" : "Relation"
      },
      "shape" : {
        "id" : "kfrn5oGGAqACYitb_path",
        "type" : "Path",
        "points" : [ {
          "x" : 723,
          "y" : 332
        }, {
          "x" : 723,
          "y" : 230
        } ]
      },
      "source" : {
        "id" : "ojeS_X6GAqACYggy",
        "type" : "ClassView"
      },
      "target" : {
        "id" : "bAuS_X6GAqACYggj",
        "type" : "ClassView"
      }
    }, {
      "id" : "RgXchgGGAqACYgvH",
      "type" : "RelationView",
      "modelElement" : {
        "id" : "IuLchgGGAqACYguY",
        "type" : "Relation"
      },
      "shape" : {
        "id" : "RgXchgGGAqACYgvH_path",
        "type" : "Path",
        "points" : [ {
          "x" : 387,
          "y" : 94
        }, {
          "x" : 436,
          "y" : 94
        } ]
      },
      "source" : {
        "id" : "8DwtCgGGAqACYhfw",
        "type" : "ClassView"
      },
      "target" : {
        "id" : "QWEq_X6GAqACYg0O",
        "type" : "ClassView"
      }
    }, {
      "id" : "ZnhS_X6GAqACYgg7",
      "type" : "ClassView",
      "modelElement" : {
        "id" : "ZnhS_X6GAqACYgg8",
        "type" : "Class"
      },
      "shape" : {
        "id" : "ZnhS_X6GAqACYgg7_shape",
        "type" : "Rectangle",
        "x" : 842,
        "y" : 327,
        "width" : 144,
        "height" : 53
      }
    }, {
      "id" : "8DwtCgGGAqACYhfw",
      "type" : "ClassView",
      "modelElement" : {
        "id" : "dFdw3X6GAqACYgpo",
        "type" : "Class"
      },
      "shape" : {
        "id" : "8DwtCgGGAqACYhfw_shape",
        "type" : "Rectangle",
        "x" : 216,
        "y" : 74,
        "width" : 170,
        "height" : 40
      }
    }, {
      "id" : "La9MYgGGAqACYgiQ",
      "type" : "ClassView",
      "modelElement" : {
        "id" : "La9MYgGGAqACYgiR",
        "type" : "Class"
      },
      "shape" : {
        "id" : "La9MYgGGAqACYgiQ_shape",
        "type" : "Rectangle",
        "x" : 252,
        "y" : 412,
        "width" : 107,
        "height" : 111
      }
    }, {
      "id" : "kIgMYgGGAqACYgg1",
      "type" : "ClassView",
      "modelElement" : {
        "id" : "kIgMYgGGAqACYgg2",
        "type" : "Class"
      },
      "shape" : {
        "id" : "kIgMYgGGAqACYgg1_shape",
        "type" : "Rectangle",
        "x" : 479,
        "y" : 412,
        "width" : 107,
        "height" : 80
      }
    }, {
      "id" : "BWhsYgGGAqACYgjx",
      "type" : "ClassView",
      "modelElement" : {
        "id" : "BWhsYgGGAqACYgjy",
        "type" : "Class"
      },
      "shape" : {
        "id" : "BWhsYgGGAqACYgjx_shape",
        "type" : "Rectangle",
        "x" : 852,
        "y" : 410,
        "width" : 124,
        "height" : 128
      }
    }, {
      "id" : "gfBn5oGGAqACYipM",
      "type" : "ClassView",
      "modelElement" : {
        "id" : "gfBn5oGGAqACYipN",
        "type" : "Class"
      },
      "shape" : {
        "id" : "gfBn5oGGAqACYipM_shape",
        "type" : "Rectangle",
        "x" : 467,
        "y" : 253,
        "width" : 80,
        "height" : 40
      }
    }, {
      "id" : "t1GtPQGGAqAEAwp1",
      "type" : "RelationView",
      "modelElement" : {
        "id" : "m1GtPQGGAqAEAwpw",
        "type" : "Relation"
      },
      "shape" : {
        "id" : "t1GtPQGGAqAEAwp1_path",
        "type" : "Path",
        "points" : [ {
          "x" : 841,
          "y" : 353
        }, {
          "x" : 764,
          "y" : 353
        } ]
      },
      "source" : {
        "id" : "ZnhS_X6GAqACYgg7",
        "type" : "ClassView"
      },
      "target" : {
        "id" : "ojeS_X6GAqACYggy",
        "type" : "ClassView"
      }
    }, {
      "id" : "ENZn5oGGAqACYiqG",
      "type" : "GeneralizationView",
      "modelElement" : {
        "id" : "f1Zn5oGGAqACYiqF",
        "type" : "Generalization"
      },
      "shape" : {
        "id" : "ENZn5oGGAqACYiqG_path",
        "type" : "Path",
        "points" : [ {
          "x" : 507,
          "y" : 294
        }, {
          "x" : 507,
          "y" : 326
        } ]
      },
      "source" : {
        "id" : "gfBn5oGGAqACYipM",
        "type" : "ClassView"
      },
      "target" : {
        "id" : "yOppPAGGAqAEDAp_",
        "type" : "ClassView"
      }
    }, {
      "id" : "iFln5oGGAqACYiqb",
      "type" : "ClassView",
      "modelElement" : {
        "id" : "iFln5oGGAqACYiqc",
        "type" : "Class"
      },
      "shape" : {
        "id" : "iFln5oGGAqACYiqb_shape",
        "type" : "Rectangle",
        "x" : 1037,
        "y" : 333,
        "width" : 80,
        "height" : 40
      }
    }, {
      "id" : "yOppPAGGAqAEDAp_",
      "type" : "ClassView",
      "modelElement" : {
        "id" : "yOppPAGGAqAEDAqA",
        "type" : "Class"
      },
      "shape" : {
        "id" : "yOppPAGGAqAEDAp__shape",
        "type" : "Rectangle",
        "x" : 434,
        "y" : 327,
        "width" : 231,
        "height" : 68
      }
    }, {
      "id" : "3srn5oGGAqACYitI",
      "type" : "RelationView",
      "modelElement" : {
        "id" : "Dsrn5oGGAqACYitD",
        "type" : "Relation"
      },
      "shape" : {
        "id" : "3srn5oGGAqACYitI_path",
        "type" : "Path",
        "points" : [ {
          "x" : 841,
          "y" : 336
        }, {
          "x" : 814,
          "y" : 336
        }, {
          "x" : 814,
          "y" : 221
        }, {
          "x" : 771,
          "y" : 221
        } ]
      },
      "source" : {
        "id" : "ZnhS_X6GAqACYgg7",
        "type" : "ClassView"
      },
      "target" : {
        "id" : "bAuS_X6GAqACYggj",
        "type" : "ClassView"
      }
    } ]
  }, {
    "id" : "HM8g3X6GAqACYgky",
    "name" : "Programming Languages/Frameworks",
    "description" : null,
    "type" : "Diagram",
    "owner" : {
      "id" : "p5NA3X6GAqACYgWe_root",
      "type" : "Package"
    },
    "contents" : [ {
      "id" : "3oLK_X6GAqACYgy5",
      "type" : "ClassView",
      "modelElement" : {
        "id" : "PoLK_X6GAqACYgy6",
        "type" : "Class"
      },
      "shape" : {
        "id" : "3oLK_X6GAqACYgy5_shape",
        "type" : "Rectangle",
        "x" : 552,
        "y" : 336,
        "width" : 207,
        "height" : 52
      }
    }, {
      "id" : "MuLchgGGAqACYgud",
      "type" : "RelationView",
      "modelElement" : {
        "id" : "IuLchgGGAqACYguY",
        "type" : "Relation"
      },
      "shape" : {
        "id" : "MuLchgGGAqACYgud_path",
        "type" : "Path",
        "points" : [ {
          "x" : 808,
          "y" : 356
        }, {
          "x" : 760,
          "y" : 356
        } ]
      },
      "source" : {
        "id" : "tFdw3X6GAqACYgpn",
        "type" : "ClassView"
      },
      "target" : {
        "id" : "3oLK_X6GAqACYgy5",
        "type" : "ClassView"
      }
    }, {
      "id" : ".fsDPQGGAqAEAwq_",
      "type" : "RelationView",
      "modelElement" : {
        "id" : "yfsDPQGGAqAEAwq6",
        "type" : "Relation"
      },
      "shape" : {
        "id" : ".fsDPQGGAqAEAwq__path",
        "type" : "Path",
        "points" : [ {
          "x" : 480,
          "y" : 356
        }, {
          "x" : 550,
          "y" : 356
        } ]
      },
      "source" : {
        "id" : "IHQo3X6GAqACYgrk",
        "type" : "ClassView"
      },
      "target" : {
        "id" : "3oLK_X6GAqACYgy5",
        "type" : "ClassView"
      }
    }, {
      "id" : "e4zGYgGGAqACYg7n",
      "type" : "ClassView",
      "modelElement" : {
        "id" : "e4zGYgGGAqACYg7o",
        "type" : "Class"
      },
      "shape" : {
        "id" : "e4zGYgGGAqACYg7n_shape",
        "type" : "Rectangle",
        "x" : 848,
        "y" : 99,
        "width" : 97,
        "height" : 82
      }
    }, {
      "id" : "rWachgGGAqACYgq2",
      "type" : "RelationView",
      "modelElement" : {
        "id" : "JWachgGGAqACYgqx",
        "type" : "Relation"
      },
      "shape" : {
        "id" : "rWachgGGAqACYgq2_path",
        "type" : "Path",
        "points" : [ {
          "x" : 656,
          "y" : 428
        }, {
          "x" : 656,
          "y" : 389
        } ]
      },
      "source" : {
        "id" : "1xL4e36GAqACYggb",
        "type" : "ClassView"
      },
      "target" : {
        "id" : "3oLK_X6GAqACYgy5",
        "type" : "ClassView"
      }
    }, {
      "id" : "ZLuGYgGGAqACYg6M",
      "type" : "ClassView",
      "modelElement" : {
        "id" : "ZLuGYgGGAqACYg6N",
        "type" : "Class"
      },
      "shape" : {
        "id" : "ZLuGYgGGAqACYg6M_shape",
        "type" : "Rectangle",
        "x" : 1009,
        "y" : 159,
        "width" : 97,
        "height" : 127
      }
    }, {
      "id" : "IHQo3X6GAqACYgrk",
      "type" : "ClassView",
      "modelElement" : {
        "id" : "IHQo3X6GAqACYgrl",
        "type" : "Class"
      },
      "shape" : {
        "id" : "IHQo3X6GAqACYgrk_shape",
        "type" : "Rectangle",
        "x" : 340,
        "y" : 336,
        "width" : 140,
        "height" : 40
      }
    }, {
      "id" : "YZG91oGGAqACYg1s",
      "type" : "RelationView",
      "modelElement" : {
        "id" : "zpG91oGGAqACYg1n",
        "type" : "Relation"
      },
      "shape" : {
        "id" : "YZG91oGGAqACYg1s_path",
        "type" : "Path",
        "points" : [ {
          "x" : 566,
          "y" : 249
        }, {
          "x" : 566,
          "y" : 334
        } ]
      },
      "source" : {
        "id" : "vE091oGGAqACYg0t",
        "type" : "ClassView"
      },
      "target" : {
        "id" : "3oLK_X6GAqACYgy5",
        "type" : "ClassView"
      }
    }, {
      "id" : "smDnFIGD.AAAAQ2M",
      "type" : "ClassView",
      "modelElement" : {
        "id" : "cmDnFIGD.AAAAQ2N",
        "type" : "Class"
      },
      "shape" : {
        "id" : "smDnFIGD.AAAAQ2M_shape",
        "type" : "Rectangle",
        "x" : 837,
        "y" : 199,
        "width" : 119,
        "height" : 68
      }
    }, {
      "id" : "1xL4e36GAqACYggb",
      "type" : "ClassView",
      "modelElement" : {
        "id" : "1xL4e36GAqACYggc",
        "type" : "Class"
      },
      "shape" : {
        "id" : "1xL4e36GAqACYggb_shape",
        "type" : "Rectangle",
        "x" : 615,
        "y" : 429,
        "width" : 80,
        "height" : 40
      }
    }, {
      "id" : "tFdw3X6GAqACYgpn",
      "type" : "ClassView",
      "modelElement" : {
        "id" : "dFdw3X6GAqACYgpo",
        "type" : "Class"
      },
      "shape" : {
        "id" : "tFdw3X6GAqACYgpn_shape",
        "type" : "Rectangle",
        "x" : 809,
        "y" : 337,
        "width" : 133,
        "height" : 40
      }
    }, {
      "id" : "NUfnFIGD.AAAAQ4O",
      "type" : "RelationView",
      "modelElement" : {
        "id" : "GUfnFIGD.AAAAQ4J",
        "type" : "Relation"
      },
      "shape" : {
        "id" : "NUfnFIGD.AAAAQ4O_path",
        "type" : "Path",
        "points" : [ {
          "x" : 884,
          "y" : 336
        }, {
          "x" : 884,
          "y" : 268
        } ]
      },
      "source" : {
        "id" : "tFdw3X6GAqACYgpn",
        "type" : "ClassView"
      },
      "target" : {
        "id" : "smDnFIGD.AAAAQ2M",
        "type" : "ClassView"
      }
    }, {
      "id" : "fk091oGGAqACYg0w",
      "type" : "ClassView",
      "modelElement" : {
        "id" : "feUWYgGGAqACYhDi",
        "type" : "Class"
      },
      "shape" : {
        "id" : "fk091oGGAqACYg0w_shape",
        "type" : "Rectangle",
        "x" : 523,
        "y" : 80,
        "width" : 97,
        "height" : 98
      }
    }, {
      "id" : "1U091oGGAqACYg0z",
      "type" : "ClassView",
      "modelElement" : {
        "id" : "LNKWYgGGAqACYhEo",
        "type" : "Class"
      },
      "shape" : {
        "id" : "1U091oGGAqACYg0z_shape",
        "type" : "Rectangle",
        "x" : 675,
        "y" : 148,
        "width" : 97,
        "height" : 82
      }
    }, {
      "id" : "vE091oGGAqACYg0t",
      "type" : "ClassView",
      "modelElement" : {
        "id" : "9jXrx36GAqACYgmG",
        "type" : "Class"
      },
      "shape" : {
        "id" : "vE091oGGAqACYg0t_shape",
        "type" : "Rectangle",
        "x" : 519,
        "y" : 197,
        "width" : 106,
        "height" : 51
      }
    } ]
  } ]
}