{
  "id" : "aGIrG06GAqACHRy_",
  "name" : "junior2018obascid",
  "description" : null,
  "type" : "Project",
  "model" : {
    "id" : "aGIrG06GAqACHRy__root",
    "name" : "junior2018obascid",
    "description" : null,
    "type" : "Package",
    "propertyAssignments" : null,
    "contents" : [ {
      "id" : "9rqa._6AUB1CSiNo",
      "name" : "Model",
      "description" : null,
      "type" : "Package",
      "propertyAssignments" : null,
      "contents" : [ {
        "id" : "qUDUm06GAqACHSCU",
        "name" : "ContributionType",
        "description" : null,
        "type" : "Class",
        "propertyAssignments" : null,
        "stereotype" : "enumeration",
        "isAbstract" : false,
        "isDerived" : false,
        "properties" : [ {
          "id" : "zrTUm06GAqACHSCZ",
          "name" : "POSITIVE",
          "description" : null,
          "type" : "Property",
          "propertyAssignments" : null,
          "stereotype" : null,
          "isDerived" : false,
          "isReadOnly" : false,
          "isOrdered" : false,
          "cardinality" : "0..*",
          "propertyType" : null,
          "subsettedProperties" : null,
          "redefinedProperties" : null,
          "aggregationKind" : "NONE"
        }, {
          "id" : "NrzUm06GAqACHSCe",
          "name" : "NEGATIVE",
          "description" : null,
          "type" : "Property",
          "propertyAssignments" : null,
          "stereotype" : null,
          "isDerived" : false,
          "isReadOnly" : false,
          "isOrdered" : false,
          "cardinality" : "0..*",
          "propertyType" : null,
          "subsettedProperties" : null,
          "redefinedProperties" : null,
          "aggregationKind" : "NONE"
        } ],
        "isExtensional" : null,
        "isPowertype" : null,
        "order" : null,
        "literals" : null,
        "restrictedTo" : [ "abstract" ]
      }, {
        "id" : "2WbUm06GAqACHSCw",
        "name" : "SourceType",
        "description" : null,
        "type" : "Class",
        "propertyAssignments" : null,
        "stereotype" : "enumeration",
        "isAbstract" : false,
        "isDerived" : false,
        "properties" : [ {
          "id" : "26HUm06GAqACHSC0",
          "name" : "CATALOGE",
          "description" : null,
          "type" : "Property",
          "propertyAssignments" : null,
          "stereotype" : null,
          "isDerived" : false,
          "isReadOnly" : false,
          "isOrdered" : false,
          "cardinality" : "0..*",
          "propertyType" : null,
          "subsettedProperties" : null,
          "redefinedProperties" : null,
          "aggregationKind" : "NONE"
        }, {
          "id" : "AWnUm06GAqACHSC4",
          "name" : "BUSINESS_DOC",
          "description" : null,
          "type" : "Property",
          "propertyAssignments" : null,
          "stereotype" : null,
          "isDerived" : false,
          "isReadOnly" : false,
          "isOrdered" : false,
          "cardinality" : "0..*",
          "propertyType" : null,
          "subsettedProperties" : null,
          "redefinedProperties" : null,
          "aggregationKind" : "NONE"
        }, {
          "id" : "kq3Um06GAqACHSC8",
          "name" : "STAKEHOLDER",
          "description" : null,
          "type" : "Property",
          "propertyAssignments" : null,
          "stereotype" : null,
          "isDerived" : false,
          "isReadOnly" : false,
          "isOrdered" : false,
          "cardinality" : "0..*",
          "propertyType" : null,
          "subsettedProperties" : null,
          "redefinedProperties" : null,
          "aggregationKind" : "NONE"
        } ],
        "isExtensional" : null,
        "isPowertype" : null,
        "order" : null,
        "literals" : null,
        "restrictedTo" : [ "abstract" ]
      }, {
        "id" : "NWI0m06GAqACHSDj",
        "name" : "Concern",
        "description" : null,
        "type" : "Class",
        "propertyAssignments" : null,
        "stereotype" : "kind",
        "isAbstract" : false,
        "isDerived" : false,
        "properties" : null,
        "isExtensional" : null,
        "isPowertype" : null,
        "order" : null,
        "literals" : null,
        "restrictedTo" : [ "functional-complex" ]
      }, {
        "id" : "Eck0m06GAqACHSDv",
        "name" : "NonFunctionalConcern",
        "description" : null,
        "type" : "Class",
        "propertyAssignments" : null,
        "stereotype" : "subkind",
        "isAbstract" : false,
        "isDerived" : false,
        "properties" : null,
        "isExtensional" : false,
        "isPowertype" : null,
        "order" : null,
        "literals" : null,
        "restrictedTo" : [ "functional-complex" ]
      }, {
        "id" : "Vfs0m06GAqACHSD7",
        "name" : "FunctionalConcern",
        "description" : null,
        "type" : "Class",
        "propertyAssignments" : null,
        "stereotype" : "subkind",
        "isAbstract" : false,
        "isDerived" : false,
        "properties" : null,
        "isExtensional" : false,
        "isPowertype" : null,
        "order" : null,
        "literals" : null,
        "restrictedTo" : [ "functional-complex" ]
      }, {
        "id" : "TAK0m06GAqACHSEH",
        "name" : "Keyword",
        "description" : null,
        "type" : "Class",
        "propertyAssignments" : null,
        "stereotype" : "kind",
        "isAbstract" : false,
        "isDerived" : false,
        "properties" : null,
        "isExtensional" : null,
        "isPowertype" : null,
        "order" : null,
        "literals" : null,
        "restrictedTo" : [ "functional-complex" ]
      }, {
        "id" : "Jua0m06GAqACHSET",
        "name" : "Source",
        "description" : null,
        "type" : "Class",
        "propertyAssignments" : null,
        "stereotype" : "kind",
        "isAbstract" : false,
        "isDerived" : false,
        "properties" : [ {
          "id" : "q5G0m06GAqACHSEX",
          "name" : "st",
          "description" : null,
          "type" : "Property",
          "propertyAssignments" : null,
          "stereotype" : null,
          "isDerived" : false,
          "isReadOnly" : false,
          "isOrdered" : false,
          "cardinality" : "0..*",
          "propertyType" : {
            "id" : "2WbUm06GAqACHSCw",
            "type" : "Class"
          },
          "subsettedProperties" : null,
          "redefinedProperties" : null,
          "aggregationKind" : "NONE"
        } ],
        "isExtensional" : null,
        "isPowertype" : null,
        "order" : null,
        "literals" : null,
        "restrictedTo" : [ "functional-complex" ]
      }, {
        "id" : "XyD0m06GAqACHSGA",
        "name" : "Relationship",
        "description" : null,
        "type" : "Class",
        "propertyAssignments" : null,
        "stereotype" : "relator",
        "isAbstract" : false,
        "isDerived" : false,
        "properties" : null,
        "isExtensional" : null,
        "isPowertype" : null,
        "order" : null,
        "literals" : null,
        "restrictedTo" : [ "relator" ]
      }, {
        "id" : "8oL0m06GAqACHSGO",
        "name" : "Dependency",
        "description" : null,
        "type" : "Class",
        "propertyAssignments" : null,
        "stereotype" : "relator",
        "isAbstract" : false,
        "isDerived" : false,
        "properties" : null,
        "isExtensional" : null,
        "isPowertype" : null,
        "order" : null,
        "literals" : null,
        "restrictedTo" : [ "relator" ]
      }, {
        "id" : "dzr0m06GAqACHSGa",
        "name" : "Contribution",
        "description" : null,
        "type" : "Class",
        "propertyAssignments" : null,
        "stereotype" : "relator",
        "isAbstract" : false,
        "isDerived" : false,
        "properties" : [ {
          "id" : "qO70m06GAqACHSGe",
          "name" : "ct",
          "description" : null,
          "type" : "Property",
          "propertyAssignments" : null,
          "stereotype" : null,
          "isDerived" : false,
          "isReadOnly" : false,
          "isOrdered" : false,
          "cardinality" : "0..*",
          "propertyType" : {
            "id" : "qUDUm06GAqACHSCU",
            "type" : "Class"
          },
          "subsettedProperties" : null,
          "redefinedProperties" : null,
          "aggregationKind" : "NONE"
        } ],
        "isExtensional" : null,
        "isPowertype" : null,
        "order" : null,
        "literals" : null,
        "restrictedTo" : [ "relator" ]
      }, {
        "id" : "rd30m06GAqACHSGx",
        "name" : "Composition",
        "description" : null,
        "type" : "Class",
        "propertyAssignments" : null,
        "stereotype" : "relator",
        "isAbstract" : false,
        "isDerived" : false,
        "properties" : null,
        "isExtensional" : null,
        "isPowertype" : null,
        "order" : null,
        "literals" : null,
        "restrictedTo" : [ "relator" ]
      }, {
        "id" : "RXF0m06GAqACHSFT",
        "name" : null,
        "description" : null,
        "type" : "Generalization",
        "propertyAssignments" : null,
        "general" : {
          "id" : "NWI0m06GAqACHSDj",
          "type" : "Class"
        },
        "specific" : {
          "id" : "Eck0m06GAqACHSDv",
          "type" : "Class"
        }
      }, {
        "id" : "aMV0m06GAqACHSFi",
        "name" : null,
        "description" : null,
        "type" : "Generalization",
        "propertyAssignments" : null,
        "general" : {
          "id" : "NWI0m06GAqACHSDj",
          "type" : "Class"
        },
        "specific" : {
          "id" : "Vfs0m06GAqACHSD7",
          "type" : "Class"
        }
      }, {
        "id" : "TKoMm06GAqACHSHa",
        "name" : null,
        "description" : null,
        "type" : "Generalization",
        "propertyAssignments" : null,
        "general" : {
          "id" : "XyD0m06GAqACHSGA",
          "type" : "Class"
        },
        "specific" : {
          "id" : "8oL0m06GAqACHSGO",
          "type" : "Class"
        }
      }, {
        "id" : "1FYMm06GAqACHSHl",
        "name" : null,
        "description" : null,
        "type" : "Generalization",
        "propertyAssignments" : null,
        "general" : {
          "id" : "XyD0m06GAqACHSGA",
          "type" : "Class"
        },
        "specific" : {
          "id" : "dzr0m06GAqACHSGa",
          "type" : "Class"
        }
      }, {
        "id" : "bF4Mm06GAqACHSH0",
        "name" : null,
        "description" : null,
        "type" : "Generalization",
        "propertyAssignments" : null,
        "general" : {
          "id" : "XyD0m06GAqACHSGA",
          "type" : "Class"
        },
        "specific" : {
          "id" : "rd30m06GAqACHSGx",
          "type" : "Class"
        }
      }, {
        "id" : "aW0Mm06GAqACHSH7",
        "name" : "",
        "description" : null,
        "type" : "GeneralizationSet",
        "propertyAssignments" : null,
        "isDisjoint" : true,
        "isComplete" : true,
        "categorizer" : null,
        "generalizations" : [ {
          "id" : "TKoMm06GAqACHSHa",
          "type" : "Generalization"
        }, {
          "id" : "bF4Mm06GAqACHSH0",
          "type" : "Generalization"
        }, {
          "id" : "1FYMm06GAqACHSHl",
          "type" : "Generalization"
        } ]
      }, {
        "id" : "9zyMm06GAqACHSIK",
        "name" : "",
        "description" : null,
        "type" : "GeneralizationSet",
        "propertyAssignments" : null,
        "isDisjoint" : true,
        "isComplete" : true,
        "categorizer" : null,
        "generalizations" : [ {
          "id" : "aMV0m06GAqACHSFi",
          "type" : "Generalization"
        }, {
          "id" : "RXF0m06GAqACHSFT",
          "type" : "Generalization"
        } ]
      }, {
        "id" : "GFhMm06GAqACHSIq",
        "name" : "source",
        "description" : null,
        "type" : "Relation",
        "propertyAssignments" : null,
        "stereotype" : "mediation",
        "isAbstract" : false,
        "isDerived" : false,
        "properties" : [ {
          "id" : "GFhMm06GAqACHSIr",
          "name" : null,
          "description" : null,
          "type" : "Property",
          "propertyAssignments" : null,
          "stereotype" : null,
          "isDerived" : false,
          "isReadOnly" : false,
          "isOrdered" : false,
          "cardinality" : "0..*",
          "propertyType" : {
            "id" : "XyD0m06GAqACHSGA",
            "type" : "Class"
          },
          "subsettedProperties" : null,
          "redefinedProperties" : null,
          "aggregationKind" : "NONE"
        }, {
          "id" : "GFhMm06GAqACHSIt",
          "name" : null,
          "description" : null,
          "type" : "Property",
          "propertyAssignments" : null,
          "stereotype" : null,
          "isDerived" : false,
          "isReadOnly" : true,
          "isOrdered" : false,
          "cardinality" : "1",
          "propertyType" : {
            "id" : "NWI0m06GAqACHSDj",
            "type" : "Class"
          },
          "subsettedProperties" : null,
          "redefinedProperties" : null,
          "aggregationKind" : "NONE"
        } ]
      }, {
        "id" : "nGpMm06GAqACHSJC",
        "name" : "target",
        "description" : null,
        "type" : "Relation",
        "propertyAssignments" : null,
        "stereotype" : "mediation",
        "isAbstract" : false,
        "isDerived" : false,
        "properties" : [ {
          "id" : "nGpMm06GAqACHSJD",
          "name" : null,
          "description" : null,
          "type" : "Property",
          "propertyAssignments" : null,
          "stereotype" : null,
          "isDerived" : false,
          "isReadOnly" : false,
          "isOrdered" : false,
          "cardinality" : "0..*",
          "propertyType" : {
            "id" : "XyD0m06GAqACHSGA",
            "type" : "Class"
          },
          "subsettedProperties" : null,
          "redefinedProperties" : null,
          "aggregationKind" : "NONE"
        }, {
          "id" : "nGpMm06GAqACHSJF",
          "name" : null,
          "description" : null,
          "type" : "Property",
          "propertyAssignments" : null,
          "stereotype" : null,
          "isDerived" : false,
          "isReadOnly" : true,
          "isOrdered" : false,
          "cardinality" : "1",
          "propertyType" : {
            "id" : "NWI0m06GAqACHSDj",
            "type" : "Class"
          },
          "subsettedProperties" : null,
          "redefinedProperties" : null,
          "aggregationKind" : "NONE"
        } ]
      }, {
        "id" : "KwLMm06GAqACHSJ1",
        "name" : "isRelatedTo",
        "description" : null,
        "type" : "Relation",
        "propertyAssignments" : null,
        "stereotype" : "material",
        "isAbstract" : false,
        "isDerived" : true,
        "properties" : [ {
          "id" : "KwLMm06GAqACHSJ2",
          "name" : null,
          "description" : null,
          "type" : "Property",
          "propertyAssignments" : null,
          "stereotype" : null,
          "isDerived" : false,
          "isReadOnly" : false,
          "isOrdered" : false,
          "cardinality" : "0..*",
          "propertyType" : {
            "id" : "NWI0m06GAqACHSDj",
            "type" : "Class"
          },
          "subsettedProperties" : null,
          "redefinedProperties" : null,
          "aggregationKind" : "NONE"
        }, {
          "id" : "KwLMm06GAqACHSJ4",
          "name" : null,
          "description" : null,
          "type" : "Property",
          "propertyAssignments" : null,
          "stereotype" : null,
          "isDerived" : false,
          "isReadOnly" : false,
          "isOrdered" : false,
          "cardinality" : "0..*",
          "propertyType" : {
            "id" : "NWI0m06GAqACHSDj",
            "type" : "Class"
          },
          "subsettedProperties" : null,
          "redefinedProperties" : null,
          "aggregationKind" : "NONE"
        } ]
      }, {
        "id" : "ORwsm06GAqACHSKm",
        "name" : "isSourceOf",
        "description" : null,
        "type" : "Relation",
        "propertyAssignments" : null,
        "stereotype" : "componentOf",
        "isAbstract" : false,
        "isDerived" : false,
        "properties" : [ {
          "id" : "ORwsm06GAqACHSKn",
          "name" : null,
          "description" : null,
          "type" : "Property",
          "propertyAssignments" : null,
          "stereotype" : null,
          "isDerived" : false,
          "isReadOnly" : false,
          "isOrdered" : false,
          "cardinality" : "*",
          "propertyType" : {
            "id" : "Jua0m06GAqACHSET",
            "type" : "Class"
          },
          "subsettedProperties" : null,
          "redefinedProperties" : null,
          "aggregationKind" : "NONE"
        }, {
          "id" : "ORwsm06GAqACHSKp",
          "name" : null,
          "description" : null,
          "type" : "Property",
          "propertyAssignments" : null,
          "stereotype" : null,
          "isDerived" : false,
          "isReadOnly" : false,
          "isOrdered" : false,
          "cardinality" : "1",
          "propertyType" : {
            "id" : "NWI0m06GAqACHSDj",
            "type" : "Class"
          },
          "subsettedProperties" : null,
          "redefinedProperties" : null,
          "aggregationKind" : "SHARED"
        } ]
      }, {
        "id" : "2HIsm06GAqACHSK1",
        "name" : "isKwOf",
        "description" : null,
        "type" : "Relation",
        "propertyAssignments" : null,
        "stereotype" : "componentOf",
        "isAbstract" : false,
        "isDerived" : false,
        "properties" : [ {
          "id" : "2HIsm06GAqACHSK2",
          "name" : null,
          "description" : null,
          "type" : "Property",
          "propertyAssignments" : null,
          "stereotype" : null,
          "isDerived" : false,
          "isReadOnly" : false,
          "isOrdered" : false,
          "cardinality" : "*",
          "propertyType" : {
            "id" : "TAK0m06GAqACHSEH",
            "type" : "Class"
          },
          "subsettedProperties" : null,
          "redefinedProperties" : null,
          "aggregationKind" : "NONE"
        }, {
          "id" : "2HIsm06GAqACHSK4",
          "name" : null,
          "description" : null,
          "type" : "Property",
          "propertyAssignments" : null,
          "stereotype" : null,
          "isDerived" : false,
          "isReadOnly" : false,
          "isOrdered" : false,
          "cardinality" : "1",
          "propertyType" : {
            "id" : "NWI0m06GAqACHSDj",
            "type" : "Class"
          },
          "subsettedProperties" : null,
          "redefinedProperties" : null,
          "aggregationKind" : "SHARED"
        } ]
      } ]
    } ]
  },
  "diagrams" : [ {
    "id" : "2yhUm06GAqACHSCG",
    "name" : "Ontology for Concerns (O4C)",
    "description" : null,
    "type" : "Diagram",
    "owner" : {
      "id" : "9rqa._6AUB1CSiNo",
      "type" : "Package"
    },
    "contents" : [ {
      "id" : "Eck0m06GAqACHSDu",
      "type" : "ClassView",
      "modelElement" : {
        "id" : "Eck0m06GAqACHSDv",
        "type" : "Class"
      },
      "shape" : {
        "id" : "Eck0m06GAqACHSDu_shape",
        "type" : "Rectangle",
        "x" : 350,
        "y" : 561,
        "width" : 139,
        "height" : 40
      }
    }, {
      "id" : "mwLMm06GAqACHSJ6",
      "type" : "RelationView",
      "modelElement" : {
        "id" : "KwLMm06GAqACHSJ1",
        "type" : "Relation"
      },
      "shape" : {
        "id" : "mwLMm06GAqACHSJ6_path",
        "type" : "Path",
        "points" : [ {
          "x" : 446,
          "y" : 402
        }, {
          "x" : 446,
          "y" : 371
        }, {
          "x" : 524,
          "y" : 371
        }, {
          "x" : 524,
          "y" : 402
        } ]
      },
      "source" : {
        "id" : "NWI0m06GAqACHSDi",
        "type" : "ClassView"
      },
      "target" : {
        "id" : "NWI0m06GAqACHSDi",
        "type" : "ClassView"
      }
    }, {
      "id" : "8oL0m06GAqACHSGN",
      "type" : "ClassView",
      "modelElement" : {
        "id" : "8oL0m06GAqACHSGO",
        "type" : "Class"
      },
      "shape" : {
        "id" : "8oL0m06GAqACHSGN_shape",
        "type" : "Rectangle",
        "x" : 324,
        "y" : 123,
        "width" : 81,
        "height" : 40
      }
    }, {
      "id" : "rd30m06GAqACHSGw",
      "type" : "ClassView",
      "modelElement" : {
        "id" : "rd30m06GAqACHSGx",
        "type" : "Class"
      },
      "shape" : {
        "id" : "rd30m06GAqACHSGw_shape",
        "type" : "Rectangle",
        "x" : 562,
        "y" : 123,
        "width" : 82,
        "height" : 40
      }
    }, {
      "id" : "dzr0m06GAqACHSGZ",
      "type" : "ClassView",
      "modelElement" : {
        "id" : "dzr0m06GAqACHSGa",
        "type" : "Class"
      },
      "shape" : {
        "id" : "dzr0m06GAqACHSGZ_shape",
        "type" : "Rectangle",
        "x" : 420,
        "y" : 123,
        "width" : 127,
        "height" : 50
      }
    }, {
      "id" : "TAK0m06GAqACHSEG",
      "type" : "ClassView",
      "modelElement" : {
        "id" : "TAK0m06GAqACHSEH",
        "type" : "Class"
      },
      "shape" : {
        "id" : "TAK0m06GAqACHSEG_shape",
        "type" : "Rectangle",
        "x" : 101,
        "y" : 425,
        "width" : 80,
        "height" : 40
      }
    }, {
      "id" : "bzyMm06GAqACHSIM",
      "type" : "GeneralizationSetView",
      "modelElement" : {
        "id" : "9zyMm06GAqACHSIK",
        "type" : "GeneralizationSet"
      },
      "shape" : {
        "id" : "bzyMm06GAqACHSIM_shape",
        "type" : "Text",
        "x" : 540,
        "y" : 485,
        "width" : 70,
        "height" : 42,
        "value" : ""
      }
    }, {
      "id" : "rKoMm06GAqACHSHb",
      "type" : "GeneralizationView",
      "modelElement" : {
        "id" : "TKoMm06GAqACHSHa",
        "type" : "Generalization"
      },
      "shape" : {
        "id" : "rKoMm06GAqACHSHb_path",
        "type" : "Path",
        "points" : [ {
          "x" : 484,
          "y" : 244
        }, {
          "x" : 484,
          "y" : 194
        }, {
          "x" : 364,
          "y" : 194
        }, {
          "x" : 364,
          "y" : 164
        } ]
      },
      "source" : {
        "id" : "HyD0m06GAqACHSF_",
        "type" : "ClassView"
      },
      "target" : {
        "id" : "8oL0m06GAqACHSGN",
        "type" : "ClassView"
      }
    }, {
      "id" : "BHIsm06GAqACHSK6",
      "type" : "RelationView",
      "modelElement" : {
        "id" : "2HIsm06GAqACHSK1",
        "type" : "Relation"
      },
      "shape" : {
        "id" : "BHIsm06GAqACHSK6_path",
        "type" : "Path",
        "points" : [ {
          "x" : 182,
          "y" : 445
        }, {
          "x" : 412,
          "y" : 445
        } ]
      },
      "source" : {
        "id" : "TAK0m06GAqACHSEG",
        "type" : "ClassView"
      },
      "target" : {
        "id" : "NWI0m06GAqACHSDi",
        "type" : "ClassView"
      }
    }, {
      "id" : "2W0Mm06GAqACHSH9",
      "type" : "GeneralizationSetView",
      "modelElement" : {
        "id" : "aW0Mm06GAqACHSH7",
        "type" : "GeneralizationSet"
      },
      "shape" : {
        "id" : "2W0Mm06GAqACHSH9_shape",
        "type" : "Text",
        "x" : 502,
        "y" : 194,
        "width" : 70,
        "height" : 42,
        "value" : ""
      }
    }, {
      "id" : "PGpMm06GAqACHSJH",
      "type" : "RelationView",
      "modelElement" : {
        "id" : "nGpMm06GAqACHSJC",
        "type" : "Relation"
      },
      "shape" : {
        "id" : "PGpMm06GAqACHSJH_path",
        "type" : "Path",
        "points" : [ {
          "x" : 529,
          "y" : 265
        }, {
          "x" : 618,
          "y" : 265
        }, {
          "x" : 618,
          "y" : 416
        }, {
          "x" : 557,
          "y" : 416
        } ]
      },
      "source" : {
        "id" : "HyD0m06GAqACHSF_",
        "type" : "ClassView"
      },
      "target" : {
        "id" : "NWI0m06GAqACHSDi",
        "type" : "ClassView"
      }
    }, {
      "id" : "OFhMm06GAqACHSIv",
      "type" : "RelationView",
      "modelElement" : {
        "id" : "GFhMm06GAqACHSIq",
        "type" : "Relation"
      },
      "shape" : {
        "id" : "OFhMm06GAqACHSIv_path",
        "type" : "Path",
        "points" : [ {
          "x" : 439,
          "y" : 265
        }, {
          "x" : 361,
          "y" : 265
        }, {
          "x" : 361,
          "y" : 416
        }, {
          "x" : 412,
          "y" : 416
        } ]
      },
      "source" : {
        "id" : "HyD0m06GAqACHSF_",
        "type" : "ClassView"
      },
      "target" : {
        "id" : "NWI0m06GAqACHSDi",
        "type" : "ClassView"
      }
    }, {
      "id" : "mMV0m06GAqACHSFj",
      "type" : "GeneralizationView",
      "modelElement" : {
        "id" : "aMV0m06GAqACHSFi",
        "type" : "Generalization"
      },
      "shape" : {
        "id" : "mMV0m06GAqACHSFj_path",
        "type" : "Path",
        "points" : [ {
          "x" : 484,
          "y" : 471
        }, {
          "x" : 484,
          "y" : 527
        }, {
          "x" : 561,
          "y" : 527
        }, {
          "x" : 561,
          "y" : 560
        } ]
      },
      "source" : {
        "id" : "NWI0m06GAqACHSDi",
        "type" : "ClassView"
      },
      "target" : {
        "id" : "lfs0m06GAqACHSD6",
        "type" : "ClassView"
      }
    }, {
      "id" : "hRwsm06GAqACHSKr",
      "type" : "RelationView",
      "modelElement" : {
        "id" : "ORwsm06GAqACHSKm",
        "type" : "Relation"
      },
      "shape" : {
        "id" : "hRwsm06GAqACHSKr_path",
        "type" : "Path",
        "points" : [ {
          "x" : 787,
          "y" : 445
        }, {
          "x" : 557,
          "y" : 445
        } ]
      },
      "source" : {
        "id" : "xua0m06GAqACHSES",
        "type" : "ClassView"
      },
      "target" : {
        "id" : "NWI0m06GAqACHSDi",
        "type" : "ClassView"
      }
    }, {
      "id" : "pXF0m06GAqACHSFU",
      "type" : "GeneralizationView",
      "modelElement" : {
        "id" : "RXF0m06GAqACHSFT",
        "type" : "Generalization"
      },
      "shape" : {
        "id" : "pXF0m06GAqACHSFU_path",
        "type" : "Path",
        "points" : [ {
          "x" : 484,
          "y" : 471
        }, {
          "x" : 484,
          "y" : 527
        }, {
          "x" : 419,
          "y" : 527
        }, {
          "x" : 419,
          "y" : 560
        } ]
      },
      "source" : {
        "id" : "NWI0m06GAqACHSDi",
        "type" : "ClassView"
      },
      "target" : {
        "id" : "Eck0m06GAqACHSDu",
        "type" : "ClassView"
      }
    }, {
      "id" : "HyD0m06GAqACHSF_",
      "type" : "ClassView",
      "modelElement" : {
        "id" : "XyD0m06GAqACHSGA",
        "type" : "Class"
      },
      "shape" : {
        "id" : "HyD0m06GAqACHSF__shape",
        "type" : "Rectangle",
        "x" : 440,
        "y" : 245,
        "width" : 88,
        "height" : 40
      }
    }, {
      "id" : "xua0m06GAqACHSES",
      "type" : "ClassView",
      "modelElement" : {
        "id" : "Jua0m06GAqACHSET",
        "type" : "Class"
      },
      "shape" : {
        "id" : "xua0m06GAqACHSES_shape",
        "type" : "Rectangle",
        "x" : 788,
        "y" : 420,
        "width" : 95,
        "height" : 50
      }
    }, {
      "id" : "lfs0m06GAqACHSD6",
      "type" : "ClassView",
      "modelElement" : {
        "id" : "Vfs0m06GAqACHSD7",
        "type" : "Class"
      },
      "shape" : {
        "id" : "lfs0m06GAqACHSD6_shape",
        "type" : "Rectangle",
        "x" : 503,
        "y" : 561,
        "width" : 116,
        "height" : 40
      }
    }, {
      "id" : "qUDUm06GAqACHSCT",
      "type" : "ClassView",
      "modelElement" : {
        "id" : "qUDUm06GAqACHSCU",
        "type" : "Class"
      },
      "shape" : {
        "id" : "qUDUm06GAqACHSCT_shape",
        "type" : "Rectangle",
        "x" : 152,
        "y" : 123,
        "width" : 113,
        "height" : 64
      }
    }, {
      "id" : "2WbUm06GAqACHSCv",
      "type" : "ClassView",
      "modelElement" : {
        "id" : "2WbUm06GAqACHSCw",
        "type" : "Class"
      },
      "shape" : {
        "id" : "2WbUm06GAqACHSCv_shape",
        "type" : "Rectangle",
        "x" : 675,
        "y" : 123,
        "width" : 113,
        "height" : 78
      }
    }, {
      "id" : "XF4Mm06GAqACHSH1",
      "type" : "GeneralizationView",
      "modelElement" : {
        "id" : "bF4Mm06GAqACHSH0",
        "type" : "Generalization"
      },
      "shape" : {
        "id" : "XF4Mm06GAqACHSH1_path",
        "type" : "Path",
        "points" : [ {
          "x" : 484,
          "y" : 244
        }, {
          "x" : 484,
          "y" : 194
        }, {
          "x" : 603,
          "y" : 194
        }, {
          "x" : 603,
          "y" : 164
        } ]
      },
      "source" : {
        "id" : "HyD0m06GAqACHSF_",
        "type" : "ClassView"
      },
      "target" : {
        "id" : "rd30m06GAqACHSGw",
        "type" : "ClassView"
      }
    }, {
      "id" : "NWI0m06GAqACHSDi",
      "type" : "ClassView",
      "modelElement" : {
        "id" : "NWI0m06GAqACHSDj",
        "type" : "Class"
      },
      "shape" : {
        "id" : "NWI0m06GAqACHSDi_shape",
        "type" : "Rectangle",
        "x" : 413,
        "y" : 403,
        "width" : 143,
        "height" : 67
      }
    }, {
      "id" : "9FYMm06GAqACHSHm",
      "type" : "GeneralizationView",
      "modelElement" : {
        "id" : "1FYMm06GAqACHSHl",
        "type" : "Generalization"
      },
      "shape" : {
        "id" : "9FYMm06GAqACHSHm_path",
        "type" : "Path",
        "points" : [ {
          "x" : 484,
          "y" : 244
        }, {
          "x" : 484,
          "y" : 194
        }, {
          "x" : 484,
          "y" : 174
        } ]
      },
      "source" : {
        "id" : "HyD0m06GAqACHSF_",
        "type" : "ClassView"
      },
      "target" : {
        "id" : "dzr0m06GAqACHSGZ",
        "type" : "ClassView"
      }
    } ]
  } ]
}