{
  "id" : "qVYsnb6AUB2yBwrh",
  "name" : "ontology",
  "description" : null,
  "type" : "Project",
  "model" : {
    "id" : "qVYsnb6AUB2yBwrh_root",
    "name" : "ontology",
    "description" : null,
    "type" : "Package",
    "propertyAssignments" : null,
    "contents" : [ {
      "id" : "Cqdsnb6AUB2yBw7L",
      "name" : "WeatherOrganization",
      "description" : null,
      "type" : "Class",
      "propertyAssignments" : null,
      "stereotype" : "subkind",
      "isAbstract" : false,
      "isDerived" : false,
      "properties" : null,
      "isExtensional" : false,
      "isPowertype" : null,
      "order" : null,
      "literals" : null,
      "restrictedTo" : [ "functional-complex" ]
    }, {
      "id" : "85VCnb6AUB2yBw7U",
      "name" : "FloodManagementOrganization",
      "description" : null,
      "type" : "Class",
      "propertyAssignments" : null,
      "stereotype" : "subkind",
      "isAbstract" : false,
      "isDerived" : false,
      "properties" : null,
      "isExtensional" : false,
      "isPowertype" : null,
      "order" : null,
      "literals" : null,
      "restrictedTo" : [ "functional-complex" ]
    }, {
      "id" : "GA1Cnb6AUB2yBw7d",
      "name" : "Organization",
      "description" : null,
      "type" : "Class",
      "propertyAssignments" : null,
      "stereotype" : "kind",
      "isAbstract" : false,
      "isDerived" : false,
      "properties" : null,
      "isExtensional" : null,
      "isPowertype" : null,
      "order" : null,
      "literals" : null,
      "restrictedTo" : [ "functional-complex" ]
    }, {
      "id" : "OO1Cnb6AUB2yBw7m",
      "name" : "HighWaterController",
      "description" : null,
      "type" : "Class",
      "propertyAssignments" : null,
      "stereotype" : "role",
      "isAbstract" : false,
      "isDerived" : false,
      "properties" : null,
      "isExtensional" : false,
      "isPowertype" : null,
      "order" : null,
      "literals" : null,
      "restrictedTo" : [ "functional-complex" ]
    }, {
      "id" : "cn1Cnb6AUB2yBw7v",
      "name" : "SelectedHighWaterProtectionMeasure",
      "description" : null,
      "type" : "Class",
      "propertyAssignments" : null,
      "stereotype" : "phase",
      "isAbstract" : false,
      "isDerived" : false,
      "properties" : null,
      "isExtensional" : false,
      "isPowertype" : null,
      "order" : null,
      "literals" : null,
      "restrictedTo" : [ "functional-complex" ]
    }, {
      "id" : "VqNCnb6AUB2yBw74",
      "name" : "HighWaterProtectionMeasureEvaluator",
      "description" : null,
      "type" : "Class",
      "propertyAssignments" : null,
      "stereotype" : "role",
      "isAbstract" : false,
      "isDerived" : false,
      "properties" : null,
      "isExtensional" : false,
      "isPowertype" : null,
      "order" : null,
      "literals" : null,
      "restrictedTo" : [ "functional-complex" ]
    }, {
      "id" : "AhdCnb6AUB2yBw8B",
      "name" : "People",
      "description" : null,
      "type" : "Class",
      "propertyAssignments" : null,
      "stereotype" : "kind",
      "isAbstract" : false,
      "isDerived" : false,
      "properties" : null,
      "isExtensional" : null,
      "isPowertype" : null,
      "order" : null,
      "literals" : null,
      "restrictedTo" : [ "functional-complex" ]
    }, {
      "id" : "0Y9Cnb6AUB2yBw8K",
      "name" : "Victim",
      "description" : null,
      "type" : "Class",
      "propertyAssignments" : null,
      "stereotype" : "role",
      "isAbstract" : false,
      "isDerived" : false,
      "properties" : null,
      "isExtensional" : false,
      "isPowertype" : null,
      "order" : null,
      "literals" : null,
      "restrictedTo" : [ "functional-complex" ]
    }, {
      "id" : "Lp9Cnb6AUB2yBw8T",
      "name" : "FloodEvacuationImplementer",
      "description" : null,
      "type" : "Class",
      "propertyAssignments" : null,
      "stereotype" : "role",
      "isAbstract" : false,
      "isDerived" : false,
      "properties" : null,
      "isExtensional" : false,
      "isPowertype" : null,
      "order" : null,
      "literals" : null,
      "restrictedTo" : [ "functional-complex" ]
    }, {
      "id" : "PoDCnb6AUB2yBw8c",
      "name" : "FloodForecast",
      "description" : null,
      "type" : "Class",
      "propertyAssignments" : null,
      "stereotype" : "kind",
      "isAbstract" : false,
      "isDerived" : false,
      "properties" : null,
      "isExtensional" : null,
      "isPowertype" : null,
      "order" : null,
      "literals" : null,
      "restrictedTo" : [ "functional-complex" ]
    }, {
      "id" : "QRDCnb6AUB2yBw8l",
      "name" : "FloodEvent",
      "description" : null,
      "type" : "Class",
      "propertyAssignments" : null,
      "stereotype" : "kind",
      "isAbstract" : false,
      "isDerived" : false,
      "properties" : null,
      "isExtensional" : null,
      "isPowertype" : null,
      "order" : null,
      "literals" : null,
      "restrictedTo" : [ "functional-complex" ]
    }, {
      "id" : "wnDCnb6AUB2yBw8u",
      "name" : "FloodForecaster",
      "description" : null,
      "type" : "Class",
      "propertyAssignments" : null,
      "stereotype" : "role",
      "isAbstract" : false,
      "isDerived" : false,
      "properties" : null,
      "isExtensional" : false,
      "isPowertype" : null,
      "order" : null,
      "literals" : null,
      "restrictedTo" : [ "functional-complex" ]
    }, {
      "id" : "A0jCnb6AUB2yBw83",
      "name" : "WeatherForecaster",
      "description" : null,
      "type" : "Class",
      "propertyAssignments" : null,
      "stereotype" : "role",
      "isAbstract" : false,
      "isDerived" : false,
      "properties" : null,
      "isExtensional" : false,
      "isPowertype" : null,
      "order" : null,
      "literals" : null,
      "restrictedTo" : [ "functional-complex" ]
    }, {
      "id" : "tljCnb6AUB2yBw9A",
      "name" : "Area",
      "description" : null,
      "type" : "Class",
      "propertyAssignments" : null,
      "stereotype" : "kind",
      "isAbstract" : false,
      "isDerived" : false,
      "properties" : null,
      "isExtensional" : null,
      "isPowertype" : null,
      "order" : null,
      "literals" : null,
      "restrictedTo" : [ "functional-complex" ]
    }, {
      "id" : "AtTCnb6AUB2yBw9O",
      "name" : "WeatherForecast",
      "description" : null,
      "type" : "Class",
      "propertyAssignments" : null,
      "stereotype" : "kind",
      "isAbstract" : false,
      "isDerived" : false,
      "properties" : null,
      "isExtensional" : null,
      "isPowertype" : null,
      "order" : null,
      "literals" : null,
      "restrictedTo" : [ "functional-complex" ]
    }, {
      "id" : "tizCnb6AUB2yBw9a",
      "name" : "Resource",
      "description" : null,
      "type" : "Class",
      "propertyAssignments" : null,
      "stereotype" : "kind",
      "isAbstract" : false,
      "isDerived" : false,
      "properties" : null,
      "isExtensional" : null,
      "isPowertype" : null,
      "order" : null,
      "literals" : null,
      "restrictedTo" : [ "functional-complex" ]
    }, {
      "id" : "f5zCnb6AUB2yBw9m",
      "name" : "FloodDamage",
      "description" : null,
      "type" : "Class",
      "propertyAssignments" : null,
      "stereotype" : "kind",
      "isAbstract" : false,
      "isDerived" : false,
      "properties" : null,
      "isExtensional" : null,
      "isPowertype" : null,
      "order" : null,
      "literals" : null,
      "restrictedTo" : [ "functional-complex" ]
    }, {
      "id" : "G3zCnb6AUB2yBw9y",
      "name" : "EvacuationRegistration",
      "description" : null,
      "type" : "Class",
      "propertyAssignments" : null,
      "stereotype" : "kind",
      "isAbstract" : false,
      "isDerived" : false,
      "properties" : null,
      "isExtensional" : null,
      "isPowertype" : null,
      "order" : null,
      "literals" : null,
      "restrictedTo" : [ "functional-complex" ]
    }, {
      "id" : "xzLCnb6AUB2yBw9.",
      "name" : "EvaluatedHighWaterProtectionMeasure",
      "description" : null,
      "type" : "Class",
      "propertyAssignments" : null,
      "stereotype" : "phase",
      "isAbstract" : false,
      "isDerived" : false,
      "properties" : null,
      "isExtensional" : false,
      "isPowertype" : null,
      "order" : null,
      "literals" : null,
      "restrictedTo" : [ "functional-complex" ]
    }, {
      "id" : "rsrCnb6AUB2yBw.K",
      "name" : "HighWaterProtectionMeasure",
      "description" : null,
      "type" : "Class",
      "propertyAssignments" : null,
      "stereotype" : "kind",
      "isAbstract" : false,
      "isDerived" : false,
      "properties" : null,
      "isExtensional" : null,
      "isPowertype" : null,
      "order" : null,
      "literals" : null,
      "restrictedTo" : [ "functional-complex" ]
    }, {
      "id" : "6prCnb6AUB2yBw.W",
      "name" : "ImplementedHighWaterProtectionMeasure",
      "description" : null,
      "type" : "Class",
      "propertyAssignments" : null,
      "stereotype" : "phase",
      "isAbstract" : false,
      "isDerived" : false,
      "properties" : null,
      "isExtensional" : false,
      "isPowertype" : null,
      "order" : null,
      "literals" : null,
      "restrictedTo" : [ "functional-complex" ]
    }, {
      "id" : "NfrCnb6AUB2yBw.i",
      "name" : "HighWaterProtectionImplementer",
      "description" : null,
      "type" : "Class",
      "propertyAssignments" : null,
      "stereotype" : "role",
      "isAbstract" : false,
      "isDerived" : false,
      "properties" : null,
      "isExtensional" : false,
      "isPowertype" : null,
      "order" : null,
      "literals" : null,
      "restrictedTo" : [ "functional-complex" ]
    }, {
      "id" : "LJ3Cnb6AUB2yBw.w",
      "name" : "FloodEvacuation",
      "description" : null,
      "type" : "Class",
      "propertyAssignments" : null,
      "stereotype" : "kind",
      "isAbstract" : false,
      "isDerived" : false,
      "properties" : null,
      "isExtensional" : null,
      "isPowertype" : null,
      "order" : null,
      "literals" : null,
      "restrictedTo" : [ "functional-complex" ]
    }, {
      "id" : "k_3Cnb6AUB2yBw.8",
      "name" : "FloodDefenseMeasuresImplementer",
      "description" : null,
      "type" : "Class",
      "propertyAssignments" : null,
      "stereotype" : "role",
      "isAbstract" : false,
      "isDerived" : false,
      "properties" : null,
      "isExtensional" : false,
      "isPowertype" : null,
      "order" : null,
      "literals" : null,
      "restrictedTo" : [ "functional-complex" ]
    }, {
      "id" : "XuPCnb6AUB2yBw_I",
      "name" : "FloodDefenseManager",
      "description" : null,
      "type" : "Class",
      "propertyAssignments" : null,
      "stereotype" : "role",
      "isAbstract" : false,
      "isDerived" : false,
      "properties" : null,
      "isExtensional" : false,
      "isPowertype" : null,
      "order" : null,
      "literals" : null,
      "restrictedTo" : [ "functional-complex" ]
    }, {
      "id" : "5TPCnb6AUB2yBw_U",
      "name" : "FloodDefenseOrganization",
      "description" : null,
      "type" : "Class",
      "propertyAssignments" : null,
      "stereotype" : "subkind",
      "isAbstract" : false,
      "isDerived" : false,
      "properties" : null,
      "isExtensional" : false,
      "isPowertype" : null,
      "order" : null,
      "literals" : null,
      "restrictedTo" : [ "functional-complex" ]
    }, {
      "id" : "34vCnb6AUB2yBw_g",
      "name" : "EvacuationOrganization",
      "description" : null,
      "type" : "Class",
      "propertyAssignments" : null,
      "stereotype" : "subkind",
      "isAbstract" : false,
      "isDerived" : false,
      "properties" : null,
      "isExtensional" : false,
      "isPowertype" : null,
      "order" : null,
      "literals" : null,
      "restrictedTo" : [ "functional-complex" ]
    }, {
      "id" : "z.vCnb6AUB2yBw_s",
      "name" : "FloodEvacuationManager",
      "description" : null,
      "type" : "Class",
      "propertyAssignments" : null,
      "stereotype" : "role",
      "isAbstract" : false,
      "isDerived" : false,
      "properties" : null,
      "isExtensional" : false,
      "isPowertype" : null,
      "order" : null,
      "literals" : null,
      "restrictedTo" : [ "functional-complex" ]
    }, {
      "id" : "H7vCnb6AUB2yBw_4",
      "name" : "FloodEvacuationPlan",
      "description" : null,
      "type" : "Class",
      "propertyAssignments" : null,
      "stereotype" : "kind",
      "isAbstract" : false,
      "isDerived" : false,
      "properties" : null,
      "isExtensional" : null,
      "isPowertype" : null,
      "order" : null,
      "literals" : null,
      "restrictedTo" : [ "functional-complex" ]
    }, {
      "id" : "bcfCnb6AUB2yBxAE",
      "name" : "FloodDefenseMeasures",
      "description" : null,
      "type" : "Class",
      "propertyAssignments" : null,
      "stereotype" : "kind",
      "isAbstract" : false,
      "isDerived" : false,
      "properties" : null,
      "isExtensional" : null,
      "isPowertype" : null,
      "order" : null,
      "literals" : null,
      "restrictedTo" : [ "functional-complex" ]
    }, {
      "id" : "J1fGnb6AUB2yBxGl",
      "name" : null,
      "description" : null,
      "type" : "Generalization",
      "propertyAssignments" : null,
      "general" : {
        "id" : "GA1Cnb6AUB2yBw7d",
        "type" : "Class"
      },
      "specific" : {
        "id" : "Cqdsnb6AUB2yBw7L",
        "type" : "Class"
      }
    }, {
      "id" : "04omnb6AUB2yBxG6",
      "name" : null,
      "description" : null,
      "type" : "Generalization",
      "propertyAssignments" : null,
      "general" : {
        "id" : "GA1Cnb6AUB2yBw7d",
        "type" : "Class"
      },
      "specific" : {
        "id" : "85VCnb6AUB2yBw7U",
        "type" : "Class"
      }
    }, {
      "id" : "NfoWnb6AUB2yBxH.",
      "name" : null,
      "description" : null,
      "type" : "Generalization",
      "propertyAssignments" : null,
      "general" : {
        "id" : "GA1Cnb6AUB2yBw7d",
        "type" : "Class"
      },
      "specific" : {
        "id" : "5TPCnb6AUB2yBw_U",
        "type" : "Class"
      }
    }, {
      "id" : "PAUWnb6AUB2yBxIb",
      "name" : null,
      "description" : null,
      "type" : "Generalization",
      "propertyAssignments" : null,
      "general" : {
        "id" : "GA1Cnb6AUB2yBw7d",
        "type" : "Class"
      },
      "specific" : {
        "id" : "34vCnb6AUB2yBw_g",
        "type" : "Class"
      }
    }, {
      "id" : "NYWWnb6AUB2yBxJK",
      "name" : null,
      "description" : null,
      "type" : "Generalization",
      "propertyAssignments" : null,
      "general" : {
        "id" : "rsrCnb6AUB2yBw.K",
        "type" : "Class"
      },
      "specific" : {
        "id" : "cn1Cnb6AUB2yBw7v",
        "type" : "Class"
      }
    }, {
      "id" : "9t2Wnb6AUB2yBxJZ",
      "name" : null,
      "description" : null,
      "type" : "Generalization",
      "propertyAssignments" : null,
      "general" : {
        "id" : "rsrCnb6AUB2yBw.K",
        "type" : "Class"
      },
      "specific" : {
        "id" : "xzLCnb6AUB2yBw9.",
        "type" : "Class"
      }
    }, {
      "id" : "KeuWnb6AUB2yBxJo",
      "name" : null,
      "description" : null,
      "type" : "Generalization",
      "propertyAssignments" : null,
      "general" : {
        "id" : "rsrCnb6AUB2yBw.K",
        "type" : "Class"
      },
      "specific" : {
        "id" : "6prCnb6AUB2yBw.W",
        "type" : "Class"
      }
    }, {
      "id" : "a_U2nb6AUB2yBxKh",
      "name" : null,
      "description" : null,
      "type" : "Generalization",
      "propertyAssignments" : null,
      "general" : {
        "id" : "AhdCnb6AUB2yBw8B",
        "type" : "Class"
      },
      "specific" : {
        "id" : "0Y9Cnb6AUB2yBw8K",
        "type" : "Class"
      }
    }, {
      "id" : "QLy2nb6AUB2yBxLH",
      "name" : null,
      "description" : null,
      "type" : "Generalization",
      "propertyAssignments" : null,
      "general" : {
        "id" : "34vCnb6AUB2yBw_g",
        "type" : "Class"
      },
      "specific" : {
        "id" : "z.vCnb6AUB2yBw_s",
        "type" : "Class"
      }
    }, {
      "id" : "crK2nb6AUB2yBxLW",
      "name" : null,
      "description" : null,
      "type" : "Generalization",
      "propertyAssignments" : null,
      "general" : {
        "id" : "34vCnb6AUB2yBw_g",
        "type" : "Class"
      },
      "specific" : {
        "id" : "Lp9Cnb6AUB2yBw8T",
        "type" : "Class"
      }
    }, {
      "id" : "D622nb6AUB2yBxLp",
      "name" : null,
      "description" : null,
      "type" : "Generalization",
      "propertyAssignments" : null,
      "general" : {
        "id" : "5TPCnb6AUB2yBw_U",
        "type" : "Class"
      },
      "specific" : {
        "id" : "XuPCnb6AUB2yBw_I",
        "type" : "Class"
      }
    }, {
      "id" : "fhO2nb6AUB2yBxL4",
      "name" : null,
      "description" : null,
      "type" : "Generalization",
      "propertyAssignments" : null,
      "general" : {
        "id" : "5TPCnb6AUB2yBw_U",
        "type" : "Class"
      },
      "specific" : {
        "id" : "k_3Cnb6AUB2yBw.8",
        "type" : "Class"
      }
    }, {
      "id" : "jU_unb6AUB2yBxMT",
      "name" : null,
      "description" : null,
      "type" : "Generalization",
      "propertyAssignments" : null,
      "general" : {
        "id" : "85VCnb6AUB2yBw7U",
        "type" : "Class"
      },
      "specific" : {
        "id" : "wnDCnb6AUB2yBw8u",
        "type" : "Class"
      }
    }, {
      "id" : "g1Aenb6AUB2yBxMi",
      "name" : null,
      "description" : null,
      "type" : "Generalization",
      "propertyAssignments" : null,
      "general" : {
        "id" : "85VCnb6AUB2yBw7U",
        "type" : "Class"
      },
      "specific" : {
        "id" : "OO1Cnb6AUB2yBw7m",
        "type" : "Class"
      }
    }, {
      "id" : "kTQenb6AUB2yBxMx",
      "name" : null,
      "description" : null,
      "type" : "Generalization",
      "propertyAssignments" : null,
      "general" : {
        "id" : "85VCnb6AUB2yBw7U",
        "type" : "Class"
      },
      "specific" : {
        "id" : "VqNCnb6AUB2yBw74",
        "type" : "Class"
      }
    }, {
      "id" : "umYenb6AUB2yBxNC",
      "name" : null,
      "description" : null,
      "type" : "Generalization",
      "propertyAssignments" : null,
      "general" : {
        "id" : "85VCnb6AUB2yBw7U",
        "type" : "Class"
      },
      "specific" : {
        "id" : "NfrCnb6AUB2yBw.i",
        "type" : "Class"
      }
    }, {
      "id" : "boFBnb6AUB2yBxP8",
      "name" : null,
      "description" : null,
      "type" : "Generalization",
      "propertyAssignments" : null,
      "general" : {
        "id" : "Cqdsnb6AUB2yBw7L",
        "type" : "Class"
      },
      "specific" : {
        "id" : "A0jCnb6AUB2yBw83",
        "type" : "Class"
      }
    }, {
      "id" : "lDtenb6AUB2yBxOi",
      "name" : "register",
      "description" : null,
      "type" : "Relation",
      "propertyAssignments" : null,
      "stereotype" : null,
      "isAbstract" : false,
      "isDerived" : false,
      "properties" : [ {
        "id" : "lDtenb6AUB2yBxOj",
        "name" : null,
        "description" : null,
        "type" : "Property",
        "propertyAssignments" : null,
        "stereotype" : null,
        "isDerived" : false,
        "isReadOnly" : false,
        "isOrdered" : false,
        "cardinality" : "*",
        "propertyType" : {
          "id" : "0Y9Cnb6AUB2yBw8K",
          "type" : "Class"
        },
        "subsettedProperties" : null,
        "redefinedProperties" : null,
        "aggregationKind" : "NONE"
      }, {
        "id" : "lDtenb6AUB2yBxOl",
        "name" : null,
        "description" : null,
        "type" : "Property",
        "propertyAssignments" : null,
        "stereotype" : null,
        "isDerived" : false,
        "isReadOnly" : false,
        "isOrdered" : false,
        "cardinality" : "*",
        "propertyType" : {
          "id" : "G3zCnb6AUB2yBw9y",
          "type" : "Class"
        },
        "subsettedProperties" : null,
        "redefinedProperties" : null,
        "aggregationKind" : "NONE"
      } ]
    }, {
      "id" : "HLfenb6AUB2yBxPI",
      "name" : "register_for",
      "description" : null,
      "type" : "Relation",
      "propertyAssignments" : null,
      "stereotype" : null,
      "isAbstract" : false,
      "isDerived" : false,
      "properties" : [ {
        "id" : "HLfenb6AUB2yBxPJ",
        "name" : null,
        "description" : null,
        "type" : "Property",
        "propertyAssignments" : null,
        "stereotype" : null,
        "isDerived" : false,
        "isReadOnly" : false,
        "isOrdered" : false,
        "cardinality" : "*",
        "propertyType" : {
          "id" : "G3zCnb6AUB2yBw9y",
          "type" : "Class"
        },
        "subsettedProperties" : null,
        "redefinedProperties" : null,
        "aggregationKind" : "NONE"
      }, {
        "id" : "HLfenb6AUB2yBxPL",
        "name" : null,
        "description" : null,
        "type" : "Property",
        "propertyAssignments" : null,
        "stereotype" : null,
        "isDerived" : false,
        "isReadOnly" : false,
        "isOrdered" : false,
        "cardinality" : "*",
        "propertyType" : {
          "id" : "LJ3Cnb6AUB2yBw.w",
          "type" : "Class"
        },
        "subsettedProperties" : null,
        "redefinedProperties" : null,
        "aggregationKind" : "NONE"
      } ]
    }, {
      "id" : "4.I.nb6AUB2yBxPf",
      "name" : "use",
      "description" : null,
      "type" : "Relation",
      "propertyAssignments" : null,
      "stereotype" : null,
      "isAbstract" : false,
      "isDerived" : false,
      "properties" : [ {
        "id" : "4.I.nb6AUB2yBxPg",
        "name" : null,
        "description" : null,
        "type" : "Property",
        "propertyAssignments" : null,
        "stereotype" : null,
        "isDerived" : false,
        "isReadOnly" : false,
        "isOrdered" : false,
        "cardinality" : "*",
        "propertyType" : {
          "id" : "LJ3Cnb6AUB2yBw.w",
          "type" : "Class"
        },
        "subsettedProperties" : null,
        "redefinedProperties" : null,
        "aggregationKind" : "NONE"
      }, {
        "id" : "4.I.nb6AUB2yBxPi",
        "name" : null,
        "description" : null,
        "type" : "Property",
        "propertyAssignments" : null,
        "stereotype" : null,
        "isDerived" : false,
        "isReadOnly" : false,
        "isOrdered" : false,
        "cardinality" : "*",
        "propertyType" : {
          "id" : "tizCnb6AUB2yBw9a",
          "type" : "Class"
        },
        "subsettedProperties" : null,
        "redefinedProperties" : null,
        "aggregationKind" : "NONE"
      } ]
    }, {
      "id" : "e_lBnb6AUB2yBxQN",
      "name" : "produce",
      "description" : null,
      "type" : "Relation",
      "propertyAssignments" : null,
      "stereotype" : null,
      "isAbstract" : false,
      "isDerived" : false,
      "properties" : [ {
        "id" : "e_lBnb6AUB2yBxQO",
        "name" : null,
        "description" : null,
        "type" : "Property",
        "propertyAssignments" : null,
        "stereotype" : null,
        "isDerived" : false,
        "isReadOnly" : false,
        "isOrdered" : false,
        "cardinality" : "*",
        "propertyType" : {
          "id" : "A0jCnb6AUB2yBw83",
          "type" : "Class"
        },
        "subsettedProperties" : null,
        "redefinedProperties" : null,
        "aggregationKind" : "NONE"
      }, {
        "id" : "e_lBnb6AUB2yBxQQ",
        "name" : null,
        "description" : null,
        "type" : "Property",
        "propertyAssignments" : null,
        "stereotype" : null,
        "isDerived" : false,
        "isReadOnly" : false,
        "isOrdered" : false,
        "cardinality" : "*",
        "propertyType" : {
          "id" : "AtTCnb6AUB2yBw9O",
          "type" : "Class"
        },
        "subsettedProperties" : null,
        "redefinedProperties" : null,
        "aggregationKind" : "NONE"
      } ]
    }, {
      "id" : "VkJhnb6AUB2yBxQm",
      "name" : "occure_in",
      "description" : null,
      "type" : "Relation",
      "propertyAssignments" : null,
      "stereotype" : null,
      "isAbstract" : false,
      "isDerived" : false,
      "properties" : [ {
        "id" : "VkJhnb6AUB2yBxQn",
        "name" : null,
        "description" : null,
        "type" : "Property",
        "propertyAssignments" : null,
        "stereotype" : null,
        "isDerived" : false,
        "isReadOnly" : false,
        "isOrdered" : false,
        "cardinality" : "*",
        "propertyType" : {
          "id" : "QRDCnb6AUB2yBw8l",
          "type" : "Class"
        },
        "subsettedProperties" : null,
        "redefinedProperties" : null,
        "aggregationKind" : "NONE"
      }, {
        "id" : "VkJhnb6AUB2yBxQp",
        "name" : null,
        "description" : null,
        "type" : "Property",
        "propertyAssignments" : null,
        "stereotype" : null,
        "isDerived" : false,
        "isReadOnly" : false,
        "isOrdered" : false,
        "cardinality" : "*",
        "propertyType" : {
          "id" : "tljCnb6AUB2yBw9A",
          "type" : "Class"
        },
        "subsettedProperties" : null,
        "redefinedProperties" : null,
        "aggregationKind" : "NONE"
      } ]
    }, {
      "id" : "8.Vhnb6AUB2yBxQ9",
      "name" : "use",
      "description" : null,
      "type" : "Relation",
      "propertyAssignments" : null,
      "stereotype" : null,
      "isAbstract" : false,
      "isDerived" : false,
      "properties" : [ {
        "id" : "8.Vhnb6AUB2yBxQ.",
        "name" : null,
        "description" : null,
        "type" : "Property",
        "propertyAssignments" : null,
        "stereotype" : null,
        "isDerived" : false,
        "isReadOnly" : false,
        "isOrdered" : false,
        "cardinality" : "*",
        "propertyType" : {
          "id" : "PoDCnb6AUB2yBw8c",
          "type" : "Class"
        },
        "subsettedProperties" : null,
        "redefinedProperties" : null,
        "aggregationKind" : "NONE"
      }, {
        "id" : "8.Vhnb6AUB2yBxRA",
        "name" : null,
        "description" : null,
        "type" : "Property",
        "propertyAssignments" : null,
        "stereotype" : null,
        "isDerived" : false,
        "isReadOnly" : false,
        "isOrdered" : false,
        "cardinality" : "*",
        "propertyType" : {
          "id" : "AtTCnb6AUB2yBw9O",
          "type" : "Class"
        },
        "subsettedProperties" : null,
        "redefinedProperties" : null,
        "aggregationKind" : "NONE"
      } ]
    }, {
      "id" : "_W9hnb6AUB2yBxRU",
      "name" : "produce",
      "description" : null,
      "type" : "Relation",
      "propertyAssignments" : null,
      "stereotype" : null,
      "isAbstract" : false,
      "isDerived" : false,
      "properties" : [ {
        "id" : "_W9hnb6AUB2yBxRV",
        "name" : null,
        "description" : null,
        "type" : "Property",
        "propertyAssignments" : null,
        "stereotype" : null,
        "isDerived" : false,
        "isReadOnly" : false,
        "isOrdered" : false,
        "cardinality" : "*",
        "propertyType" : {
          "id" : "wnDCnb6AUB2yBw8u",
          "type" : "Class"
        },
        "subsettedProperties" : null,
        "redefinedProperties" : null,
        "aggregationKind" : "NONE"
      }, {
        "id" : "_W9hnb6AUB2yBxRX",
        "name" : null,
        "description" : null,
        "type" : "Property",
        "propertyAssignments" : null,
        "stereotype" : null,
        "isDerived" : false,
        "isReadOnly" : false,
        "isOrdered" : false,
        "cardinality" : "*",
        "propertyType" : {
          "id" : "PoDCnb6AUB2yBw8c",
          "type" : "Class"
        },
        "subsettedProperties" : null,
        "redefinedProperties" : null,
        "aggregationKind" : "NONE"
      } ]
    }, {
      "id" : "WK7hnb6AUB2yBxRr",
      "name" : "predict",
      "description" : null,
      "type" : "Relation",
      "propertyAssignments" : null,
      "stereotype" : null,
      "isAbstract" : false,
      "isDerived" : false,
      "properties" : [ {
        "id" : "WK7hnb6AUB2yBxRs",
        "name" : null,
        "description" : null,
        "type" : "Property",
        "propertyAssignments" : null,
        "stereotype" : null,
        "isDerived" : false,
        "isReadOnly" : false,
        "isOrdered" : false,
        "cardinality" : "*",
        "propertyType" : {
          "id" : "PoDCnb6AUB2yBw8c",
          "type" : "Class"
        },
        "subsettedProperties" : null,
        "redefinedProperties" : null,
        "aggregationKind" : "NONE"
      }, {
        "id" : "WK7hnb6AUB2yBxRu",
        "name" : null,
        "description" : null,
        "type" : "Property",
        "propertyAssignments" : null,
        "stereotype" : null,
        "isDerived" : false,
        "isReadOnly" : false,
        "isOrdered" : false,
        "cardinality" : "*",
        "propertyType" : {
          "id" : "QRDCnb6AUB2yBw8l",
          "type" : "Class"
        },
        "subsettedProperties" : null,
        "redefinedProperties" : null,
        "aggregationKind" : "NONE"
      } ]
    }, {
      "id" : "P1_hnb6AUB2yBxR.",
      "name" : "selected_by",
      "description" : null,
      "type" : "Relation",
      "propertyAssignments" : null,
      "stereotype" : null,
      "isAbstract" : false,
      "isDerived" : false,
      "properties" : [ {
        "id" : "P1_hnb6AUB2yBxR_",
        "name" : null,
        "description" : null,
        "type" : "Property",
        "propertyAssignments" : null,
        "stereotype" : null,
        "isDerived" : false,
        "isReadOnly" : false,
        "isOrdered" : false,
        "cardinality" : "*",
        "propertyType" : {
          "id" : "cn1Cnb6AUB2yBw7v",
          "type" : "Class"
        },
        "subsettedProperties" : null,
        "redefinedProperties" : null,
        "aggregationKind" : "NONE"
      }, {
        "id" : "P1_hnb6AUB2yBxSB",
        "name" : null,
        "description" : null,
        "type" : "Property",
        "propertyAssignments" : null,
        "stereotype" : null,
        "isDerived" : false,
        "isReadOnly" : false,
        "isOrdered" : false,
        "cardinality" : "*",
        "propertyType" : {
          "id" : "OO1Cnb6AUB2yBw7m",
          "type" : "Class"
        },
        "subsettedProperties" : null,
        "redefinedProperties" : null,
        "aggregationKind" : "NONE"
      } ]
    }, {
      "id" : "aFKxnb6AUB2yBxSX",
      "name" : "evaluated_by",
      "description" : null,
      "type" : "Relation",
      "propertyAssignments" : null,
      "stereotype" : null,
      "isAbstract" : false,
      "isDerived" : false,
      "properties" : [ {
        "id" : "aFKxnb6AUB2yBxSY",
        "name" : null,
        "description" : null,
        "type" : "Property",
        "propertyAssignments" : null,
        "stereotype" : null,
        "isDerived" : false,
        "isReadOnly" : false,
        "isOrdered" : false,
        "cardinality" : "*",
        "propertyType" : {
          "id" : "xzLCnb6AUB2yBw9.",
          "type" : "Class"
        },
        "subsettedProperties" : null,
        "redefinedProperties" : null,
        "aggregationKind" : "NONE"
      }, {
        "id" : "aFKxnb6AUB2yBxSa",
        "name" : null,
        "description" : null,
        "type" : "Property",
        "propertyAssignments" : null,
        "stereotype" : null,
        "isDerived" : false,
        "isReadOnly" : false,
        "isOrdered" : false,
        "cardinality" : "*",
        "propertyType" : {
          "id" : "VqNCnb6AUB2yBw74",
          "type" : "Class"
        },
        "subsettedProperties" : null,
        "redefinedProperties" : null,
        "aggregationKind" : "NONE"
      } ]
    }, {
      "id" : "e29xnb6AUB2yBxSw",
      "name" : "has",
      "description" : null,
      "type" : "Relation",
      "propertyAssignments" : null,
      "stereotype" : null,
      "isAbstract" : false,
      "isDerived" : false,
      "properties" : [ {
        "id" : "e29xnb6AUB2yBxSx",
        "name" : null,
        "description" : null,
        "type" : "Property",
        "propertyAssignments" : null,
        "stereotype" : null,
        "isDerived" : false,
        "isReadOnly" : false,
        "isOrdered" : false,
        "cardinality" : "*",
        "propertyType" : {
          "id" : "QRDCnb6AUB2yBw8l",
          "type" : "Class"
        },
        "subsettedProperties" : null,
        "redefinedProperties" : null,
        "aggregationKind" : "NONE"
      }, {
        "id" : "e29xnb6AUB2yBxSz",
        "name" : null,
        "description" : null,
        "type" : "Property",
        "propertyAssignments" : null,
        "stereotype" : null,
        "isDerived" : false,
        "isReadOnly" : false,
        "isOrdered" : false,
        "cardinality" : "*",
        "propertyType" : {
          "id" : "f5zCnb6AUB2yBw9m",
          "type" : "Class"
        },
        "subsettedProperties" : null,
        "redefinedProperties" : null,
        "aggregationKind" : "NONE"
      } ]
    }, {
      "id" : "oFLxnb6AUB2yBxTF",
      "name" : "mitigate",
      "description" : null,
      "type" : "Relation",
      "propertyAssignments" : null,
      "stereotype" : null,
      "isAbstract" : false,
      "isDerived" : false,
      "properties" : [ {
        "id" : "oFLxnb6AUB2yBxTG",
        "name" : null,
        "description" : null,
        "type" : "Property",
        "propertyAssignments" : null,
        "stereotype" : null,
        "isDerived" : false,
        "isReadOnly" : false,
        "isOrdered" : false,
        "cardinality" : "*",
        "propertyType" : {
          "id" : "bcfCnb6AUB2yBxAE",
          "type" : "Class"
        },
        "subsettedProperties" : null,
        "redefinedProperties" : null,
        "aggregationKind" : "NONE"
      }, {
        "id" : "oFLxnb6AUB2yBxTI",
        "name" : null,
        "description" : null,
        "type" : "Property",
        "propertyAssignments" : null,
        "stereotype" : null,
        "isDerived" : false,
        "isReadOnly" : false,
        "isOrdered" : false,
        "cardinality" : "*",
        "propertyType" : {
          "id" : "f5zCnb6AUB2yBw9m",
          "type" : "Class"
        },
        "subsettedProperties" : null,
        "redefinedProperties" : null,
        "aggregationKind" : "NONE"
      } ]
    }, {
      "id" : "My3xnb6AUB2yBxTe",
      "name" : "use",
      "description" : null,
      "type" : "Relation",
      "propertyAssignments" : null,
      "stereotype" : null,
      "isAbstract" : false,
      "isDerived" : false,
      "properties" : [ {
        "id" : "My3xnb6AUB2yBxTf",
        "name" : null,
        "description" : null,
        "type" : "Property",
        "propertyAssignments" : null,
        "stereotype" : null,
        "isDerived" : false,
        "isReadOnly" : false,
        "isOrdered" : false,
        "cardinality" : "*",
        "propertyType" : {
          "id" : "bcfCnb6AUB2yBxAE",
          "type" : "Class"
        },
        "subsettedProperties" : null,
        "redefinedProperties" : null,
        "aggregationKind" : "NONE"
      }, {
        "id" : "My3xnb6AUB2yBxTh",
        "name" : null,
        "description" : null,
        "type" : "Property",
        "propertyAssignments" : null,
        "stereotype" : null,
        "isDerived" : false,
        "isReadOnly" : false,
        "isOrdered" : false,
        "cardinality" : "*",
        "propertyType" : {
          "id" : "tizCnb6AUB2yBw9a",
          "type" : "Class"
        },
        "subsettedProperties" : null,
        "redefinedProperties" : null,
        "aggregationKind" : "NONE"
      } ]
    }, {
      "id" : "Up4Jnb6AUB2yBxT4",
      "name" : "has",
      "description" : null,
      "type" : "Relation",
      "propertyAssignments" : null,
      "stereotype" : null,
      "isAbstract" : false,
      "isDerived" : false,
      "properties" : [ {
        "id" : "Up4Jnb6AUB2yBxT5",
        "name" : null,
        "description" : null,
        "type" : "Property",
        "propertyAssignments" : null,
        "stereotype" : null,
        "isDerived" : false,
        "isReadOnly" : false,
        "isOrdered" : false,
        "cardinality" : "*",
        "propertyType" : {
          "id" : "LJ3Cnb6AUB2yBw.w",
          "type" : "Class"
        },
        "subsettedProperties" : null,
        "redefinedProperties" : null,
        "aggregationKind" : "NONE"
      }, {
        "id" : "Up4Jnb6AUB2yBxT7",
        "name" : null,
        "description" : null,
        "type" : "Property",
        "propertyAssignments" : null,
        "stereotype" : null,
        "isDerived" : false,
        "isReadOnly" : false,
        "isOrdered" : false,
        "cardinality" : "*",
        "propertyType" : {
          "id" : "H7vCnb6AUB2yBw_4",
          "type" : "Class"
        },
        "subsettedProperties" : null,
        "redefinedProperties" : null,
        "aggregationKind" : "NONE"
      } ]
    }, {
      "id" : "ctcJnb6AUB2yBxUT",
      "name" : "imeplement",
      "description" : null,
      "type" : "Relation",
      "propertyAssignments" : null,
      "stereotype" : null,
      "isAbstract" : false,
      "isDerived" : false,
      "properties" : [ {
        "id" : "ctcJnb6AUB2yBxUU",
        "name" : null,
        "description" : null,
        "type" : "Property",
        "propertyAssignments" : null,
        "stereotype" : null,
        "isDerived" : false,
        "isReadOnly" : false,
        "isOrdered" : false,
        "cardinality" : "*",
        "propertyType" : {
          "id" : "Lp9Cnb6AUB2yBw8T",
          "type" : "Class"
        },
        "subsettedProperties" : null,
        "redefinedProperties" : null,
        "aggregationKind" : "NONE"
      }, {
        "id" : "ctcJnb6AUB2yBxUW",
        "name" : null,
        "description" : null,
        "type" : "Property",
        "propertyAssignments" : null,
        "stereotype" : null,
        "isDerived" : false,
        "isReadOnly" : false,
        "isOrdered" : false,
        "cardinality" : "*",
        "propertyType" : {
          "id" : "LJ3Cnb6AUB2yBw.w",
          "type" : "Class"
        },
        "subsettedProperties" : null,
        "redefinedProperties" : null,
        "aggregationKind" : "NONE"
      } ]
    }, {
      "id" : "w8uJnb6AUB2yBxUy",
      "name" : "create",
      "description" : null,
      "type" : "Relation",
      "propertyAssignments" : null,
      "stereotype" : null,
      "isAbstract" : false,
      "isDerived" : false,
      "properties" : [ {
        "id" : "w8uJnb6AUB2yBxUz",
        "name" : null,
        "description" : null,
        "type" : "Property",
        "propertyAssignments" : null,
        "stereotype" : null,
        "isDerived" : false,
        "isReadOnly" : false,
        "isOrdered" : false,
        "cardinality" : "*",
        "propertyType" : {
          "id" : "z.vCnb6AUB2yBw_s",
          "type" : "Class"
        },
        "subsettedProperties" : null,
        "redefinedProperties" : null,
        "aggregationKind" : "NONE"
      }, {
        "id" : "w8uJnb6AUB2yBxU1",
        "name" : null,
        "description" : null,
        "type" : "Property",
        "propertyAssignments" : null,
        "stereotype" : null,
        "isDerived" : false,
        "isReadOnly" : false,
        "isOrdered" : false,
        "cardinality" : "*",
        "propertyType" : {
          "id" : "H7vCnb6AUB2yBw_4",
          "type" : "Class"
        },
        "subsettedProperties" : null,
        "redefinedProperties" : null,
        "aggregationKind" : "NONE"
      } ]
    }, {
      "id" : "dhRJnb6AUB2yBxVF",
      "name" : "implement",
      "description" : null,
      "type" : "Relation",
      "propertyAssignments" : null,
      "stereotype" : null,
      "isAbstract" : false,
      "isDerived" : false,
      "properties" : [ {
        "id" : "dhRJnb6AUB2yBxVG",
        "name" : null,
        "description" : null,
        "type" : "Property",
        "propertyAssignments" : null,
        "stereotype" : null,
        "isDerived" : false,
        "isReadOnly" : false,
        "isOrdered" : false,
        "cardinality" : "*",
        "propertyType" : {
          "id" : "k_3Cnb6AUB2yBw.8",
          "type" : "Class"
        },
        "subsettedProperties" : null,
        "redefinedProperties" : null,
        "aggregationKind" : "NONE"
      }, {
        "id" : "dhRJnb6AUB2yBxVI",
        "name" : null,
        "description" : null,
        "type" : "Property",
        "propertyAssignments" : null,
        "stereotype" : null,
        "isDerived" : false,
        "isReadOnly" : false,
        "isOrdered" : false,
        "cardinality" : "*",
        "propertyType" : {
          "id" : "bcfCnb6AUB2yBxAE",
          "type" : "Class"
        },
        "subsettedProperties" : null,
        "redefinedProperties" : null,
        "aggregationKind" : "NONE"
      } ]
    }, {
      "id" : "lCPJnb6AUB2yBxVk",
      "name" : "assess",
      "description" : null,
      "type" : "Relation",
      "propertyAssignments" : null,
      "stereotype" : null,
      "isAbstract" : false,
      "isDerived" : false,
      "properties" : [ {
        "id" : "lCPJnb6AUB2yBxVl",
        "name" : null,
        "description" : null,
        "type" : "Property",
        "propertyAssignments" : null,
        "stereotype" : null,
        "isDerived" : false,
        "isReadOnly" : false,
        "isOrdered" : false,
        "cardinality" : "*",
        "propertyType" : {
          "id" : "XuPCnb6AUB2yBw_I",
          "type" : "Class"
        },
        "subsettedProperties" : null,
        "redefinedProperties" : null,
        "aggregationKind" : "NONE"
      }, {
        "id" : "lCPJnb6AUB2yBxVn",
        "name" : null,
        "description" : null,
        "type" : "Property",
        "propertyAssignments" : null,
        "stereotype" : null,
        "isDerived" : false,
        "isReadOnly" : false,
        "isOrdered" : false,
        "cardinality" : "*",
        "propertyType" : {
          "id" : "f5zCnb6AUB2yBw9m",
          "type" : "Class"
        },
        "subsettedProperties" : null,
        "redefinedProperties" : null,
        "aggregationKind" : "NONE"
      } ]
    }, {
      "id" : "iAwpnb6AUB2yBxV7",
      "name" : "control",
      "description" : null,
      "type" : "Relation",
      "propertyAssignments" : null,
      "stereotype" : null,
      "isAbstract" : false,
      "isDerived" : false,
      "properties" : [ {
        "id" : "iAwpnb6AUB2yBxV8",
        "name" : null,
        "description" : null,
        "type" : "Property",
        "propertyAssignments" : null,
        "stereotype" : null,
        "isDerived" : false,
        "isReadOnly" : false,
        "isOrdered" : false,
        "cardinality" : "*",
        "propertyType" : {
          "id" : "rsrCnb6AUB2yBw.K",
          "type" : "Class"
        },
        "subsettedProperties" : null,
        "redefinedProperties" : null,
        "aggregationKind" : "NONE"
      }, {
        "id" : "iAwpnb6AUB2yBxV.",
        "name" : null,
        "description" : null,
        "type" : "Property",
        "propertyAssignments" : null,
        "stereotype" : null,
        "isDerived" : false,
        "isReadOnly" : false,
        "isOrdered" : false,
        "cardinality" : "*",
        "propertyType" : {
          "id" : "QRDCnb6AUB2yBw8l",
          "type" : "Class"
        },
        "subsettedProperties" : null,
        "redefinedProperties" : null,
        "aggregationKind" : "NONE"
      } ]
    }, {
      "id" : "cnMpnb6AUB2yBxWQ",
      "name" : "live_in",
      "description" : null,
      "type" : "Relation",
      "propertyAssignments" : null,
      "stereotype" : null,
      "isAbstract" : false,
      "isDerived" : false,
      "properties" : [ {
        "id" : "cnMpnb6AUB2yBxWR",
        "name" : null,
        "description" : null,
        "type" : "Property",
        "propertyAssignments" : null,
        "stereotype" : null,
        "isDerived" : false,
        "isReadOnly" : false,
        "isOrdered" : false,
        "cardinality" : "*",
        "propertyType" : {
          "id" : "0Y9Cnb6AUB2yBw8K",
          "type" : "Class"
        },
        "subsettedProperties" : null,
        "redefinedProperties" : null,
        "aggregationKind" : "NONE"
      }, {
        "id" : "cnMpnb6AUB2yBxWT",
        "name" : null,
        "description" : null,
        "type" : "Property",
        "propertyAssignments" : null,
        "stereotype" : null,
        "isDerived" : false,
        "isReadOnly" : false,
        "isOrdered" : false,
        "cardinality" : "*",
        "propertyType" : {
          "id" : "tljCnb6AUB2yBw9A",
          "type" : "Class"
        },
        "subsettedProperties" : null,
        "redefinedProperties" : null,
        "aggregationKind" : "NONE"
      } ]
    }, {
      "id" : "Eoqpnb6AUB2yBxWn",
      "name" : "take_place_in",
      "description" : null,
      "type" : "Relation",
      "propertyAssignments" : null,
      "stereotype" : null,
      "isAbstract" : false,
      "isDerived" : false,
      "properties" : [ {
        "id" : "Eoqpnb6AUB2yBxWo",
        "name" : null,
        "description" : null,
        "type" : "Property",
        "propertyAssignments" : null,
        "stereotype" : null,
        "isDerived" : false,
        "isReadOnly" : false,
        "isOrdered" : false,
        "cardinality" : "*",
        "propertyType" : {
          "id" : "LJ3Cnb6AUB2yBw.w",
          "type" : "Class"
        },
        "subsettedProperties" : null,
        "redefinedProperties" : null,
        "aggregationKind" : "NONE"
      }, {
        "id" : "Eoqpnb6AUB2yBxWq",
        "name" : null,
        "description" : null,
        "type" : "Property",
        "propertyAssignments" : null,
        "stereotype" : null,
        "isDerived" : false,
        "isReadOnly" : false,
        "isOrdered" : false,
        "cardinality" : "*",
        "propertyType" : {
          "id" : "tljCnb6AUB2yBw9A",
          "type" : "Class"
        },
        "subsettedProperties" : null,
        "redefinedProperties" : null,
        "aggregationKind" : "NONE"
      } ]
    }, {
      "id" : "0Nhpnb6AUB2yBxW8",
      "name" : "implemented_by",
      "description" : null,
      "type" : "Relation",
      "propertyAssignments" : null,
      "stereotype" : null,
      "isAbstract" : false,
      "isDerived" : false,
      "properties" : [ {
        "id" : "0Nhpnb6AUB2yBxW9",
        "name" : null,
        "description" : null,
        "type" : "Property",
        "propertyAssignments" : null,
        "stereotype" : null,
        "isDerived" : false,
        "isReadOnly" : false,
        "isOrdered" : false,
        "cardinality" : "*",
        "propertyType" : {
          "id" : "6prCnb6AUB2yBw.W",
          "type" : "Class"
        },
        "subsettedProperties" : null,
        "redefinedProperties" : null,
        "aggregationKind" : "NONE"
      }, {
        "id" : "0Nhpnb6AUB2yBxW_",
        "name" : null,
        "description" : null,
        "type" : "Property",
        "propertyAssignments" : null,
        "stereotype" : null,
        "isDerived" : false,
        "isReadOnly" : false,
        "isOrdered" : false,
        "cardinality" : "*",
        "propertyType" : {
          "id" : "NfrCnb6AUB2yBw.i",
          "type" : "Class"
        },
        "subsettedProperties" : null,
        "redefinedProperties" : null,
        "aggregationKind" : "NONE"
      } ]
    } ]
  },
  "diagrams" : [ {
    "id" : "OE8snb6AUB2yBw68",
    "name" : "diagram1",
    "description" : null,
    "type" : "Diagram",
    "owner" : {
      "id" : "qVYsnb6AUB2yBwrh_root",
      "type" : "Package"
    },
    "contents" : [ {
      "id" : "l1fGnb6AUB2yBxGm",
      "type" : "GeneralizationView",
      "modelElement" : {
        "id" : "J1fGnb6AUB2yBxGl",
        "type" : "Generalization"
      },
      "shape" : {
        "id" : "l1fGnb6AUB2yBxGm_path",
        "type" : "Path",
        "points" : [ {
          "x" : 474,
          "y" : 42
        }, {
          "x" : 474,
          "y" : 74
        }, {
          "x" : 160,
          "y" : 74
        }, {
          "x" : 160,
          "y" : 100
        } ]
      },
      "source" : {
        "id" : "GA1Cnb6AUB2yBw7c",
        "type" : "ClassView"
      },
      "target" : {
        "id" : "hKdsnb6AUB2yBw7K",
        "type" : "ClassView"
      }
    }, {
      "id" : "jfoWnb6AUB2yBxH_",
      "type" : "GeneralizationView",
      "modelElement" : {
        "id" : "NfoWnb6AUB2yBxH.",
        "type" : "Generalization"
      },
      "shape" : {
        "id" : "jfoWnb6AUB2yBxH__path",
        "type" : "Path",
        "points" : [ {
          "x" : 522,
          "y" : 42
        }, {
          "x" : 522,
          "y" : 85
        }, {
          "x" : 1162,
          "y" : 85
        }, {
          "x" : 1162,
          "y" : 543
        } ]
      },
      "source" : {
        "id" : "GA1Cnb6AUB2yBw7c",
        "type" : "ClassView"
      },
      "target" : {
        "id" : "5TPCnb6AUB2yBw_T",
        "type" : "ClassView"
      }
    }, {
      "id" : "GA1Cnb6AUB2yBw7c",
      "type" : "ClassView",
      "modelElement" : {
        "id" : "GA1Cnb6AUB2yBw7d",
        "type" : "Class"
      },
      "shape" : {
        "id" : "GA1Cnb6AUB2yBw7c_shape",
        "type" : "Rectangle",
        "x" : 464,
        "y" : 2,
        "width" : 83,
        "height" : 40
      }
    }, {
      "id" : "r622nb6AUB2yBxLq",
      "type" : "GeneralizationView",
      "modelElement" : {
        "id" : "D622nb6AUB2yBxLp",
        "type" : "Generalization"
      },
      "shape" : {
        "id" : "r622nb6AUB2yBxLq_path",
        "type" : "Path",
        "points" : [ {
          "x" : 1036,
          "y" : 564
        }, {
          "x" : 948,
          "y" : 564
        } ]
      },
      "source" : {
        "id" : "5TPCnb6AUB2yBw_T",
        "type" : "ClassView"
      },
      "target" : {
        "id" : "XuPCnb6AUB2yBw_H",
        "type" : "ClassView"
      }
    }, {
      "id" : "0.I.nb6AUB2yBxPk",
      "type" : "RelationView",
      "modelElement" : {
        "id" : "4.I.nb6AUB2yBxPf",
        "type" : "Relation"
      },
      "shape" : {
        "id" : "0.I.nb6AUB2yBxPk_path",
        "type" : "Path",
        "points" : [ {
          "x" : 327,
          "y" : 796
        }, {
          "x" : 327,
          "y" : 744
        } ]
      },
      "source" : {
        "id" : "LJ3Cnb6AUB2yBw.v",
        "type" : "ClassView"
      },
      "target" : {
        "id" : "tizCnb6AUB2yBw9Z",
        "type" : "ClassView"
      }
    }, {
      "id" : "f5zCnb6AUB2yBw9l",
      "type" : "ClassView",
      "modelElement" : {
        "id" : "f5zCnb6AUB2yBw9m",
        "type" : "Class"
      },
      "shape" : {
        "id" : "f5zCnb6AUB2yBw9l_shape",
        "type" : "Rectangle",
        "x" : 283,
        "y" : 544,
        "width" : 88,
        "height" : 41
      }
    }, {
      "id" : "e_lBnb6AUB2yBxQS",
      "type" : "RelationView",
      "modelElement" : {
        "id" : "e_lBnb6AUB2yBxQN",
        "type" : "Relation"
      },
      "shape" : {
        "id" : "e_lBnb6AUB2yBxQS_path",
        "type" : "Path",
        "points" : [ {
          "x" : 160,
          "y" : 237
        }, {
          "x" : 160,
          "y" : 311
        } ]
      },
      "source" : {
        "id" : "A0jCnb6AUB2yBw82",
        "type" : "ClassView"
      },
      "target" : {
        "id" : "AtTCnb6AUB2yBw9N",
        "type" : "ClassView"
      }
    }, {
      "id" : "aNAenb6AUB2yBxMj",
      "type" : "GeneralizationView",
      "modelElement" : {
        "id" : "g1Aenb6AUB2yBxMi",
        "type" : "Generalization"
      },
      "shape" : {
        "id" : "aNAenb6AUB2yBxMj_path",
        "type" : "Path",
        "points" : [ {
          "x" : 496,
          "y" : 140
        }, {
          "x" : 496,
          "y" : 197
        } ]
      },
      "source" : {
        "id" : "85VCnb6AUB2yBw7T",
        "type" : "ClassView"
      },
      "target" : {
        "id" : "OO1Cnb6AUB2yBw7l",
        "type" : "ClassView"
      }
    }, {
      "id" : "hKdsnb6AUB2yBw7K",
      "type" : "ClassView",
      "modelElement" : {
        "id" : "Cqdsnb6AUB2yBw7L",
        "type" : "Class"
      },
      "shape" : {
        "id" : "hKdsnb6AUB2yBw7K_shape",
        "type" : "Rectangle",
        "x" : 96,
        "y" : 100,
        "width" : 130,
        "height" : 40
      }
    }, {
      "id" : "bt2Wnb6AUB2yBxJa",
      "type" : "GeneralizationView",
      "modelElement" : {
        "id" : "9t2Wnb6AUB2yBxJZ",
        "type" : "Generalization"
      },
      "shape" : {
        "id" : "bt2Wnb6AUB2yBxJa_path",
        "type" : "Path",
        "points" : [ {
          "x" : 601,
          "y" : 488
        }, {
          "x" : 601,
          "y" : 383
        } ]
      },
      "source" : {
        "id" : "rsrCnb6AUB2yBw.J",
        "type" : "ClassView"
      },
      "target" : {
        "id" : "xzLCnb6AUB2yBw99",
        "type" : "ClassView"
      }
    }, {
      "id" : "qtcJnb6AUB2yBxUY",
      "type" : "RelationView",
      "modelElement" : {
        "id" : "ctcJnb6AUB2yBxUT",
        "type" : "Relation"
      },
      "shape" : {
        "id" : "qtcJnb6AUB2yBxUY_path",
        "type" : "Path",
        "points" : [ {
          "x" : 793,
          "y" : 825
        }, {
          "x" : 381,
          "y" : 825
        } ]
      },
      "source" : {
        "id" : "Lp9Cnb6AUB2yBw8S",
        "type" : "ClassView"
      },
      "target" : {
        "id" : "LJ3Cnb6AUB2yBw.v",
        "type" : "ClassView"
      }
    }, {
      "id" : "NCPJnb6AUB2yBxVp",
      "type" : "RelationView",
      "modelElement" : {
        "id" : "lCPJnb6AUB2yBxVk",
        "type" : "Relation"
      },
      "shape" : {
        "id" : "NCPJnb6AUB2yBxVp_path",
        "type" : "Path",
        "points" : [ {
          "x" : 811,
          "y" : 559
        }, {
          "x" : 372,
          "y" : 559
        } ]
      },
      "source" : {
        "id" : "XuPCnb6AUB2yBw_H",
        "type" : "ClassView"
      },
      "target" : {
        "id" : "f5zCnb6AUB2yBw9l",
        "type" : "ClassView"
      }
    }, {
      "id" : "BmYenb6AUB2yBxND",
      "type" : "GeneralizationView",
      "modelElement" : {
        "id" : "umYenb6AUB2yBxNC",
        "type" : "Generalization"
      },
      "shape" : {
        "id" : "BmYenb6AUB2yBxND_path",
        "type" : "Path",
        "points" : [ {
          "x" : 588,
          "y" : 140
        }, {
          "x" : 588,
          "y" : 170
        }, {
          "x" : 935,
          "y" : 170
        }, {
          "x" : 935,
          "y" : 284
        } ]
      },
      "source" : {
        "id" : "85VCnb6AUB2yBw7T",
        "type" : "ClassView"
      },
      "target" : {
        "id" : "NfrCnb6AUB2yBw.h",
        "type" : "ClassView"
      }
    }, {
      "id" : "5TPCnb6AUB2yBw_T",
      "type" : "ClassView",
      "modelElement" : {
        "id" : "5TPCnb6AUB2yBw_U",
        "type" : "Class"
      },
      "shape" : {
        "id" : "5TPCnb6AUB2yBw_T_shape",
        "type" : "Rectangle",
        "x" : 1035,
        "y" : 544,
        "width" : 162,
        "height" : 40
      }
    }, {
      "id" : "P0_unb6AUB2yBxMU",
      "type" : "GeneralizationView",
      "modelElement" : {
        "id" : "jU_unb6AUB2yBxMT",
        "type" : "Generalization"
      },
      "shape" : {
        "id" : "P0_unb6AUB2yBxMU_path",
        "type" : "Path",
        "points" : [ {
          "x" : 442,
          "y" : 140
        }, {
          "x" : 442,
          "y" : 170
        }, {
          "x" : 330,
          "y" : 170
        }, {
          "x" : 330,
          "y" : 197
        } ]
      },
      "source" : {
        "id" : "85VCnb6AUB2yBw7T",
        "type" : "ClassView"
      },
      "target" : {
        "id" : "wnDCnb6AUB2yBw8t",
        "type" : "ClassView"
      }
    }, {
      "id" : "2_U2nb6AUB2yBxKi",
      "type" : "GeneralizationView",
      "modelElement" : {
        "id" : "a_U2nb6AUB2yBxKh",
        "type" : "Generalization"
      },
      "shape" : {
        "id" : "2_U2nb6AUB2yBxKi_path",
        "type" : "Path",
        "points" : [ {
          "x" : 162,
          "y" : 927
        }, {
          "x" : 162,
          "y" : 895
        } ]
      },
      "source" : {
        "id" : "AhdCnb6AUB2yBw8A",
        "type" : "ClassView"
      },
      "target" : {
        "id" : "0Y9Cnb6AUB2yBw8J",
        "type" : "ClassView"
      }
    }, {
      "id" : "A0jCnb6AUB2yBw82",
      "type" : "ClassView",
      "modelElement" : {
        "id" : "A0jCnb6AUB2yBw83",
        "type" : "Class"
      },
      "shape" : {
        "id" : "A0jCnb6AUB2yBw82_shape",
        "type" : "Rectangle",
        "x" : 104,
        "y" : 196,
        "width" : 115,
        "height" : 40
      }
    }, {
      "id" : "QgUWnb6AUB2yBxIc",
      "type" : "GeneralizationView",
      "modelElement" : {
        "id" : "PAUWnb6AUB2yBxIb",
        "type" : "Generalization"
      },
      "shape" : {
        "id" : "QgUWnb6AUB2yBxIc_path",
        "type" : "Path",
        "points" : [ {
          "x" : 542,
          "y" : 42
        }, {
          "x" : 542,
          "y" : 74
        }, {
          "x" : 1265,
          "y" : 74
        }, {
          "x" : 1265,
          "y" : 724
        }, {
          "x" : 1191,
          "y" : 724
        } ]
      },
      "source" : {
        "id" : "GA1Cnb6AUB2yBw7c",
        "type" : "ClassView"
      },
      "target" : {
        "id" : "34vCnb6AUB2yBw_f",
        "type" : "ClassView"
      }
    }, {
      "id" : "AtTCnb6AUB2yBw9N",
      "type" : "ClassView",
      "modelElement" : {
        "id" : "AtTCnb6AUB2yBw9O",
        "type" : "Class"
      },
      "shape" : {
        "id" : "AtTCnb6AUB2yBw9N_shape",
        "type" : "Rectangle",
        "x" : 110,
        "y" : 311,
        "width" : 104,
        "height" : 40
      }
    }, {
      "id" : "wnDCnb6AUB2yBw8t",
      "type" : "ClassView",
      "modelElement" : {
        "id" : "wnDCnb6AUB2yBw8u",
        "type" : "Class"
      },
      "shape" : {
        "id" : "wnDCnb6AUB2yBw8t_shape",
        "type" : "Rectangle",
        "x" : 277,
        "y" : 197,
        "width" : 101,
        "height" : 40
      }
    }, {
      "id" : "Up4Jnb6AUB2yBxT9",
      "type" : "RelationView",
      "modelElement" : {
        "id" : "Up4Jnb6AUB2yBxT4",
        "type" : "Relation"
      },
      "shape" : {
        "id" : "Up4Jnb6AUB2yBxT9_path",
        "type" : "Path",
        "points" : [ {
          "x" : 381,
          "y" : 808
        }, {
          "x" : 608,
          "y" : 808
        }, {
          "x" : 608,
          "y" : 745
        } ]
      },
      "source" : {
        "id" : "LJ3Cnb6AUB2yBw.v",
        "type" : "ClassView"
      },
      "target" : {
        "id" : "H7vCnb6AUB2yBw_3",
        "type" : "ClassView"
      }
    }, {
      "id" : "k8uJnb6AUB2yBxU3",
      "type" : "RelationView",
      "modelElement" : {
        "id" : "w8uJnb6AUB2yBxUy",
        "type" : "Relation"
      },
      "shape" : {
        "id" : "k8uJnb6AUB2yBxU3_path",
        "type" : "Path",
        "points" : [ {
          "x" : 801,
          "y" : 724
        }, {
          "x" : 673,
          "y" : 724
        } ]
      },
      "source" : {
        "id" : "z.vCnb6AUB2yBw_r",
        "type" : "ClassView"
      },
      "target" : {
        "id" : "H7vCnb6AUB2yBw_3",
        "type" : "ClassView"
      }
    }, {
      "id" : "AhdCnb6AUB2yBw8A",
      "type" : "ClassView",
      "modelElement" : {
        "id" : "AhdCnb6AUB2yBw8B",
        "type" : "Class"
      },
      "shape" : {
        "id" : "AhdCnb6AUB2yBw8A_shape",
        "type" : "Rectangle",
        "x" : 122,
        "y" : 926,
        "width" : 80,
        "height" : 40
      }
    }, {
      "id" : "LJ3Cnb6AUB2yBw.v",
      "type" : "ClassView",
      "modelElement" : {
        "id" : "LJ3Cnb6AUB2yBw.w",
        "type" : "Class"
      },
      "shape" : {
        "id" : "LJ3Cnb6AUB2yBw.v_shape",
        "type" : "Rectangle",
        "x" : 276,
        "y" : 795,
        "width" : 103,
        "height" : 40
      }
    }, {
      "id" : "boFBnb6AUB2yBxP9",
      "type" : "GeneralizationView",
      "modelElement" : {
        "id" : "boFBnb6AUB2yBxP8",
        "type" : "Generalization"
      },
      "shape" : {
        "id" : "boFBnb6AUB2yBxP9_path",
        "type" : "Path",
        "points" : [ {
          "x" : 161,
          "y" : 140
        }, {
          "x" : 161,
          "y" : 197
        } ]
      },
      "source" : {
        "id" : "hKdsnb6AUB2yBw7K",
        "type" : "ClassView"
      },
      "target" : {
        "id" : "A0jCnb6AUB2yBw82",
        "type" : "ClassView"
      }
    }, {
      "id" : "4jtenb6AUB2yBxOn",
      "type" : "RelationView",
      "modelElement" : {
        "id" : "lDtenb6AUB2yBxOi",
        "type" : "Relation"
      },
      "shape" : {
        "id" : "4jtenb6AUB2yBxOn_path",
        "type" : "Path",
        "points" : [ {
          "x" : 202,
          "y" : 874
        }, {
          "x" : 545,
          "y" : 874
        } ]
      },
      "source" : {
        "id" : "0Y9Cnb6AUB2yBw8J",
        "type" : "ClassView"
      },
      "target" : {
        "id" : "G3zCnb6AUB2yBw9x",
        "type" : "ClassView"
      }
    }, {
      "id" : "cnMpnb6AUB2yBxWV",
      "type" : "RelationView",
      "modelElement" : {
        "id" : "cnMpnb6AUB2yBxWQ",
        "type" : "Relation"
      },
      "shape" : {
        "id" : "cnMpnb6AUB2yBxWV_path",
        "type" : "Path",
        "points" : [ {
          "x" : 137,
          "y" : 855
        }, {
          "x" : 137,
          "y" : 450
        } ]
      },
      "source" : {
        "id" : "0Y9Cnb6AUB2yBw8J",
        "type" : "ClassView"
      },
      "target" : {
        "id" : "tljCnb6AUB2yBw8_",
        "type" : "ClassView"
      }
    }, {
      "id" : "xzLCnb6AUB2yBw99",
      "type" : "ClassView",
      "modelElement" : {
        "id" : "xzLCnb6AUB2yBw9.",
        "type" : "Class"
      },
      "shape" : {
        "id" : "xzLCnb6AUB2yBw99_shape",
        "type" : "Rectangle",
        "x" : 571,
        "y" : 343,
        "width" : 230,
        "height" : 40
      }
    }, {
      "id" : "cTQenb6AUB2yBxMy",
      "type" : "GeneralizationView",
      "modelElement" : {
        "id" : "kTQenb6AUB2yBxMx",
        "type" : "Generalization"
      },
      "shape" : {
        "id" : "cTQenb6AUB2yBxMy_path",
        "type" : "Path",
        "points" : [ {
          "x" : 566,
          "y" : 140
        }, {
          "x" : 566,
          "y" : 197
        } ]
      },
      "source" : {
        "id" : "85VCnb6AUB2yBw7T",
        "type" : "ClassView"
      },
      "target" : {
        "id" : "lqNCnb6AUB2yBw73",
        "type" : "ClassView"
      }
    }, {
      "id" : "C4omnb6AUB2yBxG7",
      "type" : "GeneralizationView",
      "modelElement" : {
        "id" : "04omnb6AUB2yBxG6",
        "type" : "Generalization"
      },
      "shape" : {
        "id" : "C4omnb6AUB2yBxG7_path",
        "type" : "Path",
        "points" : [ {
          "x" : 496,
          "y" : 42
        }, {
          "x" : 496,
          "y" : 100
        } ]
      },
      "source" : {
        "id" : "GA1Cnb6AUB2yBw7c",
        "type" : "ClassView"
      },
      "target" : {
        "id" : "85VCnb6AUB2yBw7T",
        "type" : "ClassView"
      }
    }, {
      "id" : "yrK2nb6AUB2yBxLX",
      "type" : "GeneralizationView",
      "modelElement" : {
        "id" : "crK2nb6AUB2yBxLW",
        "type" : "Generalization"
      },
      "shape" : {
        "id" : "yrK2nb6AUB2yBxLX_path",
        "type" : "Path",
        "points" : [ {
          "x" : 1117,
          "y" : 744
        }, {
          "x" : 1117,
          "y" : 816
        }, {
          "x" : 968,
          "y" : 816
        } ]
      },
      "source" : {
        "id" : "34vCnb6AUB2yBw_f",
        "type" : "ClassView"
      },
      "target" : {
        "id" : "Lp9Cnb6AUB2yBw8S",
        "type" : "ClassView"
      }
    }, {
      "id" : "4Ly2nb6AUB2yBxLI",
      "type" : "GeneralizationView",
      "modelElement" : {
        "id" : "QLy2nb6AUB2yBxLH",
        "type" : "Generalization"
      },
      "shape" : {
        "id" : "4Ly2nb6AUB2yBxLI_path",
        "type" : "Path",
        "points" : [ {
          "x" : 1044,
          "y" : 724
        }, {
          "x" : 953,
          "y" : 724
        } ]
      },
      "source" : {
        "id" : "34vCnb6AUB2yBw_f",
        "type" : "ClassView"
      },
      "target" : {
        "id" : "z.vCnb6AUB2yBw_r",
        "type" : "ClassView"
      }
    }, {
      "id" : "PoDCnb6AUB2yBw8b",
      "type" : "ClassView",
      "modelElement" : {
        "id" : "PoDCnb6AUB2yBw8c",
        "type" : "Class"
      },
      "shape" : {
        "id" : "PoDCnb6AUB2yBw8b_shape",
        "type" : "Rectangle",
        "x" : 286,
        "y" : 311,
        "width" : 90,
        "height" : 40
      }
    }, {
      "id" : "aFKxnb6AUB2yBxSc",
      "type" : "RelationView",
      "modelElement" : {
        "id" : "aFKxnb6AUB2yBxSX",
        "type" : "Relation"
      },
      "shape" : {
        "id" : "aFKxnb6AUB2yBxSc_path",
        "type" : "Path",
        "points" : [ {
          "x" : 742,
          "y" : 343
        }, {
          "x" : 742,
          "y" : 237
        } ]
      },
      "source" : {
        "id" : "xzLCnb6AUB2yBw99",
        "type" : "ClassView"
      },
      "target" : {
        "id" : "lqNCnb6AUB2yBw73",
        "type" : "ClassView"
      }
    }, {
      "id" : "H7vCnb6AUB2yBw_3",
      "type" : "ClassView",
      "modelElement" : {
        "id" : "H7vCnb6AUB2yBw_4",
        "type" : "Class"
      },
      "shape" : {
        "id" : "H7vCnb6AUB2yBw_3_shape",
        "type" : "Rectangle",
        "x" : 545,
        "y" : 705,
        "width" : 126,
        "height" : 40
      }
    }, {
      "id" : "OO1Cnb6AUB2yBw7l",
      "type" : "ClassView",
      "modelElement" : {
        "id" : "OO1Cnb6AUB2yBw7m",
        "type" : "Class"
      },
      "shape" : {
        "id" : "OO1Cnb6AUB2yBw7l_shape",
        "type" : "Rectangle",
        "x" : 397,
        "y" : 196,
        "width" : 127,
        "height" : 40
      }
    }, {
      "id" : "P1_hnb6AUB2yBxSD",
      "type" : "RelationView",
      "modelElement" : {
        "id" : "P1_hnb6AUB2yBxR.",
        "type" : "Relation"
      },
      "shape" : {
        "id" : "P1_hnb6AUB2yBxSD_path",
        "type" : "Path",
        "points" : [ {
          "x" : 506,
          "y" : 283
        }, {
          "x" : 506,
          "y" : 237
        } ]
      },
      "source" : {
        "id" : "cn1Cnb6AUB2yBw7u",
        "type" : "ClassView"
      },
      "target" : {
        "id" : "OO1Cnb6AUB2yBw7l",
        "type" : "ClassView"
      }
    }, {
      "id" : "6prCnb6AUB2yBw.V",
      "type" : "ClassView",
      "modelElement" : {
        "id" : "6prCnb6AUB2yBw.W",
        "type" : "Class"
      },
      "shape" : {
        "id" : "6prCnb6AUB2yBw.V_shape",
        "type" : "Rectangle",
        "x" : 631,
        "y" : 410,
        "width" : 250,
        "height" : 40
      }
    }, {
      "id" : "dYWWnb6AUB2yBxJL",
      "type" : "GeneralizationView",
      "modelElement" : {
        "id" : "NYWWnb6AUB2yBxJK",
        "type" : "Generalization"
      },
      "shape" : {
        "id" : "dYWWnb6AUB2yBxJL_path",
        "type" : "Path",
        "points" : [ {
          "x" : 545,
          "y" : 488
        }, {
          "x" : 545,
          "y" : 324
        } ]
      },
      "source" : {
        "id" : "rsrCnb6AUB2yBw.J",
        "type" : "ClassView"
      },
      "target" : {
        "id" : "cn1Cnb6AUB2yBw7u",
        "type" : "ClassView"
      }
    }, {
      "id" : "Lp9Cnb6AUB2yBw8S",
      "type" : "ClassView",
      "modelElement" : {
        "id" : "Lp9Cnb6AUB2yBw8T",
        "type" : "Class"
      },
      "shape" : {
        "id" : "Lp9Cnb6AUB2yBw8S_shape",
        "type" : "Rectangle",
        "x" : 793,
        "y" : 795,
        "width" : 174,
        "height" : 40
      }
    }, {
      "id" : "tljCnb6AUB2yBw8_",
      "type" : "ClassView",
      "modelElement" : {
        "id" : "tljCnb6AUB2yBw9A",
        "type" : "Class"
      },
      "shape" : {
        "id" : "tljCnb6AUB2yBw8__shape",
        "type" : "Rectangle",
        "x" : 122,
        "y" : 410,
        "width" : 80,
        "height" : 40
      }
    }, {
      "id" : "iAwpnb6AUB2yBxWA",
      "type" : "RelationView",
      "modelElement" : {
        "id" : "iAwpnb6AUB2yBxV7",
        "type" : "Relation"
      },
      "shape" : {
        "id" : "iAwpnb6AUB2yBxWA_path",
        "type" : "Path",
        "points" : [ {
          "x" : 522,
          "y" : 488
        }, {
          "x" : 522,
          "y" : 430
        }, {
          "x" : 367,
          "y" : 430
        } ]
      },
      "source" : {
        "id" : "rsrCnb6AUB2yBw.J",
        "type" : "ClassView"
      },
      "target" : {
        "id" : "gRDCnb6AUB2yBw8k",
        "type" : "ClassView"
      }
    }, {
      "id" : "_Lfenb6AUB2yBxPN",
      "type" : "RelationView",
      "modelElement" : {
        "id" : "HLfenb6AUB2yBxPI",
        "type" : "Relation"
      },
      "shape" : {
        "id" : "_Lfenb6AUB2yBxPN_path",
        "type" : "Path",
        "points" : [ {
          "x" : 545,
          "y" : 860
        }, {
          "x" : 314,
          "y" : 860
        }, {
          "x" : 314,
          "y" : 836
        } ]
      },
      "source" : {
        "id" : "G3zCnb6AUB2yBw9x",
        "type" : "ClassView"
      },
      "target" : {
        "id" : "LJ3Cnb6AUB2yBw.v",
        "type" : "ClassView"
      }
    }, {
      "id" : "Goqpnb6AUB2yBxWs",
      "type" : "RelationView",
      "modelElement" : {
        "id" : "Eoqpnb6AUB2yBxWn",
        "type" : "Relation"
      },
      "shape" : {
        "id" : "Goqpnb6AUB2yBxWs_path",
        "type" : "Path",
        "points" : [ {
          "x" : 277,
          "y" : 816
        }, {
          "x" : 192,
          "y" : 816
        }, {
          "x" : 192,
          "y" : 450
        } ]
      },
      "source" : {
        "id" : "LJ3Cnb6AUB2yBw.v",
        "type" : "ClassView"
      },
      "target" : {
        "id" : "tljCnb6AUB2yBw8_",
        "type" : "ClassView"
      }
    }, {
      "id" : "gRDCnb6AUB2yBw8k",
      "type" : "ClassView",
      "modelElement" : {
        "id" : "QRDCnb6AUB2yBw8l",
        "type" : "Class"
      },
      "shape" : {
        "id" : "gRDCnb6AUB2yBw8k_shape",
        "type" : "Rectangle",
        "x" : 286,
        "y" : 410,
        "width" : 80,
        "height" : 40
      }
    }, {
      "id" : "85VCnb6AUB2yBw7T",
      "type" : "ClassView",
      "modelElement" : {
        "id" : "85VCnb6AUB2yBw7U",
        "type" : "Class"
      },
      "shape" : {
        "id" : "85VCnb6AUB2yBw7T_shape",
        "type" : "Rectangle",
        "x" : 412,
        "y" : 100,
        "width" : 187,
        "height" : 40
      }
    }, {
      "id" : "meuWnb6AUB2yBxJp",
      "type" : "GeneralizationView",
      "modelElement" : {
        "id" : "KeuWnb6AUB2yBxJo",
        "type" : "Generalization"
      },
      "shape" : {
        "id" : "meuWnb6AUB2yBxJp_path",
        "type" : "Path",
        "points" : [ {
          "x" : 651,
          "y" : 488
        }, {
          "x" : 651,
          "y" : 450
        } ]
      },
      "source" : {
        "id" : "rsrCnb6AUB2yBw.J",
        "type" : "ClassView"
      },
      "target" : {
        "id" : "6prCnb6AUB2yBw.V",
        "type" : "ClassView"
      }
    }, {
      "id" : ".K7hnb6AUB2yBxRw",
      "type" : "RelationView",
      "modelElement" : {
        "id" : "WK7hnb6AUB2yBxRr",
        "type" : "Relation"
      },
      "shape" : {
        "id" : ".K7hnb6AUB2yBxRw_path",
        "type" : "Path",
        "points" : [ {
          "x" : 327,
          "y" : 351
        }, {
          "x" : 327,
          "y" : 409
        } ]
      },
      "source" : {
        "id" : "PoDCnb6AUB2yBw8b",
        "type" : "ClassView"
      },
      "target" : {
        "id" : "gRDCnb6AUB2yBw8k",
        "type" : "ClassView"
      }
    }, {
      "id" : "NfrCnb6AUB2yBw.h",
      "type" : "ClassView",
      "modelElement" : {
        "id" : "NfrCnb6AUB2yBw.i",
        "type" : "Class"
      },
      "shape" : {
        "id" : "NfrCnb6AUB2yBw.h_shape",
        "type" : "Rectangle",
        "x" : 835,
        "y" : 284,
        "width" : 200,
        "height" : 40
      }
    }, {
      "id" : "cn1Cnb6AUB2yBw7u",
      "type" : "ClassView",
      "modelElement" : {
        "id" : "cn1Cnb6AUB2yBw7v",
        "type" : "Class"
      },
      "shape" : {
        "id" : "cn1Cnb6AUB2yBw7u_shape",
        "type" : "Rectangle",
        "x" : 493,
        "y" : 284,
        "width" : 222,
        "height" : 40
      }
    }, {
      "id" : "z.vCnb6AUB2yBw_r",
      "type" : "ClassView",
      "modelElement" : {
        "id" : "z.vCnb6AUB2yBw_s",
        "type" : "Class"
      },
      "shape" : {
        "id" : "z.vCnb6AUB2yBw_r_shape",
        "type" : "Rectangle",
        "x" : 801,
        "y" : 705,
        "width" : 152,
        "height" : 40
      }
    }, {
      "id" : "_W9hnb6AUB2yBxRZ",
      "type" : "RelationView",
      "modelElement" : {
        "id" : "_W9hnb6AUB2yBxRU",
        "type" : "Relation"
      },
      "shape" : {
        "id" : "_W9hnb6AUB2yBxRZ_path",
        "type" : "Path",
        "points" : [ {
          "x" : 323,
          "y" : 237
        }, {
          "x" : 323,
          "y" : 311
        } ]
      },
      "source" : {
        "id" : "wnDCnb6AUB2yBw8t",
        "type" : "ClassView"
      },
      "target" : {
        "id" : "PoDCnb6AUB2yBw8b",
        "type" : "ClassView"
      }
    }, {
      "id" : "My3xnb6AUB2yBxTj",
      "type" : "RelationView",
      "modelElement" : {
        "id" : "My3xnb6AUB2yBxTe",
        "type" : "Relation"
      },
      "shape" : {
        "id" : "My3xnb6AUB2yBxTj_path",
        "type" : "Path",
        "points" : [ {
          "x" : 327,
          "y" : 663
        }, {
          "x" : 327,
          "y" : 704
        } ]
      },
      "source" : {
        "id" : "bcfCnb6AUB2yBxAD",
        "type" : "ClassView"
      },
      "target" : {
        "id" : "tizCnb6AUB2yBw9Z",
        "type" : "ClassView"
      }
    }, {
      "id" : "0Y9Cnb6AUB2yBw8J",
      "type" : "ClassView",
      "modelElement" : {
        "id" : "0Y9Cnb6AUB2yBw8K",
        "type" : "Class"
      },
      "shape" : {
        "id" : "0Y9Cnb6AUB2yBw8J_shape",
        "type" : "Rectangle",
        "x" : 122,
        "y" : 855,
        "width" : 80,
        "height" : 40
      }
    }, {
      "id" : "dhRJnb6AUB2yBxVK",
      "type" : "RelationView",
      "modelElement" : {
        "id" : "dhRJnb6AUB2yBxVF",
        "type" : "Relation"
      },
      "shape" : {
        "id" : "dhRJnb6AUB2yBxVK_path",
        "type" : "Path",
        "points" : [ {
          "x" : 801,
          "y" : 643
        }, {
          "x" : 398,
          "y" : 643
        } ]
      },
      "source" : {
        "id" : "k_3Cnb6AUB2yBw.7",
        "type" : "ClassView"
      },
      "target" : {
        "id" : "bcfCnb6AUB2yBxAD",
        "type" : "ClassView"
      }
    }, {
      "id" : "0Nhpnb6AUB2yBxXB",
      "type" : "RelationView",
      "modelElement" : {
        "id" : "0Nhpnb6AUB2yBxW8",
        "type" : "Relation"
      },
      "shape" : {
        "id" : "0Nhpnb6AUB2yBxXB_path",
        "type" : "Path",
        "points" : [ {
          "x" : 858,
          "y" : 410
        }, {
          "x" : 858,
          "y" : 324
        } ]
      },
      "source" : {
        "id" : "6prCnb6AUB2yBw.V",
        "type" : "ClassView"
      },
      "target" : {
        "id" : "NfrCnb6AUB2yBw.h",
        "type" : "ClassView"
      }
    }, {
      "id" : "gRO2nb6AUB2yBxL5",
      "type" : "GeneralizationView",
      "modelElement" : {
        "id" : "fhO2nb6AUB2yBxL4",
        "type" : "Generalization"
      },
      "shape" : {
        "id" : "gRO2nb6AUB2yBxL5_path",
        "type" : "Path",
        "points" : [ {
          "x" : 1117,
          "y" : 584
        }, {
          "x" : 1117,
          "y" : 643
        }, {
          "x" : 1015,
          "y" : 643
        } ]
      },
      "source" : {
        "id" : "5TPCnb6AUB2yBw_T",
        "type" : "ClassView"
      },
      "target" : {
        "id" : "k_3Cnb6AUB2yBw.7",
        "type" : "ClassView"
      }
    }, {
      "id" : "34vCnb6AUB2yBw_f",
      "type" : "ClassView",
      "modelElement" : {
        "id" : "34vCnb6AUB2yBw_g",
        "type" : "Class"
      },
      "shape" : {
        "id" : "34vCnb6AUB2yBw_f_shape",
        "type" : "Rectangle",
        "x" : 1044,
        "y" : 704,
        "width" : 145,
        "height" : 40
      }
    }, {
      "id" : "rsrCnb6AUB2yBw.J",
      "type" : "ClassView",
      "modelElement" : {
        "id" : "rsrCnb6AUB2yBw.K",
        "type" : "Class"
      },
      "shape" : {
        "id" : "rsrCnb6AUB2yBw.J_shape",
        "type" : "Rectangle",
        "x" : 504,
        "y" : 487,
        "width" : 174,
        "height" : 40
      }
    }, {
      "id" : "VkJhnb6AUB2yBxQr",
      "type" : "RelationView",
      "modelElement" : {
        "id" : "VkJhnb6AUB2yBxQm",
        "type" : "Relation"
      },
      "shape" : {
        "id" : "VkJhnb6AUB2yBxQr_path",
        "type" : "Path",
        "points" : [ {
          "x" : 287,
          "y" : 430
        }, {
          "x" : 202,
          "y" : 430
        } ]
      },
      "source" : {
        "id" : "gRDCnb6AUB2yBw8k",
        "type" : "ClassView"
      },
      "target" : {
        "id" : "tljCnb6AUB2yBw8_",
        "type" : "ClassView"
      }
    }, {
      "id" : "bcfCnb6AUB2yBxAD",
      "type" : "ClassView",
      "modelElement" : {
        "id" : "bcfCnb6AUB2yBxAE",
        "type" : "Class"
      },
      "shape" : {
        "id" : "bcfCnb6AUB2yBxAD_shape",
        "type" : "Rectangle",
        "x" : 255,
        "y" : 623,
        "width" : 142,
        "height" : 40
      }
    }, {
      "id" : "tizCnb6AUB2yBw9Z",
      "type" : "ClassView",
      "modelElement" : {
        "id" : "tizCnb6AUB2yBw9a",
        "type" : "Class"
      },
      "shape" : {
        "id" : "tizCnb6AUB2yBw9Z_shape",
        "type" : "Rectangle",
        "x" : 286,
        "y" : 704,
        "width" : 80,
        "height" : 40
      }
    }, {
      "id" : "k_3Cnb6AUB2yBw.7",
      "type" : "ClassView",
      "modelElement" : {
        "id" : "k_3Cnb6AUB2yBw.8",
        "type" : "Class"
      },
      "shape" : {
        "id" : "k_3Cnb6AUB2yBw.7_shape",
        "type" : "Rectangle",
        "x" : 801,
        "y" : 623,
        "width" : 214,
        "height" : 40
      }
    }, {
      "id" : "lqNCnb6AUB2yBw73",
      "type" : "ClassView",
      "modelElement" : {
        "id" : "VqNCnb6AUB2yBw74",
        "type" : "Class"
      },
      "shape" : {
        "id" : "lqNCnb6AUB2yBw73_shape",
        "type" : "Rectangle",
        "x" : 545,
        "y" : 197,
        "width" : 227,
        "height" : 40
      }
    }, {
      "id" : "q.Vhnb6AUB2yBxRC",
      "type" : "RelationView",
      "modelElement" : {
        "id" : "8.Vhnb6AUB2yBxQ9",
        "type" : "Relation"
      },
      "shape" : {
        "id" : "q.Vhnb6AUB2yBxRC_path",
        "type" : "Path",
        "points" : [ {
          "x" : 287,
          "y" : 331
        }, {
          "x" : 214,
          "y" : 331
        } ]
      },
      "source" : {
        "id" : "PoDCnb6AUB2yBw8b",
        "type" : "ClassView"
      },
      "target" : {
        "id" : "AtTCnb6AUB2yBw9N",
        "type" : "ClassView"
      }
    }, {
      "id" : "oFLxnb6AUB2yBxTK",
      "type" : "RelationView",
      "modelElement" : {
        "id" : "oFLxnb6AUB2yBxTF",
        "type" : "Relation"
      },
      "shape" : {
        "id" : "oFLxnb6AUB2yBxTK_path",
        "type" : "Path",
        "points" : [ {
          "x" : 323,
          "y" : 623
        }, {
          "x" : 323,
          "y" : 585
        } ]
      },
      "source" : {
        "id" : "bcfCnb6AUB2yBxAD",
        "type" : "ClassView"
      },
      "target" : {
        "id" : "f5zCnb6AUB2yBw9l",
        "type" : "ClassView"
      }
    }, {
      "id" : "d29xnb6AUB2yBxS1",
      "type" : "RelationView",
      "modelElement" : {
        "id" : "e29xnb6AUB2yBxSw",
        "type" : "Relation"
      },
      "shape" : {
        "id" : "d29xnb6AUB2yBxS1_path",
        "type" : "Path",
        "points" : [ {
          "x" : 327,
          "y" : 450
        }, {
          "x" : 327,
          "y" : 544
        } ]
      },
      "source" : {
        "id" : "gRDCnb6AUB2yBw8k",
        "type" : "ClassView"
      },
      "target" : {
        "id" : "f5zCnb6AUB2yBw9l",
        "type" : "ClassView"
      }
    }, {
      "id" : "XuPCnb6AUB2yBw_H",
      "type" : "ClassView",
      "modelElement" : {
        "id" : "XuPCnb6AUB2yBw_I",
        "type" : "Class"
      },
      "shape" : {
        "id" : "XuPCnb6AUB2yBw_H_shape",
        "type" : "Rectangle",
        "x" : 811,
        "y" : 544,
        "width" : 136,
        "height" : 40
      }
    }, {
      "id" : "G3zCnb6AUB2yBw9x",
      "type" : "ClassView",
      "modelElement" : {
        "id" : "G3zCnb6AUB2yBw9y",
        "type" : "Class"
      },
      "shape" : {
        "id" : "G3zCnb6AUB2yBw9x_shape",
        "type" : "Rectangle",
        "x" : 545,
        "y" : 855,
        "width" : 141,
        "height" : 40
      }
    } ]
  } ]
}