{
  "id" : "MuEim06GAqACHS5t",
  "name" : "laurier2018rea",
  "description" : null,
  "type" : "Project",
  "model" : {
    "id" : "MuEim06GAqACHS5t_root",
    "name" : "laurier2018rea",
    "description" : null,
    "type" : "Package",
    "propertyAssignments" : null,
    "contents" : [ {
      "id" : "ECjim06GAqACHTJC",
      "name" : "economic-resource",
      "description" : null,
      "type" : "Class",
      "propertyAssignments" : null,
      "stereotype" : "roleMixin",
      "isAbstract" : true,
      "isDerived" : false,
      "properties" : null,
      "isExtensional" : false,
      "isPowertype" : null,
      "order" : null,
      "literals" : null,
      "restrictedTo" : [ "functional-complex", "collective", "quantity" ]
    }, {
      "id" : "VKLim06GAqACHTJO",
      "name" : "stock-flow",
      "description" : null,
      "type" : "Class",
      "propertyAssignments" : null,
      "stereotype" : "relator",
      "isAbstract" : false,
      "isDerived" : false,
      "properties" : null,
      "isExtensional" : null,
      "isPowertype" : null,
      "order" : null,
      "literals" : null,
      "restrictedTo" : [ "relator" ]
    }, {
      "id" : "Xs7im06GAqACHTJa",
      "name" : "inflow",
      "description" : null,
      "type" : "Class",
      "propertyAssignments" : null,
      "stereotype" : "relator",
      "isAbstract" : false,
      "isDerived" : false,
      "properties" : null,
      "isExtensional" : null,
      "isPowertype" : null,
      "order" : null,
      "literals" : null,
      "restrictedTo" : [ "relator" ]
    }, {
      "id" : "NpHim06GAqACHTJm",
      "name" : "outflow",
      "description" : null,
      "type" : "Class",
      "propertyAssignments" : null,
      "stereotype" : "relator",
      "isAbstract" : false,
      "isDerived" : false,
      "properties" : null,
      "isExtensional" : null,
      "isPowertype" : null,
      "order" : null,
      "literals" : null,
      "restrictedTo" : [ "relator" ]
    }, {
      "id" : "6w3im06GAqACHTJ2",
      "name" : "economic-event",
      "description" : null,
      "type" : "Class",
      "propertyAssignments" : null,
      "stereotype" : "roleMixin",
      "isAbstract" : true,
      "isDerived" : false,
      "properties" : null,
      "isExtensional" : false,
      "isPowertype" : null,
      "order" : null,
      "literals" : null,
      "restrictedTo" : [ "functional-complex", "collective", "quantity" ]
    }, {
      "id" : "7lvim06GAqACHTKC",
      "name" : "increment-event",
      "description" : null,
      "type" : "Class",
      "propertyAssignments" : null,
      "stereotype" : "roleMixin",
      "isAbstract" : true,
      "isDerived" : false,
      "properties" : null,
      "isExtensional" : false,
      "isPowertype" : null,
      "order" : null,
      "literals" : null,
      "restrictedTo" : [ "functional-complex", "collective", "quantity" ]
    }, {
      "id" : "F8ASm06GAqACHTKO",
      "name" : "decrement-event",
      "description" : null,
      "type" : "Class",
      "propertyAssignments" : null,
      "stereotype" : "roleMixin",
      "isAbstract" : true,
      "isDerived" : false,
      "properties" : null,
      "isExtensional" : false,
      "isPowertype" : null,
      "order" : null,
      "literals" : null,
      "restrictedTo" : [ "functional-complex", "collective", "quantity" ]
    }, {
      "id" : "fOuSm06GAqACHTMv",
      "name" : "transformation",
      "description" : null,
      "type" : "Class",
      "propertyAssignments" : null,
      "stereotype" : "kind",
      "isAbstract" : false,
      "isDerived" : false,
      "properties" : null,
      "isExtensional" : null,
      "isPowertype" : null,
      "order" : null,
      "literals" : null,
      "restrictedTo" : [ "functional-complex" ]
    }, {
      "id" : "3XJSm06GAqACHTNb",
      "name" : "produce",
      "description" : null,
      "type" : "Class",
      "propertyAssignments" : null,
      "stereotype" : "role",
      "isAbstract" : false,
      "isDerived" : false,
      "properties" : null,
      "isExtensional" : false,
      "isPowertype" : null,
      "order" : null,
      "literals" : null,
      "restrictedTo" : [ "functional-complex" ]
    }, {
      "id" : "rUZSm06GAqACHTNn",
      "name" : "transformation-duality",
      "description" : null,
      "type" : "Class",
      "propertyAssignments" : null,
      "stereotype" : "relator",
      "isAbstract" : false,
      "isDerived" : false,
      "properties" : null,
      "isExtensional" : null,
      "isPowertype" : null,
      "order" : null,
      "literals" : null,
      "restrictedTo" : [ "relator" ]
    }, {
      "id" : "q5FSm06GAqACHTNz",
      "name" : "consume",
      "description" : null,
      "type" : "Class",
      "propertyAssignments" : null,
      "stereotype" : "role",
      "isAbstract" : false,
      "isDerived" : false,
      "properties" : null,
      "isExtensional" : false,
      "isPowertype" : null,
      "order" : null,
      "literals" : null,
      "restrictedTo" : [ "functional-complex" ]
    }, {
      "id" : "XrnSm06GAqACHTOe",
      "name" : "duality",
      "description" : null,
      "type" : "Class",
      "propertyAssignments" : null,
      "stereotype" : "relator",
      "isAbstract" : false,
      "isDerived" : false,
      "properties" : null,
      "isExtensional" : null,
      "isPowertype" : null,
      "order" : null,
      "literals" : null,
      "restrictedTo" : [ "relator" ]
    }, {
      "id" : "vJPSm06GAqACHTOq",
      "name" : "take",
      "description" : null,
      "type" : "Class",
      "propertyAssignments" : null,
      "stereotype" : "role",
      "isAbstract" : false,
      "isDerived" : false,
      "properties" : null,
      "isExtensional" : false,
      "isPowertype" : null,
      "order" : null,
      "literals" : null,
      "restrictedTo" : [ "functional-complex" ]
    }, {
      "id" : "zDvSm06GAqACHTO2",
      "name" : "give",
      "description" : null,
      "type" : "Class",
      "propertyAssignments" : null,
      "stereotype" : "role",
      "isAbstract" : false,
      "isDerived" : false,
      "properties" : null,
      "isExtensional" : false,
      "isPowertype" : null,
      "order" : null,
      "literals" : null,
      "restrictedTo" : [ "functional-complex" ]
    }, {
      "id" : "R0Qym06GAqACHTPG",
      "name" : "transfer-duality",
      "description" : null,
      "type" : "Class",
      "propertyAssignments" : null,
      "stereotype" : "relator",
      "isAbstract" : false,
      "isDerived" : false,
      "properties" : null,
      "isExtensional" : null,
      "isPowertype" : null,
      "order" : null,
      "literals" : null,
      "restrictedTo" : [ "relator" ]
    }, {
      "id" : "59Iym06GAqACHTPS",
      "name" : "transfer",
      "description" : null,
      "type" : "Class",
      "propertyAssignments" : null,
      "stereotype" : "kind",
      "isAbstract" : false,
      "isDerived" : false,
      "properties" : null,
      "isExtensional" : null,
      "isPowertype" : null,
      "order" : null,
      "literals" : null,
      "restrictedTo" : [ "functional-complex" ]
    }, {
      "id" : "f0R6m06GAqACHTT5",
      "name" : "inside-party",
      "description" : null,
      "type" : "Class",
      "propertyAssignments" : null,
      "stereotype" : "relator",
      "isAbstract" : false,
      "isDerived" : false,
      "properties" : null,
      "isExtensional" : null,
      "isPowertype" : null,
      "order" : null,
      "literals" : null,
      "restrictedTo" : [ "relator" ]
    }, {
      "id" : "Rvomm06GAqACHQn3",
      "name" : "participation",
      "description" : null,
      "type" : "Class",
      "propertyAssignments" : null,
      "stereotype" : "relator",
      "isAbstract" : false,
      "isDerived" : false,
      "properties" : null,
      "isExtensional" : null,
      "isPowertype" : null,
      "order" : null,
      "literals" : null,
      "restrictedTo" : [ "relator" ]
    }, {
      "id" : "nX4mm06GAqACHQoD",
      "name" : "outside-party",
      "description" : null,
      "type" : "Class",
      "propertyAssignments" : null,
      "stereotype" : "relator",
      "isAbstract" : false,
      "isDerived" : false,
      "properties" : null,
      "isExtensional" : null,
      "isPowertype" : null,
      "order" : null,
      "literals" : null,
      "restrictedTo" : [ "relator" ]
    }, {
      "id" : "WNsmm06GAqACHQoq",
      "name" : "economic-agent",
      "description" : null,
      "type" : "Class",
      "propertyAssignments" : null,
      "stereotype" : "roleMixin",
      "isAbstract" : true,
      "isDerived" : false,
      "properties" : null,
      "isExtensional" : false,
      "isPowertype" : null,
      "order" : null,
      "literals" : null,
      "restrictedTo" : [ "functional-complex", "collective", "quantity" ]
    }, {
      "id" : "wP8mm06GAqACHQo2",
      "name" : "trading-partner",
      "description" : null,
      "type" : "Class",
      "propertyAssignments" : null,
      "stereotype" : "roleMixin",
      "isAbstract" : true,
      "isDerived" : false,
      "properties" : null,
      "isExtensional" : false,
      "isPowertype" : null,
      "order" : null,
      "literals" : null,
      "restrictedTo" : [ "functional-complex", "collective", "quantity" ]
    }, {
      "id" : "Wh6mm06GAqACHQpK",
      "name" : "from",
      "description" : null,
      "type" : "Class",
      "propertyAssignments" : null,
      "stereotype" : "relator",
      "isAbstract" : false,
      "isDerived" : false,
      "properties" : null,
      "isExtensional" : null,
      "isPowertype" : null,
      "order" : null,
      "literals" : null,
      "restrictedTo" : [ "relator" ]
    }, {
      "id" : "WvGmm06GAqACHQpW",
      "name" : "to",
      "description" : null,
      "type" : "Class",
      "propertyAssignments" : null,
      "stereotype" : "relator",
      "isAbstract" : false,
      "isDerived" : false,
      "properties" : null,
      "isExtensional" : null,
      "isPowertype" : null,
      "order" : null,
      "literals" : null,
      "restrictedTo" : [ "relator" ]
    }, {
      "id" : "7YsSm06GAqACHTLp",
      "name" : null,
      "description" : null,
      "type" : "Generalization",
      "propertyAssignments" : null,
      "general" : {
        "id" : "VKLim06GAqACHTJO",
        "type" : "Class"
      },
      "specific" : {
        "id" : "Xs7im06GAqACHTJa",
        "type" : "Class"
      }
    }, {
      "id" : "zKcSm06GAqACHTL0",
      "name" : null,
      "description" : null,
      "type" : "Generalization",
      "propertyAssignments" : null,
      "general" : {
        "id" : "VKLim06GAqACHTJO",
        "type" : "Class"
      },
      "specific" : {
        "id" : "NpHim06GAqACHTJm",
        "type" : "Class"
      }
    }, {
      "id" : "me8Sm06GAqACHTMC",
      "name" : null,
      "description" : null,
      "type" : "Generalization",
      "propertyAssignments" : null,
      "general" : {
        "id" : "6w3im06GAqACHTJ2",
        "type" : "Class"
      },
      "specific" : {
        "id" : "F8ASm06GAqACHTKO",
        "type" : "Class"
      }
    }, {
      "id" : "wzCSm06GAqACHTMN",
      "name" : null,
      "description" : null,
      "type" : "Generalization",
      "propertyAssignments" : null,
      "general" : {
        "id" : "6w3im06GAqACHTJ2",
        "type" : "Class"
      },
      "specific" : {
        "id" : "7lvim06GAqACHTKC",
        "type" : "Class"
      }
    }, {
      "id" : "SrEym06GAqACHTPg",
      "name" : null,
      "description" : null,
      "type" : "Generalization",
      "propertyAssignments" : null,
      "general" : {
        "id" : "59Iym06GAqACHTPS",
        "type" : "Class"
      },
      "specific" : {
        "id" : "zDvSm06GAqACHTO2",
        "type" : "Class"
      }
    }, {
      "id" : "v3kym06GAqACHTPr",
      "name" : null,
      "description" : null,
      "type" : "Generalization",
      "propertyAssignments" : null,
      "general" : {
        "id" : "59Iym06GAqACHTPS",
        "type" : "Class"
      },
      "specific" : {
        "id" : "vJPSm06GAqACHTOq",
        "type" : "Class"
      }
    }, {
      "id" : "dXsym06GAqACHTP.",
      "name" : null,
      "description" : null,
      "type" : "Generalization",
      "propertyAssignments" : null,
      "general" : {
        "id" : "7lvim06GAqACHTKC",
        "type" : "Class"
      },
      "specific" : {
        "id" : "vJPSm06GAqACHTOq",
        "type" : "Class"
      }
    }, {
      "id" : "pA8ym06GAqACHTQJ",
      "name" : null,
      "description" : null,
      "type" : "Generalization",
      "propertyAssignments" : null,
      "general" : {
        "id" : "7lvim06GAqACHTKC",
        "type" : "Class"
      },
      "specific" : {
        "id" : "3XJSm06GAqACHTNb",
        "type" : "Class"
      }
    }, {
      "id" : "nsCym06GAqACHTQU",
      "name" : null,
      "description" : null,
      "type" : "Generalization",
      "propertyAssignments" : null,
      "general" : {
        "id" : "F8ASm06GAqACHTKO",
        "type" : "Class"
      },
      "specific" : {
        "id" : "q5FSm06GAqACHTNz",
        "type" : "Class"
      }
    }, {
      "id" : "fyiym06GAqACHTQf",
      "name" : null,
      "description" : null,
      "type" : "Generalization",
      "propertyAssignments" : null,
      "general" : {
        "id" : "F8ASm06GAqACHTKO",
        "type" : "Class"
      },
      "specific" : {
        "id" : "zDvSm06GAqACHTO2",
        "type" : "Class"
      }
    }, {
      "id" : "aqyym06GAqACHTQq",
      "name" : null,
      "description" : null,
      "type" : "Generalization",
      "propertyAssignments" : null,
      "general" : {
        "id" : "fOuSm06GAqACHTMv",
        "type" : "Class"
      },
      "specific" : {
        "id" : "3XJSm06GAqACHTNb",
        "type" : "Class"
      }
    }, {
      "id" : "Nyaym06GAqACHTRB",
      "name" : null,
      "description" : null,
      "type" : "Generalization",
      "propertyAssignments" : null,
      "general" : {
        "id" : "fOuSm06GAqACHTMv",
        "type" : "Class"
      },
      "specific" : {
        "id" : "q5FSm06GAqACHTNz",
        "type" : "Class"
      }
    }, {
      "id" : "gGBym06GAqACHTRv",
      "name" : null,
      "description" : null,
      "type" : "Generalization",
      "propertyAssignments" : null,
      "general" : {
        "id" : "XrnSm06GAqACHTOe",
        "type" : "Class"
      },
      "specific" : {
        "id" : "rUZSm06GAqACHTNn",
        "type" : "Class"
      }
    }, {
      "id" : "jvhym06GAqACHTR.",
      "name" : null,
      "description" : null,
      "type" : "Generalization",
      "propertyAssignments" : null,
      "general" : {
        "id" : "XrnSm06GAqACHTOe",
        "type" : "Class"
      },
      "specific" : {
        "id" : "R0Qym06GAqACHTPG",
        "type" : "Class"
      }
    }, {
      "id" : "xz3mm06GAqACHQtg",
      "name" : null,
      "description" : null,
      "type" : "Generalization",
      "propertyAssignments" : null,
      "general" : {
        "id" : "Rvomm06GAqACHQn3",
        "type" : "Class"
      },
      "specific" : {
        "id" : "nX4mm06GAqACHQoD",
        "type" : "Class"
      }
    }, {
      "id" : "A3Pmm06GAqACHQtr",
      "name" : null,
      "description" : null,
      "type" : "Generalization",
      "propertyAssignments" : null,
      "general" : {
        "id" : "Rvomm06GAqACHQn3",
        "type" : "Class"
      },
      "specific" : {
        "id" : "f0R6m06GAqACHTT5",
        "type" : "Class"
      }
    }, {
      "id" : "kuQWm06GAqACHQup",
      "name" : null,
      "description" : null,
      "type" : "Generalization",
      "propertyAssignments" : null,
      "general" : {
        "id" : "nX4mm06GAqACHQoD",
        "type" : "Class"
      },
      "specific" : {
        "id" : "Wh6mm06GAqACHQpK",
        "type" : "Class"
      }
    }, {
      "id" : "tNIWm06GAqACHQu4",
      "name" : null,
      "description" : null,
      "type" : "Generalization",
      "propertyAssignments" : null,
      "general" : {
        "id" : "nX4mm06GAqACHQoD",
        "type" : "Class"
      },
      "specific" : {
        "id" : "WvGmm06GAqACHQpW",
        "type" : "Class"
      }
    }, {
      "id" : "qWESm06GAqACHTKt",
      "name" : null,
      "description" : null,
      "type" : "Relation",
      "propertyAssignments" : null,
      "stereotype" : null,
      "isAbstract" : false,
      "isDerived" : false,
      "properties" : [ {
        "id" : "qWESm06GAqACHTKu",
        "name" : null,
        "description" : null,
        "type" : "Property",
        "propertyAssignments" : null,
        "stereotype" : null,
        "isDerived" : false,
        "isReadOnly" : false,
        "isOrdered" : false,
        "cardinality" : "*",
        "propertyType" : {
          "id" : "Xs7im06GAqACHTJa",
          "type" : "Class"
        },
        "subsettedProperties" : null,
        "redefinedProperties" : null,
        "aggregationKind" : "NONE"
      }, {
        "id" : "qWESm06GAqACHTKw",
        "name" : null,
        "description" : null,
        "type" : "Property",
        "propertyAssignments" : null,
        "stereotype" : null,
        "isDerived" : false,
        "isReadOnly" : false,
        "isOrdered" : false,
        "cardinality" : "*",
        "propertyType" : {
          "id" : "7lvim06GAqACHTKC",
          "type" : "Class"
        },
        "subsettedProperties" : null,
        "redefinedProperties" : null,
        "aggregationKind" : "NONE"
      } ]
    }, {
      "id" : "chkSm06GAqACHTK8",
      "name" : null,
      "description" : null,
      "type" : "Relation",
      "propertyAssignments" : null,
      "stereotype" : null,
      "isAbstract" : false,
      "isDerived" : false,
      "properties" : [ {
        "id" : "chkSm06GAqACHTK9",
        "name" : null,
        "description" : null,
        "type" : "Property",
        "propertyAssignments" : null,
        "stereotype" : null,
        "isDerived" : false,
        "isReadOnly" : false,
        "isOrdered" : false,
        "cardinality" : "*",
        "propertyType" : {
          "id" : "VKLim06GAqACHTJO",
          "type" : "Class"
        },
        "subsettedProperties" : null,
        "redefinedProperties" : null,
        "aggregationKind" : "NONE"
      }, {
        "id" : "chkSm06GAqACHTK_",
        "name" : null,
        "description" : null,
        "type" : "Property",
        "propertyAssignments" : null,
        "stereotype" : null,
        "isDerived" : false,
        "isReadOnly" : false,
        "isOrdered" : false,
        "cardinality" : "*",
        "propertyType" : {
          "id" : "6w3im06GAqACHTJ2",
          "type" : "Class"
        },
        "subsettedProperties" : null,
        "redefinedProperties" : null,
        "aggregationKind" : "NONE"
      } ]
    }, {
      "id" : "IVUSm06GAqACHTLL",
      "name" : null,
      "description" : null,
      "type" : "Relation",
      "propertyAssignments" : null,
      "stereotype" : null,
      "isAbstract" : false,
      "isDerived" : false,
      "properties" : [ {
        "id" : "IVUSm06GAqACHTLM",
        "name" : null,
        "description" : null,
        "type" : "Property",
        "propertyAssignments" : null,
        "stereotype" : null,
        "isDerived" : false,
        "isReadOnly" : false,
        "isOrdered" : false,
        "cardinality" : "*",
        "propertyType" : {
          "id" : "NpHim06GAqACHTJm",
          "type" : "Class"
        },
        "subsettedProperties" : null,
        "redefinedProperties" : null,
        "aggregationKind" : "NONE"
      }, {
        "id" : "IVUSm06GAqACHTLO",
        "name" : null,
        "description" : null,
        "type" : "Property",
        "propertyAssignments" : null,
        "stereotype" : null,
        "isDerived" : false,
        "isReadOnly" : false,
        "isOrdered" : false,
        "cardinality" : "*",
        "propertyType" : {
          "id" : "F8ASm06GAqACHTKO",
          "type" : "Class"
        },
        "subsettedProperties" : null,
        "redefinedProperties" : null,
        "aggregationKind" : "NONE"
      } ]
    }, {
      "id" : "8n0Sm06GAqACHTLa",
      "name" : null,
      "description" : null,
      "type" : "Relation",
      "propertyAssignments" : null,
      "stereotype" : null,
      "isAbstract" : false,
      "isDerived" : false,
      "properties" : [ {
        "id" : "8n0Sm06GAqACHTLb",
        "name" : null,
        "description" : null,
        "type" : "Property",
        "propertyAssignments" : null,
        "stereotype" : null,
        "isDerived" : false,
        "isReadOnly" : false,
        "isOrdered" : false,
        "cardinality" : "*",
        "propertyType" : {
          "id" : "VKLim06GAqACHTJO",
          "type" : "Class"
        },
        "subsettedProperties" : null,
        "redefinedProperties" : null,
        "aggregationKind" : "NONE"
      }, {
        "id" : "8n0Sm06GAqACHTLd",
        "name" : null,
        "description" : null,
        "type" : "Property",
        "propertyAssignments" : null,
        "stereotype" : null,
        "isDerived" : false,
        "isReadOnly" : false,
        "isOrdered" : false,
        "cardinality" : "*",
        "propertyType" : {
          "id" : "ECjim06GAqACHTJC",
          "type" : "Class"
        },
        "subsettedProperties" : null,
        "redefinedProperties" : null,
        "aggregationKind" : "NONE"
      } ]
    }, {
      "id" : "P8Jym06GAqACHTSJ",
      "name" : null,
      "description" : null,
      "type" : "Relation",
      "propertyAssignments" : null,
      "stereotype" : null,
      "isAbstract" : false,
      "isDerived" : false,
      "properties" : [ {
        "id" : "P8Jym06GAqACHTSK",
        "name" : null,
        "description" : null,
        "type" : "Property",
        "propertyAssignments" : null,
        "stereotype" : null,
        "isDerived" : false,
        "isReadOnly" : false,
        "isOrdered" : false,
        "cardinality" : "*",
        "propertyType" : {
          "id" : "R0Qym06GAqACHTPG",
          "type" : "Class"
        },
        "subsettedProperties" : null,
        "redefinedProperties" : null,
        "aggregationKind" : "NONE"
      }, {
        "id" : "P8Jym06GAqACHTSM",
        "name" : null,
        "description" : null,
        "type" : "Property",
        "propertyAssignments" : null,
        "stereotype" : null,
        "isDerived" : false,
        "isReadOnly" : false,
        "isOrdered" : false,
        "cardinality" : "*",
        "propertyType" : {
          "id" : "zDvSm06GAqACHTO2",
          "type" : "Class"
        },
        "subsettedProperties" : null,
        "redefinedProperties" : null,
        "aggregationKind" : "NONE"
      } ]
    }, {
      "id" : "08pym06GAqACHTSc",
      "name" : null,
      "description" : null,
      "type" : "Relation",
      "propertyAssignments" : null,
      "stereotype" : null,
      "isAbstract" : false,
      "isDerived" : false,
      "properties" : [ {
        "id" : "08pym06GAqACHTSd",
        "name" : null,
        "description" : null,
        "type" : "Property",
        "propertyAssignments" : null,
        "stereotype" : null,
        "isDerived" : false,
        "isReadOnly" : false,
        "isOrdered" : false,
        "cardinality" : "*",
        "propertyType" : {
          "id" : "R0Qym06GAqACHTPG",
          "type" : "Class"
        },
        "subsettedProperties" : null,
        "redefinedProperties" : null,
        "aggregationKind" : "NONE"
      }, {
        "id" : "08pym06GAqACHTSf",
        "name" : null,
        "description" : null,
        "type" : "Property",
        "propertyAssignments" : null,
        "stereotype" : null,
        "isDerived" : false,
        "isReadOnly" : false,
        "isOrdered" : false,
        "cardinality" : "*",
        "propertyType" : {
          "id" : "vJPSm06GAqACHTOq",
          "type" : "Class"
        },
        "subsettedProperties" : null,
        "redefinedProperties" : null,
        "aggregationKind" : "NONE"
      } ]
    }, {
      "id" : "YJZym06GAqACHTSv",
      "name" : null,
      "description" : null,
      "type" : "Relation",
      "propertyAssignments" : null,
      "stereotype" : null,
      "isAbstract" : false,
      "isDerived" : false,
      "properties" : [ {
        "id" : "YJZym06GAqACHTSw",
        "name" : null,
        "description" : null,
        "type" : "Property",
        "propertyAssignments" : null,
        "stereotype" : null,
        "isDerived" : false,
        "isReadOnly" : false,
        "isOrdered" : false,
        "cardinality" : "*",
        "propertyType" : {
          "id" : "XrnSm06GAqACHTOe",
          "type" : "Class"
        },
        "subsettedProperties" : null,
        "redefinedProperties" : null,
        "aggregationKind" : "NONE"
      }, {
        "id" : "YJZym06GAqACHTSy",
        "name" : null,
        "description" : null,
        "type" : "Property",
        "propertyAssignments" : null,
        "stereotype" : null,
        "isDerived" : false,
        "isReadOnly" : false,
        "isOrdered" : false,
        "cardinality" : "*",
        "propertyType" : {
          "id" : "F8ASm06GAqACHTKO",
          "type" : "Class"
        },
        "subsettedProperties" : null,
        "redefinedProperties" : null,
        "aggregationKind" : "NONE"
      } ]
    }, {
      "id" : "mL5ym06GAqACHTS.",
      "name" : null,
      "description" : null,
      "type" : "Relation",
      "propertyAssignments" : null,
      "stereotype" : null,
      "isAbstract" : false,
      "isDerived" : false,
      "properties" : [ {
        "id" : "mL5ym06GAqACHTS_",
        "name" : null,
        "description" : null,
        "type" : "Property",
        "propertyAssignments" : null,
        "stereotype" : null,
        "isDerived" : false,
        "isReadOnly" : false,
        "isOrdered" : false,
        "cardinality" : "*",
        "propertyType" : {
          "id" : "XrnSm06GAqACHTOe",
          "type" : "Class"
        },
        "subsettedProperties" : null,
        "redefinedProperties" : null,
        "aggregationKind" : "NONE"
      }, {
        "id" : "mL5ym06GAqACHTTB",
        "name" : null,
        "description" : null,
        "type" : "Property",
        "propertyAssignments" : null,
        "stereotype" : null,
        "isDerived" : false,
        "isReadOnly" : false,
        "isOrdered" : false,
        "cardinality" : "*",
        "propertyType" : {
          "id" : "7lvim06GAqACHTKC",
          "type" : "Class"
        },
        "subsettedProperties" : null,
        "redefinedProperties" : null,
        "aggregationKind" : "NONE"
      } ]
    }, {
      "id" : "N_Fym06GAqACHTTN",
      "name" : null,
      "description" : null,
      "type" : "Relation",
      "propertyAssignments" : null,
      "stereotype" : null,
      "isAbstract" : false,
      "isDerived" : false,
      "properties" : [ {
        "id" : "N_Fym06GAqACHTTO",
        "name" : null,
        "description" : null,
        "type" : "Property",
        "propertyAssignments" : null,
        "stereotype" : null,
        "isDerived" : false,
        "isReadOnly" : false,
        "isOrdered" : false,
        "cardinality" : "*",
        "propertyType" : {
          "id" : "rUZSm06GAqACHTNn",
          "type" : "Class"
        },
        "subsettedProperties" : null,
        "redefinedProperties" : null,
        "aggregationKind" : "NONE"
      }, {
        "id" : "N_Fym06GAqACHTTQ",
        "name" : null,
        "description" : null,
        "type" : "Property",
        "propertyAssignments" : null,
        "stereotype" : null,
        "isDerived" : false,
        "isReadOnly" : false,
        "isOrdered" : false,
        "cardinality" : "*",
        "propertyType" : {
          "id" : "q5FSm06GAqACHTNz",
          "type" : "Class"
        },
        "subsettedProperties" : null,
        "redefinedProperties" : null,
        "aggregationKind" : "NONE"
      } ]
    }, {
      "id" : "G8Vym06GAqACHTTc",
      "name" : null,
      "description" : null,
      "type" : "Relation",
      "propertyAssignments" : null,
      "stereotype" : null,
      "isAbstract" : false,
      "isDerived" : false,
      "properties" : [ {
        "id" : "G8Vym06GAqACHTTd",
        "name" : null,
        "description" : null,
        "type" : "Property",
        "propertyAssignments" : null,
        "stereotype" : null,
        "isDerived" : false,
        "isReadOnly" : false,
        "isOrdered" : false,
        "cardinality" : "*",
        "propertyType" : {
          "id" : "rUZSm06GAqACHTNn",
          "type" : "Class"
        },
        "subsettedProperties" : null,
        "redefinedProperties" : null,
        "aggregationKind" : "NONE"
      }, {
        "id" : "G8Vym06GAqACHTTf",
        "name" : null,
        "description" : null,
        "type" : "Property",
        "propertyAssignments" : null,
        "stereotype" : null,
        "isDerived" : false,
        "isReadOnly" : false,
        "isOrdered" : false,
        "cardinality" : "*",
        "propertyType" : {
          "id" : "3XJSm06GAqACHTNb",
          "type" : "Class"
        },
        "subsettedProperties" : null,
        "redefinedProperties" : null,
        "aggregationKind" : "NONE"
      } ]
    }, {
      "id" : "1rJmm06GAqACHQq2",
      "name" : "mirror",
      "description" : null,
      "type" : "Relation",
      "propertyAssignments" : null,
      "stereotype" : "formal",
      "isAbstract" : false,
      "isDerived" : false,
      "properties" : [ {
        "id" : "1rJmm06GAqACHQq3",
        "name" : null,
        "description" : null,
        "type" : "Property",
        "propertyAssignments" : null,
        "stereotype" : null,
        "isDerived" : false,
        "isReadOnly" : false,
        "isOrdered" : false,
        "cardinality" : "*",
        "propertyType" : {
          "id" : "Wh6mm06GAqACHQpK",
          "type" : "Class"
        },
        "subsettedProperties" : null,
        "redefinedProperties" : null,
        "aggregationKind" : "NONE"
      }, {
        "id" : "1rJmm06GAqACHQq5",
        "name" : null,
        "description" : null,
        "type" : "Property",
        "propertyAssignments" : null,
        "stereotype" : null,
        "isDerived" : false,
        "isReadOnly" : false,
        "isOrdered" : false,
        "cardinality" : "*",
        "propertyType" : {
          "id" : "WvGmm06GAqACHQpW",
          "type" : "Class"
        },
        "subsettedProperties" : null,
        "redefinedProperties" : null,
        "aggregationKind" : "NONE"
      } ]
    }, {
      "id" : "K0Vmm06GAqACHQrM",
      "name" : null,
      "description" : null,
      "type" : "Relation",
      "propertyAssignments" : null,
      "stereotype" : null,
      "isAbstract" : false,
      "isDerived" : false,
      "properties" : [ {
        "id" : "K0Vmm06GAqACHQrN",
        "name" : null,
        "description" : null,
        "type" : "Property",
        "propertyAssignments" : null,
        "stereotype" : null,
        "isDerived" : false,
        "isReadOnly" : false,
        "isOrdered" : false,
        "cardinality" : "*",
        "propertyType" : {
          "id" : "wP8mm06GAqACHQo2",
          "type" : "Class"
        },
        "subsettedProperties" : null,
        "redefinedProperties" : null,
        "aggregationKind" : "NONE"
      }, {
        "id" : "q0Vmm06GAqACHQrP",
        "name" : null,
        "description" : null,
        "type" : "Property",
        "propertyAssignments" : null,
        "stereotype" : null,
        "isDerived" : false,
        "isReadOnly" : false,
        "isOrdered" : false,
        "cardinality" : "*",
        "propertyType" : {
          "id" : "Wh6mm06GAqACHQpK",
          "type" : "Class"
        },
        "subsettedProperties" : null,
        "redefinedProperties" : null,
        "aggregationKind" : "NONE"
      } ]
    }, {
      "id" : "ZRNmm06GAqACHQrj",
      "name" : null,
      "description" : null,
      "type" : "Relation",
      "propertyAssignments" : null,
      "stereotype" : null,
      "isAbstract" : false,
      "isDerived" : false,
      "properties" : [ {
        "id" : "ZRNmm06GAqACHQrk",
        "name" : null,
        "description" : null,
        "type" : "Property",
        "propertyAssignments" : null,
        "stereotype" : null,
        "isDerived" : false,
        "isReadOnly" : false,
        "isOrdered" : false,
        "cardinality" : "*",
        "propertyType" : {
          "id" : "wP8mm06GAqACHQo2",
          "type" : "Class"
        },
        "subsettedProperties" : null,
        "redefinedProperties" : null,
        "aggregationKind" : "NONE"
      }, {
        "id" : "ZRNmm06GAqACHQrm",
        "name" : null,
        "description" : null,
        "type" : "Property",
        "propertyAssignments" : null,
        "stereotype" : null,
        "isDerived" : false,
        "isReadOnly" : false,
        "isOrdered" : false,
        "cardinality" : "*",
        "propertyType" : {
          "id" : "WvGmm06GAqACHQpW",
          "type" : "Class"
        },
        "subsettedProperties" : null,
        "redefinedProperties" : null,
        "aggregationKind" : "NONE"
      } ]
    }, {
      "id" : "_hfmm06GAqACHQt2",
      "name" : null,
      "description" : null,
      "type" : "Relation",
      "propertyAssignments" : null,
      "stereotype" : null,
      "isAbstract" : false,
      "isDerived" : false,
      "properties" : [ {
        "id" : "_hfmm06GAqACHQt3",
        "name" : null,
        "description" : null,
        "type" : "Property",
        "propertyAssignments" : null,
        "stereotype" : null,
        "isDerived" : false,
        "isReadOnly" : false,
        "isOrdered" : false,
        "cardinality" : "*",
        "propertyType" : {
          "id" : "Rvomm06GAqACHQn3",
          "type" : "Class"
        },
        "subsettedProperties" : null,
        "redefinedProperties" : null,
        "aggregationKind" : "NONE"
      }, {
        "id" : "_hfmm06GAqACHQt5",
        "name" : null,
        "description" : null,
        "type" : "Property",
        "propertyAssignments" : null,
        "stereotype" : null,
        "isDerived" : false,
        "isReadOnly" : false,
        "isOrdered" : false,
        "cardinality" : "*",
        "propertyType" : {
          "id" : "6w3im06GAqACHTJ2",
          "type" : "Class"
        },
        "subsettedProperties" : null,
        "redefinedProperties" : null,
        "aggregationKind" : "NONE"
      } ]
    }, {
      "id" : "kn_mm06GAqACHQuL",
      "name" : null,
      "description" : null,
      "type" : "Relation",
      "propertyAssignments" : null,
      "stereotype" : null,
      "isAbstract" : false,
      "isDerived" : false,
      "properties" : [ {
        "id" : "kn_mm06GAqACHQuM",
        "name" : null,
        "description" : null,
        "type" : "Property",
        "propertyAssignments" : null,
        "stereotype" : null,
        "isDerived" : false,
        "isReadOnly" : false,
        "isOrdered" : false,
        "cardinality" : "*",
        "propertyType" : {
          "id" : "Rvomm06GAqACHQn3",
          "type" : "Class"
        },
        "subsettedProperties" : null,
        "redefinedProperties" : null,
        "aggregationKind" : "NONE"
      }, {
        "id" : "Un_mm06GAqACHQuO",
        "name" : null,
        "description" : null,
        "type" : "Property",
        "propertyAssignments" : null,
        "stereotype" : null,
        "isDerived" : false,
        "isReadOnly" : false,
        "isOrdered" : false,
        "cardinality" : "*",
        "propertyType" : {
          "id" : "WNsmm06GAqACHQoq",
          "type" : "Class"
        },
        "subsettedProperties" : null,
        "redefinedProperties" : null,
        "aggregationKind" : "NONE"
      } ]
    }, {
      "id" : "onAWm06GAqACHQua",
      "name" : null,
      "description" : null,
      "type" : "Relation",
      "propertyAssignments" : null,
      "stereotype" : null,
      "isAbstract" : false,
      "isDerived" : false,
      "properties" : [ {
        "id" : "onAWm06GAqACHQub",
        "name" : null,
        "description" : null,
        "type" : "Property",
        "propertyAssignments" : null,
        "stereotype" : null,
        "isDerived" : false,
        "isReadOnly" : false,
        "isOrdered" : false,
        "cardinality" : "*",
        "propertyType" : {
          "id" : "nX4mm06GAqACHQoD",
          "type" : "Class"
        },
        "subsettedProperties" : null,
        "redefinedProperties" : null,
        "aggregationKind" : "NONE"
      }, {
        "id" : "onAWm06GAqACHQud",
        "name" : null,
        "description" : null,
        "type" : "Property",
        "propertyAssignments" : null,
        "stereotype" : null,
        "isDerived" : false,
        "isReadOnly" : false,
        "isOrdered" : false,
        "cardinality" : "*",
        "propertyType" : {
          "id" : "wP8mm06GAqACHQo2",
          "type" : "Class"
        },
        "subsettedProperties" : null,
        "redefinedProperties" : null,
        "aggregationKind" : "NONE"
      } ]
    }, {
      "id" : ".u4Wm06GAqACHQvH",
      "name" : null,
      "description" : null,
      "type" : "Relation",
      "propertyAssignments" : null,
      "stereotype" : null,
      "isAbstract" : false,
      "isDerived" : false,
      "properties" : [ {
        "id" : ".u4Wm06GAqACHQvI",
        "name" : null,
        "description" : null,
        "type" : "Property",
        "propertyAssignments" : null,
        "stereotype" : null,
        "isDerived" : false,
        "isReadOnly" : false,
        "isOrdered" : false,
        "cardinality" : "*",
        "propertyType" : {
          "id" : "Wh6mm06GAqACHQpK",
          "type" : "Class"
        },
        "subsettedProperties" : null,
        "redefinedProperties" : null,
        "aggregationKind" : "NONE"
      }, {
        "id" : ".u4Wm06GAqACHQvK",
        "name" : null,
        "description" : null,
        "type" : "Property",
        "propertyAssignments" : null,
        "stereotype" : null,
        "isDerived" : false,
        "isReadOnly" : false,
        "isOrdered" : false,
        "cardinality" : "*",
        "propertyType" : {
          "id" : "vJPSm06GAqACHTOq",
          "type" : "Class"
        },
        "subsettedProperties" : null,
        "redefinedProperties" : null,
        "aggregationKind" : "NONE"
      } ]
    }, {
      "id" : "YnEWm06GAqACHQva",
      "name" : null,
      "description" : null,
      "type" : "Relation",
      "propertyAssignments" : null,
      "stereotype" : null,
      "isAbstract" : false,
      "isDerived" : false,
      "properties" : [ {
        "id" : "YnEWm06GAqACHQvb",
        "name" : null,
        "description" : null,
        "type" : "Property",
        "propertyAssignments" : null,
        "stereotype" : null,
        "isDerived" : false,
        "isReadOnly" : false,
        "isOrdered" : false,
        "cardinality" : "*",
        "propertyType" : {
          "id" : "WvGmm06GAqACHQpW",
          "type" : "Class"
        },
        "subsettedProperties" : null,
        "redefinedProperties" : null,
        "aggregationKind" : "NONE"
      }, {
        "id" : "YnEWm06GAqACHQvd",
        "name" : null,
        "description" : null,
        "type" : "Property",
        "propertyAssignments" : null,
        "stereotype" : null,
        "isDerived" : false,
        "isReadOnly" : false,
        "isOrdered" : false,
        "cardinality" : "*",
        "propertyType" : {
          "id" : "zDvSm06GAqACHTO2",
          "type" : "Class"
        },
        "subsettedProperties" : null,
        "redefinedProperties" : null,
        "aggregationKind" : "NONE"
      } ]
    } ]
  },
  "diagrams" : [ {
    "id" : "IKNim06GAqACHTI0",
    "name" : "The REA2 meta-model for stock-flows",
    "description" : null,
    "type" : "Diagram",
    "owner" : {
      "id" : "MuEim06GAqACHS5t_root",
      "type" : "Package"
    },
    "contents" : [ {
      "id" : "aw3im06GAqACHTJ1",
      "type" : "ClassView",
      "modelElement" : {
        "id" : "6w3im06GAqACHTJ2",
        "type" : "Class"
      },
      "shape" : {
        "id" : "aw3im06GAqACHTJ1_shape",
        "type" : "Rectangle",
        "x" : 415,
        "y" : 192,
        "width" : 102,
        "height" : 40
      }
    }, {
      "id" : "nKcSm06GAqACHTL1",
      "type" : "GeneralizationView",
      "modelElement" : {
        "id" : "zKcSm06GAqACHTL0",
        "type" : "Generalization"
      },
      "shape" : {
        "id" : "nKcSm06GAqACHTL1_path",
        "type" : "Path",
        "points" : [ {
          "x" : 295,
          "y" : 233
        }, {
          "x" : 295,
          "y" : 283
        } ]
      },
      "source" : {
        "id" : "VKLim06GAqACHTJN",
        "type" : "ClassView"
      },
      "target" : {
        "id" : "NpHim06GAqACHTJl",
        "type" : "ClassView"
      }
    }, {
      "id" : "NpHim06GAqACHTJl",
      "type" : "ClassView",
      "modelElement" : {
        "id" : "NpHim06GAqACHTJm",
        "type" : "Class"
      },
      "shape" : {
        "id" : "NpHim06GAqACHTJl_shape",
        "type" : "Rectangle",
        "x" : 255,
        "y" : 284,
        "width" : 80,
        "height" : 40
      }
    }, {
      "id" : "Xs7im06GAqACHTJZ",
      "type" : "ClassView",
      "modelElement" : {
        "id" : "Xs7im06GAqACHTJa",
        "type" : "Class"
      },
      "shape" : {
        "id" : "Xs7im06GAqACHTJZ_shape",
        "type" : "Rectangle",
        "x" : 255,
        "y" : 100,
        "width" : 80,
        "height" : 40
      }
    }, {
      "id" : "OWESm06GAqACHTKy",
      "type" : "RelationView",
      "modelElement" : {
        "id" : "qWESm06GAqACHTKt",
        "type" : "Relation"
      },
      "shape" : {
        "id" : "OWESm06GAqACHTKy_path",
        "type" : "Path",
        "points" : [ {
          "x" : 337,
          "y" : 120
        }, {
          "x" : 413,
          "y" : 120
        } ]
      },
      "source" : {
        "id" : "Xs7im06GAqACHTJZ",
        "type" : "ClassView"
      },
      "target" : {
        "id" : "7lvim06GAqACHTKB",
        "type" : "ClassView"
      }
    }, {
      "id" : "qn0Sm06GAqACHTLf",
      "type" : "RelationView",
      "modelElement" : {
        "id" : "8n0Sm06GAqACHTLa",
        "type" : "Relation"
      },
      "shape" : {
        "id" : "qn0Sm06GAqACHTLf_path",
        "type" : "Path",
        "points" : [ {
          "x" : 254,
          "y" : 212
        }, {
          "x" : 175,
          "y" : 212
        } ]
      },
      "source" : {
        "id" : "VKLim06GAqACHTJN",
        "type" : "ClassView"
      },
      "target" : {
        "id" : "ECjim06GAqACHTJB",
        "type" : "ClassView"
      }
    }, {
      "id" : "VKLim06GAqACHTJN",
      "type" : "ClassView",
      "modelElement" : {
        "id" : "VKLim06GAqACHTJO",
        "type" : "Class"
      },
      "shape" : {
        "id" : "VKLim06GAqACHTJN_shape",
        "type" : "Rectangle",
        "x" : 255,
        "y" : 192,
        "width" : 80,
        "height" : 40
      }
    }, {
      "id" : "kVUSm06GAqACHTLQ",
      "type" : "RelationView",
      "modelElement" : {
        "id" : "IVUSm06GAqACHTLL",
        "type" : "Relation"
      },
      "shape" : {
        "id" : "kVUSm06GAqACHTLQ_path",
        "type" : "Path",
        "points" : [ {
          "x" : 337,
          "y" : 304
        }, {
          "x" : 412,
          "y" : 304
        } ]
      },
      "source" : {
        "id" : "NpHim06GAqACHTJl",
        "type" : "ClassView"
      },
      "target" : {
        "id" : "F8ASm06GAqACHTKN",
        "type" : "ClassView"
      }
    }, {
      "id" : "PYsSm06GAqACHTLq",
      "type" : "GeneralizationView",
      "modelElement" : {
        "id" : "7YsSm06GAqACHTLp",
        "type" : "Generalization"
      },
      "shape" : {
        "id" : "PYsSm06GAqACHTLq_path",
        "type" : "Path",
        "points" : [ {
          "x" : 295,
          "y" : 191
        }, {
          "x" : 295,
          "y" : 141
        } ]
      },
      "source" : {
        "id" : "VKLim06GAqACHTJN",
        "type" : "ClassView"
      },
      "target" : {
        "id" : "Xs7im06GAqACHTJZ",
        "type" : "ClassView"
      }
    }, {
      "id" : "kzCSm06GAqACHTMO",
      "type" : "GeneralizationView",
      "modelElement" : {
        "id" : "wzCSm06GAqACHTMN",
        "type" : "Generalization"
      },
      "shape" : {
        "id" : "kzCSm06GAqACHTMO_path",
        "type" : "Path",
        "points" : [ {
          "x" : 467,
          "y" : 191
        }, {
          "x" : 467,
          "y" : 141
        } ]
      },
      "source" : {
        "id" : "aw3im06GAqACHTJ1",
        "type" : "ClassView"
      },
      "target" : {
        "id" : "7lvim06GAqACHTKB",
        "type" : "ClassView"
      }
    }, {
      "id" : ".e8Sm06GAqACHTMD",
      "type" : "GeneralizationView",
      "modelElement" : {
        "id" : "me8Sm06GAqACHTMC",
        "type" : "Generalization"
      },
      "shape" : {
        "id" : ".e8Sm06GAqACHTMD_path",
        "type" : "Path",
        "points" : [ {
          "x" : 467,
          "y" : 233
        }, {
          "x" : 467,
          "y" : 283
        } ]
      },
      "source" : {
        "id" : "aw3im06GAqACHTJ1",
        "type" : "ClassView"
      },
      "target" : {
        "id" : "F8ASm06GAqACHTKN",
        "type" : "ClassView"
      }
    }, {
      "id" : "ECjim06GAqACHTJB",
      "type" : "ClassView",
      "modelElement" : {
        "id" : "ECjim06GAqACHTJC",
        "type" : "Class"
      },
      "shape" : {
        "id" : "ECjim06GAqACHTJB_shape",
        "type" : "Rectangle",
        "x" : 54,
        "y" : 192,
        "width" : 120,
        "height" : 40
      }
    }, {
      "id" : "F8ASm06GAqACHTKN",
      "type" : "ClassView",
      "modelElement" : {
        "id" : "F8ASm06GAqACHTKO",
        "type" : "Class"
      },
      "shape" : {
        "id" : "F8ASm06GAqACHTKN_shape",
        "type" : "Rectangle",
        "x" : 412,
        "y" : 284,
        "width" : 107,
        "height" : 40
      }
    }, {
      "id" : "yhkSm06GAqACHTLB",
      "type" : "RelationView",
      "modelElement" : {
        "id" : "chkSm06GAqACHTK8",
        "type" : "Relation"
      },
      "shape" : {
        "id" : "yhkSm06GAqACHTLB_path",
        "type" : "Path",
        "points" : [ {
          "x" : 337,
          "y" : 211
        }, {
          "x" : 415,
          "y" : 211
        } ]
      },
      "source" : {
        "id" : "VKLim06GAqACHTJN",
        "type" : "ClassView"
      },
      "target" : {
        "id" : "aw3im06GAqACHTJ1",
        "type" : "ClassView"
      }
    }, {
      "id" : "7lvim06GAqACHTKB",
      "type" : "ClassView",
      "modelElement" : {
        "id" : "7lvim06GAqACHTKC",
        "type" : "Class"
      },
      "shape" : {
        "id" : "7lvim06GAqACHTKB_shape",
        "type" : "Rectangle",
        "x" : 414,
        "y" : 100,
        "width" : 105,
        "height" : 40
      }
    } ]
  }, {
    "id" : "TyGSm06GAqACHTMg",
    "name" : "The REA2 meta-model for duality",
    "description" : null,
    "type" : "Diagram",
    "owner" : {
      "id" : "MuEim06GAqACHS5t_root",
      "type" : "Package"
    },
    "contents" : [ {
      "id" : "jVhSm06GAqACHTNR",
      "type" : "GeneralizationView",
      "modelElement" : {
        "id" : "wzCSm06GAqACHTMN",
        "type" : "Generalization"
      },
      "shape" : {
        "id" : "jVhSm06GAqACHTNR_path",
        "type" : "Path",
        "points" : [ {
          "x" : 331,
          "y" : 140
        }, {
          "x" : 128,
          "y" : 140
        }, {
          "x" : 128,
          "y" : 419
        }, {
          "x" : 145,
          "y" : 419
        } ]
      },
      "source" : {
        "id" : "xVhSm06GAqACHTNF",
        "type" : "ClassView"
      },
      "target" : {
        "id" : "5VhSm06GAqACHTNI",
        "type" : "ClassView"
      }
    }, {
      "id" : "bvhym06GAqACHTR_",
      "type" : "GeneralizationView",
      "modelElement" : {
        "id" : "jvhym06GAqACHTR.",
        "type" : "Generalization"
      },
      "shape" : {
        "id" : "bvhym06GAqACHTR__path",
        "type" : "Path",
        "points" : [ {
          "x" : 383,
          "y" : 440
        }, {
          "x" : 383,
          "y" : 481
        } ]
      },
      "source" : {
        "id" : "XrnSm06GAqACHTOd",
        "type" : "ClassView"
      },
      "target" : {
        "id" : "R0Qym06GAqACHTPF",
        "type" : "ClassView"
      }
    }, {
      "id" : "XrnSm06GAqACHTOd",
      "type" : "ClassView",
      "modelElement" : {
        "id" : "XrnSm06GAqACHTOe",
        "type" : "Class"
      },
      "shape" : {
        "id" : "XrnSm06GAqACHTOd_shape",
        "type" : "Rectangle",
        "x" : 343,
        "y" : 399,
        "width" : 81,
        "height" : 40
      }
    }, {
      "id" : "wKiym06GAqACHTQg",
      "type" : "GeneralizationView",
      "modelElement" : {
        "id" : "fyiym06GAqACHTQf",
        "type" : "Generalization"
      },
      "shape" : {
        "id" : "wKiym06GAqACHTQg_path",
        "type" : "Path",
        "points" : [ {
          "x" : 554,
          "y" : 440
        }, {
          "x" : 554,
          "y" : 481
        } ]
      },
      "source" : {
        "id" : "NVhSm06GAqACHTNL",
        "type" : "ClassView"
      },
      "target" : {
        "id" : "zDvSm06GAqACHTO1",
        "type" : "ClassView"
      }
    }, {
      "id" : "QCJym06GAqACHTSO",
      "type" : "RelationView",
      "modelElement" : {
        "id" : "P8Jym06GAqACHTSJ",
        "type" : "Relation"
      },
      "shape" : {
        "id" : "QCJym06GAqACHTSO_path",
        "type" : "Path",
        "points" : [ {
          "x" : 435,
          "y" : 502
        }, {
          "x" : 513,
          "y" : 502
        } ]
      },
      "source" : {
        "id" : "R0Qym06GAqACHTPF",
        "type" : "ClassView"
      },
      "target" : {
        "id" : "zDvSm06GAqACHTO1",
        "type" : "ClassView"
      }
    }, {
      "id" : "VA8ym06GAqACHTQK",
      "type" : "GeneralizationView",
      "modelElement" : {
        "id" : "pA8ym06GAqACHTQJ",
        "type" : "Generalization"
      },
      "shape" : {
        "id" : "VA8ym06GAqACHTQK_path",
        "type" : "Path",
        "points" : [ {
          "x" : 212,
          "y" : 398
        }, {
          "x" : 212,
          "y" : 357
        } ]
      },
      "source" : {
        "id" : "5VhSm06GAqACHTNI",
        "type" : "ClassView"
      },
      "target" : {
        "id" : "XXJSm06GAqACHTNa",
        "type" : "ClassView"
      }
    }, {
      "id" : "MJZym06GAqACHTS0",
      "type" : "RelationView",
      "modelElement" : {
        "id" : "YJZym06GAqACHTSv",
        "type" : "Relation"
      },
      "shape" : {
        "id" : "MJZym06GAqACHTS0_path",
        "type" : "Path",
        "points" : [ {
          "x" : 425,
          "y" : 418
        }, {
          "x" : 513,
          "y" : 418
        } ]
      },
      "source" : {
        "id" : "XrnSm06GAqACHTOd",
        "type" : "ClassView"
      },
      "target" : {
        "id" : "NVhSm06GAqACHTNL",
        "type" : "ClassView"
      }
    }, {
      "id" : "R0Qym06GAqACHTPF",
      "type" : "ClassView",
      "modelElement" : {
        "id" : "R0Qym06GAqACHTPG",
        "type" : "Class"
      },
      "shape" : {
        "id" : "R0Qym06GAqACHTPF_shape",
        "type" : "Rectangle",
        "x" : 332,
        "y" : 482,
        "width" : 102,
        "height" : 40
      }
    }, {
      "id" : "i8pym06GAqACHTSh",
      "type" : "RelationView",
      "modelElement" : {
        "id" : "08pym06GAqACHTSc",
        "type" : "Relation"
      },
      "shape" : {
        "id" : "i8pym06GAqACHTSh_path",
        "type" : "Path",
        "points" : [ {
          "x" : 331,
          "y" : 502
        }, {
          "x" : 253,
          "y" : 502
        } ]
      },
      "source" : {
        "id" : "R0Qym06GAqACHTPF",
        "type" : "ClassView"
      },
      "target" : {
        "id" : "vJPSm06GAqACHTOp",
        "type" : "ClassView"
      }
    }, {
      "id" : "LUZSm06GAqACHTNm",
      "type" : "ClassView",
      "modelElement" : {
        "id" : "rUZSm06GAqACHTNn",
        "type" : "Class"
      },
      "shape" : {
        "id" : "LUZSm06GAqACHTNm_shape",
        "type" : "Rectangle",
        "x" : 312,
        "y" : 316,
        "width" : 142,
        "height" : 40
      }
    }, {
      "id" : "5VhSm06GAqACHTNI",
      "type" : "ClassView",
      "modelElement" : {
        "id" : "7lvim06GAqACHTKC",
        "type" : "Class"
      },
      "shape" : {
        "id" : "5VhSm06GAqACHTNI_shape",
        "type" : "Rectangle",
        "x" : 146,
        "y" : 399,
        "width" : 106,
        "height" : 40
      }
    }, {
      "id" : "e8Vym06GAqACHTTh",
      "type" : "RelationView",
      "modelElement" : {
        "id" : "G8Vym06GAqACHTTc",
        "type" : "Relation"
      },
      "shape" : {
        "id" : "e8Vym06GAqACHTTh_path",
        "type" : "Path",
        "points" : [ {
          "x" : 311,
          "y" : 336
        }, {
          "x" : 253,
          "y" : 336
        } ]
      },
      "source" : {
        "id" : "LUZSm06GAqACHTNm",
        "type" : "ClassView"
      },
      "target" : {
        "id" : "XXJSm06GAqACHTNa",
        "type" : "ClassView"
      }
    }, {
      "id" : "6rEym06GAqACHTPh",
      "type" : "GeneralizationView",
      "modelElement" : {
        "id" : "SrEym06GAqACHTPg",
        "type" : "Generalization"
      },
      "shape" : {
        "id" : "6rEym06GAqACHTPh_path",
        "type" : "Path",
        "points" : [ {
          "x" : 383,
          "y" : 596
        }, {
          "x" : 383,
          "y" : 560
        }, {
          "x" : 554,
          "y" : 560
        }, {
          "x" : 554,
          "y" : 523
        } ]
      },
      "source" : {
        "id" : "59Iym06GAqACHTPR",
        "type" : "ClassView"
      },
      "target" : {
        "id" : "zDvSm06GAqACHTO1",
        "type" : "ClassView"
      }
    }, {
      "id" : "xVhSm06GAqACHTNF",
      "type" : "ClassView",
      "modelElement" : {
        "id" : "6w3im06GAqACHTJ2",
        "type" : "Class"
      },
      "shape" : {
        "id" : "xVhSm06GAqACHTNF_shape",
        "type" : "Rectangle",
        "x" : 332,
        "y" : 120,
        "width" : 102,
        "height" : 40
      }
    }, {
      "id" : "q5FSm06GAqACHTNy",
      "type" : "ClassView",
      "modelElement" : {
        "id" : "q5FSm06GAqACHTNz",
        "type" : "Class"
      },
      "shape" : {
        "id" : "q5FSm06GAqACHTNy_shape",
        "type" : "Rectangle",
        "x" : 514,
        "y" : 316,
        "width" : 80,
        "height" : 40
      }
    }, {
      "id" : "vJPSm06GAqACHTOp",
      "type" : "ClassView",
      "modelElement" : {
        "id" : "vJPSm06GAqACHTOq",
        "type" : "Class"
      },
      "shape" : {
        "id" : "vJPSm06GAqACHTOp_shape",
        "type" : "Rectangle",
        "x" : 172,
        "y" : 482,
        "width" : 80,
        "height" : 40
      }
    }, {
      "id" : "fOuSm06GAqACHTMu",
      "type" : "ClassView",
      "modelElement" : {
        "id" : "fOuSm06GAqACHTMv",
        "type" : "Class"
      },
      "shape" : {
        "id" : "fOuSm06GAqACHTMu_shape",
        "type" : "Rectangle",
        "x" : 335,
        "y" : 218,
        "width" : 96,
        "height" : 40
      }
    }, {
      "id" : "BL5ym06GAqACHTTD",
      "type" : "RelationView",
      "modelElement" : {
        "id" : "mL5ym06GAqACHTS.",
        "type" : "Relation"
      },
      "shape" : {
        "id" : "BL5ym06GAqACHTTD_path",
        "type" : "Path",
        "points" : [ {
          "x" : 342,
          "y" : 418
        }, {
          "x" : 253,
          "y" : 418
        } ]
      },
      "source" : {
        "id" : "XrnSm06GAqACHTOd",
        "type" : "ClassView"
      },
      "target" : {
        "id" : "5VhSm06GAqACHTNI",
        "type" : "ClassView"
      }
    }, {
      "id" : "fsCym06GAqACHTQV",
      "type" : "GeneralizationView",
      "modelElement" : {
        "id" : "nsCym06GAqACHTQU",
        "type" : "Generalization"
      },
      "shape" : {
        "id" : "fsCym06GAqACHTQV_path",
        "type" : "Path",
        "points" : [ {
          "x" : 554,
          "y" : 398
        }, {
          "x" : 554,
          "y" : 357
        } ]
      },
      "source" : {
        "id" : "NVhSm06GAqACHTNL",
        "type" : "ClassView"
      },
      "target" : {
        "id" : "q5FSm06GAqACHTNy",
        "type" : "ClassView"
      }
    }, {
      "id" : "2qyym06GAqACHTQr",
      "type" : "GeneralizationView",
      "modelElement" : {
        "id" : "aqyym06GAqACHTQq",
        "type" : "Generalization"
      },
      "shape" : {
        "id" : "2qyym06GAqACHTQr_path",
        "type" : "Path",
        "points" : [ {
          "x" : 383,
          "y" : 259
        }, {
          "x" : 383,
          "y" : 285
        }, {
          "x" : 212,
          "y" : 285
        }, {
          "x" : 212,
          "y" : 315
        } ]
      },
      "source" : {
        "id" : "fOuSm06GAqACHTMu",
        "type" : "ClassView"
      },
      "target" : {
        "id" : "XXJSm06GAqACHTNa",
        "type" : "ClassView"
      }
    }, {
      "id" : "XXJSm06GAqACHTNa",
      "type" : "ClassView",
      "modelElement" : {
        "id" : "3XJSm06GAqACHTNb",
        "type" : "Class"
      },
      "shape" : {
        "id" : "XXJSm06GAqACHTNa_shape",
        "type" : "Rectangle",
        "x" : 172,
        "y" : 316,
        "width" : 80,
        "height" : 40
      }
    }, {
      "id" : "jyaym06GAqACHTRC",
      "type" : "GeneralizationView",
      "modelElement" : {
        "id" : "Nyaym06GAqACHTRB",
        "type" : "Generalization"
      },
      "shape" : {
        "id" : "jyaym06GAqACHTRC_path",
        "type" : "Path",
        "points" : [ {
          "x" : 383,
          "y" : 259
        }, {
          "x" : 383,
          "y" : 285
        }, {
          "x" : 554,
          "y" : 285
        }, {
          "x" : 554,
          "y" : 315
        } ]
      },
      "source" : {
        "id" : "fOuSm06GAqACHTMu",
        "type" : "ClassView"
      },
      "target" : {
        "id" : "q5FSm06GAqACHTNy",
        "type" : "ClassView"
      }
    }, {
      "id" : "QPkym06GAqACHTPs",
      "type" : "GeneralizationView",
      "modelElement" : {
        "id" : "v3kym06GAqACHTPr",
        "type" : "Generalization"
      },
      "shape" : {
        "id" : "QPkym06GAqACHTPs_path",
        "type" : "Path",
        "points" : [ {
          "x" : 383,
          "y" : 596
        }, {
          "x" : 383,
          "y" : 560
        }, {
          "x" : 212,
          "y" : 560
        }, {
          "x" : 212,
          "y" : 523
        } ]
      },
      "source" : {
        "id" : "59Iym06GAqACHTPR",
        "type" : "ClassView"
      },
      "target" : {
        "id" : "vJPSm06GAqACHTOp",
        "type" : "ClassView"
      }
    }, {
      "id" : "YGBym06GAqACHTRw",
      "type" : "GeneralizationView",
      "modelElement" : {
        "id" : "gGBym06GAqACHTRv",
        "type" : "Generalization"
      },
      "shape" : {
        "id" : "YGBym06GAqACHTRw_path",
        "type" : "Path",
        "points" : [ {
          "x" : 383,
          "y" : 398
        }, {
          "x" : 383,
          "y" : 357
        } ]
      },
      "source" : {
        "id" : "XrnSm06GAqACHTOd",
        "type" : "ClassView"
      },
      "target" : {
        "id" : "LUZSm06GAqACHTNm",
        "type" : "ClassView"
      }
    }, {
      "id" : "9VhSm06GAqACHTNO",
      "type" : "GeneralizationView",
      "modelElement" : {
        "id" : "me8Sm06GAqACHTMC",
        "type" : "Generalization"
      },
      "shape" : {
        "id" : "9VhSm06GAqACHTNO_path",
        "type" : "Path",
        "points" : [ {
          "x" : 435,
          "y" : 140
        }, {
          "x" : 643,
          "y" : 140
        }, {
          "x" : 643,
          "y" : 419
        }, {
          "x" : 623,
          "y" : 419
        } ]
      },
      "source" : {
        "id" : "xVhSm06GAqACHTNF",
        "type" : "ClassView"
      },
      "target" : {
        "id" : "NVhSm06GAqACHTNL",
        "type" : "ClassView"
      }
    }, {
      "id" : "j_Fym06GAqACHTTS",
      "type" : "RelationView",
      "modelElement" : {
        "id" : "N_Fym06GAqACHTTN",
        "type" : "Relation"
      },
      "shape" : {
        "id" : "j_Fym06GAqACHTTS_path",
        "type" : "Path",
        "points" : [ {
          "x" : 455,
          "y" : 336
        }, {
          "x" : 513,
          "y" : 336
        } ]
      },
      "source" : {
        "id" : "LUZSm06GAqACHTNm",
        "type" : "ClassView"
      },
      "target" : {
        "id" : "q5FSm06GAqACHTNy",
        "type" : "ClassView"
      }
    }, {
      "id" : "zXsym06GAqACHTP_",
      "type" : "GeneralizationView",
      "modelElement" : {
        "id" : "dXsym06GAqACHTP.",
        "type" : "Generalization"
      },
      "shape" : {
        "id" : "zXsym06GAqACHTP__path",
        "type" : "Path",
        "points" : [ {
          "x" : 212,
          "y" : 440
        }, {
          "x" : 212,
          "y" : 481
        } ]
      },
      "source" : {
        "id" : "5VhSm06GAqACHTNI",
        "type" : "ClassView"
      },
      "target" : {
        "id" : "vJPSm06GAqACHTOp",
        "type" : "ClassView"
      }
    }, {
      "id" : "zDvSm06GAqACHTO1",
      "type" : "ClassView",
      "modelElement" : {
        "id" : "zDvSm06GAqACHTO2",
        "type" : "Class"
      },
      "shape" : {
        "id" : "zDvSm06GAqACHTO1_shape",
        "type" : "Rectangle",
        "x" : 514,
        "y" : 482,
        "width" : 80,
        "height" : 40
      }
    }, {
      "id" : "59Iym06GAqACHTPR",
      "type" : "ClassView",
      "modelElement" : {
        "id" : "59Iym06GAqACHTPS",
        "type" : "Class"
      },
      "shape" : {
        "id" : "59Iym06GAqACHTPR_shape",
        "type" : "Rectangle",
        "x" : 343,
        "y" : 597,
        "width" : 80,
        "height" : 40
      }
    }, {
      "id" : "NVhSm06GAqACHTNL",
      "type" : "ClassView",
      "modelElement" : {
        "id" : "F8ASm06GAqACHTKO",
        "type" : "Class"
      },
      "shape" : {
        "id" : "NVhSm06GAqACHTNL_shape",
        "type" : "Rectangle",
        "x" : 514,
        "y" : 399,
        "width" : 108,
        "height" : 40
      }
    } ]
  }, {
    "id" : "nbTym06GAqACHTTq",
    "name" : "The REA2 meta-model for participations",
    "description" : null,
    "type" : "Diagram",
    "owner" : {
      "id" : "MuEim06GAqACHS5t_root",
      "type" : "Package"
    },
    "contents" : [ {
      "id" : "Z9umm06GAqACHQp6",
      "type" : "ClassView",
      "modelElement" : {
        "id" : "zDvSm06GAqACHTO2",
        "type" : "Class"
      },
      "shape" : {
        "id" : "Z9umm06GAqACHQp6_shape",
        "type" : "Rectangle",
        "x" : 107,
        "y" : 437,
        "width" : 80,
        "height" : 40
      }
    }, {
      "id" : "UnEWm06GAqACHQvf",
      "type" : "RelationView",
      "modelElement" : {
        "id" : "YnEWm06GAqACHQva",
        "type" : "Relation"
      },
      "shape" : {
        "id" : "UnEWm06GAqACHQvf_path",
        "type" : "Path",
        "points" : [ {
          "x" : 327,
          "y" : 468
        }, {
          "x" : 188,
          "y" : 468
        } ]
      },
      "source" : {
        "id" : "WvGmm06GAqACHQpV",
        "type" : "ClassView"
      },
      "target" : {
        "id" : "Z9umm06GAqACHQp6",
        "type" : "ClassView"
      }
    }, {
      "id" : "wP8mm06GAqACHQo1",
      "type" : "ClassView",
      "modelElement" : {
        "id" : "wP8mm06GAqACHQo2",
        "type" : "Class"
      },
      "shape" : {
        "id" : "wP8mm06GAqACHQo1_shape",
        "type" : "Rectangle",
        "x" : 366,
        "y" : 242,
        "width" : 101,
        "height" : 40
      }
    }, {
      "id" : "XyOmm06GAqACHQpj",
      "type" : "ClassView",
      "modelElement" : {
        "id" : "vJPSm06GAqACHTOq",
        "type" : "Class"
      },
      "shape" : {
        "id" : "XyOmm06GAqACHQpj_shape",
        "type" : "Rectangle",
        "x" : 107,
        "y" : 321,
        "width" : 80,
        "height" : 40
      }
    }, {
      "id" : "Y3Pmm06GAqACHQts",
      "type" : "GeneralizationView",
      "modelElement" : {
        "id" : "A3Pmm06GAqACHQtr",
        "type" : "Generalization"
      },
      "shape" : {
        "id" : "Y3Pmm06GAqACHQts_path",
        "type" : "Path",
        "points" : [ {
          "x" : 257,
          "y" : 162
        }, {
          "x" : 257,
          "y" : 125
        } ]
      },
      "source" : {
        "id" : "hvomm06GAqACHQn2",
        "type" : "ClassView"
      },
      "target" : {
        "id" : "f0R6m06GAqACHTT4",
        "type" : "ClassView"
      }
    }, {
      "id" : "snAWm06GAqACHQuf",
      "type" : "RelationView",
      "modelElement" : {
        "id" : "onAWm06GAqACHQua",
        "type" : "Relation"
      },
      "shape" : {
        "id" : "snAWm06GAqACHQuf_path",
        "type" : "Path",
        "points" : [ {
          "x" : 303,
          "y" : 261
        }, {
          "x" : 365,
          "y" : 261
        } ]
      },
      "source" : {
        "id" : "nX4mm06GAqACHQoC",
        "type" : "ClassView"
      },
      "target" : {
        "id" : "wP8mm06GAqACHQo1",
        "type" : "ClassView"
      }
    }, {
      "id" : "hvomm06GAqACHQn2",
      "type" : "ClassView",
      "modelElement" : {
        "id" : "Rvomm06GAqACHQn3",
        "type" : "Class"
      },
      "shape" : {
        "id" : "hvomm06GAqACHQn2_shape",
        "type" : "Rectangle",
        "x" : 216,
        "y" : 163,
        "width" : 83,
        "height" : 40
      }
    }, {
      "id" : "WNsmm06GAqACHQop",
      "type" : "ClassView",
      "modelElement" : {
        "id" : "WNsmm06GAqACHQoq",
        "type" : "Class"
      },
      "shape" : {
        "id" : "WNsmm06GAqACHQop_shape",
        "type" : "Rectangle",
        "x" : 365,
        "y" : 163,
        "width" : 103,
        "height" : 40
      }
    }, {
      "id" : "Fz3mm06GAqACHQth",
      "type" : "GeneralizationView",
      "modelElement" : {
        "id" : "xz3mm06GAqACHQtg",
        "type" : "Generalization"
      },
      "shape" : {
        "id" : "Fz3mm06GAqACHQth_path",
        "type" : "Path",
        "points" : [ {
          "x" : 257,
          "y" : 204
        }, {
          "x" : 257,
          "y" : 241
        } ]
      },
      "source" : {
        "id" : "hvomm06GAqACHQn2",
        "type" : "ClassView"
      },
      "target" : {
        "id" : "nX4mm06GAqACHQoC",
        "type" : "ClassView"
      }
    }, {
      "id" : "cuQWm06GAqACHQuq",
      "type" : "GeneralizationView",
      "modelElement" : {
        "id" : "kuQWm06GAqACHQup",
        "type" : "Generalization"
      },
      "shape" : {
        "id" : "cuQWm06GAqACHQuq_path",
        "type" : "Path",
        "points" : [ {
          "x" : 257,
          "y" : 283
        }, {
          "x" : 257,
          "y" : 331
        }, {
          "x" : 327,
          "y" : 331
        } ]
      },
      "source" : {
        "id" : "nX4mm06GAqACHQoC",
        "type" : "ClassView"
      },
      "target" : {
        "id" : "Wh6mm06GAqACHQpJ",
        "type" : "ClassView"
      }
    }, {
      "id" : "tRNmm06GAqACHQro",
      "type" : "RelationView",
      "modelElement" : {
        "id" : "ZRNmm06GAqACHQrj",
        "type" : "Relation"
      },
      "shape" : {
        "id" : "tRNmm06GAqACHQro_path",
        "type" : "Path",
        "points" : [ {
          "x" : 455,
          "y" : 283
        }, {
          "x" : 455,
          "y" : 457
        }, {
          "x" : 410,
          "y" : 457
        } ]
      },
      "source" : {
        "id" : "wP8mm06GAqACHQo1",
        "type" : "ClassView"
      },
      "target" : {
        "id" : "WvGmm06GAqACHQpV",
        "type" : "ClassView"
      }
    }, {
      "id" : "pu4Wm06GAqACHQvM",
      "type" : "RelationView",
      "modelElement" : {
        "id" : ".u4Wm06GAqACHQvH",
        "type" : "Relation"
      },
      "shape" : {
        "id" : "pu4Wm06GAqACHQvM_path",
        "type" : "Path",
        "points" : [ {
          "x" : 327,
          "y" : 354
        }, {
          "x" : 188,
          "y" : 354
        } ]
      },
      "source" : {
        "id" : "Wh6mm06GAqACHQpJ",
        "type" : "ClassView"
      },
      "target" : {
        "id" : "XyOmm06GAqACHQpj",
        "type" : "ClassView"
      }
    }, {
      "id" : "f0R6m06GAqACHTT4",
      "type" : "ClassView",
      "modelElement" : {
        "id" : "f0R6m06GAqACHTT5",
        "type" : "Class"
      },
      "shape" : {
        "id" : "f0R6m06GAqACHTT4_shape",
        "type" : "Rectangle",
        "x" : 217,
        "y" : 84,
        "width" : 81,
        "height" : 40
      }
    }, {
      "id" : "nX4mm06GAqACHQoC",
      "type" : "ClassView",
      "modelElement" : {
        "id" : "nX4mm06GAqACHQoD",
        "type" : "Class"
      },
      "shape" : {
        "id" : "nX4mm06GAqACHQoC_shape",
        "type" : "Rectangle",
        "x" : 213,
        "y" : 242,
        "width" : 89,
        "height" : 40
      }
    }, {
      "id" : "20Vmm06GAqACHQrR",
      "type" : "RelationView",
      "modelElement" : {
        "id" : "K0Vmm06GAqACHQrM",
        "type" : "Relation"
      },
      "shape" : {
        "id" : "20Vmm06GAqACHQrR_path",
        "type" : "Path",
        "points" : [ {
          "x" : 429,
          "y" : 283
        }, {
          "x" : 429,
          "y" : 341
        }, {
          "x" : 410,
          "y" : 341
        } ]
      },
      "source" : {
        "id" : "wP8mm06GAqACHQo1",
        "type" : "ClassView"
      },
      "target" : {
        "id" : "Wh6mm06GAqACHQpJ",
        "type" : "ClassView"
      }
    }, {
      "id" : "TNIWm06GAqACHQu5",
      "type" : "GeneralizationView",
      "modelElement" : {
        "id" : "tNIWm06GAqACHQu4",
        "type" : "Generalization"
      },
      "shape" : {
        "id" : "TNIWm06GAqACHQu5_path",
        "type" : "Path",
        "points" : [ {
          "x" : 257,
          "y" : 283
        }, {
          "x" : 257,
          "y" : 448
        }, {
          "x" : 327,
          "y" : 448
        } ]
      },
      "source" : {
        "id" : "nX4mm06GAqACHQoC",
        "type" : "ClassView"
      },
      "target" : {
        "id" : "WvGmm06GAqACHQpV",
        "type" : "ClassView"
      }
    }, {
      "id" : "YRfmm06GAqACHQt7",
      "type" : "RelationView",
      "modelElement" : {
        "id" : "_hfmm06GAqACHQt2",
        "type" : "Relation"
      },
      "shape" : {
        "id" : "YRfmm06GAqACHQt7_path",
        "type" : "Path",
        "points" : [ {
          "x" : 215,
          "y" : 183
        }, {
          "x" : 151,
          "y" : 183
        } ]
      },
      "source" : {
        "id" : "hvomm06GAqACHQn2",
        "type" : "ClassView"
      },
      "target" : {
        "id" : "pFUmm06GAqACHQoK",
        "type" : "ClassView"
      }
    }, {
      "id" : "WvGmm06GAqACHQpV",
      "type" : "ClassView",
      "modelElement" : {
        "id" : "WvGmm06GAqACHQpW",
        "type" : "Class"
      },
      "shape" : {
        "id" : "WvGmm06GAqACHQpV_shape",
        "type" : "Rectangle",
        "x" : 328,
        "y" : 437,
        "width" : 81,
        "height" : 40
      }
    }, {
      "id" : "Wh6mm06GAqACHQpJ",
      "type" : "ClassView",
      "modelElement" : {
        "id" : "Wh6mm06GAqACHQpK",
        "type" : "Class"
      },
      "shape" : {
        "id" : "Wh6mm06GAqACHQpJ_shape",
        "type" : "Rectangle",
        "x" : 328,
        "y" : 321,
        "width" : 81,
        "height" : 40
      }
    }, {
      "id" : "zrJmm06GAqACHQq7",
      "type" : "RelationView",
      "modelElement" : {
        "id" : "1rJmm06GAqACHQq2",
        "type" : "Relation"
      },
      "shape" : {
        "id" : "zrJmm06GAqACHQq7_path",
        "type" : "Path",
        "points" : [ {
          "x" : 368,
          "y" : 362
        }, {
          "x" : 368,
          "y" : 436
        } ]
      },
      "source" : {
        "id" : "Wh6mm06GAqACHQpJ",
        "type" : "ClassView"
      },
      "target" : {
        "id" : "WvGmm06GAqACHQpV",
        "type" : "ClassView"
      }
    }, {
      "id" : "Cn_mm06GAqACHQuQ",
      "type" : "RelationView",
      "modelElement" : {
        "id" : "kn_mm06GAqACHQuL",
        "type" : "Relation"
      },
      "shape" : {
        "id" : "Cn_mm06GAqACHQuQ_path",
        "type" : "Path",
        "points" : [ {
          "x" : 300,
          "y" : 183
        }, {
          "x" : 364,
          "y" : 183
        } ]
      },
      "source" : {
        "id" : "hvomm06GAqACHQn2",
        "type" : "ClassView"
      },
      "target" : {
        "id" : "WNsmm06GAqACHQop",
        "type" : "ClassView"
      }
    }, {
      "id" : "pFUmm06GAqACHQoK",
      "type" : "ClassView",
      "modelElement" : {
        "id" : "6w3im06GAqACHTJ2",
        "type" : "Class"
      },
      "shape" : {
        "id" : "pFUmm06GAqACHQoK_shape",
        "type" : "Rectangle",
        "x" : 48,
        "y" : 163,
        "width" : 102,
        "height" : 40
      }
    } ]
  } ]
}