{
  "id" : "R4Byfy6GAqACHQWJ",
  "name" : "OntoUML_Model_Repository",
  "description" : null,
  "type" : "Project",
  "model" : {
    "id" : "R4Byfy6GAqACHQWJ_root",
    "name" : "OntoUML_Model_Repository",
    "description" : null,
    "type" : "Package",
    "propertyAssignments" : null,
    "contents" : [ {
      "id" : "x8Ryfy6GAqACHQnN",
      "name" : "Human Genome Ontology",
      "description" : "Authors: Ana Mar?a Martinez, Oscar Pastor L?pez, Giancarlo Guizzardi Paper: Applying the Principles of an Ontology-Based Approach to a Conceptual Schema of Human Genome",
      "type" : "Package",
      "propertyAssignments" : null,
      "contents" : [ {
        "id" : "5iRyfy6GAqACHQnO",
        "name" : "Chromosome",
        "description" : null,
        "type" : "Class",
        "propertyAssignments" : null,
        "stereotype" : "collective",
        "isAbstract" : false,
        "isDerived" : false,
        "properties" : null,
        "isExtensional" : false,
        "isPowertype" : null,
        "order" : null,
        "literals" : null,
        "restrictedTo" : [ "collective" ]
      }, {
        "id" : "FiRyfy6GAqACHQnP",
        "name" : "Gene",
        "description" : null,
        "type" : "Class",
        "propertyAssignments" : null,
        "stereotype" : "collective",
        "isAbstract" : false,
        "isDerived" : false,
        "properties" : null,
        "isExtensional" : false,
        "isPowertype" : null,
        "order" : null,
        "literals" : null,
        "restrictedTo" : [ "collective" ]
      }, {
        "id" : "liRyfy6GAqACHQnQ",
        "name" : "Alelle",
        "description" : null,
        "type" : "Class",
        "propertyAssignments" : null,
        "stereotype" : "collective",
        "isAbstract" : false,
        "isDerived" : false,
        "properties" : null,
        "isExtensional" : false,
        "isPowertype" : null,
        "order" : null,
        "literals" : null,
        "restrictedTo" : [ "collective" ]
      }, {
        "id" : "1iRyfy6GAqACHQnR",
        "name" : "Nucleotide",
        "description" : null,
        "type" : "Class",
        "propertyAssignments" : null,
        "stereotype" : "kind",
        "isAbstract" : false,
        "isDerived" : false,
        "properties" : null,
        "isExtensional" : null,
        "isPowertype" : null,
        "order" : null,
        "literals" : null,
        "restrictedTo" : [ "functional-complex" ]
      }, {
        "id" : "TiRyfy6GAqACHQnT",
        "name" : "Inserted Nucleotide",
        "description" : null,
        "type" : "Class",
        "propertyAssignments" : null,
        "stereotype" : "role",
        "isAbstract" : false,
        "isDerived" : false,
        "properties" : null,
        "isExtensional" : false,
        "isPowertype" : null,
        "order" : null,
        "literals" : null,
        "restrictedTo" : [ "functional-complex" ]
      }, {
        "id" : "4SRyfy6GAqACHQnU",
        "name" : "Allelic Reference",
        "description" : null,
        "type" : "Class",
        "propertyAssignments" : null,
        "stereotype" : "role",
        "isAbstract" : false,
        "isDerived" : false,
        "properties" : null,
        "isExtensional" : false,
        "isPowertype" : null,
        "order" : null,
        "literals" : null,
        "restrictedTo" : [ "collective" ]
      }, {
        "id" : "ESRyfy6GAqACHQnV",
        "name" : "Allelic Variant",
        "description" : null,
        "type" : "Class",
        "propertyAssignments" : null,
        "stereotype" : "role",
        "isAbstract" : false,
        "isDerived" : false,
        "properties" : null,
        "isExtensional" : false,
        "isPowertype" : null,
        "order" : null,
        "literals" : null,
        "restrictedTo" : [ "collective" ]
      }, {
        "id" : "sSRyfy6GAqACHQnX",
        "name" : "RefSeq",
        "description" : null,
        "type" : "Class",
        "propertyAssignments" : null,
        "stereotype" : "collective",
        "isAbstract" : false,
        "isDerived" : false,
        "properties" : null,
        "isExtensional" : false,
        "isPowertype" : null,
        "order" : null,
        "literals" : null,
        "restrictedTo" : [ "collective" ]
      }, {
        "id" : "sSRyfy6GAqACHQnY",
        "name" : "Record",
        "description" : null,
        "type" : "Class",
        "propertyAssignments" : null,
        "stereotype" : "relator",
        "isAbstract" : false,
        "isDerived" : false,
        "properties" : null,
        "isExtensional" : null,
        "isPowertype" : null,
        "order" : null,
        "literals" : null,
        "restrictedTo" : [ "relator" ]
      }, {
        "id" : "UyRyfy6GAqACHQnf",
        "name" : "Insertion",
        "description" : null,
        "type" : "Class",
        "propertyAssignments" : null,
        "stereotype" : "relator",
        "isAbstract" : false,
        "isDerived" : false,
        "properties" : null,
        "isExtensional" : null,
        "isPowertype" : null,
        "order" : null,
        "literals" : null,
        "restrictedTo" : [ "relator" ]
      }, {
        "id" : "CE1yfy6GAqACHRxv",
        "name" : null,
        "description" : null,
        "type" : "Generalization",
        "propertyAssignments" : null,
        "general" : {
          "id" : "1iRyfy6GAqACHQnR",
          "type" : "Class"
        },
        "specific" : {
          "id" : "TiRyfy6GAqACHQnT",
          "type" : "Class"
        }
      }, {
        "id" : "aE1yfy6GAqACHRxw",
        "name" : null,
        "description" : null,
        "type" : "Generalization",
        "propertyAssignments" : null,
        "general" : {
          "id" : "liRyfy6GAqACHQnQ",
          "type" : "Class"
        },
        "specific" : {
          "id" : "4SRyfy6GAqACHQnU",
          "type" : "Class"
        }
      }, {
        "id" : "6E1yfy6GAqACHRxx",
        "name" : null,
        "description" : null,
        "type" : "Generalization",
        "propertyAssignments" : null,
        "general" : {
          "id" : "liRyfy6GAqACHQnQ",
          "type" : "Class"
        },
        "specific" : {
          "id" : "ESRyfy6GAqACHQnV",
          "type" : "Class"
        }
      }, {
        "id" : "2qsoWf6GAqACCwxO",
        "name" : "",
        "description" : null,
        "type" : "GeneralizationSet",
        "propertyAssignments" : null,
        "isDisjoint" : true,
        "isComplete" : true,
        "categorizer" : null,
        "generalizations" : [ {
          "id" : "6E1yfy6GAqACHRxx",
          "type" : "Generalization"
        }, {
          "id" : "aE1yfy6GAqACHRxw",
          "type" : "Generalization"
        } ]
      }, {
        "id" : "QE1yfy6GAqACHRxf",
        "name" : null,
        "description" : null,
        "type" : "Relation",
        "propertyAssignments" : null,
        "stereotype" : "subCollectionOf",
        "isAbstract" : false,
        "isDerived" : false,
        "properties" : [ {
          "id" : "QE1yfy6GAqACHRxg",
          "name" : null,
          "description" : null,
          "type" : "Property",
          "propertyAssignments" : null,
          "stereotype" : null,
          "isDerived" : false,
          "isReadOnly" : false,
          "isOrdered" : false,
          "cardinality" : "2..*",
          "propertyType" : {
            "id" : "FiRyfy6GAqACHQnP",
            "type" : "Class"
          },
          "subsettedProperties" : null,
          "redefinedProperties" : null,
          "aggregationKind" : "NONE"
        }, {
          "id" : "QE1yfy6GAqACHRxi",
          "name" : null,
          "description" : null,
          "type" : "Property",
          "propertyAssignments" : null,
          "stereotype" : null,
          "isDerived" : false,
          "isReadOnly" : false,
          "isOrdered" : false,
          "cardinality" : "1",
          "propertyType" : {
            "id" : "5iRyfy6GAqACHQnO",
            "type" : "Class"
          },
          "subsettedProperties" : null,
          "redefinedProperties" : null,
          "aggregationKind" : "COMPOSITE"
        } ]
      }, {
        "id" : "IE1yfy6GAqACHRxk",
        "name" : null,
        "description" : null,
        "type" : "Relation",
        "propertyAssignments" : null,
        "stereotype" : "subCollectionOf",
        "isAbstract" : false,
        "isDerived" : false,
        "properties" : [ {
          "id" : "IE1yfy6GAqACHRxl",
          "name" : null,
          "description" : null,
          "type" : "Property",
          "propertyAssignments" : null,
          "stereotype" : null,
          "isDerived" : false,
          "isReadOnly" : false,
          "isOrdered" : false,
          "cardinality" : "2..*",
          "propertyType" : {
            "id" : "liRyfy6GAqACHQnQ",
            "type" : "Class"
          },
          "subsettedProperties" : null,
          "redefinedProperties" : null,
          "aggregationKind" : "NONE"
        }, {
          "id" : "IE1yfy6GAqACHRxn",
          "name" : null,
          "description" : null,
          "type" : "Property",
          "propertyAssignments" : null,
          "stereotype" : null,
          "isDerived" : false,
          "isReadOnly" : false,
          "isOrdered" : false,
          "cardinality" : "1",
          "propertyType" : {
            "id" : "FiRyfy6GAqACHQnP",
            "type" : "Class"
          },
          "subsettedProperties" : null,
          "redefinedProperties" : null,
          "aggregationKind" : "COMPOSITE"
        } ]
      }, {
        "id" : "EE1yfy6GAqACHRxp",
        "name" : "",
        "description" : null,
        "type" : "Relation",
        "propertyAssignments" : null,
        "stereotype" : "memberOf",
        "isAbstract" : false,
        "isDerived" : false,
        "properties" : [ {
          "id" : "EE1yfy6GAqACHRxq",
          "name" : null,
          "description" : null,
          "type" : "Property",
          "propertyAssignments" : null,
          "stereotype" : null,
          "isDerived" : false,
          "isReadOnly" : true,
          "isOrdered" : true,
          "cardinality" : "2..*",
          "propertyType" : {
            "id" : "1iRyfy6GAqACHQnR",
            "type" : "Class"
          },
          "subsettedProperties" : null,
          "redefinedProperties" : null,
          "aggregationKind" : "NONE"
        }, {
          "id" : "EE1yfy6GAqACHRxs",
          "name" : null,
          "description" : null,
          "type" : "Property",
          "propertyAssignments" : null,
          "stereotype" : null,
          "isDerived" : false,
          "isReadOnly" : false,
          "isOrdered" : false,
          "cardinality" : "1",
          "propertyType" : {
            "id" : "liRyfy6GAqACHQnQ",
            "type" : "Class"
          },
          "subsettedProperties" : null,
          "redefinedProperties" : null,
          "aggregationKind" : "COMPOSITE"
        } ]
      }, {
        "id" : "mE1yfy6GAqACHRxy",
        "name" : "precedes",
        "description" : null,
        "type" : "Relation",
        "propertyAssignments" : null,
        "stereotype" : "Formal",
        "isAbstract" : false,
        "isDerived" : true,
        "properties" : [ {
          "id" : "mE1yfy6GAqACHRxz",
          "name" : null,
          "description" : null,
          "type" : "Property",
          "propertyAssignments" : null,
          "stereotype" : null,
          "isDerived" : false,
          "isReadOnly" : false,
          "isOrdered" : false,
          "cardinality" : "*",
          "propertyType" : {
            "id" : "1iRyfy6GAqACHQnR",
            "type" : "Class"
          },
          "subsettedProperties" : null,
          "redefinedProperties" : null,
          "aggregationKind" : "NONE"
        }, {
          "id" : "mE1yfy6GAqACHRx1",
          "name" : null,
          "description" : null,
          "type" : "Property",
          "propertyAssignments" : null,
          "stereotype" : null,
          "isDerived" : false,
          "isReadOnly" : false,
          "isOrdered" : false,
          "cardinality" : "*",
          "propertyType" : {
            "id" : "1iRyfy6GAqACHQnR",
            "type" : "Class"
          },
          "subsettedProperties" : null,
          "redefinedProperties" : null,
          "aggregationKind" : "NONE"
        } ]
      }, {
        "id" : "fE1yfy6GAqACHRyG",
        "name" : null,
        "description" : null,
        "type" : "Relation",
        "propertyAssignments" : null,
        "stereotype" : "mediation",
        "isAbstract" : false,
        "isDerived" : false,
        "properties" : [ {
          "id" : "fE1yfy6GAqACHRyH",
          "name" : null,
          "description" : null,
          "type" : "Property",
          "propertyAssignments" : null,
          "stereotype" : null,
          "isDerived" : false,
          "isReadOnly" : false,
          "isOrdered" : false,
          "cardinality" : "1",
          "propertyType" : {
            "id" : "sSRyfy6GAqACHQnY",
            "type" : "Class"
          },
          "subsettedProperties" : null,
          "redefinedProperties" : null,
          "aggregationKind" : "NONE"
        }, {
          "id" : "fE1yfy6GAqACHRyJ",
          "name" : null,
          "description" : null,
          "type" : "Property",
          "propertyAssignments" : null,
          "stereotype" : null,
          "isDerived" : false,
          "isReadOnly" : true,
          "isOrdered" : false,
          "cardinality" : "1",
          "propertyType" : {
            "id" : "4SRyfy6GAqACHQnU",
            "type" : "Class"
          },
          "subsettedProperties" : null,
          "redefinedProperties" : null,
          "aggregationKind" : "NONE"
        } ]
      }, {
        "id" : "5k1yfy6GAqACHRyL",
        "name" : null,
        "description" : null,
        "type" : "Relation",
        "propertyAssignments" : null,
        "stereotype" : "mediation",
        "isAbstract" : false,
        "isDerived" : false,
        "properties" : [ {
          "id" : "5k1yfy6GAqACHRyM",
          "name" : null,
          "description" : null,
          "type" : "Property",
          "propertyAssignments" : null,
          "stereotype" : null,
          "isDerived" : false,
          "isReadOnly" : false,
          "isOrdered" : false,
          "cardinality" : "1",
          "propertyType" : {
            "id" : "sSRyfy6GAqACHQnY",
            "type" : "Class"
          },
          "subsettedProperties" : null,
          "redefinedProperties" : null,
          "aggregationKind" : "NONE"
        }, {
          "id" : "5k1yfy6GAqACHRyO",
          "name" : null,
          "description" : null,
          "type" : "Property",
          "propertyAssignments" : null,
          "stereotype" : null,
          "isDerived" : false,
          "isReadOnly" : true,
          "isOrdered" : false,
          "cardinality" : "1",
          "propertyType" : {
            "id" : "sSRyfy6GAqACHQnX",
            "type" : "Class"
          },
          "subsettedProperties" : null,
          "redefinedProperties" : null,
          "aggregationKind" : "NONE"
        } ]
      }, {
        "id" : "AU1yfy6GAqACHRyW",
        "name" : null,
        "description" : null,
        "type" : "Relation",
        "propertyAssignments" : null,
        "stereotype" : "mediation",
        "isAbstract" : false,
        "isDerived" : false,
        "properties" : [ {
          "id" : "AU1yfy6GAqACHRyX",
          "name" : null,
          "description" : null,
          "type" : "Property",
          "propertyAssignments" : null,
          "stereotype" : null,
          "isDerived" : false,
          "isReadOnly" : false,
          "isOrdered" : false,
          "cardinality" : "*",
          "propertyType" : {
            "id" : "UyRyfy6GAqACHQnf",
            "type" : "Class"
          },
          "subsettedProperties" : null,
          "redefinedProperties" : null,
          "aggregationKind" : "NONE"
        }, {
          "id" : "AU1yfy6GAqACHRyZ",
          "name" : null,
          "description" : null,
          "type" : "Property",
          "propertyAssignments" : null,
          "stereotype" : null,
          "isDerived" : false,
          "isReadOnly" : true,
          "isOrdered" : false,
          "cardinality" : "1",
          "propertyType" : {
            "id" : "4SRyfy6GAqACHQnU",
            "type" : "Class"
          },
          "subsettedProperties" : null,
          "redefinedProperties" : null,
          "aggregationKind" : "NONE"
        } ]
      }, {
        "id" : "IU1yfy6GAqACHRyb",
        "name" : null,
        "description" : null,
        "type" : "Relation",
        "propertyAssignments" : null,
        "stereotype" : "mediation",
        "isAbstract" : false,
        "isDerived" : false,
        "properties" : [ {
          "id" : "IU1yfy6GAqACHRyc",
          "name" : null,
          "description" : null,
          "type" : "Property",
          "propertyAssignments" : null,
          "stereotype" : null,
          "isDerived" : false,
          "isReadOnly" : false,
          "isOrdered" : false,
          "cardinality" : "*",
          "propertyType" : {
            "id" : "UyRyfy6GAqACHQnf",
            "type" : "Class"
          },
          "subsettedProperties" : null,
          "redefinedProperties" : null,
          "aggregationKind" : "NONE"
        }, {
          "id" : "IU1yfy6GAqACHRye",
          "name" : null,
          "description" : null,
          "type" : "Property",
          "propertyAssignments" : null,
          "stereotype" : null,
          "isDerived" : false,
          "isReadOnly" : true,
          "isOrdered" : false,
          "cardinality" : "1",
          "propertyType" : {
            "id" : "ESRyfy6GAqACHQnV",
            "type" : "Class"
          },
          "subsettedProperties" : null,
          "redefinedProperties" : null,
          "aggregationKind" : "NONE"
        } ]
      }, {
        "id" : "KC9yfy6GAqACHTIc",
        "name" : null,
        "description" : null,
        "type" : "Relation",
        "propertyAssignments" : null,
        "stereotype" : "memberOf",
        "isAbstract" : false,
        "isDerived" : false,
        "properties" : [ {
          "id" : "KC9yfy6GAqACHTId",
          "name" : null,
          "description" : null,
          "type" : "Property",
          "propertyAssignments" : null,
          "stereotype" : null,
          "isDerived" : false,
          "isReadOnly" : false,
          "isOrdered" : false,
          "cardinality" : "*",
          "propertyType" : {
            "id" : "TiRyfy6GAqACHQnT",
            "type" : "Class"
          },
          "subsettedProperties" : null,
          "redefinedProperties" : null,
          "aggregationKind" : "NONE"
        }, {
          "id" : "KC9yfy6GAqACHTIf",
          "name" : null,
          "description" : null,
          "type" : "Property",
          "propertyAssignments" : null,
          "stereotype" : null,
          "isDerived" : false,
          "isReadOnly" : false,
          "isOrdered" : false,
          "cardinality" : "1",
          "propertyType" : {
            "id" : "ESRyfy6GAqACHQnV",
            "type" : "Class"
          },
          "subsettedProperties" : null,
          "redefinedProperties" : null,
          "aggregationKind" : "COMPOSITE"
        } ]
      }, {
        "id" : "JC9yfy6GAqACHTIh",
        "name" : null,
        "description" : null,
        "type" : "Relation",
        "propertyAssignments" : null,
        "stereotype" : "material",
        "isAbstract" : false,
        "isDerived" : false,
        "properties" : [ {
          "id" : "JC9yfy6GAqACHTIi",
          "name" : null,
          "description" : null,
          "type" : "Property",
          "propertyAssignments" : null,
          "stereotype" : null,
          "isDerived" : false,
          "isReadOnly" : false,
          "isOrdered" : false,
          "cardinality" : "1",
          "propertyType" : {
            "id" : "4SRyfy6GAqACHQnU",
            "type" : "Class"
          },
          "subsettedProperties" : null,
          "redefinedProperties" : null,
          "aggregationKind" : "NONE"
        }, {
          "id" : "JC9yfy6GAqACHTIk",
          "name" : null,
          "description" : null,
          "type" : "Property",
          "propertyAssignments" : null,
          "stereotype" : null,
          "isDerived" : false,
          "isReadOnly" : false,
          "isOrdered" : false,
          "cardinality" : "*",
          "propertyType" : {
            "id" : "ESRyfy6GAqACHQnV",
            "type" : "Class"
          },
          "subsettedProperties" : null,
          "redefinedProperties" : null,
          "aggregationKind" : "NONE"
        } ]
      }, {
        "id" : "VC9yfy6GAqACHTIm",
        "name" : "constitution",
        "description" : null,
        "type" : "Relation",
        "propertyAssignments" : null,
        "stereotype" : "formal",
        "isAbstract" : false,
        "isDerived" : false,
        "properties" : [ {
          "id" : "VC9yfy6GAqACHTIn",
          "name" : null,
          "description" : null,
          "type" : "Property",
          "propertyAssignments" : null,
          "stereotype" : null,
          "isDerived" : false,
          "isReadOnly" : false,
          "isOrdered" : false,
          "cardinality" : "1",
          "propertyType" : {
            "id" : "UyRyfy6GAqACHQnf",
            "type" : "Class"
          },
          "subsettedProperties" : null,
          "redefinedProperties" : null,
          "aggregationKind" : "NONE"
        }, {
          "id" : "VC9yfy6GAqACHTIp",
          "name" : null,
          "description" : null,
          "type" : "Property",
          "propertyAssignments" : null,
          "stereotype" : null,
          "isDerived" : false,
          "isReadOnly" : true,
          "isOrdered" : false,
          "cardinality" : "1..*",
          "propertyType" : {
            "id" : "TiRyfy6GAqACHQnT",
            "type" : "Class"
          },
          "subsettedProperties" : null,
          "redefinedProperties" : null,
          "aggregationKind" : "NONE"
        } ]
      }, {
        "id" : "QEjYWf6GAqACCw7S",
        "name" : "overlap",
        "description" : null,
        "type" : "Relation",
        "propertyAssignments" : null,
        "stereotype" : "formal",
        "isAbstract" : false,
        "isDerived" : false,
        "properties" : [ {
          "id" : "QEjYWf6GAqACCw7T",
          "name" : null,
          "description" : null,
          "type" : "Property",
          "propertyAssignments" : null,
          "stereotype" : null,
          "isDerived" : false,
          "isReadOnly" : false,
          "isOrdered" : false,
          "cardinality" : "1",
          "propertyType" : {
            "id" : "4SRyfy6GAqACHQnU",
            "type" : "Class"
          },
          "subsettedProperties" : null,
          "redefinedProperties" : null,
          "aggregationKind" : "NONE"
        }, {
          "id" : "QEjYWf6GAqACCw7V",
          "name" : null,
          "description" : null,
          "type" : "Property",
          "propertyAssignments" : null,
          "stereotype" : null,
          "isDerived" : false,
          "isReadOnly" : false,
          "isOrdered" : false,
          "cardinality" : "1..*",
          "propertyType" : {
            "id" : "ESRyfy6GAqACHQnV",
            "type" : "Class"
          },
          "subsettedProperties" : null,
          "redefinedProperties" : null,
          "aggregationKind" : "NONE"
        } ]
      }, {
        "id" : "IdL4Wf6GAqACCxBL",
        "name" : null,
        "description" : null,
        "type" : "Relation",
        "propertyAssignments" : null,
        "stereotype" : "material",
        "isAbstract" : false,
        "isDerived" : false,
        "properties" : [ {
          "id" : "IdL4Wf6GAqACCxBM",
          "name" : null,
          "description" : null,
          "type" : "Property",
          "propertyAssignments" : null,
          "stereotype" : null,
          "isDerived" : false,
          "isReadOnly" : false,
          "isOrdered" : false,
          "cardinality" : "1",
          "propertyType" : {
            "id" : "sSRyfy6GAqACHQnX",
            "type" : "Class"
          },
          "subsettedProperties" : null,
          "redefinedProperties" : null,
          "aggregationKind" : "NONE"
        }, {
          "id" : "IdL4Wf6GAqACCxBO",
          "name" : null,
          "description" : null,
          "type" : "Property",
          "propertyAssignments" : null,
          "stereotype" : null,
          "isDerived" : false,
          "isReadOnly" : false,
          "isOrdered" : false,
          "cardinality" : "1..*",
          "propertyType" : {
            "id" : "4SRyfy6GAqACHQnU",
            "type" : "Class"
          },
          "subsettedProperties" : null,
          "redefinedProperties" : null,
          "aggregationKind" : "NONE"
        } ]
      }, {
        "id" : "zen4Wf6GAqACCxB2",
        "name" : null,
        "description" : null,
        "type" : "Relation",
        "propertyAssignments" : null,
        "stereotype" : "derivation",
        "isAbstract" : false,
        "isDerived" : true,
        "properties" : [ {
          "id" : "7cf23344-39f2-4bff-a56c-9d363834d1fd",
          "name" : null,
          "description" : null,
          "type" : "Property",
          "propertyAssignments" : null,
          "stereotype" : null,
          "isDerived" : false,
          "isReadOnly" : false,
          "isOrdered" : false,
          "cardinality" : "1",
          "propertyType" : {
            "id" : "sSRyfy6GAqACHQnY",
            "type" : "Class"
          },
          "subsettedProperties" : null,
          "redefinedProperties" : null,
          "aggregationKind" : null
        }, {
          "id" : "c159e01a-f070-4dcc-bb33-ce9d67ec5d77",
          "name" : null,
          "description" : null,
          "type" : "Property",
          "propertyAssignments" : null,
          "stereotype" : null,
          "isDerived" : false,
          "isReadOnly" : false,
          "isOrdered" : false,
          "cardinality" : "1",
          "propertyType" : {
            "id" : "IdL4Wf6GAqACCxBL",
            "type" : "Relation"
          },
          "subsettedProperties" : null,
          "redefinedProperties" : null,
          "aggregationKind" : null
        } ]
      } ]
    }, {
      "id" : "kxryfy6GAqACHWUF",
      "name" : "",
      "description" : null,
      "type" : "Relation",
      "propertyAssignments" : null,
      "stereotype" : "derivation",
      "isAbstract" : false,
      "isDerived" : true,
      "properties" : [ {
        "id" : "4081fe4e-c6ab-4064-993c-94d4a4c4509d",
        "name" : null,
        "description" : null,
        "type" : "Property",
        "propertyAssignments" : null,
        "stereotype" : null,
        "isDerived" : false,
        "isReadOnly" : false,
        "isOrdered" : false,
        "cardinality" : "1",
        "propertyType" : {
          "id" : "JC9yfy6GAqACHTIh",
          "type" : "Relation"
        },
        "subsettedProperties" : null,
        "redefinedProperties" : null,
        "aggregationKind" : null
      }, {
        "id" : "7a1dd136-e551-495d-a734-0158bef38716",
        "name" : null,
        "description" : null,
        "type" : "Property",
        "propertyAssignments" : null,
        "stereotype" : null,
        "isDerived" : false,
        "isReadOnly" : false,
        "isOrdered" : false,
        "cardinality" : "1",
        "propertyType" : {
          "id" : "UyRyfy6GAqACHQnf",
          "type" : "Class"
        },
        "subsettedProperties" : null,
        "redefinedProperties" : null,
        "aggregationKind" : null
      } ]
    } ]
  },
  "diagrams" : [ {
    "id" : "a6Dyfy6GAqACHTYY",
    "name" : "Variation - Insertion",
    "description" : null,
    "type" : "Diagram",
    "owner" : {
      "id" : "x8Ryfy6GAqACHQnN",
      "type" : "Package"
    },
    "contents" : [ {
      "id" : "vkjyfy6GAqACHTxI",
      "type" : "ClassView",
      "modelElement" : {
        "id" : "UyRyfy6GAqACHQnf",
        "type" : "Class"
      },
      "shape" : {
        "id" : "vkjyfy6GAqACHTxI_shape",
        "type" : "Rectangle",
        "x" : 191,
        "y" : 569,
        "width" : 82,
        "height" : 39
      }
    }, {
      "id" : "3kjyfy6GAqACHTxA",
      "type" : "ClassView",
      "modelElement" : {
        "id" : "1iRyfy6GAqACHQnR",
        "type" : "Class"
      },
      "shape" : {
        "id" : "3kjyfy6GAqACHTxA_shape",
        "type" : "Rectangle",
        "x" : 52,
        "y" : 200,
        "width" : 79,
        "height" : 39
      }
    }, {
      "id" : "PVTPaf6GAqACBTWi",
      "type" : "RelationView",
      "modelElement" : {
        "id" : "EE1yfy6GAqACHRxp",
        "type" : "Relation"
      },
      "shape" : {
        "id" : "PVTPaf6GAqACBTWi_path",
        "type" : "Path",
        "points" : [ {
          "x" : 97,
          "y" : 241
        }, {
          "x" : 97,
          "y" : 330
        } ]
      },
      "source" : {
        "id" : "3kjyfy6GAqACHTxA",
        "type" : "ClassView"
      },
      "target" : {
        "id" : "Xkjyfy6GAqACHTw.",
        "type" : "ClassView"
      }
    }, {
      "id" : "7F7yfy6GAqACHWXT",
      "type" : "RelationView",
      "modelElement" : {
        "id" : "kxryfy6GAqACHWUF",
        "type" : "Relation"
      },
      "shape" : {
        "id" : "7F7yfy6GAqACHWXT_path",
        "type" : "Path",
        "points" : [ {
          "x" : 255,
          "y" : 463
        }, {
          "x" : 255,
          "y" : 569
        } ]
      },
      "source" : {
        "id" : "efzyfy6GAqACHWBO",
        "type" : "RelationView"
      },
      "target" : {
        "id" : "vkjyfy6GAqACHTxI",
        "type" : "ClassView"
      }
    }, {
      "id" : "iZTyfy6GAqACHVHm",
      "type" : "GeneralizationView",
      "modelElement" : {
        "id" : "6E1yfy6GAqACHRxx",
        "type" : "Generalization"
      },
      "shape" : {
        "id" : "iZTyfy6GAqACHVHm_path",
        "type" : "Path",
        "points" : [ {
          "x" : 90,
          "y" : 371
        }, {
          "x" : 90,
          "y" : 407
        }, {
          "x" : 375,
          "y" : 407
        }, {
          "x" : 375,
          "y" : 442
        } ]
      },
      "source" : {
        "id" : "Xkjyfy6GAqACHTw.",
        "type" : "ClassView"
      },
      "target" : {
        "id" : "vkjyfy6GAqACHTxG",
        "type" : "ClassView"
      }
    }, {
      "id" : "uZTyfy6GAqACHVHq",
      "type" : "RelationView",
      "modelElement" : {
        "id" : "AU1yfy6GAqACHRyW",
        "type" : "Relation"
      },
      "shape" : {
        "id" : "uZTyfy6GAqACHVHq_path",
        "type" : "Path",
        "points" : [ {
          "x" : 191,
          "y" : 588
        }, {
          "x" : 89,
          "y" : 588
        }, {
          "x" : 89,
          "y" : 484
        } ]
      },
      "source" : {
        "id" : "vkjyfy6GAqACHTxI",
        "type" : "ClassView"
      },
      "target" : {
        "id" : "Pkjyfy6GAqACHTxE",
        "type" : "ClassView"
      }
    }, {
      "id" : "0ZTyfy6GAqACHVHi",
      "type" : "GeneralizationView",
      "modelElement" : {
        "id" : "CE1yfy6GAqACHRxv",
        "type" : "Generalization"
      },
      "shape" : {
        "id" : "0ZTyfy6GAqACHVHi_path",
        "type" : "Path",
        "points" : [ {
          "x" : 133,
          "y" : 220
        }, {
          "x" : 338,
          "y" : 220
        } ]
      },
      "source" : {
        "id" : "3kjyfy6GAqACHTxA",
        "type" : "ClassView"
      },
      "target" : {
        "id" : "3kjyfy6GAqACHTxC",
        "type" : "ClassView"
      }
    }, {
      "id" : "6.Evaf6GAqACBTYx",
      "type" : "RelationView",
      "modelElement" : {
        "id" : "KC9yfy6GAqACHTIc",
        "type" : "Relation"
      },
      "shape" : {
        "id" : "6.Evaf6GAqACBTYx_path",
        "type" : "Path",
        "points" : [ {
          "x" : 399,
          "y" : 241
        }, {
          "x" : 399,
          "y" : 442
        } ]
      },
      "source" : {
        "id" : "3kjyfy6GAqACHTxC",
        "type" : "ClassView"
      },
      "target" : {
        "id" : "vkjyfy6GAqACHTxG",
        "type" : "ClassView"
      }
    }, {
      "id" : "eZTyfy6GAqACHVHs",
      "type" : "RelationView",
      "modelElement" : {
        "id" : "IU1yfy6GAqACHRyb",
        "type" : "Relation"
      },
      "shape" : {
        "id" : "eZTyfy6GAqACHVHs_path",
        "type" : "Path",
        "points" : [ {
          "x" : 273,
          "y" : 577
        }, {
          "x" : 399,
          "y" : 577
        }, {
          "x" : 399,
          "y" : 484
        } ]
      },
      "source" : {
        "id" : "vkjyfy6GAqACHTxI",
        "type" : "ClassView"
      },
      "target" : {
        "id" : "vkjyfy6GAqACHTxG",
        "type" : "ClassView"
      }
    }, {
      "id" : "efzyfy6GAqACHWBO",
      "type" : "RelationView",
      "modelElement" : {
        "id" : "JC9yfy6GAqACHTIh",
        "type" : "Relation"
      },
      "shape" : {
        "id" : "efzyfy6GAqACHWBO_path",
        "type" : "Path",
        "points" : [ {
          "x" : 148,
          "y" : 463
        }, {
          "x" : 356,
          "y" : 463
        } ]
      },
      "source" : {
        "id" : "Pkjyfy6GAqACHTxE",
        "type" : "ClassView"
      },
      "target" : {
        "id" : "vkjyfy6GAqACHTxG",
        "type" : "ClassView"
      }
    }, {
      "id" : "Pkjyfy6GAqACHTxE",
      "type" : "ClassView",
      "modelElement" : {
        "id" : "4SRyfy6GAqACHQnU",
        "type" : "Class"
      },
      "shape" : {
        "id" : "Pkjyfy6GAqACHTxE_shape",
        "type" : "Rectangle",
        "x" : 42,
        "y" : 443,
        "width" : 105,
        "height" : 39
      }
    }, {
      "id" : "Xkjyfy6GAqACHTw.",
      "type" : "ClassView",
      "modelElement" : {
        "id" : "liRyfy6GAqACHQnQ",
        "type" : "Class"
      },
      "shape" : {
        "id" : "Xkjyfy6GAqACHTw._shape",
        "type" : "Rectangle",
        "x" : 44,
        "y" : 331,
        "width" : 95,
        "height" : 39
      }
    }, {
      "id" : "MZTyfy6GAqACHVHk",
      "type" : "GeneralizationView",
      "modelElement" : {
        "id" : "aE1yfy6GAqACHRxw",
        "type" : "Generalization"
      },
      "shape" : {
        "id" : "MZTyfy6GAqACHVHk_path",
        "type" : "Path",
        "points" : [ {
          "x" : 90,
          "y" : 371
        }, {
          "x" : 90,
          "y" : 407
        }, {
          "x" : 87,
          "y" : 407
        }, {
          "x" : 87,
          "y" : 442
        } ]
      },
      "source" : {
        "id" : "Xkjyfy6GAqACHTw.",
        "type" : "ClassView"
      },
      "target" : {
        "id" : "Pkjyfy6GAqACHTxE",
        "type" : "ClassView"
      }
    }, {
      "id" : "vkjyfy6GAqACHTxG",
      "type" : "ClassView",
      "modelElement" : {
        "id" : "ESRyfy6GAqACHQnV",
        "type" : "Class"
      },
      "shape" : {
        "id" : "vkjyfy6GAqACHTxG_shape",
        "type" : "Rectangle",
        "x" : 356,
        "y" : 443,
        "width" : 90,
        "height" : 39
      }
    }, {
      "id" : "gasoWf6GAqACCwxT",
      "type" : "GeneralizationSetView",
      "modelElement" : {
        "id" : "2qsoWf6GAqACCwxO",
        "type" : "GeneralizationSet"
      },
      "shape" : {
        "id" : "gasoWf6GAqACCwxT_shape",
        "type" : "Text",
        "x" : 146,
        "y" : 356,
        "width" : 70,
        "height" : 42,
        "value" : ""
      }
    }, {
      "id" : "3kjyfy6GAqACHTxC",
      "type" : "ClassView",
      "modelElement" : {
        "id" : "TiRyfy6GAqACHQnT",
        "type" : "Class"
      },
      "shape" : {
        "id" : "3kjyfy6GAqACHTxC_shape",
        "type" : "Rectangle",
        "x" : 339,
        "y" : 200,
        "width" : 121,
        "height" : 39
      }
    }, {
      "id" : ".fzyfy6GAqACHWBQ",
      "type" : "RelationView",
      "modelElement" : {
        "id" : "VC9yfy6GAqACHTIm",
        "type" : "Relation"
      },
      "shape" : {
        "id" : ".fzyfy6GAqACHWBQ_path",
        "type" : "Path",
        "points" : [ {
          "x" : 273,
          "y" : 595
        }, {
          "x" : 509,
          "y" : 595
        }, {
          "x" : 509,
          "y" : 220
        }, {
          "x" : 461,
          "y" : 220
        } ]
      },
      "source" : {
        "id" : "vkjyfy6GAqACHTxI",
        "type" : "ClassView"
      },
      "target" : {
        "id" : "3kjyfy6GAqACHTxC",
        "type" : "ClassView"
      }
    } ]
  }, {
    "id" : "CZpoWf6GAqACCwzR",
    "name" : "Variation - Core concepts",
    "description" : null,
    "type" : "Diagram",
    "owner" : {
      "id" : "x8Ryfy6GAqACHQnN",
      "type" : "Package"
    },
    "contents" : [ {
      "id" : "DZLoWf6GAqACCw0V",
      "type" : "ClassView",
      "modelElement" : {
        "id" : "5iRyfy6GAqACHQnO",
        "type" : "Class"
      },
      "shape" : {
        "id" : "DZLoWf6GAqACCw0V_shape",
        "type" : "Rectangle",
        "x" : 673,
        "y" : 105,
        "width" : 95,
        "height" : 40
      }
    }, {
      "id" : "sEjYWf6GAqACCw7X",
      "type" : "RelationView",
      "modelElement" : {
        "id" : "QEjYWf6GAqACCw7S",
        "type" : "Relation"
      },
      "shape" : {
        "id" : "sEjYWf6GAqACCw7X_path",
        "type" : "Path",
        "points" : [ {
          "x" : 448,
          "y" : 435
        }, {
          "x" : 676,
          "y" : 435
        } ]
      },
      "source" : {
        "id" : "lHRYWf6GAqACCw5V",
        "type" : "ClassView"
      },
      "target" : {
        "id" : "rHRYWf6GAqACCw5Y",
        "type" : "ClassView"
      }
    }, {
      "id" : "QnRYWf6GAqACCw5e",
      "type" : "GeneralizationView",
      "modelElement" : {
        "id" : "aE1yfy6GAqACHRxw",
        "type" : "Generalization"
      },
      "shape" : {
        "id" : "QnRYWf6GAqACCw5e_path",
        "type" : "Path",
        "points" : [ {
          "x" : 428,
          "y" : 330
        }, {
          "x" : 428,
          "y" : 389
        }, {
          "x" : 392,
          "y" : 389
        }, {
          "x" : 392,
          "y" : 415
        } ]
      },
      "source" : {
        "id" : "OHRYWf6GAqACCw5S",
        "type" : "ClassView"
      },
      "target" : {
        "id" : "lHRYWf6GAqACCw5V",
        "type" : "ClassView"
      }
    }, {
      "id" : "0nkYWf6GAqACCw1w",
      "type" : "ClassView",
      "modelElement" : {
        "id" : "FiRyfy6GAqACHQnP",
        "type" : "Class"
      },
      "shape" : {
        "id" : "0nkYWf6GAqACCw1w_shape",
        "type" : "Rectangle",
        "x" : 673,
        "y" : 289,
        "width" : 95,
        "height" : 40
      }
    }, {
      "id" : "aF_YWf6GAqACCw8l",
      "type" : "ClassView",
      "modelElement" : {
        "id" : "sSRyfy6GAqACHQnX",
        "type" : "Class"
      },
      "shape" : {
        "id" : "aF_YWf6GAqACCw8l_shape",
        "type" : "Rectangle",
        "x" : 70,
        "y" : 415,
        "width" : 95,
        "height" : 40
      }
    }, {
      "id" : "SnkYWf6GAqACCw1y",
      "type" : "RelationView",
      "modelElement" : {
        "id" : "QE1yfy6GAqACHRxf",
        "type" : "Relation"
      },
      "shape" : {
        "id" : "SnkYWf6GAqACCw1y_path",
        "type" : "Path",
        "points" : [ {
          "x" : 720,
          "y" : 288
        }, {
          "x" : 720,
          "y" : 146
        } ]
      },
      "source" : {
        "id" : "0nkYWf6GAqACCw1w",
        "type" : "ClassView"
      },
      "target" : {
        "id" : "DZLoWf6GAqACCw0V",
        "type" : "ClassView"
      }
    }, {
      "id" : "idL4Wf6GAqACCxBQ",
      "type" : "RelationView",
      "modelElement" : {
        "id" : "IdL4Wf6GAqACCxBL",
        "type" : "Relation"
      },
      "shape" : {
        "id" : "idL4Wf6GAqACCxBQ_path",
        "type" : "Path",
        "points" : [ {
          "x" : 166,
          "y" : 438
        }, {
          "x" : 341,
          "y" : 438
        } ]
      },
      "source" : {
        "id" : "aF_YWf6GAqACCw8l",
        "type" : "ClassView"
      },
      "target" : {
        "id" : "lHRYWf6GAqACCw5V",
        "type" : "ClassView"
      }
    }, {
      "id" : "l45oWf6GAqACCwzf",
      "type" : "RelationView",
      "modelElement" : {
        "id" : "mE1yfy6GAqACHRxy",
        "type" : "Relation"
      },
      "shape" : {
        "id" : "l45oWf6GAqACCwzf_path",
        "type" : "Path",
        "points" : [ {
          "x" : 387,
          "y" : 125
        }, {
          "x" : 341,
          "y" : 125
        }, {
          "x" : 341,
          "y" : 66
        }, {
          "x" : 428,
          "y" : 66
        }, {
          "x" : 428,
          "y" : 104
        } ]
      },
      "source" : {
        "id" : "u45oWf6GAqACCwzd",
        "type" : "ClassView"
      },
      "target" : {
        "id" : "u45oWf6GAqACCwzd",
        "type" : "ClassView"
      }
    }, {
      "id" : "4nRYWf6GAqACCw5h",
      "type" : "GeneralizationView",
      "modelElement" : {
        "id" : "6E1yfy6GAqACHRxx",
        "type" : "Generalization"
      },
      "shape" : {
        "id" : "4nRYWf6GAqACCw5h_path",
        "type" : "Path",
        "points" : [ {
          "x" : 428,
          "y" : 330
        }, {
          "x" : 428,
          "y" : 389
        }, {
          "x" : 720,
          "y" : 389
        }, {
          "x" : 720,
          "y" : 415
        } ]
      },
      "source" : {
        "id" : "OHRYWf6GAqACCw5S",
        "type" : "ClassView"
      },
      "target" : {
        "id" : "rHRYWf6GAqACCw5Y",
        "type" : "ClassView"
      }
    }, {
      "id" : "lHRYWf6GAqACCw5V",
      "type" : "ClassView",
      "modelElement" : {
        "id" : "4SRyfy6GAqACHQnU",
        "type" : "Class"
      },
      "shape" : {
        "id" : "lHRYWf6GAqACCw5V_shape",
        "type" : "Rectangle",
        "x" : 342,
        "y" : 416,
        "width" : 105,
        "height" : 40
      }
    }, {
      "id" : "Lbg4Wf6GAqACCw9A",
      "type" : "ClassView",
      "modelElement" : {
        "id" : "sSRyfy6GAqACHQnY",
        "type" : "Class"
      },
      "shape" : {
        "id" : "Lbg4Wf6GAqACCw9A_shape",
        "type" : "Rectangle",
        "x" : 207,
        "y" : 536,
        "width" : 81,
        "height" : 40
      }
    }, {
      "id" : "vHRYWf6GAqACCw5b",
      "type" : "GeneralizationSetView",
      "modelElement" : {
        "id" : "2qsoWf6GAqACCwxO",
        "type" : "GeneralizationSet"
      },
      "shape" : {
        "id" : "vHRYWf6GAqACCw5b_shape",
        "type" : "Text",
        "x" : 433,
        "y" : 344,
        "width" : 70,
        "height" : 42,
        "value" : ""
      }
    }, {
      "id" : "rHRYWf6GAqACCw5Y",
      "type" : "ClassView",
      "modelElement" : {
        "id" : "ESRyfy6GAqACHQnV",
        "type" : "Class"
      },
      "shape" : {
        "id" : "rHRYWf6GAqACCw5Y_shape",
        "type" : "Rectangle",
        "x" : 677,
        "y" : 416,
        "width" : 90,
        "height" : 40
      }
    }, {
      "id" : "aLJYWf6GAqACCw5y",
      "type" : "RelationView",
      "modelElement" : {
        "id" : "IE1yfy6GAqACHRxk",
        "type" : "Relation"
      },
      "shape" : {
        "id" : "aLJYWf6GAqACCw5y_path",
        "type" : "Path",
        "points" : [ {
          "x" : 477,
          "y" : 309
        }, {
          "x" : 672,
          "y" : 309
        } ]
      },
      "source" : {
        "id" : "OHRYWf6GAqACCw5S",
        "type" : "ClassView"
      },
      "target" : {
        "id" : "0nkYWf6GAqACCw1w",
        "type" : "ClassView"
      }
    }, {
      "id" : "OHRYWf6GAqACCw5S",
      "type" : "ClassView",
      "modelElement" : {
        "id" : "liRyfy6GAqACHQnQ",
        "type" : "Class"
      },
      "shape" : {
        "id" : "OHRYWf6GAqACCw5S_shape",
        "type" : "Rectangle",
        "x" : 381,
        "y" : 290,
        "width" : 95,
        "height" : 39
      }
    }, {
      "id" : "pLJYWf6GAqACCw53",
      "type" : "RelationView",
      "modelElement" : {
        "id" : "EE1yfy6GAqACHRxp",
        "type" : "Relation"
      },
      "shape" : {
        "id" : "pLJYWf6GAqACCw53_path",
        "type" : "Path",
        "points" : [ {
          "x" : 425,
          "y" : 146
        }, {
          "x" : 425,
          "y" : 289
        } ]
      },
      "source" : {
        "id" : "u45oWf6GAqACCwzd",
        "type" : "ClassView"
      },
      "target" : {
        "id" : "OHRYWf6GAqACCw5S",
        "type" : "ClassView"
      }
    }, {
      "id" : "u45oWf6GAqACCwzd",
      "type" : "ClassView",
      "modelElement" : {
        "id" : "1iRyfy6GAqACHQnR",
        "type" : "Class"
      },
      "shape" : {
        "id" : "u45oWf6GAqACCwzd_shape",
        "type" : "Rectangle",
        "x" : 388,
        "y" : 105,
        "width" : 80,
        "height" : 40
      }
    }, {
      "id" : "nen4Wf6GAqACCxB3",
      "type" : "RelationView",
      "modelElement" : {
        "id" : "zen4Wf6GAqACCxB2",
        "type" : "Relation"
      },
      "shape" : {
        "id" : "nen4Wf6GAqACCxB3_path",
        "type" : "Path",
        "points" : [ {
          "x" : 247,
          "y" : 535
        }, {
          "x" : 247,
          "y" : 437
        } ]
      },
      "source" : {
        "id" : "Lbg4Wf6GAqACCw9A",
        "type" : "ClassView"
      },
      "target" : {
        "id" : "idL4Wf6GAqACCxBQ",
        "type" : "RelationView"
      }
    }, {
      "id" : "nbg4Wf6GAqACCw9C",
      "type" : "RelationView",
      "modelElement" : {
        "id" : "fE1yfy6GAqACHRyG",
        "type" : "Relation"
      },
      "shape" : {
        "id" : "nbg4Wf6GAqACCw9C_path",
        "type" : "Path",
        "points" : [ {
          "x" : 289,
          "y" : 558
        }, {
          "x" : 392,
          "y" : 558
        }, {
          "x" : 392,
          "y" : 457
        } ]
      },
      "source" : {
        "id" : "Lbg4Wf6GAqACCw9A",
        "type" : "ClassView"
      },
      "target" : {
        "id" : "lHRYWf6GAqACCw5V",
        "type" : "ClassView"
      }
    }, {
      "id" : "nbg4Wf6GAqACCw9E",
      "type" : "RelationView",
      "modelElement" : {
        "id" : "5k1yfy6GAqACHRyL",
        "type" : "Relation"
      },
      "shape" : {
        "id" : "nbg4Wf6GAqACCw9E_path",
        "type" : "Path",
        "points" : [ {
          "x" : 206,
          "y" : 558
        }, {
          "x" : 117,
          "y" : 558
        }, {
          "x" : 117,
          "y" : 456
        } ]
      },
      "source" : {
        "id" : "Lbg4Wf6GAqACCw9A",
        "type" : "ClassView"
      },
      "target" : {
        "id" : "aF_YWf6GAqACCw8l",
        "type" : "ClassView"
      }
    } ]
  } ]
}